<?xml version="1.0" encoding="utf-8"?>
<WebWorksHelpIX version="5.0" xmlns="urn:WebWorks-Help-Index-Schema">
  <g t="A" o="002">
    <i t="Access to an image collection">
      <j l="30#1093261" />
    </i>
    <i t="Accessing NCIA from other application">
      <j l="15" />
    </i>
    <i t="Adding to Data Basket">
      <j l="33" />
    </i>
    <i t="Administration">
      <i t="overview">
        <j l="40#1071966" />
      </i>
      <i t="privileges">
        <j l="40#1071966" />
      </i>
      <i t="uploading, parsing spreadsheet">
        <j l="42#1084187" />
      </i>
      <i t="using QA tools">
        <j l="41#1084996" />
      </i>
      <i t="verifying submitted files">
        <j l="43#1084918" />
      </i>
    </i>
    <i t="Advanced Search">
      <j l="23#1067129" />
    </i>
    <i t="Annotation keyword search">
      <j l="22#1087312" />
    </i>
    <i t="Annotations">
      <i t="downloading files">
        <j l="18#1091001" />
      </i>
      <i t="file(s) associated with image">
        <j l="31#1070005" />
      </i>
      <i t="files with described">
        <j l="21#1095061" />
      </i>
      <i t="finding only series with">
        <j l="19#1066784" />
      </i>
      <i t="keyword search">
        <j l="18#1086978" />
      </i>
      <i t="keywords assigned by curators">
        <j l="22#1087312" />
      </i>
      <i t="searching curation files">
        <j l="22#1087312" />
      </i>
    </i>
    <i t="Application Support">
      <j l="16#1084578" />
      <j l="50#998295" />
    </i>
    <i t="Archive, purpose">
      <j l="2#1084030" />
    </i>
  </g>
  <g t="C" o="002">
    <i t="Cedara I-Response Workstation (IRW)">
      <i t="URL references">
        <j l="47" />
      </i>
    </i>
    <i t="CIP, link">
      <j l="13#1086254" />
    </i>
    <i t="Collection access">
      <j l="30#1093261" />
    </i>
    <i t="Convolution kernel">
      <j l="23#1067840" />
    </i>
    <i t="Criteria">
      <i t="Advanced Search">
        <j l="23#1088794" />
      </i>
      <i t="format of search page">
        <j l="18#1066371" />
      </i>
      <i t="Simple Search">
        <j l="19#1066743" />
      </i>
      <i t="summary">
        <j l="20#1091214" />
      </i>
    </i>
    <i t="CTEP, link">
      <j l="13#1086259" />
    </i>
    <i t="Curation">
      <i t="data search">
        <j l="21#1111721" />
      </i>
      <i t="files with ... data">
        <j l="21#1095061" />
      </i>
    </i>
    <i t="Curator">
      <i t="assigning curation data">
        <j l="21#1111721" />
      </i>
      <i t="assigning image status">
        <j l="41#1084996" />
      </i>
      <i t="using QA tools">
        <j l="41#1084996" />
      </i>
    </i>
  </g>
  <g t="D" o="002">
    <i t="Data Basket">
      <i t="adding items">
        <j l="33" />
      </i>
      <i t="deleting items">
        <j l="35#1070234" />
      </i>
      <i t="downloading">
        <j l="36" />
      </i>
      <i t="estimated download time">
        <j l="35#1070233" />
      </i>
      <i t="managing">
        <j l="35#1070298" />
      </i>
    </i>
    <i t="DCP, link">
      <j l="13#1086264" />
    </i>
    <i t="Deleting items from basket">
      <j l="35#1070234" />
    </i>
    <i t="Deleting saved query">
      <j l="26#1089387" />
    </i>
    <i t="DICOM">
      <i t="DICOMWorks viewer">
        <j l="37#1070602" />
      </i>
      <i t="image viewers">
        <j l="37#1083314" />
      </i>
      <i t="ImageJ viewer">
        <j l="37#1070600" />
      </i>
      <i t="introduction">
        <j l="2#1084099" />
        <j l="37#1070599" />
      </i>
      <i t="OSIRIX viewer">
        <j l="37#1070601" />
      </i>
      <i t="references">
        <j l="46" />
      </i>
      <i t="Search criteria">
        <j l="23#1085231" />
      </i>
    </i>
    <i t="Digital image">
      <i t="DICOM">
        <j l="2#1084099" />
        <j l="37#1070599" />
      </i>
    </i>
    <i t="Downloading Data Basket">
      <j l="36" />
    </i>
  </g>
  <g t="E" o="002">
    <i t="Editing a query">
      <j l="27#1068627" />
    </i>
    <i t="Email, FTP mail">
      <j l="36#1070240" />
    </i>
  </g>
  <g t="F" o="002">
    <i t="Fetch FTP client software">
      <j l="36#1085096" />
    </i>
    <i t="Filezilla FTP client software">
      <j l="36#1070242" />
    </i>
    <i t="FTP">
      <i t="client software">
        <j l="36#1070240" />
      </i>
      <i t="client software products">
        <j l="45" />
      </i>
      <i t="download threshold">
        <j l="36#1070239" />
      </i>
      <i t="site">
        <j l="36#1070240" />
      </i>
    </i>
  </g>
  <g t="G" o="002">
    <i t="Glossary">
      <j l="49#1065599" />
    </i>
    <i t="Guided tour">
      <j l="14#1087889" />
    </i>
  </g>
  <g t="H" o="002">
    <i t="Hierarchy of objects, NCIA">
      <j l="18#1095943" />
      <j l="29#1096155" />
    </i>
    <i t="HTTP download threshold">
      <j l="36#1070517" />
    </i>
  </g>
  <g t="I" o="002">
    <i t="Image">
      <i t="annotations, uploading">
        <j l="42#1084187" />
      </i>
      <i t="Modality(ies)">
        <j l="23#1066944" />
      </i>
      <i t="Slice Thickness">
        <j l="19#1066765" />
      </i>
      <i t="status assignment">
        <j l="41#1084996" />
      </i>
      <i t="thumbnails">
        <j l="32#1070119" />
      </i>
    </i>
    <i t="Images">
      <i t="for Series, Search Results">
        <j l="32#1069283" />
      </i>
      <i t="interpreting corresponding numbers">
        <j l="35#1070323" />
      </i>
      <i t="verifying submitted">
        <j l="43#1084918" />
      </i>
    </i>
    <i t="Imaging archive, purpose">
      <j l="2#1084024" />
    </i>
    <i t="IRW">
      <i t="Cedara I-Response Workstation URL">
        <j l="47" />
      </i>
    </i>
  </g>
  <g t="K" o="002">
    <i t="Keyword, annotation search">
      <j l="22#1087312" />
    </i>
    <i t="Kilovoltage Peak Distribution">
      <j l="23#1067842" />
    </i>
  </g>
  <g t="L" o="002">
    <i t="Launching NCIA from another application">
      <j l="15" />
    </i>
    <i t="Login">
      <j l="4#1084683" />
    </i>
  </g>
  <g t="M" o="002">
    <i t="Managing Data Basket">
      <j l="35#1070298" />
    </i>
    <i t="Manufacturer search criteria">
      <j l="23#1084809" />
    </i>
    <i t="Modality manufacturer">
      <j l="23#1084809" />
    </i>
  </g>
  <g t="N" o="002">
    <i t="NCIA">
      <i t="database search, introduction">
        <j l="18#1087111" />
      </i>
      <i t="launching from another application">
        <j l="15" />
      </i>
      <i t="login">
        <j l="4#1084683" />
      </i>
      <i t="News page Site Map">
        <j l="12#1090633" />
      </i>
      <i t="online help methods">
        <j l="14#1084162" />
      </i>
      <i t="pre-login options">
        <j l="2#1084980" />
      </i>
      <i t="purpose">
        <j l="2#1084030" />
      </i>
      <i t="Quick Links">
        <j l="8#1090524" />
      </i>
      <i t="URL references">
        <j l="47" />
      </i>
    </i>
    <i t="NCICB Application Support">
      <j l="16#1084578" />
      <j l="50#998295" />
    </i>
    <i t="NetFinder FTP client software">
      <j l="36#1070244" />
    </i>
  </g>
  <g t="O" o="002">
    <i t="Objects in NCIA, hierarchy of">
      <j l="18#1095943" />
      <j l="29#1096155" />
    </i>
    <i t="Online Help">
      <j l="14#1084162" />
    </i>
    <i t="Online tutorial">
      <j l="14#1087920" />
    </i>
    <i t="OSIRIX DICOM viewer">
      <j l="37#1070601" />
    </i>
    <i t="Overview">
      <i t="NCIA">
        <j l="2#1084024" />
      </i>
    </i>
  </g>
  <g t="P" o="002">
    <i t="Parsing annotation spreadsheet">
      <j l="42#1084187" />
    </i>
    <i t="Performing">
      <i t="Advanced search">
        <j l="23#1067129" />
      </i>
      <i t="Simple search">
        <j l="19#1066742" />
      </i>
    </i>
  </g>
  <g t="Q" o="002">
    <i t="QA tools, using">
      <j l="41#1084996" />
    </i>
    <i t="Query History, viewing">
      <j l="28#1102599" />
    </i>
    <i t="Quick Links">
      <j l="8#1090524" />
    </i>
  </g>
  <g t="R" o="002">
    <i t="Results">
      <i t="by subject">
        <j l="30#1069030" />
      </i>
      <i t="Images for Series">
        <j l="32#1069283" />
      </i>
      <i t="Studies for Subject">
        <j l="31#1069368" />
      </i>
    </i>
  </g>
  <g t="S" o="002">
    <i t="Saved Queries">
      <i t="Query History">
        <j l="28#1102599" />
      </i>
      <i t="table">
        <j l="26#1095013" />
      </i>
      <i t="viewing">
        <j l="26#1095013" />
      </i>
    </i>
    <i t="Saved Query">
      <i t="deleting">
        <j l="26#1089387" />
      </i>
      <i t="editing">
        <j l="27#1068627" />
      </i>
    </i>
    <i t="Search">
      <i t="Advanced">
        <j l="23" />
      </i>
      <i t="annotation keywords">
        <j l="22#1087312" />
      </i>
      <i t="curation data">
        <j l="21#1095061" />
        <j l="21#1111721" />
      </i>
      <i t="introduction">
        <j l="18#1087111" />
      </i>
      <i t="page criteria">
        <j l="18#1066371" />
      </i>
      <i t="query, saving">
        <j l="25#1088868" />
      </i>
      <i t="Simple">
        <j l="19#1066742" />
      </i>
    </i>
    <i t="Search criteria">
      <i t="Advanced search">
        <j l="23#1088794" />
      </i>
      <i t="DICOM">
        <j l="23#1085231" />
      </i>
      <i t="modality manufacturer">
        <j l="23#1084809" />
      </i>
      <i t="Simple search">
        <j l="19#1066743" />
      </i>
      <i t="summary page">
        <j l="24#1068000" />
      </i>
    </i>
    <i t="Search page">
      <i t="drop-down lists">
        <j l="18#1096502" />
      </i>
      <i t="selection boxes">
        <j l="18#1096502" />
      </i>
      <i t="text fields">
        <j l="18#1096502" />
      </i>
    </i>
    <i t="Search Results">
      <i t="By Subject">
        <j l="30#1069030" />
      </i>
      <i t="Images for Series">
        <j l="32#1069283" />
      </i>
      <i t="Studies for Subject">
        <j l="31#1069368" />
      </i>
    </i>
    <i t="Series, number of">
      <j l="30#1069053" />
    </i>
    <i t="Simple Search">
      <j l="19#1066742" />
    </i>
    <i t="Site Map">
      <j l="12#1090633" />
    </i>
    <i t="Spreadsheet, annotations upload">
      <j l="42#1084187" />
    </i>
    <i t="Studies for Subject search results">
      <j l="31#1069368" />
    </i>
    <i t="Studies, number of">
      <j l="30#1069049" />
    </i>
  </g>
  <g t="T" o="002">
    <i t="Transferring FTP file">
      <j l="36#1095032" />
    </i>
  </g>
  <g t="U" o="002">
    <i t="Uploading annotation spreadsheet">
      <j l="42#1084187" />
    </i>
    <i t="User">
      <i t="creating account">
        <j l="3#1084810" />
      </i>
      <i t="login">
        <j l="4#1084683" />
      </i>
    </i>
  </g>
  <g t="V" o="002">
    <i t="Verifying submitted images">
      <j l="43#1084918" />
    </i>
    <i t="Viewing Query History">
      <j l="28#1102599" />
    </i>
    <i t="Viewing Saved Queries">
      <j l="26#1095013" />
    </i>
  </g>
</WebWorksHelpIX>