<?xml version="1.0" encoding="utf-8"?>
<Behaviors version="1.0" xmlns="urn:WebWorks-Behaviors-Schema">
  <Split id="1060244" documentposition="3">
    <Paragraph id="1060244" documentposition="3" splitpriority="1" />
    <Paragraph id="1060245" documentposition="4" splitpriority="none" />
    <Paragraph id="1061786" documentposition="5" splitpriority="none" />
    <Paragraph id="1087421" documentposition="6" splitpriority="none" />
    <Paragraph id="1144897" documentposition="7" splitpriority="none" />
    <Paragraph id="1061820" documentposition="8" splitpriority="none" />
    <Paragraph id="1064633" documentposition="9" splitpriority="none" />
    <Paragraph id="1071651" documentposition="10" splitpriority="none" />
    <Paragraph id="1071655" documentposition="11" splitpriority="none" />
    <Paragraph id="1071663" documentposition="12" splitpriority="none" />
  </Split>
  <Split id="1144908" documentposition="13">
    <Paragraph id="1144908" documentposition="13" splitpriority="2">
      <Marker behavior="topic" id="1144907">
        <Marker id="1144907" name="TopicAlias" xmlns="urn:WebWorks-Document-Schema">
          <TextRun id="tr1144907-1">
            <Text value="remote_site_help" />
          </TextRun>
        </Marker>
      </Marker>
    </Paragraph>
    <Paragraph id="1144910" documentposition="14" splitpriority="none" />
    <Paragraph id="1144912" documentposition="15" splitpriority="none" />
    <Paragraph id="1144913" documentposition="16" splitpriority="none" />
    <Paragraph id="1144914" documentposition="17" splitpriority="none" />
    <Paragraph id="1144915" documentposition="18" splitpriority="none" />
    <Paragraph id="1144916" documentposition="19" splitpriority="none" />
    <Paragraph id="1144917" documentposition="20" splitpriority="none" />
    <Paragraph id="1144926" documentposition="21" splitpriority="none" />
    <Paragraph id="1144927" documentposition="22" splitpriority="none" />
    <Paragraph id="1144928" documentposition="23" splitpriority="none" />
    <Paragraph id="1185163" documentposition="24" splitpriority="none" relatedtopic="define-no-output" />
    <Paragraph id="1185167" documentposition="25" splitpriority="none" relatedtopic="define-no-output" />
    <Paragraph id="1185171" documentposition="26" splitpriority="none" relatedtopic="define-no-output" />
    <Paragraph id="1185175" documentposition="27" splitpriority="none" relatedtopic="define-no-output" />
  </Split>
  <Split id="1066291" documentposition="28">
    <Paragraph id="1066291" documentposition="28" splitpriority="2" />
    <Paragraph id="1087111" documentposition="29" splitpriority="none" />
    <Paragraph id="1145035" documentposition="30" splitpriority="none" />
    <Paragraph id="1090952" documentposition="31" splitpriority="none" />
    <Paragraph id="1090959" documentposition="32" splitpriority="none" />
    <Paragraph id="1090970" documentposition="33" splitpriority="none" />
    <Paragraph id="1090971" documentposition="34" splitpriority="none" />
    <Paragraph id="1090939" documentposition="35" splitpriority="none" />
    <Paragraph id="1091001" documentposition="36" splitpriority="none" />
    <Paragraph id="1095939" documentposition="37" splitpriority="none" />
    <Table id="1095940" documentposition="38" splitpriority="none">
      <TableCell>
        <Paragraph id="1095943" />
      </TableCell>
    </Table>
    <Paragraph id="1087564" documentposition="39" splitpriority="none" />
    <Paragraph id="1086968" documentposition="40" splitpriority="none" />
    <Paragraph id="1086973" documentposition="41" splitpriority="none" />
    <Paragraph id="1086978" documentposition="42" splitpriority="none" />
    <Paragraph id="1066370" documentposition="43" splitpriority="none" />
    <Paragraph id="1066371" documentposition="44" splitpriority="none" />
    <Paragraph id="1066372" documentposition="45" splitpriority="none" />
    <Paragraph id="1096502" documentposition="46" splitpriority="none" />
    <Paragraph id="1096506" documentposition="47" splitpriority="none" />
    <Paragraph id="1096507" documentposition="48" splitpriority="none" />
    <Paragraph id="1066373" documentposition="49" splitpriority="none" />
    <Paragraph id="1099771" documentposition="50" splitpriority="none" />
    <Paragraph id="1185183" documentposition="51" splitpriority="none" relatedtopic="define-no-output" />
    <Paragraph id="1185187" documentposition="52" splitpriority="none" relatedtopic="define-no-output" />
    <Paragraph id="1185191" documentposition="53" splitpriority="none" relatedtopic="define-no-output" />
    <Paragraph id="1185195" documentposition="54" splitpriority="none" relatedtopic="define-no-output" />
    <Paragraph id="1185199" documentposition="55" splitpriority="none" relatedtopic="define-no-output" />
    <Paragraph id="1185203" documentposition="56" splitpriority="none" relatedtopic="define-no-output" />
  </Split>
  <Split id="1066741" documentposition="57">
    <Paragraph id="1066741" documentposition="57" splitpriority="3">
      <Marker behavior="topic" id="1095054">
        <Marker id="1095054" name="TopicAlias" xmlns="urn:WebWorks-Document-Schema">
          <TextRun id="tr1095054-1">
            <Text value="simple_search_help" />
          </TextRun>
        </Marker>
      </Marker>
    </Paragraph>
    <Paragraph id="1066742" documentposition="58" splitpriority="none" />
    <Paragraph id="1120081" documentposition="59" splitpriority="none" />
    <Paragraph id="1087719" documentposition="60" splitpriority="none" />
    <Paragraph id="1087738" documentposition="61" splitpriority="none" />
    <Paragraph id="1087543" documentposition="62" splitpriority="none" />
    <Paragraph id="1087531" documentposition="63" splitpriority="none" />
    <Paragraph id="1087551" documentposition="64" splitpriority="none" />
    <Paragraph id="1087680" documentposition="65" splitpriority="none" />
    <Paragraph id="1087771" documentposition="66" splitpriority="none" />
    <Paragraph id="1066743" documentposition="67" splitpriority="none" />
    <Table id="1066744" documentposition="68" splitpriority="none">
      <TableCell>
        <Paragraph id="1075999" />
      </TableCell>
      <TableCell>
        <Paragraph id="1076001" />
      </TableCell>
      <TableCell>
        <Paragraph id="1066750" />
      </TableCell>
      <TableCell>
        <Paragraph id="1066752" />
        <Paragraph id="1113607" />
        <Paragraph id="1113641" />
        <Paragraph id="1113612" />
        <Paragraph id="1113619" />
      </TableCell>
      <TableCell>
        <Paragraph id="1066754" />
      </TableCell>
      <TableCell>
        <Paragraph id="1066756" />
        <Paragraph id="1066757" />
        <Paragraph id="1066758" />
        <Paragraph id="1066759" />
      </TableCell>
      <TableCell>
        <Paragraph id="1066761" />
      </TableCell>
      <TableCell>
        <Paragraph id="1066763" />
        <Paragraph id="1116583" />
        <Paragraph id="1116713" />
      </TableCell>
      <TableCell>
        <Paragraph id="1066765" />
        <Paragraph id="1066766" />
      </TableCell>
      <TableCell>
        <Paragraph id="1067306">
          <Frame id="1067324">
            <Frame id="1067323" />
          </Frame>
        </Paragraph>
        <Paragraph id="1067311">
          <Frame id="1067351">
            <Frame id="1067357" />
          </Frame>
        </Paragraph>
        <Paragraph id="1066778" />
      </TableCell>
      <TableCell>
        <Paragraph id="1066780" />
      </TableCell>
      <TableCell>
        <Paragraph id="1096517" />
        <Paragraph id="1096563" />
        <Paragraph id="1096564" />
      </TableCell>
      <TableCell>
        <Paragraph id="1066784" />
      </TableCell>
      <TableCell>
        <Paragraph id="1154767" />
        <Paragraph id="1154768" />
        <Paragraph id="1154769" />
        <Paragraph id="1154761" />
      </TableCell>
      <TableCell>
        <Paragraph id="1154781" />
      </TableCell>
      <TableCell>
        <Paragraph id="1154783" />
      </TableCell>
      <TableCell>
        <Paragraph id="1154795" />
      </TableCell>
      <TableCell>
        <Paragraph id="1154797" />
        <Paragraph id="1154811" />
      </TableCell>
    </Table>
    <Paragraph id="1145811" documentposition="69" splitpriority="none" dropdown="start-closed" />
    <Table id="1145812" documentposition="70" splitpriority="none">
      <TableCell>
        <Paragraph id="1145814" />
      </TableCell>
      <TableCell>
        <Paragraph id="1145816" />
      </TableCell>
      <TableCell>
        <Paragraph id="1145818" />
      </TableCell>
      <TableCell>
        <Paragraph id="1145820" />
      </TableCell>
      <TableCell>
        <Paragraph id="1145822" />
      </TableCell>
      <TableCell>
        <Paragraph id="1145824" />
      </TableCell>
      <TableCell>
        <Paragraph id="1145826" />
      </TableCell>
      <TableCell>
        <Paragraph id="1145828" />
      </TableCell>
      <TableCell>
        <Paragraph id="1145830" />
      </TableCell>
      <TableCell>
        <Paragraph id="1145832" />
      </TableCell>
      <TableCell>
        <Paragraph id="1145834" />
      </TableCell>
      <TableCell>
        <Paragraph id="1145836" />
      </TableCell>
      <TableCell>
        <Paragraph id="1145838" />
      </TableCell>
      <TableCell>
        <Paragraph id="1145840" />
      </TableCell>
      <TableCell>
        <Paragraph id="1145842" />
      </TableCell>
      <TableCell>
        <Paragraph id="1145844" />
      </TableCell>
      <TableCell>
        <Paragraph id="1145846" />
      </TableCell>
      <TableCell>
        <Paragraph id="1145848" />
      </TableCell>
      <TableCell>
        <Paragraph id="1145850" />
      </TableCell>
      <TableCell>
        <Paragraph id="1145852" />
      </TableCell>
      <TableCell>
        <Paragraph id="1145854" />
      </TableCell>
    </Table>
    <Paragraph id="1185292" documentposition="71" splitpriority="none" dropdown="end" />
    <Paragraph id="1145903" documentposition="72" splitpriority="none" />
    <Paragraph id="1085703" documentposition="73" splitpriority="none" />
    <Paragraph id="1085725" documentposition="74" splitpriority="none" />
    <Paragraph id="1066292" documentposition="75" splitpriority="none" />
    <Paragraph id="1185313" documentposition="76" splitpriority="none" relatedtopic="define-no-output" />
    <Paragraph id="1185317" documentposition="77" splitpriority="none" relatedtopic="define-no-output" />
    <Paragraph id="1185321" documentposition="78" splitpriority="none" relatedtopic="define-no-output" />
    <Paragraph id="1185325" documentposition="79" splitpriority="none" relatedtopic="define-no-output" />
    <Paragraph id="1185329" documentposition="80" splitpriority="none" relatedtopic="define-no-output" />
  </Split>
  <Split id="1185331" documentposition="81">
    <Paragraph id="1185331" documentposition="81" splitpriority="3">
      <Marker behavior="topic" id="1185330">
        <Marker id="1185330" name="TopicAlias" xmlns="urn:WebWorks-Document-Schema">
          <TextRun id="tr1185330-1">
            <Text value="criteria_selected_help" />
          </TextRun>
        </Marker>
      </Marker>
    </Paragraph>
    <Paragraph id="1091214" documentposition="82" splitpriority="none" />
    <Paragraph id="1185336" documentposition="83" splitpriority="none" />
  </Split>
  <Split id="1095060" documentposition="84">
    <Paragraph id="1095060" documentposition="84" splitpriority="2">
      <Marker behavior="topic" id="1095065">
        <Marker id="1095065" name="TopicAlias" xmlns="urn:WebWorks-Document-Schema">
          <TextRun id="tr1095065-1">
            <Text value="annotation_keyword_search_help" />
          </TextRun>
        </Marker>
      </Marker>
    </Paragraph>
    <Paragraph id="1095061" documentposition="85" splitpriority="none" />
    <Paragraph id="1167184" documentposition="86" splitpriority="none" />
    <Paragraph id="1185360" documentposition="87" splitpriority="none" relatedtopic="define-no-output" />
    <Paragraph id="1185364" documentposition="88" splitpriority="none" relatedtopic="define-no-output" />
    <Paragraph id="1185368" documentposition="89" splitpriority="none" relatedtopic="define-no-output" />
    <Paragraph id="1185372" documentposition="90" splitpriority="none" relatedtopic="define-no-output" />
    <Paragraph id="1185376" documentposition="91" splitpriority="none" relatedtopic="define-no-output" />
  </Split>
  <Split id="1102496" documentposition="92">
    <Paragraph id="1102496" documentposition="92" splitpriority="3" />
    <Paragraph id="1087312" documentposition="93" splitpriority="none" />
    <Paragraph id="1087858" documentposition="94" splitpriority="none" />
    <Paragraph id="1087859" documentposition="95" splitpriority="none" />
    <Paragraph id="1087866" documentposition="96" splitpriority="none" />
    <Paragraph id="1087970" documentposition="97" splitpriority="none" />
    <Paragraph id="1096417" documentposition="98" splitpriority="none" />
    <Paragraph id="1096626" documentposition="99" splitpriority="none" />
    <Paragraph id="1096694" documentposition="100" splitpriority="none" />
    <Paragraph id="1096699" documentposition="101" splitpriority="none" />
    <Paragraph id="1096927" documentposition="102" splitpriority="none" />
    <Paragraph id="1096928" documentposition="103" splitpriority="none" />
    <Paragraph id="1096929" documentposition="104" splitpriority="none" />
    <Paragraph id="1096730" documentposition="105" splitpriority="none" />
    <Paragraph id="1096721" documentposition="106" splitpriority="none" />
    <Paragraph id="1091351" documentposition="107" splitpriority="none" />
    <Paragraph id="1096851" documentposition="108" splitpriority="none" />
    <Paragraph id="1085942" documentposition="109" splitpriority="none" />
    <Paragraph id="1096972" documentposition="110" splitpriority="none" />
    <Paragraph id="1091367" documentposition="111" splitpriority="none" />
    <Paragraph id="1087017" documentposition="112" splitpriority="none" />
    <Paragraph id="1185437" documentposition="113" splitpriority="none" relatedtopic="define-no-output" />
    <Paragraph id="1185441" documentposition="114" splitpriority="none" relatedtopic="define-no-output" />
    <Paragraph id="1185445" documentposition="115" splitpriority="none" relatedtopic="define-no-output" />
    <Paragraph id="1185449" documentposition="116" splitpriority="none" relatedtopic="define-no-output" />
    <Paragraph id="1185453" documentposition="117" splitpriority="none" relatedtopic="define-no-output" />
  </Split>
  <Split id="1066935" documentposition="118">
    <Paragraph id="1066935" documentposition="118" splitpriority="3">
      <Marker behavior="topic" id="1095066">
        <Marker id="1095066" name="TopicAlias" xmlns="urn:WebWorks-Document-Schema">
          <TextRun id="tr1095066-1">
            <Text value="advanced_search_help" />
          </TextRun>
        </Marker>
      </Marker>
    </Paragraph>
    <Paragraph id="1067129" documentposition="119" splitpriority="none" />
    <Paragraph id="1088019" documentposition="120" splitpriority="none" />
    <Paragraph id="1088053" documentposition="121" splitpriority="none" />
    <Paragraph id="1087587" documentposition="122" splitpriority="none" />
    <Paragraph id="1087582" documentposition="123" splitpriority="none" />
    <Paragraph id="1087619" documentposition="124" splitpriority="none" />
    <Paragraph id="1088794" documentposition="126" splitpriority="none" />
    <Table id="1066938" documentposition="127" splitpriority="none">
      <TableCell>
        <Paragraph id="1154952" />
      </TableCell>
      <TableCell>
        <Paragraph id="1154954" />
      </TableCell>
      <TableCell>
        <Paragraph id="1154957" />
      </TableCell>
      <TableCell>
        <Paragraph id="1154959" />
        <Paragraph id="1154960" />
        <Paragraph id="1154961" />
        <Paragraph id="1154962" />
        <Paragraph id="1154963" />
      </TableCell>
      <TableCell>
        <Paragraph id="1154965" />
      </TableCell>
      <TableCell>
        <Paragraph id="1154967" />
        <Paragraph id="1154968" />
        <Paragraph id="1154969" />
        <Paragraph id="1154970" />
      </TableCell>
      <TableCell>
        <Paragraph id="1154972" />
      </TableCell>
      <TableCell>
        <Paragraph id="1154974" />
        <Paragraph id="1154975" />
        <Paragraph id="1154976" />
      </TableCell>
      <TableCell>
        <Paragraph id="1154978" />
      </TableCell>
      <TableCell>
        <Paragraph id="1154980">
          <Frame id="1154982">
            <Frame id="1154983" />
          </Frame>
        </Paragraph>
        <Paragraph id="1154984">
          <Frame id="1154986">
            <Frame id="1154987" />
          </Frame>
        </Paragraph>
        <Paragraph id="1154988" />
      </TableCell>
      <TableCell>
        <Paragraph id="1154990" />
      </TableCell>
      <TableCell>
        <Paragraph id="1154992" />
      </TableCell>
      <TableCell>
        <Paragraph id="1154994" />
      </TableCell>
      <TableCell>
        <Paragraph id="1154996" />
      </TableCell>
      <TableCell>
        <Paragraph id="1154998" />
      </TableCell>
      <TableCell>
        <Paragraph id="1155000" />
      </TableCell>
      <TableCell>
        <Paragraph id="1155002" />
      </TableCell>
      <TableCell>
        <Paragraph id="1155005" />
        <Paragraph id="1155006" />
        <Paragraph id="1155007" />
        <Paragraph id="1155008" />
      </TableCell>
      <TableCell>
        <Paragraph id="1155010" />
      </TableCell>
      <TableCell>
        <Paragraph id="1155012" />
      </TableCell>
      <TableCell>
        <Paragraph id="1155033" />
      </TableCell>
      <TableCell>
        <Paragraph id="1155014" />
      </TableCell>
      <TableCell>
        <Paragraph id="1155016" />
        <Paragraph id="1155017" />
      </TableCell>
    </Table>
    <Paragraph id="1146524" documentposition="128" splitpriority="none" />
    <Paragraph id="1178752" documentposition="130" splitpriority="none" />
    <Table id="1146532" documentposition="131" splitpriority="none">
      <TableCell>
        <Paragraph id="1146534" />
      </TableCell>
      <TableCell>
        <Paragraph id="1146536" />
      </TableCell>
      <TableCell>
        <Paragraph id="1146538" />
        <Paragraph id="1146539" />
        <Paragraph id="1146540" />
      </TableCell>
      <TableCell>
        <Paragraph id="1146542" />
        <Paragraph id="1146543" />
        <Paragraph id="1146545" />
      </TableCell>
    </Table>
    <Paragraph id="1146556" documentposition="132" splitpriority="none" />
    <Table id="1160478" documentposition="134" splitpriority="none">
      <TableCell>
        <Paragraph id="1160480" />
      </TableCell>
      <TableCell>
        <Paragraph id="1160482" />
      </TableCell>
      <TableCell>
        <Paragraph id="1160484" />
      </TableCell>
      <TableCell>
        <Paragraph id="1160486" />
      </TableCell>
      <TableCell>
        <Paragraph id="1160488" />
      </TableCell>
      <TableCell>
        <Paragraph id="1160491" />
      </TableCell>
      <TableCell>
        <Paragraph id="1160494" />
      </TableCell>
      <TableCell>
        <Paragraph id="1160496" />
        <Paragraph id="1160497" />
        <Paragraph id="1160498" />
      </TableCell>
    </Table>
    <Paragraph id="1185579" documentposition="135" splitpriority="none" />
    <Paragraph id="1159295" documentposition="136" splitpriority="none" />
    <Paragraph id="1085838" documentposition="137" splitpriority="none" />
    <Paragraph id="1085842" documentposition="138" splitpriority="none" />
    <Paragraph id="1085844" documentposition="139" splitpriority="none" />
    <Paragraph id="1083598" documentposition="140" splitpriority="none" />
    <Paragraph id="1185595" documentposition="141" splitpriority="none" relatedtopic="define-no-output" />
    <Paragraph id="1185599" documentposition="142" splitpriority="none" relatedtopic="define-no-output" />
    <Paragraph id="1185603" documentposition="143" splitpriority="none" relatedtopic="define-no-output" />
    <Paragraph id="1185607" documentposition="144" splitpriority="none" relatedtopic="define-no-output" />
    <Paragraph id="1185611" documentposition="145" splitpriority="none" relatedtopic="define-no-output" />
  </Split>
  <Split id="1067999" documentposition="146">
    <Paragraph id="1067999" documentposition="146" splitpriority="2" />
    <Paragraph id="1068000" documentposition="147" splitpriority="none" />
    <Paragraph id="1091773" documentposition="148" splitpriority="none" />
    <Paragraph id="1185641" documentposition="149" splitpriority="none" relatedtopic="define-no-output" />
    <Paragraph id="1185645" documentposition="150" splitpriority="none" relatedtopic="define-no-output" />
    <Paragraph id="1185649" documentposition="151" splitpriority="none" relatedtopic="define-no-output" />
    <Paragraph id="1185653" documentposition="152" splitpriority="none" relatedtopic="define-no-output" />
    <Paragraph id="1185657" documentposition="153" splitpriority="none" relatedtopic="define-no-output" />
  </Split>
  <Split id="1091711" documentposition="154">
    <Paragraph id="1091711" documentposition="154" splitpriority="3" />
    <Paragraph id="1088868" documentposition="155" splitpriority="none" />
    <Paragraph id="1072369" documentposition="156" splitpriority="none" />
    <Paragraph id="1091953" documentposition="157" splitpriority="none" />
    <Paragraph id="1085249" documentposition="158" splitpriority="none" />
    <Paragraph id="1185665" documentposition="159" splitpriority="none" relatedtopic="define-no-output" />
    <Paragraph id="1185669" documentposition="160" splitpriority="none" relatedtopic="define-no-output" />
    <Paragraph id="1185673" documentposition="161" splitpriority="none" relatedtopic="define-no-output" />
    <Paragraph id="1185677" documentposition="162" splitpriority="none" relatedtopic="define-no-output" />
  </Split>
  <Split id="1066885" documentposition="163">
    <Paragraph id="1066885" documentposition="163" splitpriority="3">
      <Marker behavior="topic" id="1095068">
        <Marker id="1095068" name="TopicAlias" xmlns="urn:WebWorks-Document-Schema">
          <TextRun id="tr1095068-1">
            <Text value="saved_queries_help" />
          </TextRun>
        </Marker>
      </Marker>
    </Paragraph>
    <Paragraph id="1185685" documentposition="164" splitpriority="none" />
    <Paragraph id="1095013" documentposition="165" splitpriority="none" />
    <Paragraph id="1068348" documentposition="166" splitpriority="none" />
    <Table id="1068238" documentposition="167" splitpriority="none">
      <TableCell>
        <Paragraph id="1074862" />
      </TableCell>
      <TableCell>
        <Paragraph id="1074864" />
      </TableCell>
      <TableCell>
        <Paragraph id="1068244" />
      </TableCell>
      <TableCell>
        <Paragraph id="1068246" />
      </TableCell>
      <TableCell>
        <Paragraph id="1068248" />
      </TableCell>
      <TableCell>
        <Paragraph id="1068250" />
      </TableCell>
      <TableCell>
        <Paragraph id="1068252" />
      </TableCell>
      <TableCell>
        <Paragraph id="1068254" />
      </TableCell>
      <TableCell>
        <Paragraph id="1068256" />
      </TableCell>
      <TableCell>
        <Paragraph id="1068258" />
      </TableCell>
      <TableCell>
        <Paragraph id="1068260" />
      </TableCell>
      <TableCell>
        <Paragraph id="1068262" />
      </TableCell>
      <TableCell>
        <Paragraph id="1068264" />
      </TableCell>
      <TableCell>
        <Paragraph id="1068266" />
      </TableCell>
    </Table>
    <Paragraph id="1089386" documentposition="168" splitpriority="none" />
    <Paragraph id="1089387" documentposition="169" splitpriority="none" />
    <Paragraph id="1089288" documentposition="170" splitpriority="none" />
    <Paragraph id="1089441" documentposition="171" splitpriority="none" />
    <Paragraph id="1068285" documentposition="172" splitpriority="none" />
    <Paragraph id="1068286" documentposition="173" splitpriority="none" />
    <Paragraph id="1068287" documentposition="174" splitpriority="none" />
    <Paragraph id="1068288" documentposition="175" splitpriority="none" />
    <Paragraph id="1060444" documentposition="176" splitpriority="none" />
    <Paragraph id="1185727" documentposition="177" splitpriority="none" relatedtopic="define-no-output" />
    <Paragraph id="1185731" documentposition="178" splitpriority="none" relatedtopic="define-no-output" />
    <Paragraph id="1185735" documentposition="179" splitpriority="none" relatedtopic="define-no-output" />
    <Paragraph id="1185739" documentposition="180" splitpriority="none" relatedtopic="define-no-output" />
  </Split>
  <Split id="1153813" documentposition="181">
    <Paragraph id="1153813" documentposition="181" splitpriority="3" />
    <Paragraph id="1153815" documentposition="182" splitpriority="none" />
    <Paragraph id="1153817" documentposition="183" splitpriority="none" />
    <Paragraph id="1153818" documentposition="184" splitpriority="none" />
    <Paragraph id="1153819" documentposition="185" splitpriority="none" />
    <Paragraph id="1153821" documentposition="186" splitpriority="none" />
    <Paragraph id="1153822" documentposition="187" splitpriority="none" />
    <Paragraph id="1153811" documentposition="188" splitpriority="none" />
  </Split>
  <Split id="1153808" documentposition="189">
    <Paragraph id="1153808" documentposition="189" splitpriority="3">
      <Marker behavior="topic" id="1153807">
        <Marker id="1153807" name="TopicAlias" xmlns="urn:WebWorks-Document-Schema">
          <TextRun id="tr1153807-1">
            <Text value="save_edited_query_help" />
          </TextRun>
        </Marker>
      </Marker>
    </Paragraph>
    <Paragraph id="1068626" documentposition="190" splitpriority="none" />
    <Paragraph id="1089743" documentposition="191" splitpriority="none" />
    <Paragraph id="1068627" documentposition="192" splitpriority="none" />
    <Paragraph id="1068722" documentposition="193" splitpriority="none" />
    <Paragraph id="1068723" documentposition="194" splitpriority="none" />
    <Paragraph id="1068630" documentposition="195" splitpriority="none" />
    <Paragraph id="1068794" documentposition="196" splitpriority="none" />
    <Paragraph id="1068782" documentposition="197" splitpriority="none" />
    <Paragraph id="1068633" documentposition="198" splitpriority="none" />
    <Paragraph id="1068634" documentposition="199" splitpriority="none" />
    <Paragraph id="1075485" documentposition="200" splitpriority="none" />
    <Paragraph id="1185785" documentposition="201" splitpriority="none" relatedtopic="define-no-output" />
    <Paragraph id="1185789" documentposition="202" splitpriority="none" relatedtopic="define-no-output" />
    <Paragraph id="1185793" documentposition="203" splitpriority="none" relatedtopic="define-no-output" />
    <Paragraph id="1185797" documentposition="204" splitpriority="none" relatedtopic="define-no-output" />
  </Split>
  <Split id="1092117" documentposition="205">
    <Paragraph id="1092117" documentposition="205" splitpriority="3">
      <Marker behavior="topic" id="1095070">
        <Marker id="1095070" name="TopicAlias" xmlns="urn:WebWorks-Document-Schema">
          <TextRun id="tr1095070-1">
            <Text value="query_history_help" />
          </TextRun>
        </Marker>
      </Marker>
    </Paragraph>
    <Paragraph id="1116238" documentposition="206" splitpriority="none" />
    <Paragraph id="1116300" documentposition="207" splitpriority="none" />
    <Table id="1116250" documentposition="208" splitpriority="none">
      <TableCell>
        <Paragraph id="1116252" />
      </TableCell>
      <TableCell>
        <Paragraph id="1116254" />
      </TableCell>
      <TableCell>
        <Paragraph id="1116256" />
      </TableCell>
      <TableCell>
        <Paragraph id="1116258" />
        <Paragraph id="1116259" />
        <Paragraph id="1116260" />
        <Paragraph id="1116261" />
      </TableCell>
      <TableCell>
        <Paragraph id="1116263" />
      </TableCell>
      <TableCell>
        <Paragraph id="1116265" />
      </TableCell>
      <TableCell>
        <Paragraph id="1116267" />
      </TableCell>
      <TableCell>
        <Paragraph id="1116269" />
      </TableCell>
    </Table>
    <Paragraph id="1185836" documentposition="209" splitpriority="none" />
    <Paragraph id="1146602" documentposition="210" splitpriority="none" />
    <Paragraph id="1185844" documentposition="211" splitpriority="none" relatedtopic="define-no-output" />
    <Paragraph id="1185848" documentposition="212" splitpriority="none" relatedtopic="define-no-output" />
    <Paragraph id="1185852" documentposition="213" splitpriority="none" relatedtopic="define-no-output" />
    <Paragraph id="1185856" documentposition="214" splitpriority="none" relatedtopic="define-no-output" />
  </Split>
  <Split id="1095790" documentposition="215">
    <Paragraph id="1095790" documentposition="215" splitpriority="2" />
    <Paragraph id="1092442" documentposition="216" splitpriority="none" />
    <Paragraph id="1146185" documentposition="217" splitpriority="none" />
    <Table id="1096152" documentposition="218" splitpriority="none">
      <TableCell>
        <Paragraph id="1096155" />
      </TableCell>
    </Table>
    <Paragraph id="1085967" documentposition="219" splitpriority="none" />
    <Paragraph id="1144289" documentposition="220" splitpriority="none" />
    <Paragraph id="1086497" documentposition="221" splitpriority="none" />
  </Split>
  <Split id="1085991" documentposition="222">
    <Paragraph id="1085991" documentposition="222" splitpriority="3">
      <Marker behavior="topic" id="1095071">
        <Marker id="1095071" name="TopicAlias" xmlns="urn:WebWorks-Document-Schema">
          <TextRun id="tr1095071-1">
            <Text value="search_results_by_subject_help" />
          </TextRun>
        </Marker>
      </Marker>
    </Paragraph>
    <Paragraph id="1069030" documentposition="223" splitpriority="none" />
    <Paragraph id="1069162" documentposition="224" splitpriority="none" />
    <Table id="1069031" documentposition="225" splitpriority="none">
      <TableCell>
        <Paragraph id="1076124" />
      </TableCell>
      <TableCell>
        <Paragraph id="1076126" />
      </TableCell>
      <TableCell>
        <Paragraph id="1069037" />
      </TableCell>
      <TableCell>
        <Paragraph id="1069039" />
      </TableCell>
      <TableCell>
        <Paragraph id="1069041" />
      </TableCell>
      <TableCell>
        <Paragraph id="1069043" />
      </TableCell>
      <TableCell>
        <Paragraph id="1069045" />
      </TableCell>
      <TableCell>
        <Paragraph id="1069047" />
      </TableCell>
      <TableCell>
        <Paragraph id="1069049" />
      </TableCell>
      <TableCell>
        <Paragraph id="1069051" />
      </TableCell>
      <TableCell>
        <Paragraph id="1069053" />
      </TableCell>
      <TableCell>
        <Paragraph id="1069055" />
      </TableCell>
      <TableCell>
        <Paragraph id="1069057" />
      </TableCell>
      <TableCell>
        <Paragraph id="1069059" />
      </TableCell>
      <TableCell>
        <Paragraph id="1146612" />
      </TableCell>
      <TableCell>
        <Paragraph id="1146614" />
        <Paragraph id="1146615" />
        <Paragraph id="1146616" />
      </TableCell>
    </Table>
    <Paragraph id="1069065" documentposition="226" splitpriority="none" />
    <Paragraph id="1086737" documentposition="227" splitpriority="none" />
    <Paragraph id="1069066" documentposition="228" splitpriority="none" />
    <Paragraph id="1069067" documentposition="229" splitpriority="none" />
    <Paragraph id="1093261" documentposition="230" splitpriority="none" />
    <Paragraph id="1092903" documentposition="231" splitpriority="none" />
    <Paragraph id="1092906" documentposition="232" splitpriority="none" />
    <Paragraph id="1092909" documentposition="233" splitpriority="none" />
    <Paragraph id="1092911" documentposition="234" splitpriority="none" />
    <Paragraph id="1092891" documentposition="235" splitpriority="none" />
  </Split>
  <Split id="1069240" documentposition="236">
    <Paragraph id="1069240" documentposition="236" splitpriority="3">
      <Marker behavior="topic" id="1095072">
        <Marker id="1095072" name="TopicAlias" xmlns="urn:WebWorks-Document-Schema">
          <TextRun id="tr1095072-1">
            <Text value="search_results_studies_for_subject_help" />
          </TextRun>
        </Marker>
      </Marker>
    </Paragraph>
    <Paragraph id="1069368" documentposition="237" splitpriority="none" />
    <Paragraph id="1093421" documentposition="238" splitpriority="none" />
    <Table id="1069975" documentposition="239" splitpriority="none">
      <TableCell>
        <Paragraph id="1076148" />
      </TableCell>
      <TableCell>
        <Paragraph id="1076150" />
      </TableCell>
      <TableCell>
        <Paragraph id="1069981" />
      </TableCell>
      <TableCell>
        <Paragraph id="1069983" />
      </TableCell>
      <TableCell>
        <Paragraph id="1069985" />
      </TableCell>
      <TableCell>
        <Paragraph id="1069987" />
      </TableCell>
      <TableCell>
        <Paragraph id="1069989" />
      </TableCell>
      <TableCell>
        <Paragraph id="1069991" />
        <Paragraph id="1168999" />
      </TableCell>
      <TableCell>
        <Paragraph id="1069993" />
      </TableCell>
      <TableCell>
        <Paragraph id="1069995" />
      </TableCell>
      <TableCell>
        <Paragraph id="1069997" />
      </TableCell>
      <TableCell>
        <Paragraph id="1069999" />
      </TableCell>
      <TableCell>
        <Paragraph id="1070001" />
      </TableCell>
      <TableCell>
        <Paragraph id="1070003" />
      </TableCell>
      <TableCell>
        <Paragraph id="1070005" />
      </TableCell>
      <TableCell>
        <Paragraph id="1070007" />
      </TableCell>
      <TableCell>
        <Paragraph id="1070009" />
      </TableCell>
      <TableCell>
        <Paragraph id="1070011" />
      </TableCell>
    </Table>
    <Paragraph id="1146622" documentposition="240" splitpriority="none" />
    <Paragraph id="1146624" documentposition="241" splitpriority="none" />
    <Paragraph id="1146620" documentposition="242" splitpriority="none" />
    <Paragraph id="1093536" documentposition="243" splitpriority="none" />
    <Paragraph id="1093506" documentposition="244" splitpriority="none" />
    <Paragraph id="1072661" documentposition="245" splitpriority="none" />
    <Paragraph id="1069281" documentposition="246" splitpriority="none" />
  </Split>
  <Split id="1069282" documentposition="247">
    <Paragraph id="1069282" documentposition="247" splitpriority="3">
      <Marker behavior="topic" id="1095073">
        <Marker id="1095073" name="TopicAlias" xmlns="urn:WebWorks-Document-Schema">
          <TextRun id="tr1095073-1">
            <Text value="search_results_images_for series_help" />
          </TextRun>
        </Marker>
      </Marker>
    </Paragraph>
    <Paragraph id="1173049" documentposition="248" splitpriority="none" />
    <Paragraph id="1094173" documentposition="249" splitpriority="none" />
    <Table id="1094115" documentposition="250" splitpriority="none">
      <TableCell>
        <Paragraph id="1094117" />
      </TableCell>
      <TableCell>
        <Paragraph id="1094119" />
      </TableCell>
      <TableCell>
        <Paragraph id="1094122" />
      </TableCell>
      <TableCell>
        <Paragraph id="1094124" />
      </TableCell>
      <TableCell>
        <Paragraph id="1094127" />
      </TableCell>
      <TableCell>
        <Paragraph id="1094129" />
      </TableCell>
      <TableCell>
        <Paragraph id="1094132" />
      </TableCell>
      <TableCell>
        <Paragraph id="1094134" />
      </TableCell>
      <TableCell>
        <Paragraph id="1094137" />
      </TableCell>
      <TableCell>
        <Paragraph id="1094139" />
      </TableCell>
      <TableCell>
        <Paragraph id="1094142" />
      </TableCell>
      <TableCell>
        <Paragraph id="1094144" />
      </TableCell>
      <TableCell>
        <Paragraph id="1094147" />
      </TableCell>
      <TableCell>
        <Paragraph id="1097042" />
      </TableCell>
      <TableCell>
        <Paragraph id="1155100" />
      </TableCell>
      <TableCell>
        <Paragraph id="1155102" />
      </TableCell>
      <TableCell>
        <Paragraph id="1155096" />
      </TableCell>
      <TableCell>
        <Paragraph id="1155098" />
        <Paragraph id="1155170" />
      </TableCell>
    </Table>
    <Paragraph id="1093878" documentposition="251" splitpriority="none" />
    <Paragraph id="1070119" documentposition="252" splitpriority="none" />
    <Paragraph id="1169002" documentposition="253" splitpriority="none" />
    <Paragraph id="1069315" documentposition="254" splitpriority="none" />
    <Paragraph id="1072724" documentposition="255" splitpriority="none" />
    <Paragraph id="1069011" documentposition="256" splitpriority="none" />
  </Split>
  <Split id="1169054" documentposition="257">
    <Paragraph id="1169054" documentposition="257" splitpriority="3" />
    <Paragraph id="1169061" documentposition="258" splitpriority="none" />
    <Paragraph id="1185975" documentposition="259" splitpriority="none" />
    <Paragraph id="1169097" documentposition="260" splitpriority="none" />
    <Paragraph id="1183566" documentposition="262" splitpriority="none">
      <Frame id="1169441" />
    </Paragraph>
    <Paragraph id="1169847" documentposition="263" splitpriority="none" />
    <Table id="1169767" documentposition="264" splitpriority="none">
      <TableCell>
        <Paragraph id="1169772">
          <Frame id="1169770" />
        </Paragraph>
      </TableCell>
      <TableCell>
        <Paragraph id="1169776" />
      </TableCell>
      <TableCell>
        <Paragraph id="1169781">
          <Frame id="1169779" />
        </Paragraph>
      </TableCell>
      <TableCell>
        <Paragraph id="1169785" />
      </TableCell>
      <TableCell>
        <Paragraph id="1169790">
          <Frame id="1169788" />
        </Paragraph>
      </TableCell>
      <TableCell>
        <Paragraph id="1169795">
          <Frame id="1169793" />
        </Paragraph>
      </TableCell>
      <TableCell>
        <Paragraph id="1169797" />
        <Paragraph id="1169798" />
      </TableCell>
      <TableCell>
        <Paragraph id="1169803">
          <Frame id="1169801" />
        </Paragraph>
      </TableCell>
      <TableCell>
        <Paragraph id="1169808">
          <Frame id="1169806" />
        </Paragraph>
      </TableCell>
      <TableCell>
        <Paragraph id="1169810" />
        <Paragraph id="1169856" />
      </TableCell>
      <TableCell>
        <Paragraph id="1169815">
          <Frame id="1169813" />
        </Paragraph>
      </TableCell>
      <TableCell>
        <Paragraph id="1169820">
          <Frame id="1169891" />
        </Paragraph>
      </TableCell>
      <TableCell>
        <Paragraph id="1169822" />
        <Paragraph id="1169896" />
      </TableCell>
      <TableCell>
        <Paragraph id="1169836">
          <Frame id="1183552" />
        </Paragraph>
      </TableCell>
      <TableCell>
        <Paragraph id="1170513" />
      </TableCell>
    </Table>
    <Paragraph id="1169848" documentposition="265" splitpriority="none" />
  </Split>
  <Split id="1169851" documentposition="266">
    <Paragraph id="1169851" documentposition="266" splitpriority="2" />
    <Paragraph id="1090649" documentposition="267" splitpriority="none" />
    <Paragraph id="1185983" documentposition="268" splitpriority="none" relatedtopic="define-no-output" />
    <Paragraph id="1185987" documentposition="269" splitpriority="none" relatedtopic="define-no-output" />
    <Paragraph id="1185991" documentposition="270" splitpriority="none" relatedtopic="define-no-output" />
  </Split>
  <Split id="1090594" documentposition="271">
    <Paragraph id="1090594" documentposition="271" splitpriority="3" />
    <Paragraph id="1070194" documentposition="272" splitpriority="none" />
    <Paragraph id="1170232" documentposition="273" splitpriority="none" />
    <Paragraph id="1072740" documentposition="274" splitpriority="none" />
    <Paragraph id="1072745" documentposition="275" splitpriority="none" />
    <Paragraph id="1185999" documentposition="276" splitpriority="none" relatedtopic="define-no-output" />
    <Paragraph id="1186003" documentposition="277" splitpriority="none" relatedtopic="define-no-output" />
    <Paragraph id="1186007" documentposition="278" splitpriority="none" relatedtopic="define-no-output" />
  </Split>
  <Split id="1070197" documentposition="279">
    <Paragraph id="1070197" documentposition="279" splitpriority="3">
      <Marker behavior="topic" id="1095074">
        <Marker id="1095074" name="TopicAlias" xmlns="urn:WebWorks-Document-Schema">
          <TextRun id="tr1095074-1">
            <Text value="data_basket_help" />
          </TextRun>
        </Marker>
      </Marker>
    </Paragraph>
    <Paragraph id="1070298" documentposition="280" splitpriority="none" />
    <Paragraph id="1094389" documentposition="281" splitpriority="none" />
    <Table id="1070301" documentposition="282" splitpriority="none">
      <TableCell>
        <Paragraph id="1076211" />
      </TableCell>
      <TableCell>
        <Paragraph id="1076213" />
      </TableCell>
      <TableCell>
        <Paragraph id="1070307" />
      </TableCell>
      <TableCell>
        <Paragraph id="1070309" />
      </TableCell>
      <TableCell>
        <Paragraph id="1070311" />
      </TableCell>
      <TableCell>
        <Paragraph id="1070313" />
      </TableCell>
      <TableCell>
        <Paragraph id="1070315" />
      </TableCell>
      <TableCell>
        <Paragraph id="1070317" />
      </TableCell>
      <TableCell>
        <Paragraph id="1070319" />
      </TableCell>
      <TableCell>
        <Paragraph id="1070321" />
      </TableCell>
      <TableCell>
        <Paragraph id="1070323" />
      </TableCell>
      <TableCell>
        <Paragraph id="1070325" />
      </TableCell>
      <TableCell>
        <Paragraph id="1146664" />
      </TableCell>
      <TableCell>
        <Paragraph id="1146666" />
      </TableCell>
      <TableCell>
        <Paragraph id="1146660" />
      </TableCell>
      <TableCell>
        <Paragraph id="1146662" />
      </TableCell>
      <TableCell>
        <Paragraph id="1146656" />
      </TableCell>
      <TableCell>
        <Paragraph id="1146658" />
      </TableCell>
      <TableCell>
        <Paragraph id="1146668" />
      </TableCell>
      <TableCell>
        <Paragraph id="1146670" />
        <Paragraph id="1146671" />
        <Paragraph id="1146672" />
      </TableCell>
    </Table>
    <Paragraph id="1070233" documentposition="283" splitpriority="none" />
    <Paragraph id="1070234" documentposition="284" splitpriority="none" />
    <Paragraph id="1186048" documentposition="285" splitpriority="none" relatedtopic="define-no-output" />
    <Paragraph id="1186052" documentposition="286" splitpriority="none" relatedtopic="define-no-output" />
    <Paragraph id="1186056" documentposition="287" splitpriority="none" relatedtopic="define-no-output" />
  </Split>
  <Split id="1090496" documentposition="288">
    <Paragraph id="1090496" documentposition="288" splitpriority="3" />
    <Paragraph id="1090498" documentposition="289" splitpriority="none" />
    <Paragraph id="1094560" documentposition="290" splitpriority="none" />
    <Paragraph id="1094559" documentposition="291" splitpriority="none" />
    <Paragraph id="1070516" documentposition="292" splitpriority="none" />
    <Paragraph id="1070517" documentposition="293" splitpriority="none" />
    <Paragraph id="1070239" documentposition="294" splitpriority="none" />
    <Paragraph id="1070240" documentposition="295" splitpriority="none" />
    <Paragraph id="1094574" documentposition="296" splitpriority="none" />
    <Paragraph id="1094580" documentposition="297" splitpriority="none" />
    <Paragraph id="1070241" documentposition="298" splitpriority="none" />
    <Paragraph id="1070242" documentposition="299" splitpriority="none" />
    <Paragraph id="1096269" documentposition="300" splitpriority="none" />
    <Paragraph id="1070243" documentposition="301" splitpriority="none" />
    <Paragraph id="1070244" documentposition="302" splitpriority="none" />
    <Paragraph id="1085096" documentposition="303" splitpriority="none" />
    <Paragraph id="1085097" documentposition="304" splitpriority="none" />
    <Paragraph id="1095032" documentposition="305" splitpriority="none" />
    <Paragraph id="1186064" documentposition="306" splitpriority="none" relatedtopic="define-no-output" />
    <Paragraph id="1186068" documentposition="307" splitpriority="none" relatedtopic="define-no-output" />
    <Paragraph id="1186072" documentposition="308" splitpriority="none" relatedtopic="define-no-output" />
  </Split>
  <Split id="1070597" documentposition="309">
    <Paragraph id="1070597" documentposition="309" splitpriority="2" />
    <Paragraph id="1070599" documentposition="310" splitpriority="none" />
    <Paragraph id="1083314" documentposition="311" splitpriority="none" />
    <Paragraph id="1070964" documentposition="312" splitpriority="none" />
    <Paragraph id="1070600" documentposition="313" splitpriority="none" />
    <Paragraph id="1070601" documentposition="314" splitpriority="none" />
    <Paragraph id="1070602" documentposition="315" splitpriority="none" />
  </Split>
  <Split id="1086036" documentposition="316">
    <Paragraph id="1086036" documentposition="316" splitpriority="2" />
    <Paragraph id="1086042" documentposition="317" splitpriority="none" />
    <Paragraph id="1078520" documentposition="318" splitpriority="none" />
  </Split>
</Behaviors>