<?xml version="1.0" encoding="utf-8"?>
<TableOfContents version="1.0" xmlns="urn:WebWorks-Engine-TOC-Schema">
  <Entry id="1104591" documentID="2A28A9D6BE1179D7" level="1" documentposition="3">
    <Paragraph xmlns="urn:WebWorks-Document-Schema">
      <Style>
        <Attribute name="text-align" value="Right" />
        <Attribute name="text-indent" value="0pt" />
        <Attribute name="margin-left" value="0pt" />
        <Attribute name="margin-right" value="0pt" />
        <Attribute name="margin-top" value="0.0pt" />
        <Attribute name="margin-bottom" value="13.0pt" />
        <Attribute name="line-spacing" value="0pt" />
        <Attribute name="color" value="#515186" />
        <Attribute name="font-family" value="Palatino Linotype" />
        <Attribute name="font-size" value="27.0pt" />
        <Attribute name="font-weight" value="bold" />
        <Attribute name="font-style" value="normal" />
        <Attribute name="font-variant" value="" />
        <Attribute name="text-transform" value="none" />
        <Attribute name="text-decoration-underline" value="none" />
        <Attribute name="text-decoration-line-through" value="none" />
        <Attribute name="vertical-align" value="baseline" />
      </Style>
      <TextRun id="tr1104591-1">
        <Text value="Getting Started in NCIA " />
      </TextRun>
    </Paragraph>
    <Paragraph id="1104591" documentposition="3" splitpriority="1" xmlns="urn:WebWorks-Behaviors-Schema" />
  </Entry>
  <Entry id="1064696" documentID="2A28A9D6BE1179D7" level="2" documentposition="13">
    <Paragraph xmlns="urn:WebWorks-Document-Schema">
      <Style>
        <Attribute name="text-align" value="Left" />
        <Attribute name="text-indent" value="0pt" />
        <Attribute name="margin-left" value="0pt" />
        <Attribute name="margin-right" value="0pt" />
        <Attribute name="margin-top" value="15.0pt" />
        <Attribute name="margin-bottom" value="0.0pt" />
        <Attribute name="line-spacing" value="0pt" />
        <Attribute name="color" value="#515186" />
        <Attribute name="font-family" value="Palatino Linotype" />
        <Attribute name="font-size" value="16.0pt" />
        <Attribute name="font-weight" value="bold" />
        <Attribute name="font-style" value="normal" />
        <Attribute name="font-variant" value="normal" />
        <Attribute name="text-transform" value="none" />
        <Attribute name="text-decoration-underline" value="none" />
        <Attribute name="text-decoration-line-through" value="none" />
        <Attribute name="vertical-align" value="baseline" />
      </Style>
      <TextRun id="tr1064696-1">
        <Text value="Introduction to NCIA" />
      </TextRun>
    </Paragraph>
    <Paragraph id="1064696" documentposition="13" splitpriority="2" xmlns="urn:WebWorks-Behaviors-Schema" />
  </Entry>
  <Entry id="1133563" documentID="2A28A9D6BE1179D7" level="2" documentposition="29">
    <Paragraph xmlns="urn:WebWorks-Document-Schema">
      <Style>
        <Attribute name="text-align" value="Left" />
        <Attribute name="text-indent" value="0pt" />
        <Attribute name="margin-left" value="0pt" />
        <Attribute name="margin-right" value="0pt" />
        <Attribute name="margin-top" value="15.0pt" />
        <Attribute name="margin-bottom" value="0.0pt" />
        <Attribute name="line-spacing" value="0pt" />
        <Attribute name="color" value="#515186" />
        <Attribute name="font-family" value="Palatino Linotype" />
        <Attribute name="font-size" value="16.0pt" />
        <Attribute name="font-weight" value="bold" />
        <Attribute name="font-style" value="normal" />
        <Attribute name="font-variant" value="normal" />
        <Attribute name="text-transform" value="none" />
        <Attribute name="text-decoration-underline" value="none" />
        <Attribute name="text-decoration-line-through" value="none" />
        <Attribute name="vertical-align" value="baseline" />
      </Style>
      <TextRun id="tr1133563-1" />
      <TextRun id="tr1133563-2">
        <Text value="Browser Support for NCIA" />
      </TextRun>
    </Paragraph>
    <Paragraph id="1133563" documentposition="29" splitpriority="2" xmlns="urn:WebWorks-Behaviors-Schema" />
  </Entry>
  <Entry id="1084793" documentID="2A28A9D6BE1179D7" level="2" documentposition="32">
    <Paragraph xmlns="urn:WebWorks-Document-Schema">
      <Style>
        <Attribute name="text-align" value="Left" />
        <Attribute name="text-indent" value="0pt" />
        <Attribute name="margin-left" value="0pt" />
        <Attribute name="margin-right" value="0pt" />
        <Attribute name="margin-top" value="15.0pt" />
        <Attribute name="margin-bottom" value="0.0pt" />
        <Attribute name="line-spacing" value="0pt" />
        <Attribute name="color" value="#515186" />
        <Attribute name="font-family" value="Palatino Linotype" />
        <Attribute name="font-size" value="16.0pt" />
        <Attribute name="font-weight" value="bold" />
        <Attribute name="font-style" value="normal" />
        <Attribute name="font-variant" value="normal" />
        <Attribute name="text-transform" value="none" />
        <Attribute name="text-decoration-underline" value="none" />
        <Attribute name="text-decoration-line-through" value="none" />
        <Attribute name="vertical-align" value="baseline" />
      </Style>
      <TextRun id="tr1084793-1">
        <Text value="C" />
        <Text value="reating a New User Account" />
      </TextRun>
    </Paragraph>
    <Paragraph id="1084793" documentposition="32" splitpriority="2" xmlns="urn:WebWorks-Behaviors-Schema">
      <Marker behavior="topic" id="1088058">
        <Marker id="1088058" name="TopicAlias" xmlns="urn:WebWorks-Document-Schema">
          <TextRun id="tr1088058-1">
            <Text value="user_registration_help" />
          </TextRun>
        </Marker>
      </Marker>
    </Paragraph>
  </Entry>
  <Entry id="1084015" documentID="2A28A9D6BE1179D7" level="2" documentposition="42">
    <Paragraph xmlns="urn:WebWorks-Document-Schema">
      <Style>
        <Attribute name="text-align" value="Left" />
        <Attribute name="text-indent" value="0pt" />
        <Attribute name="margin-left" value="0pt" />
        <Attribute name="margin-right" value="0pt" />
        <Attribute name="margin-top" value="15.0pt" />
        <Attribute name="margin-bottom" value="0.0pt" />
        <Attribute name="line-spacing" value="0pt" />
        <Attribute name="color" value="#515186" />
        <Attribute name="font-family" value="Palatino Linotype" />
        <Attribute name="font-size" value="16.0pt" />
        <Attribute name="font-weight" value="bold" />
        <Attribute name="font-style" value="normal" />
        <Attribute name="font-variant" value="normal" />
        <Attribute name="text-transform" value="none" />
        <Attribute name="text-decoration-underline" value="none" />
        <Attribute name="text-decoration-line-through" value="none" />
        <Attribute name="vertical-align" value="baseline" />
      </Style>
      <TextRun id="tr1084015-1" />
      <TextRun id="tr1084015-2">
        <Style>
          <Attribute name="font-family" value="Arial" />
          <Attribute name="font-weight" value="normal" />
          <Attribute name="font-size" value="11.0pt" />
        </Style>
      </TextRun>
      <TextRun id="tr1084015-3">
        <Style>
          <Attribute name="font-family" value="Arial" />
          <Attribute name="font-weight" value="normal" />
          <Attribute name="font-size" value="11.0pt" />
        </Style>
      </TextRun>
      <TextRun id="tr1084015-4">
        <Text value="L" />
        <Text value="ogging into NCIA" />
      </TextRun>
    </Paragraph>
    <Paragraph id="1084015" documentposition="42" splitpriority="2" xmlns="urn:WebWorks-Behaviors-Schema">
      <Marker behavior="topic" id="1088059">
        <Marker id="1088059" name="TopicAlias" xmlns="urn:WebWorks-Document-Schema">
          <TextRun id="tr1088059-1">
            <Text value="welcome_login_help" />
          </TextRun>
        </Marker>
      </Marker>
    </Paragraph>
  </Entry>
  <Entry id="1109695" documentID="2A28A9D6BE1179D7" level="2" documentposition="55">
    <Paragraph xmlns="urn:WebWorks-Document-Schema">
      <Style>
        <Attribute name="text-align" value="Left" />
        <Attribute name="text-indent" value="0pt" />
        <Attribute name="margin-left" value="0pt" />
        <Attribute name="margin-right" value="0pt" />
        <Attribute name="margin-top" value="15.0pt" />
        <Attribute name="margin-bottom" value="0.0pt" />
        <Attribute name="line-spacing" value="0pt" />
        <Attribute name="color" value="#515186" />
        <Attribute name="font-family" value="Palatino Linotype" />
        <Attribute name="font-size" value="16.0pt" />
        <Attribute name="font-weight" value="bold" />
        <Attribute name="font-style" value="normal" />
        <Attribute name="font-variant" value="normal" />
        <Attribute name="text-transform" value="none" />
        <Attribute name="text-decoration-underline" value="none" />
        <Attribute name="text-decoration-line-through" value="none" />
        <Attribute name="vertical-align" value="baseline" />
      </Style>
      <TextRun id="tr1109695-1">
        <Text value="Changing User" />
        <Text value=" Password" />
      </TextRun>
    </Paragraph>
    <Paragraph id="1109695" documentposition="55" splitpriority="2" xmlns="urn:WebWorks-Behaviors-Schema">
      <Marker behavior="topic" id="1110700">
        <Marker id="1110700" name="TopicAlias" xmlns="urn:WebWorks-Document-Schema">
          <TextRun id="tr1110700-1">
            <Text value="change_password_help" />
          </TextRun>
        </Marker>
      </Marker>
    </Paragraph>
  </Entry>
  <Entry id="1110298" documentID="2A28A9D6BE1179D7" level="2" documentposition="65">
    <Paragraph xmlns="urn:WebWorks-Document-Schema">
      <Style>
        <Attribute name="text-align" value="Left" />
        <Attribute name="text-indent" value="0pt" />
        <Attribute name="margin-left" value="0pt" />
        <Attribute name="margin-right" value="0pt" />
        <Attribute name="margin-top" value="15.0pt" />
        <Attribute name="margin-bottom" value="0.0pt" />
        <Attribute name="line-spacing" value="0pt" />
        <Attribute name="color" value="#515186" />
        <Attribute name="font-family" value="Palatino Linotype" />
        <Attribute name="font-size" value="16.0pt" />
        <Attribute name="font-weight" value="bold" />
        <Attribute name="font-style" value="normal" />
        <Attribute name="font-variant" value="normal" />
        <Attribute name="text-transform" value="none" />
        <Attribute name="text-decoration-underline" value="none" />
        <Attribute name="text-decoration-line-through" value="none" />
        <Attribute name="vertical-align" value="baseline" />
      </Style>
      <TextRun id="tr1110298-1" />
      <TextRun id="tr1110298-2">
        <Text value="U" />
        <Text value="sing the NCIA Home Page" />
      </TextRun>
    </Paragraph>
    <Paragraph id="1110298" documentposition="65" splitpriority="2" xmlns="urn:WebWorks-Behaviors-Schema">
      <Marker behavior="topic" id="1102084">
        <Marker id="1102084" name="TopicAlias" xmlns="urn:WebWorks-Document-Schema">
          <TextRun id="tr1102084-1">
            <Text value="welcome_post_login_help" />
          </TextRun>
        </Marker>
      </Marker>
    </Paragraph>
  </Entry>
  <Entry id="1102231" documentID="2A28A9D6BE1179D7" level="3" documentposition="70">
    <Paragraph xmlns="urn:WebWorks-Document-Schema">
      <Style>
        <Attribute name="text-align" value="Left" />
        <Attribute name="text-indent" value="0pt" />
        <Attribute name="margin-left" value="0pt" />
        <Attribute name="margin-right" value="0pt" />
        <Attribute name="margin-top" value="12.0pt" />
        <Attribute name="margin-bottom" value="0.0pt" />
        <Attribute name="line-spacing" value="0pt" />
        <Attribute name="color" value="#000000" />
        <Attribute name="font-family" value="Palatino Linotype" />
        <Attribute name="font-size" value="14.0pt" />
        <Attribute name="font-weight" value="normal" />
        <Attribute name="font-style" value="normal" />
        <Attribute name="font-variant" value="normal" />
        <Attribute name="text-transform" value="none" />
        <Attribute name="text-decoration-underline" value="none" />
        <Attribute name="text-decoration-line-through" value="none" />
        <Attribute name="vertical-align" value="baseline" />
      </Style>
      <TextRun id="tr1102231-1" />
      <TextRun id="tr1102231-2">
        <Text value="Home Page Menu Bar" />
      </TextRun>
    </Paragraph>
    <Paragraph id="1102231" documentposition="70" splitpriority="3" xmlns="urn:WebWorks-Behaviors-Schema" />
  </Entry>
  <Entry id="1094519" documentID="2A28A9D6BE1179D7" level="3" documentposition="76">
    <Paragraph xmlns="urn:WebWorks-Document-Schema">
      <Style>
        <Attribute name="text-align" value="Left" />
        <Attribute name="text-indent" value="0pt" />
        <Attribute name="margin-left" value="0pt" />
        <Attribute name="margin-right" value="0pt" />
        <Attribute name="margin-top" value="12.0pt" />
        <Attribute name="margin-bottom" value="0.0pt" />
        <Attribute name="line-spacing" value="0pt" />
        <Attribute name="color" value="#000000" />
        <Attribute name="font-family" value="Palatino Linotype" />
        <Attribute name="font-size" value="14.0pt" />
        <Attribute name="font-weight" value="normal" />
        <Attribute name="font-style" value="normal" />
        <Attribute name="font-variant" value="normal" />
        <Attribute name="text-transform" value="none" />
        <Attribute name="text-decoration-underline" value="none" />
        <Attribute name="text-decoration-line-through" value="none" />
        <Attribute name="vertical-align" value="baseline" />
      </Style>
      <TextRun id="tr1094519-1" />
      <TextRun id="tr1094519-2">
        <Text value="Home Page Left Sidebar" />
      </TextRun>
    </Paragraph>
    <Paragraph id="1094519" documentposition="76" splitpriority="3" xmlns="urn:WebWorks-Behaviors-Schema" />
  </Entry>
  <Entry id="1094546" documentID="2A28A9D6BE1179D7" level="4" documentposition="82">
    <Paragraph xmlns="urn:WebWorks-Document-Schema">
      <Style>
        <Attribute name="text-align" value="Left" />
        <Attribute name="text-indent" value="18pt" />
        <Attribute name="margin-left" value="0pt" />
        <Attribute name="margin-right" value="0pt" />
        <Attribute name="margin-top" value="12.0pt" />
        <Attribute name="margin-bottom" value="0.0pt" />
        <Attribute name="line-spacing" value="0pt" />
        <Attribute name="color" value="#000000" />
        <Attribute name="font-family" value="Palatino Linotype" />
        <Attribute name="font-size" value="12.0pt" />
        <Attribute name="font-weight" value="bold" />
        <Attribute name="font-style" value="normal" />
        <Attribute name="font-variant" value="normal" />
        <Attribute name="text-transform" value="none" />
        <Attribute name="text-decoration-underline" value="none" />
        <Attribute name="text-decoration-line-through" value="none" />
        <Attribute name="vertical-align" value="baseline" />
      </Style>
      <TextRun id="tr1094546-1" />
      <TextRun id="tr1094546-2">
        <Text value="Quick Links" />
      </TextRun>
    </Paragraph>
    <Paragraph id="1094546" documentposition="82" splitpriority="4" xmlns="urn:WebWorks-Behaviors-Schema" />
  </Entry>
  <Entry id="1089122" documentID="2A28A9D6BE1179D7" level="3" documentposition="91">
    <Paragraph xmlns="urn:WebWorks-Document-Schema">
      <Style>
        <Attribute name="text-align" value="Left" />
        <Attribute name="text-indent" value="0pt" />
        <Attribute name="margin-left" value="0pt" />
        <Attribute name="margin-right" value="0pt" />
        <Attribute name="margin-top" value="12.0pt" />
        <Attribute name="margin-bottom" value="0.0pt" />
        <Attribute name="line-spacing" value="0pt" />
        <Attribute name="color" value="#000000" />
        <Attribute name="font-family" value="Palatino Linotype" />
        <Attribute name="font-size" value="14.0pt" />
        <Attribute name="font-weight" value="normal" />
        <Attribute name="font-style" value="normal" />
        <Attribute name="font-variant" value="normal" />
        <Attribute name="text-transform" value="none" />
        <Attribute name="text-decoration-underline" value="none" />
        <Attribute name="text-decoration-line-through" value="none" />
        <Attribute name="vertical-align" value="baseline" />
      </Style>
      <TextRun id="tr1089122-1" />
      <TextRun id="tr1089122-2">
        <Text value="Other Home Page Panels" />
      </TextRun>
    </Paragraph>
    <Paragraph id="1089122" documentposition="91" splitpriority="3" xmlns="urn:WebWorks-Behaviors-Schema" />
  </Entry>
  <Entry id="1091593" documentID="2A28A9D6BE1179D7" level="2" documentposition="97">
    <Paragraph xmlns="urn:WebWorks-Document-Schema">
      <Style>
        <Attribute name="text-align" value="Left" />
        <Attribute name="text-indent" value="0pt" />
        <Attribute name="margin-left" value="0pt" />
        <Attribute name="margin-right" value="0pt" />
        <Attribute name="margin-top" value="15.0pt" />
        <Attribute name="margin-bottom" value="0.0pt" />
        <Attribute name="line-spacing" value="0pt" />
        <Attribute name="color" value="#515186" />
        <Attribute name="font-family" value="Palatino Linotype" />
        <Attribute name="font-size" value="16.0pt" />
        <Attribute name="font-weight" value="bold" />
        <Attribute name="font-style" value="normal" />
        <Attribute name="font-variant" value="normal" />
        <Attribute name="text-transform" value="none" />
        <Attribute name="text-decoration-underline" value="none" />
        <Attribute name="text-decoration-line-through" value="none" />
        <Attribute name="vertical-align" value="baseline" />
      </Style>
      <TextRun id="tr1091593-1" />
      <TextRun id="tr1091593-2">
        <Text value="U" />
        <Text value="sing NCIA News Page" />
      </TextRun>
    </Paragraph>
    <Paragraph id="1091593" documentposition="97" splitpriority="2" xmlns="urn:WebWorks-Behaviors-Schema">
      <Marker behavior="topic" id="1088061">
        <Marker id="1088061" name="TopicAlias" xmlns="urn:WebWorks-Document-Schema">
          <TextRun id="tr1088061-1">
            <Text value="news_page_help" />
          </TextRun>
        </Marker>
      </Marker>
    </Paragraph>
  </Entry>
  <Entry id="1090544" documentID="2A28A9D6BE1179D7" level="3" documentposition="103">
    <Paragraph xmlns="urn:WebWorks-Document-Schema">
      <Style>
        <Attribute name="text-align" value="Left" />
        <Attribute name="text-indent" value="0pt" />
        <Attribute name="margin-left" value="0pt" />
        <Attribute name="margin-right" value="0pt" />
        <Attribute name="margin-top" value="12.0pt" />
        <Attribute name="margin-bottom" value="0.0pt" />
        <Attribute name="line-spacing" value="0pt" />
        <Attribute name="color" value="#000000" />
        <Attribute name="font-family" value="Palatino Linotype" />
        <Attribute name="font-size" value="14.0pt" />
        <Attribute name="font-weight" value="normal" />
        <Attribute name="font-style" value="normal" />
        <Attribute name="font-variant" value="normal" />
        <Attribute name="text-transform" value="none" />
        <Attribute name="text-decoration-underline" value="none" />
        <Attribute name="text-decoration-line-through" value="none" />
        <Attribute name="vertical-align" value="baseline" />
      </Style>
      <TextRun id="tr1090544-1" />
      <TextRun id="tr1090544-2">
        <Text value="News Page Menu Bar" />
      </TextRun>
    </Paragraph>
    <Paragraph id="1090544" documentposition="103" splitpriority="3" xmlns="urn:WebWorks-Behaviors-Schema" />
  </Entry>
  <Entry id="1094701" documentID="2A28A9D6BE1179D7" level="3" documentposition="109">
    <Paragraph xmlns="urn:WebWorks-Document-Schema">
      <Style>
        <Attribute name="text-align" value="Left" />
        <Attribute name="text-indent" value="0pt" />
        <Attribute name="margin-left" value="0pt" />
        <Attribute name="margin-right" value="0pt" />
        <Attribute name="margin-top" value="12.0pt" />
        <Attribute name="margin-bottom" value="0.0pt" />
        <Attribute name="line-spacing" value="0pt" />
        <Attribute name="color" value="#000000" />
        <Attribute name="font-family" value="Palatino Linotype" />
        <Attribute name="font-size" value="14.0pt" />
        <Attribute name="font-weight" value="normal" />
        <Attribute name="font-style" value="normal" />
        <Attribute name="font-variant" value="normal" />
        <Attribute name="text-transform" value="none" />
        <Attribute name="text-decoration-underline" value="none" />
        <Attribute name="text-decoration-line-through" value="none" />
        <Attribute name="vertical-align" value="baseline" />
      </Style>
      <TextRun id="tr1094701-1" />
      <TextRun id="tr1094701-2">
        <Text value="News Page Site Map" />
      </TextRun>
    </Paragraph>
    <Paragraph id="1094701" documentposition="109" splitpriority="3" xmlns="urn:WebWorks-Behaviors-Schema" />
  </Entry>
  <Entry id="1090692" documentID="2A28A9D6BE1179D7" level="3" documentposition="116">
    <Paragraph xmlns="urn:WebWorks-Document-Schema">
      <Style>
        <Attribute name="text-align" value="Left" />
        <Attribute name="text-indent" value="0pt" />
        <Attribute name="margin-left" value="0pt" />
        <Attribute name="margin-right" value="0pt" />
        <Attribute name="margin-top" value="12.0pt" />
        <Attribute name="margin-bottom" value="0.0pt" />
        <Attribute name="line-spacing" value="0pt" />
        <Attribute name="color" value="#000000" />
        <Attribute name="font-family" value="Palatino Linotype" />
        <Attribute name="font-size" value="14.0pt" />
        <Attribute name="font-weight" value="normal" />
        <Attribute name="font-style" value="normal" />
        <Attribute name="font-variant" value="normal" />
        <Attribute name="text-transform" value="none" />
        <Attribute name="text-decoration-underline" value="none" />
        <Attribute name="text-decoration-line-through" value="none" />
        <Attribute name="vertical-align" value="baseline" />
      </Style>
      <TextRun id="tr1090692-1" />
      <TextRun id="tr1090692-2">
        <Text value="News Page Left SideBar" />
      </TextRun>
    </Paragraph>
    <Paragraph id="1090692" documentposition="116" splitpriority="3" xmlns="urn:WebWorks-Behaviors-Schema" />
  </Entry>
  <Entry id="1087847" documentID="2A28A9D6BE1179D7" level="2" documentposition="122">
    <Paragraph xmlns="urn:WebWorks-Document-Schema">
      <Style>
        <Attribute name="text-align" value="Left" />
        <Attribute name="text-indent" value="0pt" />
        <Attribute name="margin-left" value="0pt" />
        <Attribute name="margin-right" value="0pt" />
        <Attribute name="margin-top" value="15.0pt" />
        <Attribute name="margin-bottom" value="0.0pt" />
        <Attribute name="line-spacing" value="0pt" />
        <Attribute name="color" value="#515186" />
        <Attribute name="font-family" value="Palatino Linotype" />
        <Attribute name="font-size" value="16.0pt" />
        <Attribute name="font-weight" value="bold" />
        <Attribute name="font-style" value="normal" />
        <Attribute name="font-variant" value="normal" />
        <Attribute name="text-transform" value="none" />
        <Attribute name="text-decoration-underline" value="none" />
        <Attribute name="text-decoration-line-through" value="none" />
        <Attribute name="vertical-align" value="baseline" />
      </Style>
      <TextRun id="tr1087847-1" />
      <TextRun id="tr1087847-2">
        <Text value="U" />
        <Text value="sing NCIA Online Help" />
      </TextRun>
    </Paragraph>
    <Paragraph id="1087847" documentposition="122" splitpriority="2" xmlns="urn:WebWorks-Behaviors-Schema">
      <Marker behavior="topic" id="1088062">
        <Marker id="1088062" name="TopicAlias" xmlns="urn:WebWorks-Document-Schema">
          <TextRun id="tr1088062-1">
            <Text value="online_help_help" />
          </TextRun>
        </Marker>
      </Marker>
    </Paragraph>
  </Entry>
  <Entry id="1087647" documentID="2A28A9D6BE1179D7" level="2" documentposition="136">
    <Paragraph xmlns="urn:WebWorks-Document-Schema">
      <Style>
        <Attribute name="text-align" value="Left" />
        <Attribute name="text-indent" value="0pt" />
        <Attribute name="margin-left" value="0pt" />
        <Attribute name="margin-right" value="0pt" />
        <Attribute name="margin-top" value="15.0pt" />
        <Attribute name="margin-bottom" value="0.0pt" />
        <Attribute name="line-spacing" value="0pt" />
        <Attribute name="color" value="#515186" />
        <Attribute name="font-family" value="Palatino Linotype" />
        <Attribute name="font-size" value="16.0pt" />
        <Attribute name="font-weight" value="bold" />
        <Attribute name="font-style" value="normal" />
        <Attribute name="font-variant" value="normal" />
        <Attribute name="text-transform" value="none" />
        <Attribute name="text-decoration-underline" value="none" />
        <Attribute name="text-decoration-line-through" value="none" />
        <Attribute name="vertical-align" value="baseline" />
      </Style>
      <TextRun id="tr1087647-1">
        <Text value="Accessing " />
        <Text value="NCIA from Another Application" />
      </TextRun>
      <TextRun id="tr1087647-2">
        <Text value="&#x9;" />
      </TextRun>
      <TextRun id="tr1087647-3">
        <Text value="&#x9;" />
      </TextRun>
    </Paragraph>
    <Paragraph id="1087647" documentposition="136" splitpriority="2" xmlns="urn:WebWorks-Behaviors-Schema" />
  </Entry>
</TableOfContents>