<?xml version="1.0" encoding="utf-8"?>
<Behaviors version="1.0" xmlns="urn:WebWorks-Behaviors-Schema">
  <Paragraph id="1060244" documentposition="3" splitpriority="1" dropdown="continue" popup="none" popup-page-rule="" />
  <Paragraph id="1060245" documentposition="4" splitpriority="none" dropdown="continue" popup="none" popup-page-rule="" />
  <Paragraph id="1061786" documentposition="5" splitpriority="none" dropdown="continue" popup="none" popup-page-rule="" />
  <Paragraph id="1071663" documentposition="6" splitpriority="none" dropdown="continue" popup="none" popup-page-rule="" />
  <Paragraph id="1184565" documentposition="7" splitpriority="none" dropdown="continue" popup="none" popup-page-rule="" />
  <Paragraph id="1194696" documentposition="8" splitpriority="none" dropdown="continue" popup="none" popup-page-rule="" />
  <Paragraph id="1185434" documentposition="9" splitpriority="2" dropdown="continue" popup="none" popup-page-rule="" />
  <Paragraph id="1187566" documentposition="10" splitpriority="none" dropdown="continue" popup="none" popup-page-rule="">
    <Frame id="1187575">
      <Paragraph id="" dropdown="continue" popup="none" popup-page-rule="" />
      <Frame id="1192828" />
    </Frame>
  </Paragraph>
  <Paragraph id="1192837" documentposition="11" splitpriority="none" dropdown="continue" popup="none" popup-page-rule="" />
  <Paragraph id="1187645" documentposition="12" splitpriority="none" dropdown="continue" popup="none" popup-page-rule="" />
  <Paragraph id="1187801" documentposition="13" splitpriority="none" dropdown="continue" popup="none" popup-page-rule="" />
  <Paragraph id="1187800" documentposition="14" splitpriority="none" dropdown="continue" popup="none" popup-page-rule="" />
  <Paragraph id="1193790" documentposition="15" splitpriority="none" dropdown="continue" popup="none" popup-page-rule="" />
  <Paragraph id="1187657" documentposition="16" splitpriority="none" dropdown="continue" popup="none" popup-page-rule="" />
  <Paragraph id="1187673" documentposition="17" splitpriority="none" dropdown="continue" popup="none" popup-page-rule="" />
  <Paragraph id="1187804" documentposition="18" splitpriority="none" dropdown="continue" popup="none" popup-page-rule="" />
  <Paragraph id="1192896" documentposition="19" splitpriority="none" dropdown="continue" popup="none" popup-page-rule="" />
  <Paragraph id="1185456" documentposition="20" splitpriority="3" dropdown="continue" popup="none" popup-page-rule="" />
  <Paragraph id="1184981" documentposition="21" splitpriority="none" dropdown="continue" popup="none" popup-page-rule="" />
  <Paragraph id="1186281" documentposition="22" splitpriority="none" dropdown="continue" popup="none" popup-page-rule="" />
  <Paragraph id="1188371" documentposition="23" splitpriority="none" dropdown="continue" popup="none" popup-page-rule="" />
  <Paragraph id="1191796" documentposition="24" splitpriority="none" dropdown="continue" popup="none" popup-page-rule="" />
  <Paragraph id="1189014" documentposition="25" splitpriority="none" dropdown="continue" popup="none" popup-page-rule="" />
  <Table id="1188629" documentposition="26" splitpriority="none" />
  <Paragraph id="1186765" documentposition="27" splitpriority="none" dropdown="continue" popup="none" popup-page-rule="" />
  <Paragraph id="1186769" documentposition="28" splitpriority="none" dropdown="continue" popup="none" popup-page-rule="" />
  <Paragraph id="1190268" documentposition="29" splitpriority="none" dropdown="continue" popup="none" popup-page-rule="" />
  <Paragraph id="1190272" documentposition="30" splitpriority="none" dropdown="continue" popup="none" popup-page-rule="" />
  <Paragraph id="1187007" documentposition="31" splitpriority="none" dropdown="continue" popup="none" popup-page-rule="" />
  <Paragraph id="1187038" documentposition="32" splitpriority="none" dropdown="continue" popup="none" popup-page-rule="" />
  <Paragraph id="1193822" documentposition="34" splitpriority="none" dropdown="continue" popup="none" popup-page-rule="" />
  <Paragraph id="1187079" documentposition="35" splitpriority="none" dropdown="continue" popup="none" popup-page-rule="" />
  <Paragraph id="1187117" documentposition="36" splitpriority="none" dropdown="continue" popup="none" popup-page-rule="" />
  <Paragraph id="1187118" documentposition="37" splitpriority="none" dropdown="continue" popup="none" popup-page-rule="" />
  <Paragraph id="1187119" documentposition="38" splitpriority="none" dropdown="continue" popup="none" popup-page-rule="" />
  <Paragraph id="1191860" documentposition="39" splitpriority="none" dropdown="continue" popup="none" popup-page-rule="" />
  <Paragraph id="1189323" documentposition="40" splitpriority="none" dropdown="continue" popup="none" popup-page-rule="" />
  <Paragraph id="1189335" documentposition="41" splitpriority="none" dropdown="continue" popup="none" popup-page-rule="" />
  <Paragraph id="1188059" documentposition="42" splitpriority="none" dropdown="continue" popup="none" popup-page-rule="" />
  <Paragraph id="1189166" documentposition="43" splitpriority="none" dropdown="continue" popup="none" popup-page-rule="" />
  <Paragraph id="1192499" documentposition="44" splitpriority="none" dropdown="continue" popup="none" popup-page-rule="" />
  <Paragraph id="1192500" documentposition="45" splitpriority="none" dropdown="continue" popup="none" popup-page-rule="" />
  <Paragraph id="1192501" documentposition="46" splitpriority="none" dropdown="continue" popup="none" popup-page-rule="" />
  <Paragraph id="1192502" documentposition="47" splitpriority="none" dropdown="continue" popup="none" popup-page-rule="" />
  <Paragraph id="1192503" documentposition="48" splitpriority="none" dropdown="continue" popup="none" popup-page-rule="" />
  <Paragraph id="1192504" documentposition="49" splitpriority="none" dropdown="continue" popup="none" popup-page-rule="" />
  <Paragraph id="1192505" documentposition="50" splitpriority="none" dropdown="continue" popup="none" popup-page-rule="" />
  <Paragraph id="1192506" documentposition="51" splitpriority="none" dropdown="continue" popup="none" popup-page-rule="" />
  <Paragraph id="1192507" documentposition="52" splitpriority="none" dropdown="continue" popup="none" popup-page-rule="" />
  <Paragraph id="1192493" documentposition="53" splitpriority="none" dropdown="continue" popup="none" popup-page-rule="" />
  <Paragraph id="1187152" documentposition="54" splitpriority="none" dropdown="continue" popup="none" popup-page-rule="" />
  <Paragraph id="1193940" documentposition="55" splitpriority="none" dropdown="continue" popup="none" popup-page-rule="" />
  <Paragraph id="1189446" documentposition="56" splitpriority="none" dropdown="continue" popup="none" popup-page-rule="" />
  <Paragraph id="1211114" documentposition="57" splitpriority="none" relatedtopic="define-no-output" dropdown="continue" popup="none" popup-page-rule="" />
  <Paragraph id="1211118" documentposition="58" splitpriority="none" relatedtopic="define-no-output" dropdown="continue" popup="none" popup-page-rule="" />
  <Paragraph id="1211122" documentposition="59" splitpriority="none" relatedtopic="define-no-output" dropdown="continue" popup="none" popup-page-rule="" />
  <Paragraph id="1189447" documentposition="60" splitpriority="3" dropdown="continue" popup="none" popup-page-rule="" />
  <Paragraph id="1186739" documentposition="61" splitpriority="none" dropdown="continue" popup="none" popup-page-rule="" />
  <Paragraph id="1195613" documentposition="63" splitpriority="none" dropdown="continue" popup="none" popup-page-rule="" />
  <Paragraph id="1186878" documentposition="64" splitpriority="none" dropdown="continue" popup="none" popup-page-rule="" />
  <Paragraph id="1186658" documentposition="65" splitpriority="none" dropdown="continue" popup="none" popup-page-rule="" />
  <Paragraph id="1186576" documentposition="66" splitpriority="none" dropdown="continue" popup="none" popup-page-rule="" />
  <Paragraph id="1186575" documentposition="67" splitpriority="none" dropdown="continue" popup="none" popup-page-rule="" />
  <Paragraph id="1186677" documentposition="68" splitpriority="none" dropdown="continue" popup="none" popup-page-rule="" />
  <Paragraph id="1186890" documentposition="69" splitpriority="none" dropdown="continue" popup="none" popup-page-rule="" />
  <Paragraph id="1186884" documentposition="70" splitpriority="none" dropdown="continue" popup="none" popup-page-rule="" />
  <Paragraph id="1187195" documentposition="71" splitpriority="none" dropdown="continue" popup="none" popup-page-rule="" />
  <Paragraph id="1211162" documentposition="72" splitpriority="none" relatedtopic="define-no-output" dropdown="continue" popup="none" popup-page-rule="" />
  <Paragraph id="1211166" documentposition="73" splitpriority="none" relatedtopic="define-no-output" dropdown="continue" popup="none" popup-page-rule="" />
  <Paragraph id="1211170" documentposition="74" splitpriority="none" relatedtopic="define-no-output" dropdown="continue" popup="none" popup-page-rule="" />
  <Paragraph id="1187206" documentposition="75" splitpriority="3" dropdown="continue" popup="none" popup-page-rule="" />
  <Paragraph id="1187202" documentposition="76" splitpriority="none" dropdown="continue" popup="none" popup-page-rule="" />
  <Paragraph id="1191987" documentposition="77" splitpriority="none" dropdown="continue" popup="none" popup-page-rule="" />
  <Paragraph id="1192001" documentposition="78" splitpriority="none" dropdown="continue" popup="none" popup-page-rule="" />
  <Paragraph id="1192003" documentposition="79" splitpriority="none" dropdown="continue" popup="none" popup-page-rule="" />
  <Paragraph id="1192005" documentposition="80" splitpriority="none" dropdown="continue" popup="none" popup-page-rule="" />
  <Paragraph id="1192006" documentposition="81" splitpriority="none" dropdown="continue" popup="none" popup-page-rule="" />
  <Paragraph id="1187217" documentposition="82" splitpriority="none" dropdown="continue" popup="none" popup-page-rule="" />
  <Paragraph id="1191999" documentposition="83" splitpriority="none" dropdown="continue" popup="none" popup-page-rule="" />
  <Paragraph id="1187221" documentposition="84" splitpriority="none" dropdown="continue" popup="none" popup-page-rule="" />
  <Paragraph id="1190362" documentposition="85" splitpriority="none" dropdown="continue" popup="none" popup-page-rule="" />
  <Paragraph id="1192077" documentposition="86" splitpriority="none" dropdown="continue" popup="none" popup-page-rule="" />
  <Paragraph id="1192079" documentposition="87" splitpriority="none" dropdown="continue" popup="none" popup-page-rule="" />
  <Paragraph id="1192066" documentposition="88" splitpriority="none" dropdown="continue" popup="none" popup-page-rule="" />
  <Paragraph id="1190363" documentposition="89" splitpriority="none" dropdown="continue" popup="none" popup-page-rule="" />
  <Paragraph id="1211178" documentposition="90" splitpriority="none" relatedtopic="define-no-output" dropdown="continue" popup="none" popup-page-rule="" />
  <Paragraph id="1211182" documentposition="91" splitpriority="none" relatedtopic="define-no-output" dropdown="continue" popup="none" popup-page-rule="" />
  <Paragraph id="1211186" documentposition="92" splitpriority="none" relatedtopic="define-no-output" dropdown="continue" popup="none" popup-page-rule="" />
  <Paragraph id="1183853" documentposition="93" splitpriority="2" dropdown="continue" popup="none" popup-page-rule="" />
  <Paragraph id="1183928" documentposition="94" splitpriority="none" dropdown="continue" popup="none" popup-page-rule="" />
  <Paragraph id="1194058" documentposition="95" splitpriority="none" dropdown="continue" popup="none" popup-page-rule="" />
  <Paragraph id="1189629" documentposition="96" splitpriority="none" dropdown="continue" popup="none" popup-page-rule="" />
  <Paragraph id="1211194" documentposition="97" splitpriority="none" relatedtopic="define-no-output" dropdown="continue" popup="none" popup-page-rule="" />
  <Paragraph id="1211198" documentposition="98" splitpriority="none" relatedtopic="define-no-output" dropdown="continue" popup="none" popup-page-rule="" />
  <Paragraph id="1211202" documentposition="99" splitpriority="none" relatedtopic="define-no-output" dropdown="continue" popup="none" popup-page-rule="" />
  <Paragraph id="1184357" documentposition="100" splitpriority="3" dropdown="continue" popup="none" popup-page-rule="" />
  <Paragraph id="1183700" documentposition="101" splitpriority="none" dropdown="continue" popup="none" popup-page-rule="" />
  <Paragraph id="1192182" documentposition="102" splitpriority="none" dropdown="continue" popup="none" popup-page-rule="" />
  <Paragraph id="1211213" documentposition="103" splitpriority="none" dropdown="continue" popup="none" popup-page-rule="" />
  <Paragraph id="1196342" documentposition="104" splitpriority="4" dropdown="continue" popup="none" popup-page-rule="" />
  <Paragraph id="1196343" documentposition="105" splitpriority="none" dropdown="continue" popup="none" popup-page-rule="" />
  <Paragraph id="1196344" documentposition="106" splitpriority="none" dropdown="continue" popup="none" popup-page-rule="" />
  <Paragraph id="1189552" documentposition="107" splitpriority="none" dropdown="continue" popup="none" popup-page-rule="" />
  <Paragraph id="1190099" documentposition="108" splitpriority="none" dropdown="continue" popup="none" popup-page-rule="" />
  <Paragraph id="1196636" documentposition="110" splitpriority="none" dropdown="continue" popup="none" popup-page-rule="" />
  <Table id="1196602" documentposition="111" splitpriority="none">
    <TableCell>
      <Paragraph id="1196604" dropdown="continue" popup="none" popup-page-rule="" />
    </TableCell>
    <TableCell>
      <Paragraph id="1196606" dropdown="continue" popup="none" popup-page-rule="" />
    </TableCell>
    <TableCell>
      <Paragraph id="1196608" dropdown="continue" popup="none" popup-page-rule="" />
    </TableCell>
    <TableCell>
      <Paragraph id="1196610" dropdown="continue" popup="none" popup-page-rule="" />
      <Paragraph id="1196611" dropdown="continue" popup="none" popup-page-rule="" />
    </TableCell>
    <TableCell>
      <Paragraph id="1196613" dropdown="continue" popup="none" popup-page-rule="" />
    </TableCell>
    <TableCell>
      <Paragraph id="1196615" dropdown="continue" popup="none" popup-page-rule="" />
    </TableCell>
    <TableCell>
      <Paragraph id="1196617" dropdown="continue" popup="none" popup-page-rule="" />
    </TableCell>
    <TableCell>
      <Paragraph id="1196619" dropdown="continue" popup="none" popup-page-rule="" />
    </TableCell>
    <TableCell>
      <Paragraph id="1196621" dropdown="continue" popup="none" popup-page-rule="" />
    </TableCell>
    <TableCell>
      <Paragraph id="1196623" dropdown="continue" popup="none" popup-page-rule="" />
    </TableCell>
    <TableCell>
      <Paragraph id="1196625" dropdown="continue" popup="none" popup-page-rule="" />
    </TableCell>
    <TableCell>
      <Paragraph id="1196627" dropdown="continue" popup="none" popup-page-rule="" />
    </TableCell>
    <TableCell>
      <Paragraph id="1196629" dropdown="continue" popup="none" popup-page-rule="" />
    </TableCell>
    <TableCell>
      <Paragraph id="1196631" dropdown="continue" popup="none" popup-page-rule="" />
    </TableCell>
  </Table>
  <Paragraph id="1184282" documentposition="112" splitpriority="none" dropdown="continue" popup="none" popup-page-rule="" />
  <Paragraph id="1184285" documentposition="113" splitpriority="none" dropdown="continue" popup="none" popup-page-rule="" />
  <Paragraph id="1192210" documentposition="114" splitpriority="none" dropdown="continue" popup="none" popup-page-rule="" />
  <Paragraph id="1192202" documentposition="115" splitpriority="4" dropdown="continue" popup="none" popup-page-rule="" />
  <Paragraph id="1192203" documentposition="116" splitpriority="none" dropdown="continue" popup="none" popup-page-rule="" />
  <Paragraph id="1192402" documentposition="117" splitpriority="none" dropdown="continue" popup="none" popup-page-rule="" />
  <Paragraph id="1196966" documentposition="118" splitpriority="none" dropdown="continue" popup="none" popup-page-rule="" />
  <Paragraph id="1196998" documentposition="119" splitpriority="none" dropdown="continue" popup="none" popup-page-rule="" />
  <Table id="1197002" documentposition="120" splitpriority="none">
    <TableCell>
      <Paragraph id="1197004" dropdown="continue" popup="none" popup-page-rule="" />
    </TableCell>
    <TableCell>
      <Paragraph id="1197006" dropdown="continue" popup="none" popup-page-rule="" />
    </TableCell>
    <TableCell>
      <Paragraph id="1197008" dropdown="continue" popup="none" popup-page-rule="" />
    </TableCell>
    <TableCell>
      <Paragraph id="1197121" dropdown="continue" popup="none" popup-page-rule="" />
      <Paragraph id="1197122" dropdown="continue" popup="none" popup-page-rule="" />
      <Paragraph id="1197011" dropdown="continue" popup="none" popup-page-rule="" />
    </TableCell>
    <TableCell>
      <Paragraph id="1197013" dropdown="continue" popup="none" popup-page-rule="" />
    </TableCell>
    <TableCell>
      <Paragraph id="1197015" dropdown="continue" popup="none" popup-page-rule="" />
    </TableCell>
    <TableCell>
      <Paragraph id="1197017" dropdown="continue" popup="none" popup-page-rule="" />
    </TableCell>
    <TableCell>
      <Paragraph id="1197019" dropdown="continue" popup="none" popup-page-rule="" />
    </TableCell>
    <TableCell>
      <Paragraph id="1197021" dropdown="continue" popup="none" popup-page-rule="" />
    </TableCell>
    <TableCell>
      <Paragraph id="1197023" dropdown="continue" popup="none" popup-page-rule="" />
    </TableCell>
    <TableCell>
      <Paragraph id="1197025" dropdown="continue" popup="none" popup-page-rule="" />
    </TableCell>
    <TableCell>
      <Paragraph id="1197027" dropdown="continue" popup="none" popup-page-rule="" />
    </TableCell>
    <TableCell>
      <Paragraph id="1197193" dropdown="continue" popup="none" popup-page-rule="" />
    </TableCell>
    <TableCell>
      <Paragraph id="1197195" dropdown="continue" popup="none" popup-page-rule="" />
    </TableCell>
  </Table>
  <Paragraph id="1184319" documentposition="121" splitpriority="none" dropdown="continue" popup="none" popup-page-rule="" />
  <Paragraph id="1197272" documentposition="122" splitpriority="none" dropdown="continue" popup="none" popup-page-rule="" />
  <Paragraph id="1184337" documentposition="123" splitpriority="none" dropdown="continue" popup="none" popup-page-rule="" />
  <Paragraph id="1211295" documentposition="124" splitpriority="none" relatedtopic="define-no-output" dropdown="continue" popup="none" popup-page-rule="" />
  <Paragraph id="1211299" documentposition="125" splitpriority="none" relatedtopic="define-no-output" dropdown="continue" popup="none" popup-page-rule="" />
  <Paragraph id="1184346" documentposition="126" splitpriority="3" dropdown="continue" popup="none" popup-page-rule="" />
  <Paragraph id="1189698" documentposition="127" splitpriority="none" dropdown="continue" popup="none" popup-page-rule="" />
  <Paragraph id="1196354" documentposition="128" splitpriority="none" dropdown="continue" popup="none" popup-page-rule="" />
  <Paragraph id="1184289" documentposition="129" splitpriority="none" dropdown="continue" popup="none" popup-page-rule="" />
  <Paragraph id="1184366" documentposition="130" splitpriority="none" dropdown="continue" popup="none" popup-page-rule="" />
  <Paragraph id="1197287" documentposition="131" splitpriority="none" dropdown="continue" popup="none" popup-page-rule="" />
  <Table id="1197288" documentposition="132" splitpriority="none">
    <TableCell>
      <Paragraph id="1197290" dropdown="continue" popup="none" popup-page-rule="" />
    </TableCell>
    <TableCell>
      <Paragraph id="1197292" dropdown="continue" popup="none" popup-page-rule="" />
    </TableCell>
    <TableCell>
      <Paragraph id="1197294" dropdown="continue" popup="none" popup-page-rule="" />
    </TableCell>
    <TableCell>
      <Paragraph id="1197296" dropdown="continue" popup="none" popup-page-rule="" />
    </TableCell>
    <TableCell>
      <Paragraph id="1197298" dropdown="continue" popup="none" popup-page-rule="" />
    </TableCell>
    <TableCell>
      <Paragraph id="1197300" dropdown="continue" popup="none" popup-page-rule="" />
    </TableCell>
    <TableCell>
      <Paragraph id="1197302" dropdown="continue" popup="none" popup-page-rule="" />
    </TableCell>
    <TableCell>
      <Paragraph id="1197304" dropdown="continue" popup="none" popup-page-rule="" />
    </TableCell>
  </Table>
  <Paragraph id="1184383" documentposition="133" splitpriority="none" dropdown="continue" popup="none" popup-page-rule="" />
  <Paragraph id="1186235" documentposition="134" splitpriority="none" dropdown="continue" popup="none" popup-page-rule="" />
  <Paragraph id="1211328" documentposition="135" splitpriority="none" relatedtopic="define-no-output" dropdown="continue" popup="none" popup-page-rule="" />
  <Paragraph id="1211332" documentposition="136" splitpriority="none" relatedtopic="define-no-output" dropdown="continue" popup="none" popup-page-rule="" />
  <Paragraph id="1211336" documentposition="137" splitpriority="none" relatedtopic="define-no-output" dropdown="continue" popup="none" popup-page-rule="" />
  <Paragraph id="1186237" documentposition="138" splitpriority="3" dropdown="continue" popup="none" popup-page-rule="" />
  <Paragraph id="1184389" documentposition="139" splitpriority="none" dropdown="continue" popup="none" popup-page-rule="" />
  <Paragraph id="1189834" documentposition="140" splitpriority="none" dropdown="continue" popup="none" popup-page-rule="" />
  <Paragraph id="1184399" documentposition="141" splitpriority="none" dropdown="continue" popup="none" popup-page-rule="" />
  <Paragraph id="1189863" documentposition="142" splitpriority="none" dropdown="continue" popup="none" popup-page-rule="" />
  <Paragraph id="1184422" documentposition="143" splitpriority="none" dropdown="continue" popup="none" popup-page-rule="" />
  <Paragraph id="1184423" documentposition="144" splitpriority="none" dropdown="continue" popup="none" popup-page-rule="" />
  <Paragraph id="1184426" documentposition="145" splitpriority="none" dropdown="continue" popup="none" popup-page-rule="" />
  <Paragraph id="1189883" documentposition="147" splitpriority="none" dropdown="continue" popup="none" popup-page-rule="" />
  <Paragraph id="1189890" documentposition="148" splitpriority="none" dropdown="continue" popup="none" popup-page-rule="" />
  <Paragraph id="1189909" documentposition="149" splitpriority="none" dropdown="continue" popup="none" popup-page-rule="" />
  <Paragraph id="1189921" documentposition="150" splitpriority="none" dropdown="continue" popup="none" popup-page-rule="" />
  <Paragraph id="1211360" documentposition="151" splitpriority="none" relatedtopic="define-no-output" dropdown="continue" popup="none" popup-page-rule="" />
  <Paragraph id="1211364" documentposition="152" splitpriority="none" relatedtopic="define-no-output" dropdown="continue" popup="none" popup-page-rule="" />
  <Paragraph id="1192950" documentposition="153" splitpriority="3" dropdown="continue" popup="none" popup-page-rule="" />
  <Paragraph id="1197654" documentposition="154" splitpriority="none" dropdown="continue" popup="none" popup-page-rule="" />
  <Paragraph id="1197670" documentposition="155" splitpriority="none" dropdown="continue" popup="none" popup-page-rule="" />
  <Paragraph id="1196384" documentposition="156" splitpriority="none" dropdown="continue" popup="none" popup-page-rule="" />
  <Paragraph id="1196415" documentposition="157" splitpriority="none" dropdown="continue" popup="none" popup-page-rule="" />
  <Table id="1196389" documentposition="158" splitpriority="none">
    <TableCell>
      <Paragraph id="1196391" dropdown="continue" popup="none" popup-page-rule="" />
    </TableCell>
    <TableCell>
      <Paragraph id="1196393" dropdown="continue" popup="none" popup-page-rule="" />
    </TableCell>
    <TableCell>
      <Paragraph id="1196395" dropdown="continue" popup="none" popup-page-rule="" />
    </TableCell>
    <TableCell>
      <Paragraph id="1196397" dropdown="continue" popup="none" popup-page-rule="" />
    </TableCell>
    <TableCell>
      <Paragraph id="1196399" dropdown="continue" popup="none" popup-page-rule="" />
    </TableCell>
    <TableCell>
      <Paragraph id="1196401" dropdown="continue" popup="none" popup-page-rule="" />
    </TableCell>
    <TableCell>
      <Paragraph id="1196403" dropdown="continue" popup="none" popup-page-rule="" />
    </TableCell>
    <TableCell>
      <Paragraph id="1196405" dropdown="continue" popup="none" popup-page-rule="" />
    </TableCell>
  </Table>
  <Paragraph id="1194141" documentposition="159" splitpriority="none" dropdown="continue" popup="none" popup-page-rule="" />
  <Paragraph id="1194137" documentposition="160" splitpriority="none" dropdown="continue" popup="none" popup-page-rule="" />
  <Paragraph id="1193007" documentposition="161" splitpriority="none" dropdown="continue" popup="none" popup-page-rule="" />
  <Paragraph id="1193029" documentposition="162" splitpriority="none" dropdown="continue" popup="none" popup-page-rule="" />
  <Paragraph id="1193030" documentposition="163" splitpriority="none" dropdown="continue" popup="none" popup-page-rule="" />
  <Paragraph id="1197780" documentposition="164" splitpriority="none" dropdown="continue" popup="none" popup-page-rule="" />
  <Paragraph id="1193034" documentposition="165" splitpriority="none" dropdown="continue" popup="none" popup-page-rule="" />
  <Paragraph id="1193028" documentposition="166" splitpriority="none" dropdown="continue" popup="none" popup-page-rule="" />
  <Paragraph id="1197768" documentposition="167" splitpriority="none" dropdown="continue" popup="none" popup-page-rule="" />
  <Paragraph id="1197769" documentposition="168" splitpriority="none" dropdown="continue" popup="none" popup-page-rule="" />
  <Paragraph id="1197770" documentposition="169" splitpriority="none" dropdown="continue" popup="none" popup-page-rule="" />
  <Paragraph id="1197471" documentposition="171" splitpriority="none" dropdown="continue" popup="none" popup-page-rule="" />
  <Paragraph id="1193133" documentposition="172" splitpriority="none" dropdown="continue" popup="none" popup-page-rule="" />
  <Paragraph id="1193147" documentposition="173" splitpriority="none" dropdown="continue" popup="none" popup-page-rule="" />
  <Paragraph id="1193047" documentposition="174" splitpriority="none" dropdown="continue" popup="none" popup-page-rule="" />
  <Paragraph id="1193161" documentposition="175" splitpriority="none" dropdown="continue" popup="none" popup-page-rule="" />
  <Paragraph id="1211409" documentposition="176" splitpriority="none" relatedtopic="define-no-output" dropdown="continue" popup="none" popup-page-rule="" />
  <Paragraph id="1211414" documentposition="177" splitpriority="none" relatedtopic="define-no-output" dropdown="continue" popup="none" popup-page-rule="" />
  <Paragraph id="1199077" documentposition="178" splitpriority="3" dropdown="continue" popup="none" popup-page-rule="" />
  <Paragraph id="1197891" documentposition="179" splitpriority="none" dropdown="continue" popup="none" popup-page-rule="" />
  <Paragraph id="1197895" documentposition="180" splitpriority="none" dropdown="continue" popup="none" popup-page-rule="" />
  <Paragraph id="1197927" documentposition="181" splitpriority="none" dropdown="continue" popup="none" popup-page-rule="" />
  <Paragraph id="1197928" documentposition="182" splitpriority="none" dropdown="continue" popup="none" popup-page-rule="" />
  <Paragraph id="1197929" documentposition="183" splitpriority="none" dropdown="continue" popup="none" popup-page-rule="" />
  <Paragraph id="1197931" documentposition="184" splitpriority="none" dropdown="continue" popup="none" popup-page-rule="" />
  <Paragraph id="1197933" documentposition="185" splitpriority="none" dropdown="continue" popup="none" popup-page-rule="" />
  <Paragraph id="1197934" documentposition="186" splitpriority="none" dropdown="continue" popup="none" popup-page-rule="" />
  <Paragraph id="1197937" documentposition="187" splitpriority="none" dropdown="continue" popup="none" popup-page-rule="" />
  <Paragraph id="1197943" documentposition="189" splitpriority="none" dropdown="continue" popup="none" popup-page-rule="" />
  <Paragraph id="1197944" documentposition="190" splitpriority="none" dropdown="continue" popup="none" popup-page-rule="" />
  <Paragraph id="1197945" documentposition="191" splitpriority="none" dropdown="continue" popup="none" popup-page-rule="" />
  <Paragraph id="1197946" documentposition="192" splitpriority="none" dropdown="continue" popup="none" popup-page-rule="" />
  <Paragraph id="1197883" documentposition="193" splitpriority="none" dropdown="continue" popup="none" popup-page-rule="" />
  <Paragraph id="1211438" documentposition="194" splitpriority="none" relatedtopic="define-no-output" dropdown="continue" popup="none" popup-page-rule="" />
  <Paragraph id="1211442" documentposition="195" splitpriority="none" relatedtopic="define-no-output" dropdown="continue" popup="none" popup-page-rule="" />
  <Paragraph id="1197885" documentposition="196" splitpriority="2" dropdown="continue" popup="none" popup-page-rule="" />
  <Paragraph id="1193190" documentposition="197" splitpriority="none" dropdown="continue" popup="none" popup-page-rule="" />
</Behaviors>