<?xml version="1.0" encoding="utf-8"?>
<WebWorksHelpBook version="5.0" name="NBIA Online Help" context="NBIA_Online_Help" locale="en" xmlns="urn:WebWorks-Help-Book-Files-Schema">
  <CommonWordsToSkip minlen="3">
    a about after all also am an and another any are as at
    be because been before being between both but by
    came can come copyright corp corporation could
    did do does
    each etc
    for from
    get goes got
    had has have he her here him himself his how
    if in inc into is it its
    let like
    make many me might more most much must my
    never nor not now
    of off on one only or other our out over own
    reserved rights
    said same see set shall she should since so some still such
    take than that the their them then there these they this those though through to too
    under us use
    very
    was way we well were what when where which while who why will with would
    yes yet you your
   </CommonWordsToSkip>
  <ScoringPrefs>
    <meta name="keywords" weight="100" />
    <meta name="description" weight="50" />
    <meta name="summary" weight="50" />
    <title weight="20" />
    <h1 weight="15" />
    <h2 weight="10" />
    <caption weight="10" />
    <h3 weight="7" />
    <th weight="5" />
    <h4 weight="5" />
    <h5 weight="4" />
    <h6 weight="3" />
    <h7 weight="2" />
  </ScoringPrefs>
  <DocumentInfo>
    <Document title="Welcome to the National Biomedical Imaging Archive (NBIA)" href="Welcome%20to%20NCIA.1.1.html" />
    <Document title="Using NBIA Online Help" href="using%20online%20help.2.1.html" />
    <Document title="Getting Started in NBIA" href="Getting%20Started.3.1.html" />
    <Document title="Introduction to NBIA" href="Getting%20Started.3.2.html" />
    <Document title="Registering a New User" href="Getting%20Started.3.3.html" />
    <Document title="Using NBIA Without Logging In" href="Getting%20Started.3.4.html" />
    <Document title="Logging into NBIA" href="Getting%20Started.3.5.html" />
    <Document title="Changing User Password" href="Getting%20Started.3.6.html" />
    <Document title="Using the NBIA Home Page" href="Getting%20Started.3.7.html" />
    <Document title="Home Page Menu Bar" href="Getting%20Started.3.8.html" />
    <Document title="Home Page Left Sidebar" href="Getting%20Started.3.9.html" />
    <Document title="Quick Links" href="Getting%20Started.3.10.html" />
    <Document title="Other Home Page Panels" href="Getting%20Started.3.11.html" />
    <Document title="Using the NBIA Portal" href="Getting%20Started.3.12.html" />
    <Document title="NBIA Portal Menu Bar" href="Getting%20Started.3.13.html" />
    <Document title="Portal Site Map" href="Getting%20Started.3.14.html" />
    <Document title="Portal Page Left SideBar" href="Getting%20Started.3.15.html" />
    <Document title="Accessing NBIA from Another Application" href="Getting%20Started.3.16.html" />
    <Document title="Using NBIA Online Help" href="Getting%20Started.3.17.html" />
    <Document title="Searching for Images" href="Searching%20NBIA.4.1.html" />
    <Document title="Performing Searches" href="Searching%20NBIA.4.2.html" />
    <Document title="Performing a Simple Search" href="Searching%20NBIA.4.3.html" />
    <Document title="Performing an Advanced Search" href="Searching%20NBIA.4.4.html" />
    <Document title="Performing a Dynamic Search" href="Searching%20NBIA.4.5.html" />
    <Document title="Search Criteria Summary" href="Searching%20NBIA.4.6.html" />
    <Document title="Specifying Remote Search Sites" href="Searching%20NBIA.4.7.html" />
    <Document title="Working with Saved Search Queries" href="Searching%20NBIA.4.8.html" />
    <Document title="Saving a Search Query" href="Searching%20NBIA.4.9.html" />
    <Document title="Managing Saved Queries" href="Searching%20NBIA.4.10.html" />
    <Document title="Editing Saved Queries" href="Searching%20NBIA.4.11.html" />
    <Document title="Viewing a Query History" href="Searching%20NBIA.4.12.html" />
    <Document title="Initiating Searches from Other Applications" href="Searching%20NBIA.4.13.html" />
    <Document title="Viewing Search Results" href="Viewing%20Search%20Results.5.1.html" />
    <Document title="Search Results Overview" href="Viewing%20Search%20Results.5.2.html" />
    <Document title="Search Results (by Subject)" href="Viewing%20Search%20Results.5.3.html" />
    <Document title="Search Results (Studies for Subject)" href="Viewing%20Search%20Results.5.4.html" />
    <Document title="Search Results (Images for Series)" href="Viewing%20Search%20Results.5.5.html" />
    <Document title="Viewing Image Animation" href="Viewing%20Search%20Results.5.6.html" />
    <Document title="Working with the Data Basket" href="Viewing%20Search%20Results.5.7.html" />
    <Document title="Adding Items to Your Basket" href="Viewing%20Search%20Results.5.8.html" />
    <Document title="Managing the Data Basket" href="Viewing%20Search%20Results.5.9.html" />
    <Document title="Working With Shared Lists" href="Viewing%20Search%20Results.5.10.html" />
    <Document title="Creating a Shared List" href="Viewing%20Search%20Results.5.11.html" />
    <Document title="Editing a Shared List" href="Viewing%20Search%20Results.5.12.html" />
    <Document title="Searching a Shared List" href="Viewing%20Search%20Results.5.13.html" />
    <Document title="Exporting a Shared List" href="Viewing%20Search%20Results.5.14.html" />
    <Document title="Downloading the Data Basket" href="Viewing%20Search%20Results.5.15.html" />
    <Document title="Download All Items" href="Viewing%20Search%20Results.5.16.html" />
    <Document title="Download Manager" href="Viewing%20Search%20Results.5.17.html" />
    <Document title="Obtaining DICOM Viewers" href="Viewing%20Search%20Results.5.18.html" />
    <Document title="Submitting Images" href="Submitting%20Images.6.1.html" />
    <Document title="Image Submission Overview" href="Submitting%20Images.6.2.html" />
    <Document title="Configuring the CTP Client" href="Submitting%20Images.6.3.html" />
    <Document title="Submitting Images" href="Submitting%20Images.6.4.html" />
    <Document title="Troubleshooting Unsuccessful Image Submission" href="Submitting%20Images.6.5.html" />
    <Document title="Configuring Security for Newly Submitted Data" href="Submitting%20Images.6.6.html" />
    <Document title="Creating a Protection Element" href="Submitting%20Images.6.7.html" />
    <Document title="Collection Protection Element" href="Submitting%20Images.6.8.html" />
    <Document title="Site Protection Element" href="Submitting%20Images.6.9.html" />
    <Document title="Creating a Protection Group" href="Submitting%20Images.6.10.html" />
    <Document title="Associating Protection Elements with Protection Groups" href="Submitting%20Images.6.11.html" />
    <Document title="Assigning a User to a Protection Group With Roles" href="Submitting%20Images.6.12.html" />
    <Document title="Assigning a User Group to a Protection Group" href="Submitting%20Images.6.13.html" />
    <Document title="Alternative Image Configuration/Submission Methods" href="Submitting%20Images.6.14.html" />
    <Document title="NBIA Administration" href="NBIA%20admin.7.1.html" />
    <Document title="Administration Functions Overview" href="NBIA%20admin.7.2.html" />
    <Document title="Creating a New NBIA User" href="NBIA%20admin.7.3.html" />
    <Document title="Using the Quality Control (QC) Tool" href="NBIA%20admin.7.4.html" />
    <Document title="Generating a QC Status Report" href="NBIA%20admin.7.5.html" />
    <Document title="Deleting Image Series" href="NBIA%20admin.7.6.html" />
    <Document title="Approving Image Deletions" href="NBIA%20admin.7.7.html" />
    <Document title="Manually Deleting Image Series" href="NBIA%20admin.7.8.html" />
    <Document title="Viewing Submission Reports" href="NBIA%20admin.7.9.html" />
    <Document title="Accrual Report" href="NBIA%20admin.7.10.html" />
    <Document title="Image Submission Report" href="NBIA%20admin.7.11.html" />
    <Document title="Annotation Submission Report" href="NBIA%20admin.7.12.html" />
    <Document title="Editing a Collection Description" href="NBIA%20admin.7.13.html" />
    <Document title="NBIA Glossary" href="appdix%20glossary.8.1.html" />
    <Document title="URL References" href="appdix%20references.9.1.html" />
    <Document title="FTP Client Software Products" href="appdix%20references.9.2.html" />
    <Document title="DICOM" href="appdix%20references.9.3.html" />
    <Document title="Cedara" href="appdix%20references.9.4.html" />
    <Document title="NBIA" href="appdix%20references.9.5.html" />
    <Document title="Application Support" href="Application%20Support.10.1.html" />
  </DocumentInfo>
  <TopicMap>
    <Topic name="user_registration_help" href="Getting%20Started.3.3.html#1084793" />
    <Topic name="welcome_login_help" href="Getting%20Started.3.5.html#1149786" />
    <Topic name="change_password_help" href="Getting%20Started.3.6.html#1109695" />
    <Topic name="welcome_post_login_help" href="Getting%20Started.3.7.html#1155561" />
    <Topic name="news_page_help" href="Getting%20Started.3.12.html#1091593" />
    <Topic name="online_help_help" href="Getting%20Started.3.17.html#1158282" />
    <Topic name="simple_search_help" href="Searching%20NBIA.4.3.html#1066741" />
    <Topic name="advanced_search_help" href="Searching%20NBIA.4.4.html#1207980" />
    <Topic name="dynamic_search_help" href="Searching%20NBIA.4.5.html#1208463" />
    <Topic name="dynamic_search,_configuring" href="Searching%20NBIA.4.5.html#1208471" />
    <Topic name="criteria_selected_help" href="Searching%20NBIA.4.6.html#1218997" />
    <Topic name="remote_site_help" href="Searching%20NBIA.4.7.html#1205557" />
    <Topic name="saved_queries_help" href="Searching%20NBIA.4.10.html#1066885" />
    <Topic name="save_edited_query_help" href="Searching%20NBIA.4.11.html#1153808" />
    <Topic name="query_history_help" href="Searching%20NBIA.4.12.html#1092117" />
    <Topic name="search_results_by_subject_help" href="Viewing%20Search%20Results.5.3.html#1085991" />
    <Topic name="search_results_studies_for_subject_help" href="Viewing%20Search%20Results.5.4.html#1069240" />
    <Topic name="search_results_images_for_series_help" href="Viewing%20Search%20Results.5.5.html#1069282" />
    <Topic name="data_basket_help" href="Viewing%20Search%20Results.5.9.html#1070197" />
    <Topic name="create_shared_list_help" href="Viewing%20Search%20Results.5.11.html#1216505" />
    <Topic name="edit_shared_list_help" href="Viewing%20Search%20Results.5.12.html#1216247" />
    <Topic name="search_shared_list_help" href="Viewing%20Search%20Results.5.13.html#1216014" />
    <Topic name="download_manager_help" href="Viewing%20Search%20Results.5.17.html#1204360" />
    <Topic name="QA_tool_help" href="NBIA%20admin.7.4.html#1084993" />
    <Topic name="QC_tool_help" href="NBIA%20admin.7.4.html#1084993" />
    <Topic name="QC_status_history_help" href="NBIA%20admin.7.5.html#1125720" />
    <Topic name="deletion_approval_help" href="NBIA%20admin.7.7.html#1125522" />
    <Topic name="online_deletion_help" href="NBIA%20admin.7.8.html#1124476" />
    <Topic name="verify_submitted_files_help" href="NBIA%20admin.7.9.html#1110661" />
    <Topic name="submission_report_help" href="NBIA%20admin.7.9.html#1110661" />
    <Topic name="accrual_report_help" href="NBIA%20admin.7.10.html#1121485" />
    <Topic name="image_submission_report_help" href="NBIA%20admin.7.11.html#1117084" />
    <Topic name="annotation_submission_report_help" href="NBIA%20admin.7.12.html#1110744" />
    <Topic name="edit_collect_descrip_help" href="NBIA%20admin.7.13.html#1124704" />
  </TopicMap>
</WebWorksHelpBook>