<?xml version="1.0" encoding="utf-8"?>
<WebWorksHelpIX version="5.0" xmlns="urn:WebWorks-Help-Index-Schema">
  <g t="A" o="002">
    <i t="accessing NBIA from other application">
      <j l="17" />
    </i>
    <i t="accrual report">
      <j l="73#1110739" />
    </i>
    <i t="adding to Data Basket">
      <j l="38" />
    </i>
    <i t="administration">
      <i t="approving data deletions">
        <j l="70#1124264" />
      </i>
      <i t="deleting images">
        <j l="69#1125532" />
      </i>
      <i t="online data deletions">
        <j l="71#1124509" />
      </i>
      <i t="overview">
        <j l="65#1071966" />
      </i>
      <i t="privileges">
        <j l="65#1071966" />
      </i>
      <i t="using QC tools">
        <j l="67#1084996" />
      </i>
      <i t="viewing submitted files">
        <j l="72#1110666" />
      </i>
    </i>
    <i t="advanced search">
      <j l="22#1207982" />
    </i>
    <i t="anatomical sites">
      <j l="21#1066763" />
    </i>
    <i t="animating images">
      <j l="37#1169061" />
    </i>
    <i t="annotations">
      <i t="downloading files">
        <j l="20#1091001" />
      </i>
      <i t="file(s) associated with image">
        <j l="35#1070005" />
      </i>
      <i t="finding only series with">
        <j l="21#1066784" />
        <j l="22#1208067" />
      </i>
      <i t="keyword search">
        <j l="20#1086978" />
      </i>
    </i>
    <i t="Application Support">
      <j l="83#998295" />
    </i>
    <i t="approving data deletions">
      <j l="70#1124264" />
    </i>
    <i t="archive, purpose">
      <j l="3#1084030" />
    </i>
  </g>
  <g t="C" o="002">
    <i t="Cedara I-Response Workstation (IRW)">
      <i t="URL references">
        <j l="81" />
      </i>
      <i t="visualizing images in Data Basket">
        <j l="35#1146622" />
      </i>
    </i>
    <i t="changing password">
      <j l="7#1124467" />
    </i>
    <i t="CIP, link">
      <j l="16#1086254" />
    </i>
    <i t="collection description, editing">
      <j l="76#1124720" />
    </i>
    <i t="convolution kernel">
      <j l="22#1208165" />
    </i>
    <i t="creating">
      <i t="NBIA user">
        <j l="66#1106199" />
      </i>
      <i t="shared list">
        <j l="42#1216046" />
      </i>
    </i>
    <i t="criteria">
      <i t="advanced search">
        <j l="22#1208101" />
      </i>
      <i t="format of search page">
        <j l="20#1066371" />
      </i>
      <i t="simple search">
        <j l="21#1066743" />
      </i>
      <i t="summary">
        <j l="24#1091214" />
      </i>
    </i>
    <i t="CTEP, link">
      <j l="16#1086259" />
    </i>
    <i t="CTP">
      <i t="configuring">
        <j l="52#1184981" />
      </i>
      <i t="DICOM anonymizer configurator">
        <j l="52#1187007" />
      </i>
      <i t="starting the client">
        <j l="52#1186281" />
      </i>
    </i>
    <i t="curator">
      <i t="assigning image status">
        <j l="67#1084996" />
      </i>
      <i t="using QC tools">
        <j l="67#1084996" />
      </i>
    </i>
  </g>
  <g t="D" o="002">
    <i t="Data Basket">
      <i t="adding items">
        <j l="38" />
      </i>
      <i t="deleting items">
        <j l="40#1070234" />
      </i>
      <i t="downloading">
        <j l="46" />
      </i>
      <i t="estimated download time">
        <j l="40#1070233" />
      </i>
      <i t="managing">
        <j l="40#1070298" />
      </i>
    </i>
    <i t="DCP, link">
      <j l="16#1086264" />
    </i>
    <i t="deleting">
      <i t="approving deletions">
        <j l="70#1124264" />
      </i>
      <i t="items from basket">
        <j l="40#1070234" />
      </i>
      <i t="manual deletions">
        <j l="71#1124509" />
      </i>
      <i t="online deletions">
        <j l="71#1124509" />
      </i>
      <i t="saved queries">
        <j l="28#1089387" />
      </i>
    </i>
    <i t="DICOM">
      <i t="image viewers">
        <j l="49#1083314" />
      </i>
      <i t="ImageJ viewer">
        <j l="49#1070600" />
      </i>
      <i t="introduction">
        <j l="3#1084099" />
        <j l="49#1070599" />
      </i>
      <i t="OSIRIX viewer">
        <j l="49#1070601" />
      </i>
      <i t="references">
        <j l="80" />
      </i>
    </i>
    <i t="digital image, DICOM">
      <j l="3#1084099" />
      <j l="49#1070599" />
    </i>
    <i t="Download Manager">
      <j l="48#1204364" />
    </i>
    <i t="downloading">
      <i t="Data Basket">
        <j l="46" />
      </i>
      <i t="files using Download Manager">
        <j l="48#1204364" />
      </i>
    </i>
  </g>
  <g t="E" o="002">
    <i t="editing">
      <i t="collection description">
        <j l="76#1124720" />
      </i>
      <i t="query">
        <j l="29#1068627" />
      </i>
      <i t="shared list">
        <j l="43#1215981" />
      </i>
    </i>
    <i t="exporting">
      <i t="shared list">
        <j l="45#1217979" />
      </i>
      <i t="to CSV file">
        <j l="45#1217979" />
      </i>
    </i>
  </g>
  <g t="F" o="002">
    <i t="FileSender, submitting images">
      <j l="53#1186739" />
    </i>
    <i t="FTP, client software products">
      <j l="79" />
    </i>
  </g>
  <g t="G" o="002">
    <i t="glossary">
      <j l="77#1065599" />
    </i>
    <i t="group, assigning to protection group">
      <j l="62#1197891" />
    </i>
  </g>
  <g t="H" o="002">
    <i t="help in caArray">
      <j l="1" />
    </i>
    <i t="hierarchy of objects, NBIA">
      <j l="20#1095943" />
      <j l="33#1096155" />
    </i>
    <i t="HTTP download threshold">
      <j l="47#1070517" />
    </i>
  </g>
  <g t="I" o="002">
    <i t="image">
      <i t="Modality(ies)">
        <j l="22#1208018" />
      </i>
      <i t="movie">
        <j l="37#1169061" />
      </i>
      <i t="Slice Thickness">
        <j l="21#1066765" />
      </i>
      <i t="submission report">
        <j l="74#1117089" />
      </i>
      <i t="thumbnails">
        <j l="36#1169002" />
      </i>
    </i>
    <i t="Image Slice Thickness">
      <j l="21#1067306" />
    </i>
    <i t="images">
      <i t="animation">
        <j l="37#1169061" />
      </i>
      <i t="configuring security">
        <j l="55#1183928" />
      </i>
      <i t="for Series, search results">
        <j l="36#1173049" />
      </i>
      <i t="interpreting corresponding numbers">
        <j l="40#1070323" />
      </i>
      <i t="status assignment">
        <j l="67#1084996" />
      </i>
      <i t="submitting in FileSender">
        <j l="53#1186739" />
      </i>
      <i t="submitting, CTP client">
        <j l="52#1184981" />
      </i>
      <i t="submitting, overview">
        <j l="51#1187566" />
      </i>
      <i t="troubleshooting submissions">
        <j l="54#1187202" />
      </i>
      <i t="viewing submitted">
        <j l="72#1110666" />
      </i>
    </i>
    <i t="imaging archive, purpose">
      <j l="3#1084024" />
    </i>
    <i t="IRW, Cedara I-Response Workstation URL">
      <j l="81" />
    </i>
  </g>
  <g t="K" o="002">
    <i t="Kilovoltage Peak Distribution">
      <j l="22#1208168" />
    </i>
  </g>
  <g t="L" o="002">
    <i t="launching NBIA from another application">
      <j l="17" />
    </i>
    <i t="login">
      <j l="6#1084683" />
    </i>
    <i t="Lookup Search Terms">
      <j l="25#1217930" />
    </i>
  </g>
  <g t="M" o="002">
    <i t="managing Data Basket">
      <j l="40#1070298" />
    </i>
    <i t="manufacturer search criteria">
      <j l="22#1208107" />
    </i>
    <i t="Modality manufacturer">
      <j l="22#1208107" />
    </i>
    <i t="movie of sequential images">
      <j l="37#1169061" />
    </i>
  </g>
  <g t="N" o="002">
    <i t="NBIA">
      <i t="database search, introduction">
        <j l="20#1087111" />
        <j l="20#1145035" />
      </i>
      <i t="launching from another application">
        <j l="17" />
      </i>
      <i t="login">
        <j l="6#1084683" />
      </i>
      <i t="News page site map">
        <j l="15#1090633" />
      </i>
      <i t="online help methods">
        <j l="18#1158284" />
      </i>
      <i t="pre-login options">
        <j l="3#1084980" />
      </i>
      <i t="purpose">
        <j l="3#1084030" />
      </i>
      <i t="Quick Links">
        <j l="11#1090524" />
      </i>
      <i t="URL references">
        <j l="81" />
      </i>
    </i>
    <i t="NCICB Application Support">
      <j l="83#998295" />
    </i>
    <i t="Nodes to Search">
      <i t="advanced search">
        <j l="22#1217651" />
      </i>
      <i t="searching remote sites">
        <j l="25#1217721" />
      </i>
      <i t="simple search">
        <j l="21#1087771" />
      </i>
    </i>
  </g>
  <g t="O" o="002">
    <i t="objects in NBIA, hierarchy of">
      <j l="20#1095943" />
      <j l="33#1096155" />
    </i>
    <i t="online help">
      <j l="18#1158284" />
      <i t="icons">
        <j l="1" />
      </i>
      <i t="using">
        <j l="1" />
      </i>
    </i>
    <i t="OSIRIX DICOM viewer">
      <j l="49#1070601" />
    </i>
    <i t="overview">
      <i t="NCIA">
        <j l="3#1084024" />
      </i>
    </i>
  </g>
  <g t="P" o="002">
    <i t="password, changing">
      <j l="7#1124467" />
    </i>
    <i t="performing">
      <i t="advanced search">
        <j l="22#1207982" />
      </i>
      <i t="simple search">
        <j l="21#1066742" />
      </i>
    </i>
    <i t="protection element">
      <i t="assigning to protection group">
        <j l="60#1184389" />
      </i>
      <i t="creating">
        <j l="56#1183700" />
      </i>
    </i>
    <i t="protection group">
      <i t="assigning group to">
        <j l="62#1197891" />
      </i>
      <i t="assigning protection element to">
        <j l="60#1184389" />
      </i>
      <i t="assigning user to">
        <j l="61#1197654" />
      </i>
      <i t="creating">
        <j l="59#1196354" />
      </i>
    </i>
  </g>
  <g t="Q" o="002">
    <i t="QC tools, using">
      <j l="67#1084996" />
    </i>
    <i t="Query History, viewing">
      <j l="30#1116238" />
    </i>
    <i t="Quick Links">
      <j l="11#1090524" />
    </i>
  </g>
  <g t="R" o="002">
    <i t="remote sites, searching">
      <j l="25#1197867" />
    </i>
    <i t="reports, viewing submitted files">
      <j l="72#1110666" />
    </i>
    <i t="results">
      <i t="by subject">
        <j l="34#1217809" />
      </i>
      <i t="Images for Series">
        <j l="36#1173049" />
      </i>
      <i t="Studies for Subject">
        <j l="35#1069368" />
        <j l="35#1198290" />
      </i>
    </i>
    <i t="roles, user">
      <j l="66#1106305" />
    </i>
    <i t="roles, user group">
      <j l="66#1106305" />
    </i>
  </g>
  <g t="S" o="002">
    <i t="saved queries">
      <i t="deleting">
        <j l="28#1089387" />
      </i>
      <i t="editing">
        <j l="29#1068627" />
      </i>
      <i t="Query History">
        <j l="30#1116238" />
      </i>
      <i t="table">
        <j l="28#1095013" />
      </i>
      <i t="viewing">
        <j l="28#1095013" />
      </i>
    </i>
    <i t="search">
      <i t="advanced">
        <j l="22" />
      </i>
      <i t="introduction">
        <j l="20#1087111" />
        <j l="20#1145035" />
      </i>
      <i t="page criteria">
        <j l="20#1066371" />
      </i>
      <i t="query, saving">
        <j l="27#1088868" />
      </i>
      <i t="simple">
        <j l="21#1066742" />
      </i>
    </i>
    <i t="search criteria">
      <i t="advanced search">
        <j l="22#1208101" />
      </i>
      <i t="modality manufacturer">
        <j l="22#1208107" />
      </i>
      <i t="simple search">
        <j l="21#1066743" />
      </i>
      <i t="summary page">
        <j l="26#1068000" />
      </i>
    </i>
    <i t="search page">
      <i t="drop-down lists">
        <j l="20#1096502" />
      </i>
      <i t="selection boxes">
        <j l="20#1096502" />
      </i>
      <i t="text fields">
        <j l="20#1096502" />
      </i>
    </i>
    <i t="search results">
      <i t="By Subject">
        <j l="34#1217442" />
      </i>
      <i t="Images for Series">
        <j l="36#1173049" />
      </i>
      <i t="Studies for Subject">
        <j l="35#1069368" />
        <j l="35#1198290" />
      </i>
    </i>
    <i t="searching">
      <i t="remote sites">
        <j l="25#1197867" />
      </i>
      <i t="shared list">
        <j l="44#1216018" />
      </i>
    </i>
    <i t="series, number of">
      <j l="34#1069053" />
    </i>
    <i t="shared list">
      <i t="creating">
        <j l="42#1216046" />
      </i>
      <i t="editing">
        <j l="43#1215981" />
      </i>
      <i t="exporting">
        <j l="45#1217979" />
      </i>
      <i t="searching">
        <j l="44#1216018" />
      </i>
    </i>
    <i t="simple search">
      <j l="21#1066742" />
    </i>
    <i t="site map">
      <j l="15#1090633" />
    </i>
    <i t="Studies for Subject search results">
      <j l="35#1069368" />
      <j l="35#1198290" />
    </i>
    <i t="studies, number of">
      <j l="34#1069049" />
    </i>
    <i t="submitting images">
      <i t="CTP client">
        <j l="52#1184981" />
      </i>
      <i t="overview">
        <j l="51#1187566" />
      </i>
      <i t="troubleshooting">
        <j l="54#1187202" />
      </i>
      <i t="using FileSender">
        <j l="53#1186739" />
      </i>
    </i>
    <i t="submitting images   See also CTP" />
  </g>
  <g t="U" o="002">
    <i t="UPT">
      <i t="assigning user group to protection group">
        <j l="62#1197891" />
      </i>
      <i t="assigning user to protection group">
        <j l="61#1197654" />
      </i>
      <i t="creating protection element">
        <j l="56#1183700" />
      </i>
      <i t="creating protection group">
        <j l="59#1196354" />
      </i>
      <i t="security for submitted images">
        <j l="55#1183928" />
      </i>
    </i>
    <i t="user">
      <i t="creating account">
        <j l="4#1084810" />
      </i>
      <i t="creating new">
        <j l="66#1106199" />
      </i>
      <i t="login">
        <j l="6#1084683" />
      </i>
    </i>
    <i t="user group, roles">
      <j l="66#1106305" />
    </i>
    <i t="user roles">
      <j l="66#1106305" />
    </i>
  </g>
  <g t="V" o="002">
    <i t="viewing">
      <i t="Query History">
        <j l="30#1116238" />
      </i>
      <i t="saved queries">
        <j l="28#1095013" />
      </i>
    </i>
    <i t="viewing submitted images">
      <j l="72#1110666" />
    </i>
    <i t="Visualize Images button">
      <j l="35#1198290" />
    </i>
    <i t="visualizing images, (Studies for Subject)">
      <j l="35#1198290" />
    </i>
  </g>
</WebWorksHelpIX>