<?xml version="1.0" encoding="utf-8"?>
<WebWorksHelpTOC version="5.0" xmlns="urn:WebWorks-Help-TOC-Schema">
  <i t="Welcome to the National Biomedical Imaging Archive (NBIA)" l="0">
    <i t="Using NBIA Online Help" l="1" />
  </i>
  <i t="Getting Started in NBIA" l="2">
    <i t="Introduction to NBIA" l="3" />
    <i t="Registering a New User" l="4" />
    <i t="Using NBIA Without Logging In" l="5" />
    <i t="Logging into NBIA" l="6" />
    <i t="Changing User Password" l="7" />
    <i t="Using the NBIA Home Page" l="8">
      <i t="Home Page Menu Bar" l="9" />
      <i t="Home Page Left Sidebar" l="10">
        <i t="Quick Links" l="11" />
      </i>
      <i t="Other Home Page Panels" l="12" />
    </i>
    <i t="Using the NBIA Portal" l="13">
      <i t="NBIA Portal Menu Bar" l="14" />
      <i t="Portal Site Map" l="15" />
      <i t="Portal Page Left SideBar" l="16" />
    </i>
    <i t="Accessing NBIA from Another Application" l="17" />
    <i t="Using NBIA Online Help" l="18" />
  </i>
  <i t="Searching for Images" l="19">
    <i t="Performing Searches" l="20">
      <i t="Performing a Simple Search" l="21" />
      <i t="Performing an Advanced Search" l="22" />
      <i t="Performing a Dynamic Search" l="23" />
      <i t="Search Criteria Summary" l="24" />
    </i>
    <i t="Specifying Remote Search Sites" l="25" />
    <i t="Working with Saved Search Queries" l="26">
      <i t="Saving a Search Query" l="27" />
      <i t="Managing Saved Queries" l="28" />
      <i t="Editing Saved Queries" l="29" />
      <i t="Viewing a Query History" l="30" />
    </i>
    <i t="Initiating Searches from Other Applications" l="31" />
  </i>
  <i t="Viewing Search Results" l="32">
    <i t="Search Results Overview" l="33">
      <i t="Search Results (by Subject)" l="34" />
      <i t="Search Results (Studies for Subject)" l="35" />
      <i t="Search Results (Images for Series)" l="36" />
      <i t="Viewing Image Animation" l="37" />
    </i>
    <i t="Working with the Data Basket" l="38">
      <i t="Adding Items to Your Basket" l="39" />
      <i t="Managing the Data Basket" l="40" />
      <i t="Working With Shared Lists" l="41">
        <i t="Creating a Shared List" l="42" />
        <i t="Editing a Shared List" l="43" />
        <i t="Searching a Shared List" l="44" />
        <i t="Exporting a Shared List" l="45" />
      </i>
      <i t="Downloading the Data Basket" l="46">
        <i t="Download All Items" l="47" />
        <i t="Download Manager" l="48" />
      </i>
    </i>
    <i t="Obtaining DICOM Viewers" l="49" />
  </i>
  <i t="Submitting Images" l="50">
    <i t="Image Submission Overview" l="51">
      <i t="Configuring the CTP Client" l="52" />
      <i t="Submitting Images" l="53" />
      <i t="Troubleshooting Unsuccessful Image Submission" l="54" />
    </i>
    <i t="Configuring Security for Newly Submitted Data" l="55">
      <i t="Creating a Protection Element" l="56">
        <i t="Collection Protection Element" l="57" />
        <i t="Site Protection Element" l="58" />
      </i>
      <i t="Creating a Protection Group" l="59" />
      <i t="Associating Protection Elements with Protection Groups" l="60" />
      <i t="Assigning a User to a Protection Group With Roles" l="61" />
      <i t="Assigning a User Group to a Protection Group" l="62" />
    </i>
    <i t="Alternative Image Configuration/Submission Methods" l="63" />
  </i>
  <i t="NBIA Administration" l="64">
    <i t="Administration Functions Overview" l="65" />
    <i t="Creating a New NBIA User" l="66" />
    <i t="Using the Quality Control (QC) Tool" l="67">
      <i t="Generating a QC Status Report" l="68" />
    </i>
    <i t="Deleting Image Series" l="69">
      <i t="Approving Image Deletions" l="70" />
      <i t="Manually Deleting Image Series" l="71" />
    </i>
    <i t="Viewing Submission Reports" l="72">
      <i t="Accrual Report" l="73" />
      <i t="Image Submission Report" l="74" />
      <i t="Annotation Submission Report" l="75" />
    </i>
    <i t="Editing a Collection Description" l="76" />
  </i>
  <i t="NBIA Glossary" l="77" />
  <i t="URL References" l="78">
    <i t="FTP Client Software Products" l="79" />
    <i t="DICOM" l="80" />
    <i t="Cedara" l="81" />
    <i t="NBIA" l="82" />
  </i>
  <i t="Application Support" l="83" />
</WebWorksHelpTOC>