<?xml version="1.0" encoding="utf-8"?>
<Behaviors version="1.0" xmlns="urn:WebWorks-Behaviors-Schema">
  <Paragraph id="1065598" documentposition="3" splitpriority="none" dropdown="continue" popup="none" popup-page-rule="" />
  <Paragraph id="1065599" documentposition="4" splitpriority="none" dropdown="continue" popup="none" popup-page-rule="" />
  <Table id="1065600" documentposition="5" splitpriority="none">
    <TableCell>
      <Paragraph id="1065602" dropdown="continue" popup="none" popup-page-rule="" />
    </TableCell>
    <TableCell>
      <Paragraph id="1065604" dropdown="continue" popup="none" popup-page-rule="" />
    </TableCell>
    <TableCell>
      <Paragraph id="1066174" dropdown="continue" popup="none" popup-page-rule="" />
    </TableCell>
    <TableCell>
      <Paragraph id="1066176" dropdown="continue" popup="none" popup-page-rule="" />
    </TableCell>
    <TableCell>
      <Paragraph id="1066162" dropdown="continue" popup="none" popup-page-rule="" />
    </TableCell>
    <TableCell>
      <Paragraph id="1066164" dropdown="continue" popup="none" popup-page-rule="" />
    </TableCell>
    <TableCell>
      <Paragraph id="1066182" dropdown="continue" popup="none" popup-page-rule="" />
    </TableCell>
    <TableCell>
      <Paragraph id="1066184" dropdown="continue" popup="define" popup-page-rule="Popup">
        <Marker behavior="popup-start" id="1066823">
          <Marker id="1066823" name="Popup" xmlns="urn:WebWorks-Document-Schema">
            <TextRun id="tr1066823-1">
              <Text value="" />
            </TextRun>
          </Marker>
        </Marker>
      </Paragraph>
    </TableCell>
    <TableCell>
      <Paragraph id="1066194" dropdown="continue" popup="none" popup-page-rule="" />
    </TableCell>
    <TableCell>
      <Paragraph id="1066196" dropdown="continue" popup="none" popup-page-rule="" />
    </TableCell>
    <TableCell>
      <Paragraph id="1066198" dropdown="continue" popup="none" popup-page-rule="" />
    </TableCell>
    <TableCell>
      <Paragraph id="1066200" dropdown="continue" popup="none" popup-page-rule="" />
    </TableCell>
    <TableCell>
      <Paragraph id="1066219" dropdown="continue" popup="none" popup-page-rule="" />
    </TableCell>
    <TableCell>
      <Paragraph id="1066221" dropdown="continue" popup="none" popup-page-rule="" />
    </TableCell>
    <TableCell>
      <Paragraph id="1066235" dropdown="continue" popup="none" popup-page-rule="" />
    </TableCell>
    <TableCell>
      <Paragraph id="1066237" dropdown="continue" popup="none" popup-page-rule="" />
    </TableCell>
    <TableCell>
      <Paragraph id="1066231" dropdown="continue" popup="none" popup-page-rule="" />
    </TableCell>
    <TableCell>
      <Paragraph id="1066233" dropdown="continue" popup="none" popup-page-rule="" />
    </TableCell>
    <TableCell>
      <Paragraph id="1066331" dropdown="continue" popup="none" popup-page-rule="" />
    </TableCell>
    <TableCell>
      <Paragraph id="1066333" dropdown="continue" popup="none" popup-page-rule="" />
    </TableCell>
  </Table>
  <Paragraph id="1058163" documentposition="6" splitpriority="none" dropdown="continue" popup="none" popup-page-rule="" />
</Behaviors>