<?xml version="1.0" encoding="utf-8"?>
<Behaviors version="1.0" xmlns="urn:WebWorks-Behaviors-Schema">
  <Split id="1064739" documentposition="3">
    <Paragraph id="1064739" documentposition="3" splitpriority="1" />
    <Paragraph id="1071925" documentposition="4" splitpriority="none" />
    <Paragraph id="1084099" documentposition="5" splitpriority="none" />
    <Paragraph id="1085077" documentposition="6" splitpriority="none" />
    <Paragraph id="1085311" documentposition="7" splitpriority="none" />
    <Paragraph id="1084105" documentposition="8" splitpriority="none" />
    <Paragraph id="1084110" documentposition="9" splitpriority="none" />
  </Split>
  <Split id="1084083" documentposition="10">
    <Paragraph id="1084083" documentposition="10" splitpriority="2" />
    <Paragraph id="1075718" documentposition="11" splitpriority="none" />
    <Paragraph id="1071966" documentposition="12" splitpriority="none" />
    <Paragraph id="1081361" documentposition="13" splitpriority="none" />
    <Paragraph id="1087367" documentposition="14" splitpriority="none" relatedtopic="define-no-output" />
    <Paragraph id="1087371" documentposition="15" splitpriority="none" relatedtopic="define-no-output" />
    <Paragraph id="1087375" documentposition="16" splitpriority="none" relatedtopic="define-no-output" />
  </Split>
  <Split id="1084993" documentposition="17">
    <Paragraph id="1084993" documentposition="17" splitpriority="2">
      <Marker behavior="topic" id="1084992">
        <Marker id="1084992" name="TopicAlias" xmlns="urn:WebWorks-Document-Schema">
          <TextRun id="tr1084992-1">
            <Text value="QA_tool_help" />
          </TextRun>
        </Marker>
      </Marker>
    </Paragraph>
    <Paragraph id="1084994" documentposition="18" splitpriority="none" />
    <Paragraph id="1084996" documentposition="19" splitpriority="none" />
    <Paragraph id="1084997" documentposition="20" splitpriority="none" />
    <Paragraph id="1084998" documentposition="21" splitpriority="none" />
    <Paragraph id="1084999" documentposition="22" splitpriority="none" />
    <Paragraph id="1085000" documentposition="23" splitpriority="none" />
    <Paragraph id="1085001" documentposition="24" splitpriority="none" />
    <Paragraph id="1085002" documentposition="25" splitpriority="none" />
    <Paragraph id="1085003" documentposition="26" splitpriority="none" />
    <Paragraph id="1085004" documentposition="27" splitpriority="none" />
    <Paragraph id="1085007" documentposition="28" splitpriority="none" />
    <Table id="1085009" documentposition="29" splitpriority="none">
      <TableCell>
        <Paragraph id="1085011" />
      </TableCell>
      <TableCell>
        <Paragraph id="1085013" />
      </TableCell>
      <TableCell>
        <Paragraph id="1085015" />
      </TableCell>
      <TableCell>
        <Paragraph id="1085017" />
      </TableCell>
      <TableCell>
        <Paragraph id="1085019" />
      </TableCell>
      <TableCell>
        <Paragraph id="1085021" />
      </TableCell>
      <TableCell>
        <Paragraph id="1085023" />
      </TableCell>
      <TableCell>
        <Paragraph id="1085025" />
      </TableCell>
      <TableCell>
        <Paragraph id="1085027" />
      </TableCell>
      <TableCell>
        <Paragraph id="1085029" />
      </TableCell>
      <TableCell>
        <Paragraph id="1085031" />
      </TableCell>
      <TableCell>
        <Paragraph id="1085033" />
      </TableCell>
    </Table>
    <Paragraph id="1085039" documentposition="30" splitpriority="none" />
    <Paragraph id="1085040" documentposition="31" splitpriority="none" />
    <Paragraph id="1085041" documentposition="32" splitpriority="none" />
    <Paragraph id="1085046" documentposition="33" splitpriority="none" />
    <Paragraph id="1085047" documentposition="34" splitpriority="none" />
    <Paragraph id="1085048" documentposition="35" splitpriority="none" />
    <Paragraph id="1087438" documentposition="36" splitpriority="none" relatedtopic="define-no-output" />
    <Paragraph id="1087442" documentposition="37" splitpriority="none" relatedtopic="define-no-output" />
    <Paragraph id="1087446" documentposition="38" splitpriority="none" relatedtopic="define-no-output" />
  </Split>
  <Split id="1083943" documentposition="39">
    <Paragraph id="1083943" documentposition="39" splitpriority="2">
      <Marker behavior="topic" id="1084730">
        <Marker id="1084730" name="TopicAlias" xmlns="urn:WebWorks-Document-Schema">
          <TextRun id="tr1084730-1">
            <Text value="upload_spreadsheet_help" />
          </TextRun>
        </Marker>
      </Marker>
    </Paragraph>
    <Paragraph id="1084597" documentposition="40" splitpriority="none" />
    <Paragraph id="1084187" documentposition="41" splitpriority="none" />
    <Paragraph id="1084591" documentposition="42" splitpriority="none" />
    <Paragraph id="1083950" documentposition="43" splitpriority="none" />
    <Paragraph id="1083960" documentposition="44" splitpriority="none" />
    <Paragraph id="1083968" documentposition="45" splitpriority="none" />
    <Paragraph id="1084188" documentposition="46" splitpriority="none" />
    <Paragraph id="1084803" documentposition="47" splitpriority="none" relatedtopic="define-no-output" />
    <Paragraph id="1087462" documentposition="48" splitpriority="none" relatedtopic="define-no-output" />
    <Paragraph id="1087466" documentposition="49" splitpriority="none" relatedtopic="define-no-output" />
  </Split>
  <Split id="1084915" documentposition="50">
    <Paragraph id="1084915" documentposition="50" splitpriority="2">
      <Marker behavior="topic" id="1084914">
        <Marker id="1084914" name="TopicAlias" xmlns="urn:WebWorks-Document-Schema">
          <TextRun id="tr1084914-1">
            <Text value="verify_submitted_files_help" />
          </TextRun>
        </Marker>
      </Marker>
    </Paragraph>
    <Paragraph id="1084916" documentposition="51" splitpriority="none" />
    <Paragraph id="1084918" documentposition="52" splitpriority="none" />
    <Paragraph id="1084919" documentposition="53" splitpriority="none" />
    <Paragraph id="1084920" documentposition="54" splitpriority="none" />
    <Paragraph id="1084921" documentposition="55" splitpriority="none" />
    <Paragraph id="1084922" documentposition="56" splitpriority="none" />
    <Paragraph id="1084923" documentposition="57" splitpriority="none" />
    <Paragraph id="1084924" documentposition="58" splitpriority="none" />
    <Paragraph id="1084925" documentposition="59" splitpriority="none" />
    <Paragraph id="1085161" documentposition="60" splitpriority="none" />
    <Table id="1084926" documentposition="61" splitpriority="none">
      <TableCell>
        <Paragraph id="1084928" />
        <Paragraph id="1087263" />
      </TableCell>
      <TableCell>
        <Paragraph id="1084930" />
      </TableCell>
      <TableCell>
        <Paragraph id="1084932" />
      </TableCell>
      <TableCell>
        <Paragraph id="1084934" />
      </TableCell>
      <TableCell>
        <Paragraph id="1084936" />
      </TableCell>
      <TableCell>
        <Paragraph id="1084938" />
      </TableCell>
      <TableCell>
        <Paragraph id="1084940" />
      </TableCell>
      <TableCell>
        <Paragraph id="1084942" />
      </TableCell>
      <TableCell>
        <Paragraph id="1085200" />
      </TableCell>
      <TableCell>
        <Paragraph id="1085202" />
      </TableCell>
      <TableCell>
        <Paragraph id="1085196" />
      </TableCell>
      <TableCell>
        <Paragraph id="1085198" />
      </TableCell>
      <TableCell>
        <Paragraph id="1085192" />
      </TableCell>
      <TableCell>
        <Paragraph id="1085194" />
      </TableCell>
      <TableCell>
        <Paragraph id="1085210" />
      </TableCell>
      <TableCell>
        <Paragraph id="1085212" />
      </TableCell>
    </Table>
    <Paragraph id="1084947" documentposition="62" splitpriority="none" />
    <Paragraph id="1087554" documentposition="63" splitpriority="none" relatedtopic="define-no-output" />
    <Paragraph id="1087558" documentposition="64" splitpriority="none" relatedtopic="define-no-output" />
    <Paragraph id="1087562" documentposition="65" splitpriority="none" relatedtopic="define-no-output" />
    <Paragraph id="1084778" documentposition="66" splitpriority="none" />
  </Split>
</Behaviors>