<?xml version="1.0" encoding="utf-8"?>
<Index version="1.0" xmlns="urn:WebWorks-Index-Schema">
  <Entry name="Administration" sort="Administration" sectionposition="2">
    <Content xmlns="urn:WebWorks-Document-Schema">
      <TextRun>
        <Text value="Administration" />
      </TextRun>
    </Content>
    <Entry name="privileges" sort="privileges">
      <Content xmlns="urn:WebWorks-Document-Schema">
        <TextRun>
          <Text value="privileges" />
        </TextRun>
      </Content>
      <Link href="C:\Documents and Settings\hadfielj\My Documents\ePublisher Pro Projects\NCIA Online Help\Output\WebWorks Help 5.0\NCIA Online Help\NCIA admin.4.2.html" anchor="1071966" fileposition="41" first="false" />
    </Entry>
  </Entry>
  <Entry name="Administration" sort="Administration" sectionposition="2">
    <Content xmlns="urn:WebWorks-Document-Schema">
      <TextRun>
        <Text value="Administration" />
      </TextRun>
    </Content>
    <Entry name="overview" sort="overview">
      <Content xmlns="urn:WebWorks-Document-Schema">
        <TextRun>
          <Text value="overview" />
        </TextRun>
      </Content>
      <Link href="C:\Documents and Settings\hadfielj\My Documents\ePublisher Pro Projects\NCIA Online Help\Output\WebWorks Help 5.0\NCIA Online Help\NCIA admin.4.2.html" anchor="1071966" fileposition="41" first="false" />
    </Entry>
  </Entry>
  <Entry name="Administration" sort="Administration" sectionposition="2">
    <Content xmlns="urn:WebWorks-Document-Schema">
      <TextRun>
        <Text value="Administration" />
      </TextRun>
    </Content>
    <Entry name="using QA tools" sort="using QA tools">
      <Content xmlns="urn:WebWorks-Document-Schema">
        <TextRun>
          <Text value="using QA tools" />
        </TextRun>
      </Content>
      <Link href="C:\Documents and Settings\hadfielj\My Documents\ePublisher Pro Projects\NCIA Online Help\Output\WebWorks Help 5.0\NCIA Online Help\NCIA admin.4.3.html" anchor="1084996" fileposition="42" first="false" />
    </Entry>
  </Entry>
  <Entry name="QA tools, using" sort="QA tools, using" sectionposition="2">
    <Content xmlns="urn:WebWorks-Document-Schema">
      <TextRun>
        <Text value="QA tools, using" />
      </TextRun>
    </Content>
    <Link href="C:\Documents and Settings\hadfielj\My Documents\ePublisher Pro Projects\NCIA Online Help\Output\WebWorks Help 5.0\NCIA Online Help\NCIA admin.4.3.html" anchor="1084996" fileposition="42" first="false" />
  </Entry>
  <Entry name="Curator" sort="Curator" sectionposition="2">
    <Content xmlns="urn:WebWorks-Document-Schema">
      <TextRun>
        <Text value="Curator" />
      </TextRun>
    </Content>
    <Entry name="using QA tools" sort="using QA tools">
      <Content xmlns="urn:WebWorks-Document-Schema">
        <TextRun>
          <Text value="using QA tools" />
        </TextRun>
      </Content>
      <Link href="C:\Documents and Settings\hadfielj\My Documents\ePublisher Pro Projects\NCIA Online Help\Output\WebWorks Help 5.0\NCIA Online Help\NCIA admin.4.3.html" anchor="1084996" fileposition="42" first="false" />
    </Entry>
  </Entry>
  <Entry name="Curator" sort="Curator" sectionposition="2">
    <Content xmlns="urn:WebWorks-Document-Schema">
      <TextRun>
        <Text value="Curator" />
      </TextRun>
    </Content>
    <Entry name="assigning image status" sort="assigning image status">
      <Content xmlns="urn:WebWorks-Document-Schema">
        <TextRun>
          <Text value="assigning image status" />
        </TextRun>
      </Content>
      <Link href="C:\Documents and Settings\hadfielj\My Documents\ePublisher Pro Projects\NCIA Online Help\Output\WebWorks Help 5.0\NCIA Online Help\NCIA admin.4.3.html" anchor="1084996" fileposition="42" first="false" />
    </Entry>
  </Entry>
  <Entry name="Image" sort="Image" sectionposition="2">
    <Content xmlns="urn:WebWorks-Document-Schema">
      <TextRun>
        <Text value="Image" />
      </TextRun>
    </Content>
    <Entry name="status assignment" sort="status assignment">
      <Content xmlns="urn:WebWorks-Document-Schema">
        <TextRun>
          <Text value="status assignment" />
        </TextRun>
      </Content>
      <Link href="C:\Documents and Settings\hadfielj\My Documents\ePublisher Pro Projects\NCIA Online Help\Output\WebWorks Help 5.0\NCIA Online Help\NCIA admin.4.3.html" anchor="1084996" fileposition="42" first="false" />
    </Entry>
  </Entry>
  <Entry name="Administration" sort="Administration" sectionposition="2">
    <Content xmlns="urn:WebWorks-Document-Schema">
      <TextRun>
        <Text value="Administration" />
      </TextRun>
    </Content>
    <Entry name="uploading, parsing spreadsheet" sort="uploading, parsing spreadsheet">
      <Content xmlns="urn:WebWorks-Document-Schema">
        <TextRun>
          <Text value="uploading, parsing spreadsheet" />
        </TextRun>
      </Content>
      <Link href="C:\Documents and Settings\hadfielj\My Documents\ePublisher Pro Projects\NCIA Online Help\Output\WebWorks Help 5.0\NCIA Online Help\NCIA admin.4.4.html" anchor="1084187" fileposition="43" first="false" />
    </Entry>
  </Entry>
  <Entry name="Spreadsheet, annotations upload" sort="Spreadsheet, annotations upload" sectionposition="2">
    <Content xmlns="urn:WebWorks-Document-Schema">
      <TextRun>
        <Text value="Spreadsheet, annotations upload" />
      </TextRun>
    </Content>
    <Link href="C:\Documents and Settings\hadfielj\My Documents\ePublisher Pro Projects\NCIA Online Help\Output\WebWorks Help 5.0\NCIA Online Help\NCIA admin.4.4.html" anchor="1084187" fileposition="43" first="false" />
  </Entry>
  <Entry name="Uploading annotation spreadsheet" sort="Uploading annotation spreadsheet" sectionposition="2">
    <Content xmlns="urn:WebWorks-Document-Schema">
      <TextRun>
        <Text value="Uploading annotation spreadsheet" />
      </TextRun>
    </Content>
    <Link href="C:\Documents and Settings\hadfielj\My Documents\ePublisher Pro Projects\NCIA Online Help\Output\WebWorks Help 5.0\NCIA Online Help\NCIA admin.4.4.html" anchor="1084187" fileposition="43" first="false" />
  </Entry>
  <Entry name="Parsing annotation spreadsheet" sort="Parsing annotation spreadsheet" sectionposition="2">
    <Content xmlns="urn:WebWorks-Document-Schema">
      <TextRun>
        <Text value="Parsing annotation spreadsheet" />
      </TextRun>
    </Content>
    <Link href="C:\Documents and Settings\hadfielj\My Documents\ePublisher Pro Projects\NCIA Online Help\Output\WebWorks Help 5.0\NCIA Online Help\NCIA admin.4.4.html" anchor="1084187" fileposition="43" first="false" />
  </Entry>
  <Entry name="Image" sort="Image" sectionposition="2">
    <Content xmlns="urn:WebWorks-Document-Schema">
      <TextRun>
        <Text value="Image" />
      </TextRun>
    </Content>
    <Entry name="annotations, uploading" sort="annotations, uploading">
      <Content xmlns="urn:WebWorks-Document-Schema">
        <TextRun>
          <Text value="annotations, uploading" />
        </TextRun>
      </Content>
      <Link href="C:\Documents and Settings\hadfielj\My Documents\ePublisher Pro Projects\NCIA Online Help\Output\WebWorks Help 5.0\NCIA Online Help\NCIA admin.4.4.html" anchor="1084187" fileposition="43" first="false" />
    </Entry>
  </Entry>
  <Entry name="Administration" sort="Administration" sectionposition="2">
    <Content xmlns="urn:WebWorks-Document-Schema">
      <TextRun>
        <Text value="Administration" />
      </TextRun>
    </Content>
    <Entry name="verifying submitted files" sort="verifying submitted files">
      <Content xmlns="urn:WebWorks-Document-Schema">
        <TextRun>
          <Text value="verifying submitted files" />
        </TextRun>
      </Content>
      <Link href="C:\Documents and Settings\hadfielj\My Documents\ePublisher Pro Projects\NCIA Online Help\Output\WebWorks Help 5.0\NCIA Online Help\NCIA admin.4.5.html" anchor="1084918" fileposition="44" first="false" />
    </Entry>
  </Entry>
  <Entry name="Images" sort="Images" sectionposition="2">
    <Content xmlns="urn:WebWorks-Document-Schema">
      <TextRun>
        <Text value="Images" />
      </TextRun>
    </Content>
    <Entry name="verifying submitted" sort="verifying submitted">
      <Content xmlns="urn:WebWorks-Document-Schema">
        <TextRun>
          <Text value="verifying submitted" />
        </TextRun>
      </Content>
      <Link href="C:\Documents and Settings\hadfielj\My Documents\ePublisher Pro Projects\NCIA Online Help\Output\WebWorks Help 5.0\NCIA Online Help\NCIA admin.4.5.html" anchor="1084918" fileposition="44" first="false" />
    </Entry>
  </Entry>
  <Entry name="Verifying submitted images" sort="Verifying submitted images" sectionposition="2">
    <Content xmlns="urn:WebWorks-Document-Schema">
      <TextRun>
        <Text value="Verifying submitted images" />
      </TextRun>
    </Content>
    <Link href="C:\Documents and Settings\hadfielj\My Documents\ePublisher Pro Projects\NCIA Online Help\Output\WebWorks Help 5.0\NCIA Online Help\NCIA admin.4.5.html" anchor="1084918" fileposition="44" first="false" />
  </Entry>
</Index>