<?xml version="1.0" encoding="utf-8"?>
<Index version="1.0" xmlns="urn:WebWorks-Index-Schema">
  <Entry name="images" sort="images" sectionposition="2">
    <Content xmlns="urn:WebWorks-Document-Schema">
      <TextRun>
        <Text value="images" />
      </TextRun>
    </Content>
    <Entry name="submitting, overview" sort="submitting, overview">
      <Content xmlns="urn:WebWorks-Document-Schema">
        <TextRun>
          <Text value="submitting, overview" />
        </TextRun>
      </Content>
      <Link href="C:\Documents and Settings\hadfielj\My Documents\ePublisher Pro Projects\NBIA Online Help\Output\WebWorks Help 5.0\NBIA Online Help\Submitting Images.6.2.html" anchor="1187566" fileposition="52" first="false" />
    </Entry>
  </Entry>
  <Entry name="submitting images" sort="submitting images" sectionposition="2">
    <Content xmlns="urn:WebWorks-Document-Schema">
      <TextRun>
        <Text value="submitting images" />
      </TextRun>
    </Content>
    <Entry name="overview" sort="overview">
      <Content xmlns="urn:WebWorks-Document-Schema">
        <TextRun>
          <Text value="overview" />
        </TextRun>
      </Content>
      <Link href="C:\Documents and Settings\hadfielj\My Documents\ePublisher Pro Projects\NBIA Online Help\Output\WebWorks Help 5.0\NBIA Online Help\Submitting Images.6.2.html" anchor="1187566" fileposition="52" first="false" />
    </Entry>
  </Entry>
  <Entry name="submitting images" sort="submitting images" sectionposition="2">
    <Content xmlns="urn:WebWorks-Document-Schema">
      <TextRun>
        <Text value="submitting images" />
      </TextRun>
    </Content>
    <Entry name="CTP client" sort="CTP client">
      <Content xmlns="urn:WebWorks-Document-Schema">
        <TextRun>
          <Text value="CTP client" />
        </TextRun>
      </Content>
      <Link href="C:\Documents and Settings\hadfielj\My Documents\ePublisher Pro Projects\NBIA Online Help\Output\WebWorks Help 5.0\NBIA Online Help\Submitting Images.6.3.html" anchor="1184981" fileposition="53" first="false" />
    </Entry>
  </Entry>
  <Entry name="CTP" sort="CTP" sectionposition="2">
    <Content xmlns="urn:WebWorks-Document-Schema">
      <TextRun>
        <Text value="CTP" />
      </TextRun>
    </Content>
    <Entry name="configuring" sort="configuring">
      <Content xmlns="urn:WebWorks-Document-Schema">
        <TextRun>
          <Text value="configuring" />
        </TextRun>
      </Content>
      <Link href="C:\Documents and Settings\hadfielj\My Documents\ePublisher Pro Projects\NBIA Online Help\Output\WebWorks Help 5.0\NBIA Online Help\Submitting Images.6.3.html" anchor="1184981" fileposition="53" first="false" />
    </Entry>
  </Entry>
  <Entry name="images" sort="images" sectionposition="2">
    <Content xmlns="urn:WebWorks-Document-Schema">
      <TextRun>
        <Text value="images" />
      </TextRun>
    </Content>
    <Entry name="submitting, CTP client" sort="submitting, CTP client">
      <Content xmlns="urn:WebWorks-Document-Schema">
        <TextRun>
          <Text value="submitting, CTP client" />
        </TextRun>
      </Content>
      <Link href="C:\Documents and Settings\hadfielj\My Documents\ePublisher Pro Projects\NBIA Online Help\Output\WebWorks Help 5.0\NBIA Online Help\Submitting Images.6.3.html" anchor="1184981" fileposition="53" first="false" />
    </Entry>
  </Entry>
  <Entry name="CTP" sort="CTP" sectionposition="2">
    <Content xmlns="urn:WebWorks-Document-Schema">
      <TextRun>
        <Text value="CTP" />
      </TextRun>
    </Content>
    <Entry name="starting the client" sort="starting the client">
      <Content xmlns="urn:WebWorks-Document-Schema">
        <TextRun>
          <Text value="starting the client" />
        </TextRun>
      </Content>
      <Link href="C:\Documents and Settings\hadfielj\My Documents\ePublisher Pro Projects\NBIA Online Help\Output\WebWorks Help 5.0\NBIA Online Help\Submitting Images.6.3.html" anchor="1186281" fileposition="53" first="false" />
    </Entry>
  </Entry>
  <Entry name="submitting images   See also CTP" sort="submitting images   See also CTP" sectionposition="2">
    <Content xmlns="urn:WebWorks-Document-Schema">
      <TextRun>
        <Text value="submitting images   See also CTP" />
      </TextRun>
    </Content>
  </Entry>
  <Entry name="CTP" sort="CTP" sectionposition="2">
    <Content xmlns="urn:WebWorks-Document-Schema">
      <TextRun>
        <Text value="CTP" />
      </TextRun>
    </Content>
    <Entry name="DICOM anonymizer configurator" sort="DICOM anonymizer configurator">
      <Content xmlns="urn:WebWorks-Document-Schema">
        <TextRun>
          <Text value="DICOM anonymizer configurator" />
        </TextRun>
      </Content>
      <Link href="C:\Documents and Settings\hadfielj\My Documents\ePublisher Pro Projects\NBIA Online Help\Output\WebWorks Help 5.0\NBIA Online Help\Submitting Images.6.3.html" anchor="1187007" fileposition="53" first="false" />
    </Entry>
  </Entry>
  <Entry name="submitting images" sort="submitting images" sectionposition="2">
    <Content xmlns="urn:WebWorks-Document-Schema">
      <TextRun>
        <Text value="submitting images" />
      </TextRun>
    </Content>
    <Entry name="using FileSender" sort="using FileSender">
      <Content xmlns="urn:WebWorks-Document-Schema">
        <TextRun>
          <Text value="using FileSender" />
        </TextRun>
      </Content>
      <Link href="C:\Documents and Settings\hadfielj\My Documents\ePublisher Pro Projects\NBIA Online Help\Output\WebWorks Help 5.0\NBIA Online Help\Submitting Images.6.4.html" anchor="1186739" fileposition="54" first="false" />
    </Entry>
  </Entry>
  <Entry name="FileSender, submitting images" sort="FileSender, submitting images" sectionposition="2">
    <Content xmlns="urn:WebWorks-Document-Schema">
      <TextRun>
        <Text value="FileSender, submitting images" />
      </TextRun>
    </Content>
    <Link href="C:\Documents and Settings\hadfielj\My Documents\ePublisher Pro Projects\NBIA Online Help\Output\WebWorks Help 5.0\NBIA Online Help\Submitting Images.6.4.html" anchor="1186739" fileposition="54" first="false" />
  </Entry>
  <Entry name="images" sort="images" sectionposition="2">
    <Content xmlns="urn:WebWorks-Document-Schema">
      <TextRun>
        <Text value="images" />
      </TextRun>
    </Content>
    <Entry name="submitting in FileSender" sort="submitting in FileSender">
      <Content xmlns="urn:WebWorks-Document-Schema">
        <TextRun>
          <Text value="submitting in FileSender" />
        </TextRun>
      </Content>
      <Link href="C:\Documents and Settings\hadfielj\My Documents\ePublisher Pro Projects\NBIA Online Help\Output\WebWorks Help 5.0\NBIA Online Help\Submitting Images.6.4.html" anchor="1186739" fileposition="54" first="false" />
    </Entry>
  </Entry>
  <Entry name="submitting images" sort="submitting images" sectionposition="2">
    <Content xmlns="urn:WebWorks-Document-Schema">
      <TextRun>
        <Text value="submitting images" />
      </TextRun>
    </Content>
    <Entry name="troubleshooting" sort="troubleshooting">
      <Content xmlns="urn:WebWorks-Document-Schema">
        <TextRun>
          <Text value="troubleshooting" />
        </TextRun>
      </Content>
      <Link href="C:\Documents and Settings\hadfielj\My Documents\ePublisher Pro Projects\NBIA Online Help\Output\WebWorks Help 5.0\NBIA Online Help\Submitting Images.6.5.html" anchor="1187202" fileposition="55" first="false" />
    </Entry>
  </Entry>
  <Entry name="images" sort="images" sectionposition="2">
    <Content xmlns="urn:WebWorks-Document-Schema">
      <TextRun>
        <Text value="images" />
      </TextRun>
    </Content>
    <Entry name="troubleshooting submissions" sort="troubleshooting submissions">
      <Content xmlns="urn:WebWorks-Document-Schema">
        <TextRun>
          <Text value="troubleshooting submissions" />
        </TextRun>
      </Content>
      <Link href="C:\Documents and Settings\hadfielj\My Documents\ePublisher Pro Projects\NBIA Online Help\Output\WebWorks Help 5.0\NBIA Online Help\Submitting Images.6.5.html" anchor="1187202" fileposition="55" first="false" />
    </Entry>
  </Entry>
  <Entry name="images" sort="images" sectionposition="2">
    <Content xmlns="urn:WebWorks-Document-Schema">
      <TextRun>
        <Text value="images" />
      </TextRun>
    </Content>
    <Entry name="configuring security" sort="configuring security">
      <Content xmlns="urn:WebWorks-Document-Schema">
        <TextRun>
          <Text value="configuring security" />
        </TextRun>
      </Content>
      <Link href="C:\Documents and Settings\hadfielj\My Documents\ePublisher Pro Projects\NBIA Online Help\Output\WebWorks Help 5.0\NBIA Online Help\Submitting Images.6.6.html" anchor="1183928" fileposition="56" first="false" />
    </Entry>
  </Entry>
  <Entry name="UPT" sort="UPT" sectionposition="2">
    <Content xmlns="urn:WebWorks-Document-Schema">
      <TextRun>
        <Text value="UPT" />
      </TextRun>
    </Content>
    <Entry name="security for submitted images" sort="security for submitted images">
      <Content xmlns="urn:WebWorks-Document-Schema">
        <TextRun>
          <Text value="security for submitted images" />
        </TextRun>
      </Content>
      <Link href="C:\Documents and Settings\hadfielj\My Documents\ePublisher Pro Projects\NBIA Online Help\Output\WebWorks Help 5.0\NBIA Online Help\Submitting Images.6.6.html" anchor="1183928" fileposition="56" first="false" />
    </Entry>
  </Entry>
  <Entry name="UPT" sort="UPT" sectionposition="2">
    <Content xmlns="urn:WebWorks-Document-Schema">
      <TextRun>
        <Text value="UPT" />
      </TextRun>
    </Content>
    <Entry name="creating protection element" sort="creating protection element">
      <Content xmlns="urn:WebWorks-Document-Schema">
        <TextRun>
          <Text value="creating protection element" />
        </TextRun>
      </Content>
      <Link href="C:\Documents and Settings\hadfielj\My Documents\ePublisher Pro Projects\NBIA Online Help\Output\WebWorks Help 5.0\NBIA Online Help\Submitting Images.6.7.html" anchor="1183700" fileposition="57" first="false" />
    </Entry>
  </Entry>
  <Entry name="protection element" sort="protection element" sectionposition="2">
    <Content xmlns="urn:WebWorks-Document-Schema">
      <TextRun>
        <Text value="protection element" />
      </TextRun>
    </Content>
    <Entry name="creating" sort="creating">
      <Content xmlns="urn:WebWorks-Document-Schema">
        <TextRun>
          <Text value="creating" />
        </TextRun>
      </Content>
      <Link href="C:\Documents and Settings\hadfielj\My Documents\ePublisher Pro Projects\NBIA Online Help\Output\WebWorks Help 5.0\NBIA Online Help\Submitting Images.6.7.html" anchor="1183700" fileposition="57" first="false" />
    </Entry>
  </Entry>
  <Entry name="UPT" sort="UPT" sectionposition="2">
    <Content xmlns="urn:WebWorks-Document-Schema">
      <TextRun>
        <Text value="UPT" />
      </TextRun>
    </Content>
    <Entry name="creating protection group" sort="creating protection group">
      <Content xmlns="urn:WebWorks-Document-Schema">
        <TextRun>
          <Text value="creating protection group" />
        </TextRun>
      </Content>
      <Link href="C:\Documents and Settings\hadfielj\My Documents\ePublisher Pro Projects\NBIA Online Help\Output\WebWorks Help 5.0\NBIA Online Help\Submitting Images.6.10.html" anchor="1196354" fileposition="60" first="false" />
    </Entry>
  </Entry>
  <Entry name="protection group" sort="protection group" sectionposition="2">
    <Content xmlns="urn:WebWorks-Document-Schema">
      <TextRun>
        <Text value="protection group" />
      </TextRun>
    </Content>
    <Entry name="creating" sort="creating">
      <Content xmlns="urn:WebWorks-Document-Schema">
        <TextRun>
          <Text value="creating" />
        </TextRun>
      </Content>
      <Link href="C:\Documents and Settings\hadfielj\My Documents\ePublisher Pro Projects\NBIA Online Help\Output\WebWorks Help 5.0\NBIA Online Help\Submitting Images.6.10.html" anchor="1196354" fileposition="60" first="false" />
    </Entry>
  </Entry>
  <Entry name="protection element" sort="protection element" sectionposition="2">
    <Content xmlns="urn:WebWorks-Document-Schema">
      <TextRun>
        <Text value="protection element" />
      </TextRun>
    </Content>
    <Entry name="assigning to protection group" sort="assigning to protection group">
      <Content xmlns="urn:WebWorks-Document-Schema">
        <TextRun>
          <Text value="assigning to protection group" />
        </TextRun>
      </Content>
      <Link href="C:\Documents and Settings\hadfielj\My Documents\ePublisher Pro Projects\NBIA Online Help\Output\WebWorks Help 5.0\NBIA Online Help\Submitting Images.6.11.html" anchor="1184389" fileposition="61" first="false" />
    </Entry>
  </Entry>
  <Entry name="protection group" sort="protection group" sectionposition="2">
    <Content xmlns="urn:WebWorks-Document-Schema">
      <TextRun>
        <Text value="protection group" />
      </TextRun>
    </Content>
    <Entry name="assigning protection element to" sort="assigning protection element to">
      <Content xmlns="urn:WebWorks-Document-Schema">
        <TextRun>
          <Text value="assigning protection element to" />
        </TextRun>
      </Content>
      <Link href="C:\Documents and Settings\hadfielj\My Documents\ePublisher Pro Projects\NBIA Online Help\Output\WebWorks Help 5.0\NBIA Online Help\Submitting Images.6.11.html" anchor="1184389" fileposition="61" first="false" />
    </Entry>
  </Entry>
  <Entry name="UPT" sort="UPT" sectionposition="2">
    <Content xmlns="urn:WebWorks-Document-Schema">
      <TextRun>
        <Text value="UPT" />
      </TextRun>
    </Content>
    <Entry name="assigning user to protection group" sort="assigning user to protection group">
      <Content xmlns="urn:WebWorks-Document-Schema">
        <TextRun>
          <Text value="assigning user to protection group" />
        </TextRun>
      </Content>
      <Link href="C:\Documents and Settings\hadfielj\My Documents\ePublisher Pro Projects\NBIA Online Help\Output\WebWorks Help 5.0\NBIA Online Help\Submitting Images.6.12.html" anchor="1197654" fileposition="62" first="false" />
    </Entry>
  </Entry>
  <Entry name="protection group" sort="protection group" sectionposition="2">
    <Content xmlns="urn:WebWorks-Document-Schema">
      <TextRun>
        <Text value="protection group" />
      </TextRun>
    </Content>
    <Entry name="assigning user to" sort="assigning user to">
      <Content xmlns="urn:WebWorks-Document-Schema">
        <TextRun>
          <Text value="assigning user to" />
        </TextRun>
      </Content>
      <Link href="C:\Documents and Settings\hadfielj\My Documents\ePublisher Pro Projects\NBIA Online Help\Output\WebWorks Help 5.0\NBIA Online Help\Submitting Images.6.12.html" anchor="1197654" fileposition="62" first="false" />
    </Entry>
  </Entry>
  <Entry name="group, assigning to protection group" sort="group, assigning to protection group" sectionposition="2">
    <Content xmlns="urn:WebWorks-Document-Schema">
      <TextRun>
        <Text value="group, assigning to protection group" />
      </TextRun>
    </Content>
    <Link href="C:\Documents and Settings\hadfielj\My Documents\ePublisher Pro Projects\NBIA Online Help\Output\WebWorks Help 5.0\NBIA Online Help\Submitting Images.6.13.html" anchor="1197891" fileposition="63" first="false" />
  </Entry>
  <Entry name="protection group" sort="protection group" sectionposition="2">
    <Content xmlns="urn:WebWorks-Document-Schema">
      <TextRun>
        <Text value="protection group" />
      </TextRun>
    </Content>
    <Entry name="assigning group to" sort="assigning group to">
      <Content xmlns="urn:WebWorks-Document-Schema">
        <TextRun>
          <Text value="assigning group to" />
        </TextRun>
      </Content>
      <Link href="C:\Documents and Settings\hadfielj\My Documents\ePublisher Pro Projects\NBIA Online Help\Output\WebWorks Help 5.0\NBIA Online Help\Submitting Images.6.13.html" anchor="1197891" fileposition="63" first="false" />
    </Entry>
  </Entry>
  <Entry name="UPT" sort="UPT" sectionposition="2">
    <Content xmlns="urn:WebWorks-Document-Schema">
      <TextRun>
        <Text value="UPT" />
      </TextRun>
    </Content>
    <Entry name="assigning user group to protection group" sort="assigning user group to protection group">
      <Content xmlns="urn:WebWorks-Document-Schema">
        <TextRun>
          <Text value="assigning user group to protection group" />
        </TextRun>
      </Content>
      <Link href="C:\Documents and Settings\hadfielj\My Documents\ePublisher Pro Projects\NBIA Online Help\Output\WebWorks Help 5.0\NBIA Online Help\Submitting Images.6.13.html" anchor="1197891" fileposition="63" first="false" />
    </Entry>
  </Entry>
</Index>