<?xml version="1.0" encoding="utf-8"?>
<Splits version="1.0" xmlns="urn:WebWorks-Engine-Splits-Schema">
  <Split groupID="FF92C237173A572" documentID="E51F84D3374EA714" id="1104591" position="1" documentstartposition="3" documentendposition="11" title="Getting Started in NBIA ">
    <Group name="NBIA Online Help" id="FF92C237173A572" position="1" />
    <Document path="C:\Documents and Settings\hadfielj\My Documents\CBIIT Projects\NBIA\NBIA 4.2 user guide and online help\Getting Started.fm" id="E51F84D3374EA714" position="2" />
    <PageStyle value="" />
    <Frames />
    <Popups />
  </Split>
  <Split groupID="FF92C237173A572" documentID="E51F84D3374EA714" id="1064696" position="2" documentstartposition="12" documentendposition="26" title="Introduction to NBIA">
    <Group name="NBIA Online Help" id="FF92C237173A572" position="1" />
    <Document path="C:\Documents and Settings\hadfielj\My Documents\CBIIT Projects\NBIA\NBIA 4.2 user guide and online help\Getting Started.fm" id="E51F84D3374EA714" position="2" />
    <PageStyle value="" />
    <Frames />
    <Popups />
  </Split>
  <Split groupID="FF92C237173A572" documentID="E51F84D3374EA714" id="1084793" position="3" documentstartposition="27" documentendposition="34" title="Registering a New User">
    <Group name="NBIA Online Help" id="FF92C237173A572" position="1" />
    <Document path="C:\Documents and Settings\hadfielj\My Documents\CBIIT Projects\NBIA\NBIA 4.2 user guide and online help\Getting Started.fm" id="E51F84D3374EA714" position="2" />
    <PageStyle value="" />
    <Frames />
    <Popups />
  </Split>
  <Split groupID="FF92C237173A572" documentID="E51F84D3374EA714" id="1149673" position="4" documentstartposition="35" documentendposition="43" title="Using NBIA Without Logging In">
    <Group name="NBIA Online Help" id="FF92C237173A572" position="1" />
    <Document path="C:\Documents and Settings\hadfielj\My Documents\CBIIT Projects\NBIA\NBIA 4.2 user guide and online help\Getting Started.fm" id="E51F84D3374EA714" position="2" />
    <PageStyle value="" />
    <Frames />
    <Popups />
  </Split>
  <Split groupID="FF92C237173A572" documentID="E51F84D3374EA714" id="1149786" position="5" documentstartposition="44" documentendposition="56" title="Logging into NBIA">
    <Group name="NBIA Online Help" id="FF92C237173A572" position="1" />
    <Document path="C:\Documents and Settings\hadfielj\My Documents\CBIIT Projects\NBIA\NBIA 4.2 user guide and online help\Getting Started.fm" id="E51F84D3374EA714" position="2" />
    <PageStyle value="" />
    <Frames />
    <Popups />
  </Split>
  <Split groupID="FF92C237173A572" documentID="E51F84D3374EA714" id="1109695" position="6" documentstartposition="57" documentendposition="67" title="Changing User Password">
    <Group name="NBIA Online Help" id="FF92C237173A572" position="1" />
    <Document path="C:\Documents and Settings\hadfielj\My Documents\CBIIT Projects\NBIA\NBIA 4.2 user guide and online help\Getting Started.fm" id="E51F84D3374EA714" position="2" />
    <PageStyle value="" />
    <Frames />
    <Popups />
  </Split>
  <Split groupID="FF92C237173A572" documentID="E51F84D3374EA714" id="1155561" position="7" documentstartposition="68" documentendposition="72" title="Using the NBIA Home Page">
    <Group name="NBIA Online Help" id="FF92C237173A572" position="1" />
    <Document path="C:\Documents and Settings\hadfielj\My Documents\CBIIT Projects\NBIA\NBIA 4.2 user guide and online help\Getting Started.fm" id="E51F84D3374EA714" position="2" />
    <PageStyle value="" />
    <Frames />
    <Popups />
  </Split>
  <Split groupID="FF92C237173A572" documentID="E51F84D3374EA714" id="1102231" position="8" documentstartposition="73" documentendposition="78" title="Home Page Menu Bar">
    <Group name="NBIA Online Help" id="FF92C237173A572" position="1" />
    <Document path="C:\Documents and Settings\hadfielj\My Documents\CBIIT Projects\NBIA\NBIA 4.2 user guide and online help\Getting Started.fm" id="E51F84D3374EA714" position="2" />
    <PageStyle value="" />
    <Frames />
    <Popups />
  </Split>
  <Split groupID="FF92C237173A572" documentID="E51F84D3374EA714" id="1094519" position="9" documentstartposition="79" documentendposition="84" title="Home Page Left Sidebar">
    <Group name="NBIA Online Help" id="FF92C237173A572" position="1" />
    <Document path="C:\Documents and Settings\hadfielj\My Documents\CBIIT Projects\NBIA\NBIA 4.2 user guide and online help\Getting Started.fm" id="E51F84D3374EA714" position="2" />
    <PageStyle value="" />
    <Frames />
    <Popups />
  </Split>
  <Split groupID="FF92C237173A572" documentID="E51F84D3374EA714" id="1094546" position="10" documentstartposition="85" documentendposition="93" title="Quick Links">
    <Group name="NBIA Online Help" id="FF92C237173A572" position="1" />
    <Document path="C:\Documents and Settings\hadfielj\My Documents\CBIIT Projects\NBIA\NBIA 4.2 user guide and online help\Getting Started.fm" id="E51F84D3374EA714" position="2" />
    <PageStyle value="" />
    <Frames />
    <Popups />
  </Split>
  <Split groupID="FF92C237173A572" documentID="E51F84D3374EA714" id="1089122" position="11" documentstartposition="94" documentendposition="99" title="Other Home Page Panels">
    <Group name="NBIA Online Help" id="FF92C237173A572" position="1" />
    <Document path="C:\Documents and Settings\hadfielj\My Documents\CBIIT Projects\NBIA\NBIA 4.2 user guide and online help\Getting Started.fm" id="E51F84D3374EA714" position="2" />
    <PageStyle value="" />
    <Frames />
    <Popups />
  </Split>
  <Split groupID="FF92C237173A572" documentID="E51F84D3374EA714" id="1091593" position="12" documentstartposition="100" documentendposition="105" title="Using the NBIA Portal">
    <Group name="NBIA Online Help" id="FF92C237173A572" position="1" />
    <Document path="C:\Documents and Settings\hadfielj\My Documents\CBIIT Projects\NBIA\NBIA 4.2 user guide and online help\Getting Started.fm" id="E51F84D3374EA714" position="2" />
    <PageStyle value="" />
    <Frames />
    <Popups />
  </Split>
  <Split groupID="FF92C237173A572" documentID="E51F84D3374EA714" id="1090544" position="13" documentstartposition="106" documentendposition="111" title="NBIA Portal Menu Bar">
    <Group name="NBIA Online Help" id="FF92C237173A572" position="1" />
    <Document path="C:\Documents and Settings\hadfielj\My Documents\CBIIT Projects\NBIA\NBIA 4.2 user guide and online help\Getting Started.fm" id="E51F84D3374EA714" position="2" />
    <PageStyle value="" />
    <Frames />
    <Popups />
  </Split>
  <Split groupID="FF92C237173A572" documentID="E51F84D3374EA714" id="1094701" position="14" documentstartposition="112" documentendposition="118" title="Portal Site Map">
    <Group name="NBIA Online Help" id="FF92C237173A572" position="1" />
    <Document path="C:\Documents and Settings\hadfielj\My Documents\CBIIT Projects\NBIA\NBIA 4.2 user guide and online help\Getting Started.fm" id="E51F84D3374EA714" position="2" />
    <PageStyle value="" />
    <Frames />
    <Popups />
  </Split>
  <Split groupID="FF92C237173A572" documentID="E51F84D3374EA714" id="1090692" position="15" documentstartposition="119" documentendposition="124" title="Portal Page Left SideBar">
    <Group name="NBIA Online Help" id="FF92C237173A572" position="1" />
    <Document path="C:\Documents and Settings\hadfielj\My Documents\CBIIT Projects\NBIA\NBIA 4.2 user guide and online help\Getting Started.fm" id="E51F84D3374EA714" position="2" />
    <PageStyle value="" />
    <Frames />
    <Popups />
  </Split>
  <Split groupID="FF92C237173A572" documentID="E51F84D3374EA714" id="1087647" position="16" documentstartposition="125" documentendposition="133" title="Accessing NBIA from Another Application&#x9;&#x9;">
    <Group name="NBIA Online Help" id="FF92C237173A572" position="1" />
    <Document path="C:\Documents and Settings\hadfielj\My Documents\CBIIT Projects\NBIA\NBIA 4.2 user guide and online help\Getting Started.fm" id="E51F84D3374EA714" position="2" />
    <PageStyle value="" />
    <Frames />
    <Popups />
  </Split>
  <Split groupID="FF92C237173A572" documentID="E51F84D3374EA714" id="1158282" position="17" documentstartposition="134" documentendposition="145" title="Using NBIA Online Help">
    <Group name="NBIA Online Help" id="FF92C237173A572" position="1" />
    <Document path="C:\Documents and Settings\hadfielj\My Documents\CBIIT Projects\NBIA\NBIA 4.2 user guide and online help\Getting Started.fm" id="E51F84D3374EA714" position="2" />
    <PageStyle value="" />
    <Frames>
      <Frame position="1" title="TOC button in online help">
        <Frame id="1158292" stylename="Default" xmlns="urn:WebWorks-Document-Schema">
          <Attribute name="display" value="inline" />
          <Attribute name="float" value="none" />
          <Attribute name="text-align" value="left" />
          <Attribute name="left" value="0.0" />
          <Attribute name="top" value="0.0" />
          <Attribute name="width" value="18.62424" />
          <Attribute name="height" value="18.576" />
          <Description>
            <Paragraph>
              <TextRun>
                <Text value="TOC button in online help" />
              </TextRun>
            </Paragraph>
          </Description>
          <Facets>
            <Facet type="document">
              <Attribute name="adapter" value="Adobe FrameMaker" />
              <Attribute name="path" value="C:\Documents and Settings\hadfielj\My Documents\ePublisher Pro Projects\NBIA Online Help\Data\61DD7DDB65736B3\FF92C237173A572\E51F84D3374EA714\Getting Started.fmwif" />
              <Attribute name="id" value="1158292" />
            </Facet>
          </Facets>
          <Content />
        </Frame>
      </Frame>
    </Frames>
    <Popups />
  </Split>
</Splits>