<?xml version="1.0" encoding="utf-8"?>
<Index version="1.0" xmlns="urn:WebWorks-Index-Schema">
  <Section position="2">
    <Group id="2_1" name="A" sort="A">
      <Entry id="2_2" name="Access to an image collection" sort="Access to an image collection">
        <Content xmlns="urn:WebWorks-Document-Schema">
          <TextRun>
            <Text value="Access to an image collection" />
          </TextRun>
        </Content>
        <Link href="C:\Documents and Settings\hadfielj\My Documents\ePublisher Pro Projects\NCIA Online Help\Output\WebWorks Help 5.0\NCIA Online Help\Searching NCIA.3.14.html" anchor="1093261" fileposition="31" first="false" />
      </Entry>
      <Entry id="2_3" name="Accessing NCIA from other application" sort="Accessing NCIA from other application">
        <Content xmlns="urn:WebWorks-Document-Schema">
          <TextRun>
            <Text value="Accessing NCIA from other application" />
          </TextRun>
        </Content>
        <Link href="C:\Documents and Settings\hadfielj\My Documents\ePublisher Pro Projects\NCIA Online Help\Output\WebWorks Help 5.0\NCIA Online Help\Getting Started.2.15.html" anchor="1087647" fileposition="16" first="true" />
      </Entry>
      <Entry id="2_4" name="Adding to Data Basket" sort="Adding to Data Basket">
        <Content xmlns="urn:WebWorks-Document-Schema">
          <TextRun>
            <Text value="Adding to Data Basket" />
          </TextRun>
        </Content>
        <Link href="C:\Documents and Settings\hadfielj\My Documents\ePublisher Pro Projects\NCIA Online Help\Output\WebWorks Help 5.0\NCIA Online Help\Searching NCIA.3.17.html" anchor="1070193" fileposition="34" first="true" />
      </Entry>
      <Entry id="2_5" name="Administration" sort="Administration">
        <Content xmlns="urn:WebWorks-Document-Schema">
          <TextRun>
            <Text value="Administration" />
          </TextRun>
        </Content>
        <Entry name="overview" sort="overview">
          <Content xmlns="urn:WebWorks-Document-Schema">
            <TextRun>
              <Text value="overview" />
            </TextRun>
          </Content>
          <Link href="C:\Documents and Settings\hadfielj\My Documents\ePublisher Pro Projects\NCIA Online Help\Output\WebWorks Help 5.0\NCIA Online Help\NCIA admin.4.2.html" anchor="1071966" fileposition="41" first="false" />
        </Entry>
        <Entry name="privileges" sort="privileges">
          <Content xmlns="urn:WebWorks-Document-Schema">
            <TextRun>
              <Text value="privileges" />
            </TextRun>
          </Content>
          <Link href="C:\Documents and Settings\hadfielj\My Documents\ePublisher Pro Projects\NCIA Online Help\Output\WebWorks Help 5.0\NCIA Online Help\NCIA admin.4.2.html" anchor="1071966" fileposition="41" first="false" />
        </Entry>
        <Entry name="uploading, parsing spreadsheet" sort="uploading, parsing spreadsheet">
          <Content xmlns="urn:WebWorks-Document-Schema">
            <TextRun>
              <Text value="uploading, parsing spreadsheet" />
            </TextRun>
          </Content>
          <Link href="C:\Documents and Settings\hadfielj\My Documents\ePublisher Pro Projects\NCIA Online Help\Output\WebWorks Help 5.0\NCIA Online Help\NCIA admin.4.4.html" anchor="1084187" fileposition="43" first="false" />
        </Entry>
        <Entry name="using QA tools" sort="using QA tools">
          <Content xmlns="urn:WebWorks-Document-Schema">
            <TextRun>
              <Text value="using QA tools" />
            </TextRun>
          </Content>
          <Link href="C:\Documents and Settings\hadfielj\My Documents\ePublisher Pro Projects\NCIA Online Help\Output\WebWorks Help 5.0\NCIA Online Help\NCIA admin.4.3.html" anchor="1084996" fileposition="42" first="false" />
        </Entry>
        <Entry name="verifying submitted files" sort="verifying submitted files">
          <Content xmlns="urn:WebWorks-Document-Schema">
            <TextRun>
              <Text value="verifying submitted files" />
            </TextRun>
          </Content>
          <Link href="C:\Documents and Settings\hadfielj\My Documents\ePublisher Pro Projects\NCIA Online Help\Output\WebWorks Help 5.0\NCIA Online Help\NCIA admin.4.5.html" anchor="1084918" fileposition="44" first="false" />
        </Entry>
      </Entry>
      <Entry id="2_6" name="Advanced Search" sort="Advanced Search">
        <Content xmlns="urn:WebWorks-Document-Schema">
          <TextRun>
            <Text value="Advanced Search" />
          </TextRun>
        </Content>
        <Link href="C:\Documents and Settings\hadfielj\My Documents\ePublisher Pro Projects\NCIA Online Help\Output\WebWorks Help 5.0\NCIA Online Help\Searching NCIA.3.7.html" anchor="1067129" fileposition="24" first="false" />
      </Entry>
      <Entry id="2_7" name="Annotation keyword search" sort="Annotation keyword search">
        <Content xmlns="urn:WebWorks-Document-Schema">
          <TextRun>
            <Text value="Annotation keyword search" />
          </TextRun>
        </Content>
        <Link href="C:\Documents and Settings\hadfielj\My Documents\ePublisher Pro Projects\NCIA Online Help\Output\WebWorks Help 5.0\NCIA Online Help\Searching NCIA.3.6.html" anchor="1087312" fileposition="23" first="false" />
      </Entry>
      <Entry id="2_8" name="Annotations" sort="Annotations">
        <Content xmlns="urn:WebWorks-Document-Schema">
          <TextRun>
            <Text value="Annotations" />
          </TextRun>
        </Content>
        <Entry name="downloading files" sort="downloading files">
          <Content xmlns="urn:WebWorks-Document-Schema">
            <TextRun>
              <Text value="downloading files" />
            </TextRun>
          </Content>
          <Link href="C:\Documents and Settings\hadfielj\My Documents\ePublisher Pro Projects\NCIA Online Help\Output\WebWorks Help 5.0\NCIA Online Help\Searching NCIA.3.2.html" anchor="1091001" fileposition="19" first="false" />
        </Entry>
        <Entry name="file(s) associated with image" sort="file(s) associated with image">
          <Content xmlns="urn:WebWorks-Document-Schema">
            <TextRun>
              <Text value="file(s) associated with image" />
            </TextRun>
          </Content>
          <Link href="C:\Documents and Settings\hadfielj\My Documents\ePublisher Pro Projects\NCIA Online Help\Output\WebWorks Help 5.0\NCIA Online Help\Searching NCIA.3.15.html" anchor="1070005" fileposition="32" first="false" />
        </Entry>
        <Entry name="files with described" sort="files with described">
          <Content xmlns="urn:WebWorks-Document-Schema">
            <TextRun>
              <Text value="files with described" />
            </TextRun>
          </Content>
          <Link href="C:\Documents and Settings\hadfielj\My Documents\ePublisher Pro Projects\NCIA Online Help\Output\WebWorks Help 5.0\NCIA Online Help\Searching NCIA.3.5.html" anchor="1095061" fileposition="22" first="false" />
        </Entry>
        <Entry name="finding only series with" sort="finding only series with">
          <Content xmlns="urn:WebWorks-Document-Schema">
            <TextRun>
              <Text value="finding only series with" />
            </TextRun>
          </Content>
          <Link href="C:\Documents and Settings\hadfielj\My Documents\ePublisher Pro Projects\NCIA Online Help\Output\WebWorks Help 5.0\NCIA Online Help\Searching NCIA.3.3.html" anchor="1066784" fileposition="20" first="false" />
        </Entry>
        <Entry name="keyword search" sort="keyword search">
          <Content xmlns="urn:WebWorks-Document-Schema">
            <TextRun>
              <Text value="keyword search" />
            </TextRun>
          </Content>
          <Link href="C:\Documents and Settings\hadfielj\My Documents\ePublisher Pro Projects\NCIA Online Help\Output\WebWorks Help 5.0\NCIA Online Help\Searching NCIA.3.2.html" anchor="1086978" fileposition="19" first="false" />
        </Entry>
        <Entry name="keywords assigned by curators" sort="keywords assigned by curators">
          <Content xmlns="urn:WebWorks-Document-Schema">
            <TextRun>
              <Text value="keywords assigned by curators" />
            </TextRun>
          </Content>
          <Link href="C:\Documents and Settings\hadfielj\My Documents\ePublisher Pro Projects\NCIA Online Help\Output\WebWorks Help 5.0\NCIA Online Help\Searching NCIA.3.6.html" anchor="1087312" fileposition="23" first="false" />
        </Entry>
        <Entry name="searching curation files" sort="searching curation files">
          <Content xmlns="urn:WebWorks-Document-Schema">
            <TextRun>
              <Text value="searching curation files" />
            </TextRun>
          </Content>
          <Link href="C:\Documents and Settings\hadfielj\My Documents\ePublisher Pro Projects\NCIA Online Help\Output\WebWorks Help 5.0\NCIA Online Help\Searching NCIA.3.6.html" anchor="1087312" fileposition="23" first="false" />
        </Entry>
      </Entry>
      <Entry id="2_9" name="Application Support" sort="Application Support">
        <Content xmlns="urn:WebWorks-Document-Schema">
          <TextRun>
            <Text value="Application Support" />
          </TextRun>
        </Content>
        <Link href="C:\Documents and Settings\hadfielj\My Documents\ePublisher Pro Projects\NCIA Online Help\Output\WebWorks Help 5.0\NCIA Online Help\Getting Started.2.16.html" anchor="1084578" fileposition="17" first="false" />
        <Link href="C:\Documents and Settings\hadfielj\My Documents\ePublisher Pro Projects\NCIA Online Help\Output\WebWorks Help 5.0\NCIA Online Help\Application Support.7.1.html" anchor="998295" fileposition="51" first="false" />
      </Entry>
      <Entry id="2_10" name="Archive, purpose" sort="Archive, purpose">
        <Content xmlns="urn:WebWorks-Document-Schema">
          <TextRun>
            <Text value="Archive, purpose" />
          </TextRun>
        </Content>
        <Link href="C:\Documents and Settings\hadfielj\My Documents\ePublisher Pro Projects\NCIA Online Help\Output\WebWorks Help 5.0\NCIA Online Help\Getting Started.2.2.html" anchor="1084030" fileposition="3" first="false" />
      </Entry>
    </Group>
    <Group id="2_12" name="C" sort="C">
      <Entry id="2_13" name="Cedara I-Response Workstation (IRW)" sort="Cedara I-Response Workstation (IRW)">
        <Content xmlns="urn:WebWorks-Document-Schema">
          <TextRun>
            <Text value="Cedara I-Response Workstation (IRW)" />
          </TextRun>
        </Content>
        <Entry name="URL references" sort="URL references">
          <Content xmlns="urn:WebWorks-Document-Schema">
            <TextRun>
              <Text value="URL references" />
            </TextRun>
          </Content>
          <Link href="C:\Documents and Settings\hadfielj\My Documents\ePublisher Pro Projects\NCIA Online Help\Output\WebWorks Help 5.0\NCIA Online Help\appdix references.5.4.html" anchor="1059694" fileposition="48" first="true" />
        </Entry>
      </Entry>
      <Entry id="2_14" name="CIP, link" sort="CIP, link">
        <Content xmlns="urn:WebWorks-Document-Schema">
          <TextRun>
            <Text value="CIP, link" />
          </TextRun>
        </Content>
        <Link href="C:\Documents and Settings\hadfielj\My Documents\ePublisher Pro Projects\NCIA Online Help\Output\WebWorks Help 5.0\NCIA Online Help\Getting Started.2.13.html" anchor="1086254" fileposition="14" first="false" />
      </Entry>
      <Entry id="2_15" name="Collection access" sort="Collection access">
        <Content xmlns="urn:WebWorks-Document-Schema">
          <TextRun>
            <Text value="Collection access" />
          </TextRun>
        </Content>
        <Link href="C:\Documents and Settings\hadfielj\My Documents\ePublisher Pro Projects\NCIA Online Help\Output\WebWorks Help 5.0\NCIA Online Help\Searching NCIA.3.14.html" anchor="1093261" fileposition="31" first="false" />
      </Entry>
      <Entry id="2_16" name="Convolution kernel" sort="Convolution kernel">
        <Content xmlns="urn:WebWorks-Document-Schema">
          <TextRun>
            <Text value="Convolution kernel" />
          </TextRun>
        </Content>
        <Link href="C:\Documents and Settings\hadfielj\My Documents\ePublisher Pro Projects\NCIA Online Help\Output\WebWorks Help 5.0\NCIA Online Help\Searching NCIA.3.7.html" anchor="1067840" fileposition="24" first="false" />
      </Entry>
      <Entry id="2_17" name="Criteria" sort="Criteria">
        <Content xmlns="urn:WebWorks-Document-Schema">
          <TextRun>
            <Text value="Criteria" />
          </TextRun>
        </Content>
        <Entry name="Advanced Search" sort="Advanced Search">
          <Content xmlns="urn:WebWorks-Document-Schema">
            <TextRun>
              <Text value="Advanced Search" />
            </TextRun>
          </Content>
          <Link href="C:\Documents and Settings\hadfielj\My Documents\ePublisher Pro Projects\NCIA Online Help\Output\WebWorks Help 5.0\NCIA Online Help\Searching NCIA.3.7.html" anchor="1088794" fileposition="24" first="false" />
        </Entry>
        <Entry name="format of search page" sort="format of search page">
          <Content xmlns="urn:WebWorks-Document-Schema">
            <TextRun>
              <Text value="format of search page" />
            </TextRun>
          </Content>
          <Link href="C:\Documents and Settings\hadfielj\My Documents\ePublisher Pro Projects\NCIA Online Help\Output\WebWorks Help 5.0\NCIA Online Help\Searching NCIA.3.2.html" anchor="1066371" fileposition="19" first="false" />
        </Entry>
        <Entry name="Simple Search" sort="Simple Search">
          <Content xmlns="urn:WebWorks-Document-Schema">
            <TextRun>
              <Text value="Simple Search" />
            </TextRun>
          </Content>
          <Link href="C:\Documents and Settings\hadfielj\My Documents\ePublisher Pro Projects\NCIA Online Help\Output\WebWorks Help 5.0\NCIA Online Help\Searching NCIA.3.3.html" anchor="1066743" fileposition="20" first="false" />
        </Entry>
        <Entry name="summary" sort="summary">
          <Content xmlns="urn:WebWorks-Document-Schema">
            <TextRun>
              <Text value="summary" />
            </TextRun>
          </Content>
          <Link href="C:\Documents and Settings\hadfielj\My Documents\ePublisher Pro Projects\NCIA Online Help\Output\WebWorks Help 5.0\NCIA Online Help\Searching NCIA.3.4.html" anchor="1091214" fileposition="21" first="false" />
        </Entry>
      </Entry>
      <Entry id="2_18" name="CTEP, link" sort="CTEP, link">
        <Content xmlns="urn:WebWorks-Document-Schema">
          <TextRun>
            <Text value="CTEP, link" />
          </TextRun>
        </Content>
        <Link href="C:\Documents and Settings\hadfielj\My Documents\ePublisher Pro Projects\NCIA Online Help\Output\WebWorks Help 5.0\NCIA Online Help\Getting Started.2.13.html" anchor="1086259" fileposition="14" first="false" />
      </Entry>
      <Entry id="2_19" name="Curation" sort="Curation">
        <Content xmlns="urn:WebWorks-Document-Schema">
          <TextRun>
            <Text value="Curation" />
          </TextRun>
        </Content>
        <Entry name="data search" sort="data search">
          <Content xmlns="urn:WebWorks-Document-Schema">
            <TextRun>
              <Text value="data search" />
            </TextRun>
          </Content>
          <Link href="C:\Documents and Settings\hadfielj\My Documents\ePublisher Pro Projects\NCIA Online Help\Output\WebWorks Help 5.0\NCIA Online Help\Searching NCIA.3.5.html" anchor="1111721" fileposition="22" first="false" />
        </Entry>
        <Entry name="files with ... data" sort="files with ... data">
          <Content xmlns="urn:WebWorks-Document-Schema">
            <TextRun>
              <Text value="files with ... data" />
            </TextRun>
          </Content>
          <Link href="C:\Documents and Settings\hadfielj\My Documents\ePublisher Pro Projects\NCIA Online Help\Output\WebWorks Help 5.0\NCIA Online Help\Searching NCIA.3.5.html" anchor="1095061" fileposition="22" first="false" />
        </Entry>
      </Entry>
      <Entry id="2_20" name="Curator" sort="Curator">
        <Content xmlns="urn:WebWorks-Document-Schema">
          <TextRun>
            <Text value="Curator" />
          </TextRun>
        </Content>
        <Entry name="assigning curation data" sort="assigning curation data">
          <Content xmlns="urn:WebWorks-Document-Schema">
            <TextRun>
              <Text value="assigning curation data" />
            </TextRun>
          </Content>
          <Link href="C:\Documents and Settings\hadfielj\My Documents\ePublisher Pro Projects\NCIA Online Help\Output\WebWorks Help 5.0\NCIA Online Help\Searching NCIA.3.5.html" anchor="1111721" fileposition="22" first="false" />
        </Entry>
        <Entry name="assigning image status" sort="assigning image status">
          <Content xmlns="urn:WebWorks-Document-Schema">
            <TextRun>
              <Text value="assigning image status" />
            </TextRun>
          </Content>
          <Link href="C:\Documents and Settings\hadfielj\My Documents\ePublisher Pro Projects\NCIA Online Help\Output\WebWorks Help 5.0\NCIA Online Help\NCIA admin.4.3.html" anchor="1084996" fileposition="42" first="false" />
        </Entry>
        <Entry name="using QA tools" sort="using QA tools">
          <Content xmlns="urn:WebWorks-Document-Schema">
            <TextRun>
              <Text value="using QA tools" />
            </TextRun>
          </Content>
          <Link href="C:\Documents and Settings\hadfielj\My Documents\ePublisher Pro Projects\NCIA Online Help\Output\WebWorks Help 5.0\NCIA Online Help\NCIA admin.4.3.html" anchor="1084996" fileposition="42" first="false" />
        </Entry>
      </Entry>
    </Group>
    <Group id="2_21" name="D" sort="D">
      <Entry id="2_22" name="Data Basket" sort="Data Basket">
        <Content xmlns="urn:WebWorks-Document-Schema">
          <TextRun>
            <Text value="Data Basket" />
          </TextRun>
        </Content>
        <Entry name="adding items" sort="adding items">
          <Content xmlns="urn:WebWorks-Document-Schema">
            <TextRun>
              <Text value="adding items" />
            </TextRun>
          </Content>
          <Link href="C:\Documents and Settings\hadfielj\My Documents\ePublisher Pro Projects\NCIA Online Help\Output\WebWorks Help 5.0\NCIA Online Help\Searching NCIA.3.17.html" anchor="1070193" fileposition="34" first="true" />
        </Entry>
        <Entry name="deleting items" sort="deleting items">
          <Content xmlns="urn:WebWorks-Document-Schema">
            <TextRun>
              <Text value="deleting items" />
            </TextRun>
          </Content>
          <Link href="C:\Documents and Settings\hadfielj\My Documents\ePublisher Pro Projects\NCIA Online Help\Output\WebWorks Help 5.0\NCIA Online Help\Searching NCIA.3.19.html" anchor="1070234" fileposition="36" first="false" />
        </Entry>
        <Entry name="downloading" sort="downloading">
          <Content xmlns="urn:WebWorks-Document-Schema">
            <TextRun>
              <Text value="downloading" />
            </TextRun>
          </Content>
          <Link href="C:\Documents and Settings\hadfielj\My Documents\ePublisher Pro Projects\NCIA Online Help\Output\WebWorks Help 5.0\NCIA Online Help\Searching NCIA.3.20.html" anchor="1090496" fileposition="37" first="true" />
        </Entry>
        <Entry name="estimated download time" sort="estimated download time">
          <Content xmlns="urn:WebWorks-Document-Schema">
            <TextRun>
              <Text value="estimated download time" />
            </TextRun>
          </Content>
          <Link href="C:\Documents and Settings\hadfielj\My Documents\ePublisher Pro Projects\NCIA Online Help\Output\WebWorks Help 5.0\NCIA Online Help\Searching NCIA.3.19.html" anchor="1070233" fileposition="36" first="false" />
        </Entry>
        <Entry name="managing" sort="managing">
          <Content xmlns="urn:WebWorks-Document-Schema">
            <TextRun>
              <Text value="managing" />
            </TextRun>
          </Content>
          <Link href="C:\Documents and Settings\hadfielj\My Documents\ePublisher Pro Projects\NCIA Online Help\Output\WebWorks Help 5.0\NCIA Online Help\Searching NCIA.3.19.html" anchor="1070298" fileposition="36" first="false" />
        </Entry>
      </Entry>
      <Entry id="2_23" name="DCP, link" sort="DCP, link">
        <Content xmlns="urn:WebWorks-Document-Schema">
          <TextRun>
            <Text value="DCP, link" />
          </TextRun>
        </Content>
        <Link href="C:\Documents and Settings\hadfielj\My Documents\ePublisher Pro Projects\NCIA Online Help\Output\WebWorks Help 5.0\NCIA Online Help\Getting Started.2.13.html" anchor="1086264" fileposition="14" first="false" />
      </Entry>
      <Entry id="2_24" name="Deleting items from basket" sort="Deleting items from basket">
        <Content xmlns="urn:WebWorks-Document-Schema">
          <TextRun>
            <Text value="Deleting items from basket" />
          </TextRun>
        </Content>
        <Link href="C:\Documents and Settings\hadfielj\My Documents\ePublisher Pro Projects\NCIA Online Help\Output\WebWorks Help 5.0\NCIA Online Help\Searching NCIA.3.19.html" anchor="1070234" fileposition="36" first="false" />
      </Entry>
      <Entry id="2_25" name="Deleting saved query" sort="Deleting saved query">
        <Content xmlns="urn:WebWorks-Document-Schema">
          <TextRun>
            <Text value="Deleting saved query" />
          </TextRun>
        </Content>
        <Link href="C:\Documents and Settings\hadfielj\My Documents\ePublisher Pro Projects\NCIA Online Help\Output\WebWorks Help 5.0\NCIA Online Help\Searching NCIA.3.10.html" anchor="1089387" fileposition="27" first="false" />
      </Entry>
      <Entry id="2_26" name="DICOM" sort="DICOM">
        <Content xmlns="urn:WebWorks-Document-Schema">
          <TextRun>
            <Text value="DICOM" />
          </TextRun>
        </Content>
        <Entry name="DICOMWorks viewer" sort="DICOMWorks viewer">
          <Content xmlns="urn:WebWorks-Document-Schema">
            <TextRun>
              <Text value="DICOMWorks viewer" />
            </TextRun>
          </Content>
          <Link href="C:\Documents and Settings\hadfielj\My Documents\ePublisher Pro Projects\NCIA Online Help\Output\WebWorks Help 5.0\NCIA Online Help\Searching NCIA.3.21.html" anchor="1070602" fileposition="38" first="false" />
        </Entry>
        <Entry name="image viewers" sort="image viewers">
          <Content xmlns="urn:WebWorks-Document-Schema">
            <TextRun>
              <Text value="image viewers" />
            </TextRun>
          </Content>
          <Link href="C:\Documents and Settings\hadfielj\My Documents\ePublisher Pro Projects\NCIA Online Help\Output\WebWorks Help 5.0\NCIA Online Help\Searching NCIA.3.21.html" anchor="1083314" fileposition="38" first="false" />
        </Entry>
        <Entry name="ImageJ viewer" sort="ImageJ viewer">
          <Content xmlns="urn:WebWorks-Document-Schema">
            <TextRun>
              <Text value="ImageJ viewer" />
            </TextRun>
          </Content>
          <Link href="C:\Documents and Settings\hadfielj\My Documents\ePublisher Pro Projects\NCIA Online Help\Output\WebWorks Help 5.0\NCIA Online Help\Searching NCIA.3.21.html" anchor="1070600" fileposition="38" first="false" />
        </Entry>
        <Entry name="introduction" sort="introduction">
          <Content xmlns="urn:WebWorks-Document-Schema">
            <TextRun>
              <Text value="introduction" />
            </TextRun>
          </Content>
          <Link href="C:\Documents and Settings\hadfielj\My Documents\ePublisher Pro Projects\NCIA Online Help\Output\WebWorks Help 5.0\NCIA Online Help\Getting Started.2.2.html" anchor="1084099" fileposition="3" first="false" />
          <Link href="C:\Documents and Settings\hadfielj\My Documents\ePublisher Pro Projects\NCIA Online Help\Output\WebWorks Help 5.0\NCIA Online Help\Searching NCIA.3.21.html" anchor="1070599" fileposition="38" first="false" />
        </Entry>
        <Entry name="OSIRIX viewer" sort="OSIRIX viewer">
          <Content xmlns="urn:WebWorks-Document-Schema">
            <TextRun>
              <Text value="OSIRIX viewer" />
            </TextRun>
          </Content>
          <Link href="C:\Documents and Settings\hadfielj\My Documents\ePublisher Pro Projects\NCIA Online Help\Output\WebWorks Help 5.0\NCIA Online Help\Searching NCIA.3.21.html" anchor="1070601" fileposition="38" first="false" />
        </Entry>
        <Entry name="references" sort="references">
          <Content xmlns="urn:WebWorks-Document-Schema">
            <TextRun>
              <Text value="references" />
            </TextRun>
          </Content>
          <Link href="C:\Documents and Settings\hadfielj\My Documents\ePublisher Pro Projects\NCIA Online Help\Output\WebWorks Help 5.0\NCIA Online Help\appdix references.5.3.html" anchor="1058243" fileposition="47" first="true" />
        </Entry>
        <Entry name="Search criteria" sort="Search criteria">
          <Content xmlns="urn:WebWorks-Document-Schema">
            <TextRun>
              <Text value="Search criteria" />
            </TextRun>
          </Content>
          <Link href="C:\Documents and Settings\hadfielj\My Documents\ePublisher Pro Projects\NCIA Online Help\Output\WebWorks Help 5.0\NCIA Online Help\Searching NCIA.3.7.html" anchor="1085231" fileposition="24" first="false" />
        </Entry>
      </Entry>
      <Entry id="2_27" name="Digital image" sort="Digital image">
        <Content xmlns="urn:WebWorks-Document-Schema">
          <TextRun>
            <Text value="Digital image" />
          </TextRun>
        </Content>
        <Entry name="DICOM" sort="DICOM">
          <Content xmlns="urn:WebWorks-Document-Schema">
            <TextRun>
              <Text value="DICOM" />
            </TextRun>
          </Content>
          <Link href="C:\Documents and Settings\hadfielj\My Documents\ePublisher Pro Projects\NCIA Online Help\Output\WebWorks Help 5.0\NCIA Online Help\Getting Started.2.2.html" anchor="1084099" fileposition="3" first="false" />
          <Link href="C:\Documents and Settings\hadfielj\My Documents\ePublisher Pro Projects\NCIA Online Help\Output\WebWorks Help 5.0\NCIA Online Help\Searching NCIA.3.21.html" anchor="1070599" fileposition="38" first="false" />
        </Entry>
      </Entry>
      <Entry id="2_28" name="Downloading Data Basket" sort="Downloading Data Basket">
        <Content xmlns="urn:WebWorks-Document-Schema">
          <TextRun>
            <Text value="Downloading Data Basket" />
          </TextRun>
        </Content>
        <Link href="C:\Documents and Settings\hadfielj\My Documents\ePublisher Pro Projects\NCIA Online Help\Output\WebWorks Help 5.0\NCIA Online Help\Searching NCIA.3.20.html" anchor="1090496" fileposition="37" first="true" />
      </Entry>
    </Group>
    <Group id="2_29" name="E" sort="E">
      <Entry id="2_30" name="Editing a query" sort="Editing a query">
        <Content xmlns="urn:WebWorks-Document-Schema">
          <TextRun>
            <Text value="Editing a query" />
          </TextRun>
        </Content>
        <Link href="C:\Documents and Settings\hadfielj\My Documents\ePublisher Pro Projects\NCIA Online Help\Output\WebWorks Help 5.0\NCIA Online Help\Searching NCIA.3.11.html" anchor="1068627" fileposition="28" first="false" />
      </Entry>
      <Entry id="2_31" name="Email, FTP mail" sort="Email, FTP mail">
        <Content xmlns="urn:WebWorks-Document-Schema">
          <TextRun>
            <Text value="Email, FTP mail" />
          </TextRun>
        </Content>
        <Link href="C:\Documents and Settings\hadfielj\My Documents\ePublisher Pro Projects\NCIA Online Help\Output\WebWorks Help 5.0\NCIA Online Help\Searching NCIA.3.20.html" anchor="1070240" fileposition="37" first="false" />
      </Entry>
    </Group>
    <Group id="2_32" name="F" sort="F">
      <Entry id="2_33" name="Fetch FTP client software" sort="Fetch FTP client software">
        <Content xmlns="urn:WebWorks-Document-Schema">
          <TextRun>
            <Text value="Fetch FTP client software" />
          </TextRun>
        </Content>
        <Link href="C:\Documents and Settings\hadfielj\My Documents\ePublisher Pro Projects\NCIA Online Help\Output\WebWorks Help 5.0\NCIA Online Help\Searching NCIA.3.20.html" anchor="1085096" fileposition="37" first="false" />
      </Entry>
      <Entry id="2_34" name="Filezilla FTP client software" sort="Filezilla FTP client software">
        <Content xmlns="urn:WebWorks-Document-Schema">
          <TextRun>
            <Text value="Filezilla FTP client software" />
          </TextRun>
        </Content>
        <Link href="C:\Documents and Settings\hadfielj\My Documents\ePublisher Pro Projects\NCIA Online Help\Output\WebWorks Help 5.0\NCIA Online Help\Searching NCIA.3.20.html" anchor="1070242" fileposition="37" first="false" />
      </Entry>
      <Entry id="2_35" name="FTP" sort="FTP">
        <Content xmlns="urn:WebWorks-Document-Schema">
          <TextRun>
            <Text value="FTP" />
          </TextRun>
        </Content>
        <Entry name="client software" sort="client software">
          <Content xmlns="urn:WebWorks-Document-Schema">
            <TextRun>
              <Text value="client software" />
            </TextRun>
          </Content>
          <Link href="C:\Documents and Settings\hadfielj\My Documents\ePublisher Pro Projects\NCIA Online Help\Output\WebWorks Help 5.0\NCIA Online Help\Searching NCIA.3.20.html" anchor="1070240" fileposition="37" first="false" />
        </Entry>
        <Entry name="client software products" sort="client software products">
          <Content xmlns="urn:WebWorks-Document-Schema">
            <TextRun>
              <Text value="client software products" />
            </TextRun>
          </Content>
          <Link href="C:\Documents and Settings\hadfielj\My Documents\ePublisher Pro Projects\NCIA Online Help\Output\WebWorks Help 5.0\NCIA Online Help\appdix references.5.2.html" anchor="1056911" fileposition="46" first="true" />
        </Entry>
        <Entry name="download threshold" sort="download threshold">
          <Content xmlns="urn:WebWorks-Document-Schema">
            <TextRun>
              <Text value="download threshold" />
            </TextRun>
          </Content>
          <Link href="C:\Documents and Settings\hadfielj\My Documents\ePublisher Pro Projects\NCIA Online Help\Output\WebWorks Help 5.0\NCIA Online Help\Searching NCIA.3.20.html" anchor="1070239" fileposition="37" first="false" />
        </Entry>
        <Entry name="site" sort="site">
          <Content xmlns="urn:WebWorks-Document-Schema">
            <TextRun>
              <Text value="site" />
            </TextRun>
          </Content>
          <Link href="C:\Documents and Settings\hadfielj\My Documents\ePublisher Pro Projects\NCIA Online Help\Output\WebWorks Help 5.0\NCIA Online Help\Searching NCIA.3.20.html" anchor="1070240" fileposition="37" first="false" />
        </Entry>
      </Entry>
    </Group>
    <Group id="2_36" name="G" sort="G">
      <Entry id="2_37" name="Glossary" sort="Glossary">
        <Content xmlns="urn:WebWorks-Document-Schema">
          <TextRun>
            <Text value="Glossary" />
          </TextRun>
        </Content>
        <Link href="C:\Documents and Settings\hadfielj\My Documents\ePublisher Pro Projects\NCIA Online Help\Output\WebWorks Help 5.0\NCIA Online Help\appdix glossary.6.1.html" anchor="1065599" fileposition="50" first="false" />
      </Entry>
      <Entry id="2_38" name="Guided tour" sort="Guided tour">
        <Content xmlns="urn:WebWorks-Document-Schema">
          <TextRun>
            <Text value="Guided tour" />
          </TextRun>
        </Content>
        <Link href="C:\Documents and Settings\hadfielj\My Documents\ePublisher Pro Projects\NCIA Online Help\Output\WebWorks Help 5.0\NCIA Online Help\Getting Started.2.14.html" anchor="1087889" fileposition="15" first="false" />
      </Entry>
    </Group>
    <Group id="2_39" name="H" sort="H">
      <Entry id="2_40" name="Hierarchy of objects, NCIA" sort="Hierarchy of objects, NCIA">
        <Content xmlns="urn:WebWorks-Document-Schema">
          <TextRun>
            <Text value="Hierarchy of objects, NCIA" />
          </TextRun>
        </Content>
        <Link href="C:\Documents and Settings\hadfielj\My Documents\ePublisher Pro Projects\NCIA Online Help\Output\WebWorks Help 5.0\NCIA Online Help\Searching NCIA.3.2.html" anchor="1095943" fileposition="19" first="false" />
        <Link href="C:\Documents and Settings\hadfielj\My Documents\ePublisher Pro Projects\NCIA Online Help\Output\WebWorks Help 5.0\NCIA Online Help\Searching NCIA.3.13.html" anchor="1096155" fileposition="30" first="false" />
      </Entry>
      <Entry id="2_41" name="HTTP download threshold" sort="HTTP download threshold">
        <Content xmlns="urn:WebWorks-Document-Schema">
          <TextRun>
            <Text value="HTTP download threshold" />
          </TextRun>
        </Content>
        <Link href="C:\Documents and Settings\hadfielj\My Documents\ePublisher Pro Projects\NCIA Online Help\Output\WebWorks Help 5.0\NCIA Online Help\Searching NCIA.3.20.html" anchor="1070517" fileposition="37" first="false" />
      </Entry>
    </Group>
    <Group id="2_42" name="I" sort="I">
      <Entry id="2_43" name="Image" sort="Image">
        <Content xmlns="urn:WebWorks-Document-Schema">
          <TextRun>
            <Text value="Image" />
          </TextRun>
        </Content>
        <Entry name="annotations, uploading" sort="annotations, uploading">
          <Content xmlns="urn:WebWorks-Document-Schema">
            <TextRun>
              <Text value="annotations, uploading" />
            </TextRun>
          </Content>
          <Link href="C:\Documents and Settings\hadfielj\My Documents\ePublisher Pro Projects\NCIA Online Help\Output\WebWorks Help 5.0\NCIA Online Help\NCIA admin.4.4.html" anchor="1084187" fileposition="43" first="false" />
        </Entry>
        <Entry name="Modality(ies)" sort="Modality(ies)">
          <Content xmlns="urn:WebWorks-Document-Schema">
            <TextRun>
              <Text value="Modality(ies)" />
            </TextRun>
          </Content>
          <Link href="C:\Documents and Settings\hadfielj\My Documents\ePublisher Pro Projects\NCIA Online Help\Output\WebWorks Help 5.0\NCIA Online Help\Searching NCIA.3.7.html" anchor="1066944" fileposition="24" first="false" />
        </Entry>
        <Entry name="Slice Thickness" sort="Slice Thickness">
          <Content xmlns="urn:WebWorks-Document-Schema">
            <TextRun>
              <Text value="Slice Thickness" />
            </TextRun>
          </Content>
          <Link href="C:\Documents and Settings\hadfielj\My Documents\ePublisher Pro Projects\NCIA Online Help\Output\WebWorks Help 5.0\NCIA Online Help\Searching NCIA.3.3.html" anchor="1066765" fileposition="20" first="false" />
        </Entry>
        <Entry name="status assignment" sort="status assignment">
          <Content xmlns="urn:WebWorks-Document-Schema">
            <TextRun>
              <Text value="status assignment" />
            </TextRun>
          </Content>
          <Link href="C:\Documents and Settings\hadfielj\My Documents\ePublisher Pro Projects\NCIA Online Help\Output\WebWorks Help 5.0\NCIA Online Help\NCIA admin.4.3.html" anchor="1084996" fileposition="42" first="false" />
        </Entry>
        <Entry name="thumbnails" sort="thumbnails">
          <Content xmlns="urn:WebWorks-Document-Schema">
            <TextRun>
              <Text value="thumbnails" />
            </TextRun>
          </Content>
          <Link href="C:\Documents and Settings\hadfielj\My Documents\ePublisher Pro Projects\NCIA Online Help\Output\WebWorks Help 5.0\NCIA Online Help\Searching NCIA.3.16.html" anchor="1070119" fileposition="33" first="false" />
        </Entry>
      </Entry>
      <Entry id="2_44" name="Images" sort="Images">
        <Content xmlns="urn:WebWorks-Document-Schema">
          <TextRun>
            <Text value="Images" />
          </TextRun>
        </Content>
        <Entry name="for Series, Search Results" sort="for Series, Search Results">
          <Content xmlns="urn:WebWorks-Document-Schema">
            <TextRun>
              <Text value="for Series, Search Results" />
            </TextRun>
          </Content>
          <Link href="C:\Documents and Settings\hadfielj\My Documents\ePublisher Pro Projects\NCIA Online Help\Output\WebWorks Help 5.0\NCIA Online Help\Searching NCIA.3.16.html" anchor="1069283" fileposition="33" first="false" />
        </Entry>
        <Entry name="interpreting corresponding numbers" sort="interpreting corresponding numbers">
          <Content xmlns="urn:WebWorks-Document-Schema">
            <TextRun>
              <Text value="interpreting corresponding numbers" />
            </TextRun>
          </Content>
          <Link href="C:\Documents and Settings\hadfielj\My Documents\ePublisher Pro Projects\NCIA Online Help\Output\WebWorks Help 5.0\NCIA Online Help\Searching NCIA.3.19.html" anchor="1070323" fileposition="36" first="false" />
        </Entry>
        <Entry name="verifying submitted" sort="verifying submitted">
          <Content xmlns="urn:WebWorks-Document-Schema">
            <TextRun>
              <Text value="verifying submitted" />
            </TextRun>
          </Content>
          <Link href="C:\Documents and Settings\hadfielj\My Documents\ePublisher Pro Projects\NCIA Online Help\Output\WebWorks Help 5.0\NCIA Online Help\NCIA admin.4.5.html" anchor="1084918" fileposition="44" first="false" />
        </Entry>
      </Entry>
      <Entry id="2_45" name="Imaging archive, purpose" sort="Imaging archive, purpose">
        <Content xmlns="urn:WebWorks-Document-Schema">
          <TextRun>
            <Text value="Imaging archive, purpose" />
          </TextRun>
        </Content>
        <Link href="C:\Documents and Settings\hadfielj\My Documents\ePublisher Pro Projects\NCIA Online Help\Output\WebWorks Help 5.0\NCIA Online Help\Getting Started.2.2.html" anchor="1084024" fileposition="3" first="false" />
      </Entry>
      <Entry id="2_46" name="IRW" sort="IRW">
        <Content xmlns="urn:WebWorks-Document-Schema">
          <TextRun>
            <Text value="IRW" />
          </TextRun>
        </Content>
        <Entry name="Cedara I-Response Workstation URL" sort="Cedara I-Response Workstation URL">
          <Content xmlns="urn:WebWorks-Document-Schema">
            <TextRun>
              <Text value="Cedara I-Response Workstation URL" />
            </TextRun>
          </Content>
          <Link href="C:\Documents and Settings\hadfielj\My Documents\ePublisher Pro Projects\NCIA Online Help\Output\WebWorks Help 5.0\NCIA Online Help\appdix references.5.4.html" anchor="1059694" fileposition="48" first="true" />
        </Entry>
      </Entry>
    </Group>
    <Group id="2_48" name="K" sort="K">
      <Entry id="2_49" name="Keyword, annotation search" sort="Keyword, annotation search">
        <Content xmlns="urn:WebWorks-Document-Schema">
          <TextRun>
            <Text value="Keyword, annotation search" />
          </TextRun>
        </Content>
        <Link href="C:\Documents and Settings\hadfielj\My Documents\ePublisher Pro Projects\NCIA Online Help\Output\WebWorks Help 5.0\NCIA Online Help\Searching NCIA.3.6.html" anchor="1087312" fileposition="23" first="false" />
      </Entry>
      <Entry id="2_50" name="Kilovoltage Peak Distribution" sort="Kilovoltage Peak Distribution">
        <Content xmlns="urn:WebWorks-Document-Schema">
          <TextRun>
            <Text value="Kilovoltage Peak Distribution" />
          </TextRun>
        </Content>
        <Link href="C:\Documents and Settings\hadfielj\My Documents\ePublisher Pro Projects\NCIA Online Help\Output\WebWorks Help 5.0\NCIA Online Help\Searching NCIA.3.7.html" anchor="1067842" fileposition="24" first="false" />
      </Entry>
    </Group>
    <Group id="2_51" name="L" sort="L">
      <Entry id="2_52" name="Launching NCIA from another application" sort="Launching NCIA from another application">
        <Content xmlns="urn:WebWorks-Document-Schema">
          <TextRun>
            <Text value="Launching NCIA from another application" />
          </TextRun>
        </Content>
        <Link href="C:\Documents and Settings\hadfielj\My Documents\ePublisher Pro Projects\NCIA Online Help\Output\WebWorks Help 5.0\NCIA Online Help\Getting Started.2.15.html" anchor="1087647" fileposition="16" first="true" />
      </Entry>
      <Entry id="2_53" name="Login" sort="Login">
        <Content xmlns="urn:WebWorks-Document-Schema">
          <TextRun>
            <Text value="Login" />
          </TextRun>
        </Content>
        <Link href="C:\Documents and Settings\hadfielj\My Documents\ePublisher Pro Projects\NCIA Online Help\Output\WebWorks Help 5.0\NCIA Online Help\Getting Started.2.4.html" anchor="1084683" fileposition="5" first="false" />
      </Entry>
    </Group>
    <Group id="2_54" name="M" sort="M">
      <Entry id="2_55" name="Managing Data Basket" sort="Managing Data Basket">
        <Content xmlns="urn:WebWorks-Document-Schema">
          <TextRun>
            <Text value="Managing Data Basket" />
          </TextRun>
        </Content>
        <Link href="C:\Documents and Settings\hadfielj\My Documents\ePublisher Pro Projects\NCIA Online Help\Output\WebWorks Help 5.0\NCIA Online Help\Searching NCIA.3.19.html" anchor="1070298" fileposition="36" first="false" />
      </Entry>
      <Entry id="2_56" name="Manufacturer search criteria" sort="Manufacturer search criteria">
        <Content xmlns="urn:WebWorks-Document-Schema">
          <TextRun>
            <Text value="Manufacturer search criteria" />
          </TextRun>
        </Content>
        <Link href="C:\Documents and Settings\hadfielj\My Documents\ePublisher Pro Projects\NCIA Online Help\Output\WebWorks Help 5.0\NCIA Online Help\Searching NCIA.3.7.html" anchor="1084809" fileposition="24" first="false" />
      </Entry>
      <Entry id="2_57" name="Modality manufacturer" sort="Modality manufacturer">
        <Content xmlns="urn:WebWorks-Document-Schema">
          <TextRun>
            <Text value="Modality manufacturer" />
          </TextRun>
        </Content>
        <Link href="C:\Documents and Settings\hadfielj\My Documents\ePublisher Pro Projects\NCIA Online Help\Output\WebWorks Help 5.0\NCIA Online Help\Searching NCIA.3.7.html" anchor="1084809" fileposition="24" first="false" />
      </Entry>
    </Group>
    <Group id="2_58" name="N" sort="N">
      <Entry id="2_59" name="NCIA" sort="NCIA">
        <Content xmlns="urn:WebWorks-Document-Schema">
          <TextRun>
            <Text value="NCIA" />
          </TextRun>
        </Content>
        <Entry name="database search, introduction" sort="database search, introduction">
          <Content xmlns="urn:WebWorks-Document-Schema">
            <TextRun>
              <Text value="database search, introduction" />
            </TextRun>
          </Content>
          <Link href="C:\Documents and Settings\hadfielj\My Documents\ePublisher Pro Projects\NCIA Online Help\Output\WebWorks Help 5.0\NCIA Online Help\Searching NCIA.3.2.html" anchor="1087111" fileposition="19" first="false" />
        </Entry>
        <Entry name="launching from another application" sort="launching from another application">
          <Content xmlns="urn:WebWorks-Document-Schema">
            <TextRun>
              <Text value="launching from another application" />
            </TextRun>
          </Content>
          <Link href="C:\Documents and Settings\hadfielj\My Documents\ePublisher Pro Projects\NCIA Online Help\Output\WebWorks Help 5.0\NCIA Online Help\Getting Started.2.15.html" anchor="1087647" fileposition="16" first="true" />
        </Entry>
        <Entry name="login" sort="login">
          <Content xmlns="urn:WebWorks-Document-Schema">
            <TextRun>
              <Text value="login" />
            </TextRun>
          </Content>
          <Link href="C:\Documents and Settings\hadfielj\My Documents\ePublisher Pro Projects\NCIA Online Help\Output\WebWorks Help 5.0\NCIA Online Help\Getting Started.2.4.html" anchor="1084683" fileposition="5" first="false" />
        </Entry>
        <Entry name="News page Site Map" sort="News page Site Map">
          <Content xmlns="urn:WebWorks-Document-Schema">
            <TextRun>
              <Text value="News page Site Map" />
            </TextRun>
          </Content>
          <Link href="C:\Documents and Settings\hadfielj\My Documents\ePublisher Pro Projects\NCIA Online Help\Output\WebWorks Help 5.0\NCIA Online Help\Getting Started.2.12.html" anchor="1090633" fileposition="13" first="false" />
        </Entry>
        <Entry name="online help methods" sort="online help methods">
          <Content xmlns="urn:WebWorks-Document-Schema">
            <TextRun>
              <Text value="online help methods" />
            </TextRun>
          </Content>
          <Link href="C:\Documents and Settings\hadfielj\My Documents\ePublisher Pro Projects\NCIA Online Help\Output\WebWorks Help 5.0\NCIA Online Help\Getting Started.2.14.html" anchor="1084162" fileposition="15" first="false" />
        </Entry>
        <Entry name="pre-login options" sort="pre-login options">
          <Content xmlns="urn:WebWorks-Document-Schema">
            <TextRun>
              <Text value="pre-login options" />
            </TextRun>
          </Content>
          <Link href="C:\Documents and Settings\hadfielj\My Documents\ePublisher Pro Projects\NCIA Online Help\Output\WebWorks Help 5.0\NCIA Online Help\Getting Started.2.2.html" anchor="1084980" fileposition="3" first="false" />
        </Entry>
        <Entry name="purpose" sort="purpose">
          <Content xmlns="urn:WebWorks-Document-Schema">
            <TextRun>
              <Text value="purpose" />
            </TextRun>
          </Content>
          <Link href="C:\Documents and Settings\hadfielj\My Documents\ePublisher Pro Projects\NCIA Online Help\Output\WebWorks Help 5.0\NCIA Online Help\Getting Started.2.2.html" anchor="1084030" fileposition="3" first="false" />
        </Entry>
        <Entry name="Quick Links" sort="Quick Links">
          <Content xmlns="urn:WebWorks-Document-Schema">
            <TextRun>
              <Text value="Quick Links" />
            </TextRun>
          </Content>
          <Link href="C:\Documents and Settings\hadfielj\My Documents\ePublisher Pro Projects\NCIA Online Help\Output\WebWorks Help 5.0\NCIA Online Help\Getting Started.2.8.html" anchor="1090524" fileposition="9" first="false" />
        </Entry>
        <Entry name="URL references" sort="URL references">
          <Content xmlns="urn:WebWorks-Document-Schema">
            <TextRun>
              <Text value="URL references" />
            </TextRun>
          </Content>
          <Link href="C:\Documents and Settings\hadfielj\My Documents\ePublisher Pro Projects\NCIA Online Help\Output\WebWorks Help 5.0\NCIA Online Help\appdix references.5.4.html" anchor="1059694" fileposition="48" first="true" />
        </Entry>
      </Entry>
      <Entry id="2_60" name="NCICB Application Support" sort="NCICB Application Support">
        <Content xmlns="urn:WebWorks-Document-Schema">
          <TextRun>
            <Text value="NCICB Application Support" />
          </TextRun>
        </Content>
        <Link href="C:\Documents and Settings\hadfielj\My Documents\ePublisher Pro Projects\NCIA Online Help\Output\WebWorks Help 5.0\NCIA Online Help\Getting Started.2.16.html" anchor="1084578" fileposition="17" first="false" />
        <Link href="C:\Documents and Settings\hadfielj\My Documents\ePublisher Pro Projects\NCIA Online Help\Output\WebWorks Help 5.0\NCIA Online Help\Application Support.7.1.html" anchor="998295" fileposition="51" first="false" />
      </Entry>
      <Entry id="2_61" name="NetFinder FTP client software" sort="NetFinder FTP client software">
        <Content xmlns="urn:WebWorks-Document-Schema">
          <TextRun>
            <Text value="NetFinder FTP client software" />
          </TextRun>
        </Content>
        <Link href="C:\Documents and Settings\hadfielj\My Documents\ePublisher Pro Projects\NCIA Online Help\Output\WebWorks Help 5.0\NCIA Online Help\Searching NCIA.3.20.html" anchor="1070244" fileposition="37" first="false" />
      </Entry>
    </Group>
    <Group id="2_62" name="O" sort="O">
      <Entry id="2_63" name="Objects in NCIA, hierarchy of" sort="Objects in NCIA, hierarchy of">
        <Content xmlns="urn:WebWorks-Document-Schema">
          <TextRun>
            <Text value="Objects in NCIA, hierarchy of" />
          </TextRun>
        </Content>
        <Link href="C:\Documents and Settings\hadfielj\My Documents\ePublisher Pro Projects\NCIA Online Help\Output\WebWorks Help 5.0\NCIA Online Help\Searching NCIA.3.2.html" anchor="1095943" fileposition="19" first="false" />
        <Link href="C:\Documents and Settings\hadfielj\My Documents\ePublisher Pro Projects\NCIA Online Help\Output\WebWorks Help 5.0\NCIA Online Help\Searching NCIA.3.13.html" anchor="1096155" fileposition="30" first="false" />
      </Entry>
      <Entry id="2_64" name="Online Help" sort="Online Help">
        <Content xmlns="urn:WebWorks-Document-Schema">
          <TextRun>
            <Text value="Online Help" />
          </TextRun>
        </Content>
        <Link href="C:\Documents and Settings\hadfielj\My Documents\ePublisher Pro Projects\NCIA Online Help\Output\WebWorks Help 5.0\NCIA Online Help\Getting Started.2.14.html" anchor="1084162" fileposition="15" first="false" />
      </Entry>
      <Entry id="2_65" name="Online tutorial" sort="Online tutorial">
        <Content xmlns="urn:WebWorks-Document-Schema">
          <TextRun>
            <Text value="Online tutorial" />
          </TextRun>
        </Content>
        <Link href="C:\Documents and Settings\hadfielj\My Documents\ePublisher Pro Projects\NCIA Online Help\Output\WebWorks Help 5.0\NCIA Online Help\Getting Started.2.14.html" anchor="1087920" fileposition="15" first="false" />
      </Entry>
      <Entry id="2_66" name="OSIRIX DICOM viewer" sort="OSIRIX DICOM viewer">
        <Content xmlns="urn:WebWorks-Document-Schema">
          <TextRun>
            <Text value="OSIRIX DICOM viewer" />
          </TextRun>
        </Content>
        <Link href="C:\Documents and Settings\hadfielj\My Documents\ePublisher Pro Projects\NCIA Online Help\Output\WebWorks Help 5.0\NCIA Online Help\Searching NCIA.3.21.html" anchor="1070601" fileposition="38" first="false" />
      </Entry>
      <Entry id="2_67" name="Overview" sort="Overview">
        <Content xmlns="urn:WebWorks-Document-Schema">
          <TextRun>
            <Text value="Overview" />
          </TextRun>
        </Content>
        <Entry name="NCIA" sort="NCIA">
          <Content xmlns="urn:WebWorks-Document-Schema">
            <TextRun>
              <Text value="NCIA" />
            </TextRun>
          </Content>
          <Link href="C:\Documents and Settings\hadfielj\My Documents\ePublisher Pro Projects\NCIA Online Help\Output\WebWorks Help 5.0\NCIA Online Help\Getting Started.2.2.html" anchor="1084024" fileposition="3" first="false" />
        </Entry>
      </Entry>
    </Group>
    <Group id="2_68" name="P" sort="P">
      <Entry id="2_69" name="Parsing annotation spreadsheet" sort="Parsing annotation spreadsheet">
        <Content xmlns="urn:WebWorks-Document-Schema">
          <TextRun>
            <Text value="Parsing annotation spreadsheet" />
          </TextRun>
        </Content>
        <Link href="C:\Documents and Settings\hadfielj\My Documents\ePublisher Pro Projects\NCIA Online Help\Output\WebWorks Help 5.0\NCIA Online Help\NCIA admin.4.4.html" anchor="1084187" fileposition="43" first="false" />
      </Entry>
      <Entry id="2_70" name="Performing" sort="Performing">
        <Content xmlns="urn:WebWorks-Document-Schema">
          <TextRun>
            <Text value="Performing" />
          </TextRun>
        </Content>
        <Entry name="Advanced search" sort="Advanced search">
          <Content xmlns="urn:WebWorks-Document-Schema">
            <TextRun>
              <Text value="Advanced search" />
            </TextRun>
          </Content>
          <Link href="C:\Documents and Settings\hadfielj\My Documents\ePublisher Pro Projects\NCIA Online Help\Output\WebWorks Help 5.0\NCIA Online Help\Searching NCIA.3.7.html" anchor="1067129" fileposition="24" first="false" />
        </Entry>
        <Entry name="Simple search" sort="Simple search">
          <Content xmlns="urn:WebWorks-Document-Schema">
            <TextRun>
              <Text value="Simple search" />
            </TextRun>
          </Content>
          <Link href="C:\Documents and Settings\hadfielj\My Documents\ePublisher Pro Projects\NCIA Online Help\Output\WebWorks Help 5.0\NCIA Online Help\Searching NCIA.3.3.html" anchor="1066742" fileposition="20" first="false" />
        </Entry>
      </Entry>
    </Group>
    <Group id="2_71" name="Q" sort="Q">
      <Entry id="2_72" name="QA tools, using" sort="QA tools, using">
        <Content xmlns="urn:WebWorks-Document-Schema">
          <TextRun>
            <Text value="QA tools, using" />
          </TextRun>
        </Content>
        <Link href="C:\Documents and Settings\hadfielj\My Documents\ePublisher Pro Projects\NCIA Online Help\Output\WebWorks Help 5.0\NCIA Online Help\NCIA admin.4.3.html" anchor="1084996" fileposition="42" first="false" />
      </Entry>
      <Entry id="2_73" name="Query History, viewing" sort="Query History, viewing">
        <Content xmlns="urn:WebWorks-Document-Schema">
          <TextRun>
            <Text value="Query History, viewing" />
          </TextRun>
        </Content>
        <Link href="C:\Documents and Settings\hadfielj\My Documents\ePublisher Pro Projects\NCIA Online Help\Output\WebWorks Help 5.0\NCIA Online Help\Searching NCIA.3.12.html" anchor="1102599" fileposition="29" first="false" />
      </Entry>
      <Entry id="2_74" name="Quick Links" sort="Quick Links">
        <Content xmlns="urn:WebWorks-Document-Schema">
          <TextRun>
            <Text value="Quick Links" />
          </TextRun>
        </Content>
        <Link href="C:\Documents and Settings\hadfielj\My Documents\ePublisher Pro Projects\NCIA Online Help\Output\WebWorks Help 5.0\NCIA Online Help\Getting Started.2.8.html" anchor="1090524" fileposition="9" first="false" />
      </Entry>
    </Group>
    <Group id="2_75" name="R" sort="R">
      <Entry id="2_76" name="Results" sort="Results">
        <Content xmlns="urn:WebWorks-Document-Schema">
          <TextRun>
            <Text value="Results" />
          </TextRun>
        </Content>
        <Entry name="by subject" sort="by subject">
          <Content xmlns="urn:WebWorks-Document-Schema">
            <TextRun>
              <Text value="by subject" />
            </TextRun>
          </Content>
          <Link href="C:\Documents and Settings\hadfielj\My Documents\ePublisher Pro Projects\NCIA Online Help\Output\WebWorks Help 5.0\NCIA Online Help\Searching NCIA.3.14.html" anchor="1069030" fileposition="31" first="false" />
        </Entry>
        <Entry name="Images for Series" sort="Images for Series">
          <Content xmlns="urn:WebWorks-Document-Schema">
            <TextRun>
              <Text value="Images for Series" />
            </TextRun>
          </Content>
          <Link href="C:\Documents and Settings\hadfielj\My Documents\ePublisher Pro Projects\NCIA Online Help\Output\WebWorks Help 5.0\NCIA Online Help\Searching NCIA.3.16.html" anchor="1069283" fileposition="33" first="false" />
        </Entry>
        <Entry name="Studies for Subject" sort="Studies for Subject">
          <Content xmlns="urn:WebWorks-Document-Schema">
            <TextRun>
              <Text value="Studies for Subject" />
            </TextRun>
          </Content>
          <Link href="C:\Documents and Settings\hadfielj\My Documents\ePublisher Pro Projects\NCIA Online Help\Output\WebWorks Help 5.0\NCIA Online Help\Searching NCIA.3.15.html" anchor="1069368" fileposition="32" first="false" />
        </Entry>
      </Entry>
    </Group>
    <Group id="2_77" name="S" sort="S">
      <Entry id="2_78" name="Saved Queries" sort="Saved Queries">
        <Content xmlns="urn:WebWorks-Document-Schema">
          <TextRun>
            <Text value="Saved Queries" />
          </TextRun>
        </Content>
        <Entry name="Query History" sort="Query History">
          <Content xmlns="urn:WebWorks-Document-Schema">
            <TextRun>
              <Text value="Query History" />
            </TextRun>
          </Content>
          <Link href="C:\Documents and Settings\hadfielj\My Documents\ePublisher Pro Projects\NCIA Online Help\Output\WebWorks Help 5.0\NCIA Online Help\Searching NCIA.3.12.html" anchor="1102599" fileposition="29" first="false" />
        </Entry>
        <Entry name="table" sort="table">
          <Content xmlns="urn:WebWorks-Document-Schema">
            <TextRun>
              <Text value="table" />
            </TextRun>
          </Content>
          <Link href="C:\Documents and Settings\hadfielj\My Documents\ePublisher Pro Projects\NCIA Online Help\Output\WebWorks Help 5.0\NCIA Online Help\Searching NCIA.3.10.html" anchor="1095013" fileposition="27" first="false" />
        </Entry>
        <Entry name="viewing" sort="viewing">
          <Content xmlns="urn:WebWorks-Document-Schema">
            <TextRun>
              <Text value="viewing" />
            </TextRun>
          </Content>
          <Link href="C:\Documents and Settings\hadfielj\My Documents\ePublisher Pro Projects\NCIA Online Help\Output\WebWorks Help 5.0\NCIA Online Help\Searching NCIA.3.10.html" anchor="1095013" fileposition="27" first="false" />
        </Entry>
      </Entry>
      <Entry id="2_79" name="Saved Query" sort="Saved Query">
        <Content xmlns="urn:WebWorks-Document-Schema">
          <TextRun>
            <Text value="Saved Query" />
          </TextRun>
        </Content>
        <Entry name="deleting" sort="deleting">
          <Content xmlns="urn:WebWorks-Document-Schema">
            <TextRun>
              <Text value="deleting" />
            </TextRun>
          </Content>
          <Link href="C:\Documents and Settings\hadfielj\My Documents\ePublisher Pro Projects\NCIA Online Help\Output\WebWorks Help 5.0\NCIA Online Help\Searching NCIA.3.10.html" anchor="1089387" fileposition="27" first="false" />
        </Entry>
        <Entry name="editing" sort="editing">
          <Content xmlns="urn:WebWorks-Document-Schema">
            <TextRun>
              <Text value="editing" />
            </TextRun>
          </Content>
          <Link href="C:\Documents and Settings\hadfielj\My Documents\ePublisher Pro Projects\NCIA Online Help\Output\WebWorks Help 5.0\NCIA Online Help\Searching NCIA.3.11.html" anchor="1068627" fileposition="28" first="false" />
        </Entry>
      </Entry>
      <Entry id="2_80" name="Search" sort="Search">
        <Content xmlns="urn:WebWorks-Document-Schema">
          <TextRun>
            <Text value="Search" />
          </TextRun>
        </Content>
        <Entry name="Advanced" sort="Advanced">
          <Content xmlns="urn:WebWorks-Document-Schema">
            <TextRun>
              <Text value="Advanced" />
            </TextRun>
          </Content>
          <Link href="C:\Documents and Settings\hadfielj\My Documents\ePublisher Pro Projects\NCIA Online Help\Output\WebWorks Help 5.0\NCIA Online Help\Searching NCIA.3.7.html" anchor="1066935" fileposition="24" first="true" />
        </Entry>
        <Entry name="annotation keywords" sort="annotation keywords">
          <Content xmlns="urn:WebWorks-Document-Schema">
            <TextRun>
              <Text value="annotation keywords" />
            </TextRun>
          </Content>
          <Link href="C:\Documents and Settings\hadfielj\My Documents\ePublisher Pro Projects\NCIA Online Help\Output\WebWorks Help 5.0\NCIA Online Help\Searching NCIA.3.6.html" anchor="1087312" fileposition="23" first="false" />
        </Entry>
        <Entry name="curation data" sort="curation data">
          <Content xmlns="urn:WebWorks-Document-Schema">
            <TextRun>
              <Text value="curation data" />
            </TextRun>
          </Content>
          <Link href="C:\Documents and Settings\hadfielj\My Documents\ePublisher Pro Projects\NCIA Online Help\Output\WebWorks Help 5.0\NCIA Online Help\Searching NCIA.3.5.html" anchor="1095061" fileposition="22" first="false" />
          <Link href="C:\Documents and Settings\hadfielj\My Documents\ePublisher Pro Projects\NCIA Online Help\Output\WebWorks Help 5.0\NCIA Online Help\Searching NCIA.3.5.html" anchor="1111721" fileposition="22" first="false" />
        </Entry>
        <Entry name="introduction" sort="introduction">
          <Content xmlns="urn:WebWorks-Document-Schema">
            <TextRun>
              <Text value="introduction" />
            </TextRun>
          </Content>
          <Link href="C:\Documents and Settings\hadfielj\My Documents\ePublisher Pro Projects\NCIA Online Help\Output\WebWorks Help 5.0\NCIA Online Help\Searching NCIA.3.2.html" anchor="1087111" fileposition="19" first="false" />
        </Entry>
        <Entry name="page criteria" sort="page criteria">
          <Content xmlns="urn:WebWorks-Document-Schema">
            <TextRun>
              <Text value="page criteria" />
            </TextRun>
          </Content>
          <Link href="C:\Documents and Settings\hadfielj\My Documents\ePublisher Pro Projects\NCIA Online Help\Output\WebWorks Help 5.0\NCIA Online Help\Searching NCIA.3.2.html" anchor="1066371" fileposition="19" first="false" />
        </Entry>
        <Entry name="query, saving" sort="query, saving">
          <Content xmlns="urn:WebWorks-Document-Schema">
            <TextRun>
              <Text value="query, saving" />
            </TextRun>
          </Content>
          <Link href="C:\Documents and Settings\hadfielj\My Documents\ePublisher Pro Projects\NCIA Online Help\Output\WebWorks Help 5.0\NCIA Online Help\Searching NCIA.3.9.html" anchor="1088868" fileposition="26" first="false" />
        </Entry>
        <Entry name="Simple" sort="Simple">
          <Content xmlns="urn:WebWorks-Document-Schema">
            <TextRun>
              <Text value="Simple" />
            </TextRun>
          </Content>
          <Link href="C:\Documents and Settings\hadfielj\My Documents\ePublisher Pro Projects\NCIA Online Help\Output\WebWorks Help 5.0\NCIA Online Help\Searching NCIA.3.3.html" anchor="1066742" fileposition="20" first="false" />
        </Entry>
      </Entry>
      <Entry id="2_81" name="Search criteria" sort="Search criteria">
        <Content xmlns="urn:WebWorks-Document-Schema">
          <TextRun>
            <Text value="Search criteria" />
          </TextRun>
        </Content>
        <Entry name="Advanced search" sort="Advanced search">
          <Content xmlns="urn:WebWorks-Document-Schema">
            <TextRun>
              <Text value="Advanced search" />
            </TextRun>
          </Content>
          <Link href="C:\Documents and Settings\hadfielj\My Documents\ePublisher Pro Projects\NCIA Online Help\Output\WebWorks Help 5.0\NCIA Online Help\Searching NCIA.3.7.html" anchor="1088794" fileposition="24" first="false" />
        </Entry>
        <Entry name="DICOM" sort="DICOM">
          <Content xmlns="urn:WebWorks-Document-Schema">
            <TextRun>
              <Text value="DICOM" />
            </TextRun>
          </Content>
          <Link href="C:\Documents and Settings\hadfielj\My Documents\ePublisher Pro Projects\NCIA Online Help\Output\WebWorks Help 5.0\NCIA Online Help\Searching NCIA.3.7.html" anchor="1085231" fileposition="24" first="false" />
        </Entry>
        <Entry name="modality manufacturer" sort="modality manufacturer">
          <Content xmlns="urn:WebWorks-Document-Schema">
            <TextRun>
              <Text value="modality manufacturer" />
            </TextRun>
          </Content>
          <Link href="C:\Documents and Settings\hadfielj\My Documents\ePublisher Pro Projects\NCIA Online Help\Output\WebWorks Help 5.0\NCIA Online Help\Searching NCIA.3.7.html" anchor="1084809" fileposition="24" first="false" />
        </Entry>
        <Entry name="Simple search" sort="Simple search">
          <Content xmlns="urn:WebWorks-Document-Schema">
            <TextRun>
              <Text value="Simple search" />
            </TextRun>
          </Content>
          <Link href="C:\Documents and Settings\hadfielj\My Documents\ePublisher Pro Projects\NCIA Online Help\Output\WebWorks Help 5.0\NCIA Online Help\Searching NCIA.3.3.html" anchor="1066743" fileposition="20" first="false" />
        </Entry>
        <Entry name="summary page" sort="summary page">
          <Content xmlns="urn:WebWorks-Document-Schema">
            <TextRun>
              <Text value="summary page" />
            </TextRun>
          </Content>
          <Link href="C:\Documents and Settings\hadfielj\My Documents\ePublisher Pro Projects\NCIA Online Help\Output\WebWorks Help 5.0\NCIA Online Help\Searching NCIA.3.8.html" anchor="1068000" fileposition="25" first="false" />
        </Entry>
      </Entry>
      <Entry id="2_82" name="Search page" sort="Search page">
        <Content xmlns="urn:WebWorks-Document-Schema">
          <TextRun>
            <Text value="Search page" />
          </TextRun>
        </Content>
        <Entry name="drop-down lists" sort="drop-down lists">
          <Content xmlns="urn:WebWorks-Document-Schema">
            <TextRun>
              <Text value="drop-down lists" />
            </TextRun>
          </Content>
          <Link href="C:\Documents and Settings\hadfielj\My Documents\ePublisher Pro Projects\NCIA Online Help\Output\WebWorks Help 5.0\NCIA Online Help\Searching NCIA.3.2.html" anchor="1096502" fileposition="19" first="false" />
        </Entry>
        <Entry name="selection boxes" sort="selection boxes">
          <Content xmlns="urn:WebWorks-Document-Schema">
            <TextRun>
              <Text value="selection boxes" />
            </TextRun>
          </Content>
          <Link href="C:\Documents and Settings\hadfielj\My Documents\ePublisher Pro Projects\NCIA Online Help\Output\WebWorks Help 5.0\NCIA Online Help\Searching NCIA.3.2.html" anchor="1096502" fileposition="19" first="false" />
        </Entry>
        <Entry name="text fields" sort="text fields">
          <Content xmlns="urn:WebWorks-Document-Schema">
            <TextRun>
              <Text value="text fields" />
            </TextRun>
          </Content>
          <Link href="C:\Documents and Settings\hadfielj\My Documents\ePublisher Pro Projects\NCIA Online Help\Output\WebWorks Help 5.0\NCIA Online Help\Searching NCIA.3.2.html" anchor="1096502" fileposition="19" first="false" />
        </Entry>
      </Entry>
      <Entry id="2_83" name="Search Results" sort="Search Results">
        <Content xmlns="urn:WebWorks-Document-Schema">
          <TextRun>
            <Text value="Search Results" />
          </TextRun>
        </Content>
        <Entry name="By Subject" sort="By Subject">
          <Content xmlns="urn:WebWorks-Document-Schema">
            <TextRun>
              <Text value="By Subject" />
            </TextRun>
          </Content>
          <Link href="C:\Documents and Settings\hadfielj\My Documents\ePublisher Pro Projects\NCIA Online Help\Output\WebWorks Help 5.0\NCIA Online Help\Searching NCIA.3.14.html" anchor="1069030" fileposition="31" first="false" />
        </Entry>
        <Entry name="Images for Series" sort="Images for Series">
          <Content xmlns="urn:WebWorks-Document-Schema">
            <TextRun>
              <Text value="Images for Series" />
            </TextRun>
          </Content>
          <Link href="C:\Documents and Settings\hadfielj\My Documents\ePublisher Pro Projects\NCIA Online Help\Output\WebWorks Help 5.0\NCIA Online Help\Searching NCIA.3.16.html" anchor="1069283" fileposition="33" first="false" />
        </Entry>
        <Entry name="Studies for Subject" sort="Studies for Subject">
          <Content xmlns="urn:WebWorks-Document-Schema">
            <TextRun>
              <Text value="Studies for Subject" />
            </TextRun>
          </Content>
          <Link href="C:\Documents and Settings\hadfielj\My Documents\ePublisher Pro Projects\NCIA Online Help\Output\WebWorks Help 5.0\NCIA Online Help\Searching NCIA.3.15.html" anchor="1069368" fileposition="32" first="false" />
        </Entry>
      </Entry>
      <Entry id="2_84" name="Series, number of" sort="Series, number of">
        <Content xmlns="urn:WebWorks-Document-Schema">
          <TextRun>
            <Text value="Series, number of" />
          </TextRun>
        </Content>
        <Link href="C:\Documents and Settings\hadfielj\My Documents\ePublisher Pro Projects\NCIA Online Help\Output\WebWorks Help 5.0\NCIA Online Help\Searching NCIA.3.14.html" anchor="1069053" fileposition="31" first="false" />
      </Entry>
      <Entry id="2_85" name="Simple Search" sort="Simple Search">
        <Content xmlns="urn:WebWorks-Document-Schema">
          <TextRun>
            <Text value="Simple Search" />
          </TextRun>
        </Content>
        <Link href="C:\Documents and Settings\hadfielj\My Documents\ePublisher Pro Projects\NCIA Online Help\Output\WebWorks Help 5.0\NCIA Online Help\Searching NCIA.3.3.html" anchor="1066742" fileposition="20" first="false" />
      </Entry>
      <Entry id="2_86" name="Site Map" sort="Site Map">
        <Content xmlns="urn:WebWorks-Document-Schema">
          <TextRun>
            <Text value="Site Map" />
          </TextRun>
        </Content>
        <Link href="C:\Documents and Settings\hadfielj\My Documents\ePublisher Pro Projects\NCIA Online Help\Output\WebWorks Help 5.0\NCIA Online Help\Getting Started.2.12.html" anchor="1090633" fileposition="13" first="false" />
      </Entry>
      <Entry id="2_87" name="Spreadsheet, annotations upload" sort="Spreadsheet, annotations upload">
        <Content xmlns="urn:WebWorks-Document-Schema">
          <TextRun>
            <Text value="Spreadsheet, annotations upload" />
          </TextRun>
        </Content>
        <Link href="C:\Documents and Settings\hadfielj\My Documents\ePublisher Pro Projects\NCIA Online Help\Output\WebWorks Help 5.0\NCIA Online Help\NCIA admin.4.4.html" anchor="1084187" fileposition="43" first="false" />
      </Entry>
      <Entry id="2_88" name="Studies for Subject search results" sort="Studies for Subject search results">
        <Content xmlns="urn:WebWorks-Document-Schema">
          <TextRun>
            <Text value="Studies for Subject search results" />
          </TextRun>
        </Content>
        <Link href="C:\Documents and Settings\hadfielj\My Documents\ePublisher Pro Projects\NCIA Online Help\Output\WebWorks Help 5.0\NCIA Online Help\Searching NCIA.3.15.html" anchor="1069368" fileposition="32" first="false" />
      </Entry>
      <Entry id="2_89" name="Studies, number of" sort="Studies, number of">
        <Content xmlns="urn:WebWorks-Document-Schema">
          <TextRun>
            <Text value="Studies, number of" />
          </TextRun>
        </Content>
        <Link href="C:\Documents and Settings\hadfielj\My Documents\ePublisher Pro Projects\NCIA Online Help\Output\WebWorks Help 5.0\NCIA Online Help\Searching NCIA.3.14.html" anchor="1069049" fileposition="31" first="false" />
      </Entry>
    </Group>
    <Group id="2_90" name="T" sort="T">
      <Entry id="2_91" name="Transferring FTP file" sort="Transferring FTP file">
        <Content xmlns="urn:WebWorks-Document-Schema">
          <TextRun>
            <Text value="Transferring FTP file" />
          </TextRun>
        </Content>
        <Link href="C:\Documents and Settings\hadfielj\My Documents\ePublisher Pro Projects\NCIA Online Help\Output\WebWorks Help 5.0\NCIA Online Help\Searching NCIA.3.20.html" anchor="1095032" fileposition="37" first="false" />
      </Entry>
    </Group>
    <Group id="2_92" name="U" sort="U">
      <Entry id="2_93" name="Uploading annotation spreadsheet" sort="Uploading annotation spreadsheet">
        <Content xmlns="urn:WebWorks-Document-Schema">
          <TextRun>
            <Text value="Uploading annotation spreadsheet" />
          </TextRun>
        </Content>
        <Link href="C:\Documents and Settings\hadfielj\My Documents\ePublisher Pro Projects\NCIA Online Help\Output\WebWorks Help 5.0\NCIA Online Help\NCIA admin.4.4.html" anchor="1084187" fileposition="43" first="false" />
      </Entry>
      <Entry id="2_94" name="User" sort="User">
        <Content xmlns="urn:WebWorks-Document-Schema">
          <TextRun>
            <Text value="User" />
          </TextRun>
        </Content>
        <Entry name="creating account" sort="creating account">
          <Content xmlns="urn:WebWorks-Document-Schema">
            <TextRun>
              <Text value="creating account" />
            </TextRun>
          </Content>
          <Link href="C:\Documents and Settings\hadfielj\My Documents\ePublisher Pro Projects\NCIA Online Help\Output\WebWorks Help 5.0\NCIA Online Help\Getting Started.2.3.html" anchor="1084810" fileposition="4" first="false" />
        </Entry>
        <Entry name="login" sort="login">
          <Content xmlns="urn:WebWorks-Document-Schema">
            <TextRun>
              <Text value="login" />
            </TextRun>
          </Content>
          <Link href="C:\Documents and Settings\hadfielj\My Documents\ePublisher Pro Projects\NCIA Online Help\Output\WebWorks Help 5.0\NCIA Online Help\Getting Started.2.4.html" anchor="1084683" fileposition="5" first="false" />
        </Entry>
      </Entry>
    </Group>
    <Group id="2_95" name="V" sort="V">
      <Entry id="2_96" name="Verifying submitted images" sort="Verifying submitted images">
        <Content xmlns="urn:WebWorks-Document-Schema">
          <TextRun>
            <Text value="Verifying submitted images" />
          </TextRun>
        </Content>
        <Link href="C:\Documents and Settings\hadfielj\My Documents\ePublisher Pro Projects\NCIA Online Help\Output\WebWorks Help 5.0\NCIA Online Help\NCIA admin.4.5.html" anchor="1084918" fileposition="44" first="false" />
      </Entry>
      <Entry id="2_97" name="Viewing Query History" sort="Viewing Query History">
        <Content xmlns="urn:WebWorks-Document-Schema">
          <TextRun>
            <Text value="Viewing Query History" />
          </TextRun>
        </Content>
        <Link href="C:\Documents and Settings\hadfielj\My Documents\ePublisher Pro Projects\NCIA Online Help\Output\WebWorks Help 5.0\NCIA Online Help\Searching NCIA.3.12.html" anchor="1102599" fileposition="29" first="false" />
      </Entry>
      <Entry id="2_98" name="Viewing Saved Queries" sort="Viewing Saved Queries">
        <Content xmlns="urn:WebWorks-Document-Schema">
          <TextRun>
            <Text value="Viewing Saved Queries" />
          </TextRun>
        </Content>
        <Link href="C:\Documents and Settings\hadfielj\My Documents\ePublisher Pro Projects\NCIA Online Help\Output\WebWorks Help 5.0\NCIA Online Help\Searching NCIA.3.10.html" anchor="1095013" fileposition="27" first="false" />
      </Entry>
    </Group>
  </Section>
</Index>