<?xml version="1.0" encoding="utf-8"?>
<TableOfContents version="1.0" xmlns="urn:WebWorks-Engine-TOC-Schema">
  <Entry id="1052621" documentID="724D538A7346C9A" level="1" documentposition="1" path="C:\Documents and Settings\hadfielj\My Documents\ePublisher Pro Projects\NCIA Online Help\Output\WebWorks Help 5.0\NCIA Online Help\Welcome to NCIA.1.1.html" linkid="1052621" fileposition="1" first="true">
    <Paragraph xmlns="urn:WebWorks-Document-Schema">
      <Style>
        <Attribute name="text-align" value="Right" />
        <Attribute name="text-indent" value="0pt" />
        <Attribute name="margin-left" value="0pt" />
        <Attribute name="margin-right" value="0pt" />
        <Attribute name="margin-top" value="0.0pt" />
        <Attribute name="margin-bottom" value="13.0pt" />
        <Attribute name="line-spacing" value="0pt" />
        <Attribute name="color" value="#515186" />
        <Attribute name="font-family" value="Palatino Linotype" />
        <Attribute name="font-size" value="27.0pt" />
        <Attribute name="font-weight" value="bold" />
        <Attribute name="font-style" value="normal" />
        <Attribute name="font-variant" value="" />
        <Attribute name="text-transform" value="none" />
        <Attribute name="text-decoration-underline" value="none" />
        <Attribute name="text-decoration-line-through" value="none" />
        <Attribute name="vertical-align" value="baseline" />
      </Style>
      <TextRun id="tr1052621-1">
        <Text value="Welcome to the National Cancer " />
      </TextRun>
      <TextRun id="tr1052621-2">
        <Text value="Imaging Archive (NCIA) " />
      </TextRun>
    </Paragraph>
    <Paragraph id="1052621" documentposition="1" splitpriority="1" xmlns="urn:WebWorks-Behaviors-Schema" />
  </Entry>
  <Entry id="1104591" documentID="36C7F764E958B21" level="1" documentposition="3" path="C:\Documents and Settings\hadfielj\My Documents\ePublisher Pro Projects\NCIA Online Help\Output\WebWorks Help 5.0\NCIA Online Help\Getting Started.2.1.html" linkid="1104591" fileposition="2" first="true">
    <Paragraph xmlns="urn:WebWorks-Document-Schema">
      <Style>
        <Attribute name="text-align" value="Right" />
        <Attribute name="text-indent" value="0pt" />
        <Attribute name="margin-left" value="0pt" />
        <Attribute name="margin-right" value="0pt" />
        <Attribute name="margin-top" value="0.0pt" />
        <Attribute name="margin-bottom" value="13.0pt" />
        <Attribute name="line-spacing" value="0pt" />
        <Attribute name="color" value="#515186" />
        <Attribute name="font-family" value="Palatino Linotype" />
        <Attribute name="font-size" value="27.0pt" />
        <Attribute name="font-weight" value="bold" />
        <Attribute name="font-style" value="normal" />
        <Attribute name="font-variant" value="" />
        <Attribute name="text-transform" value="none" />
        <Attribute name="text-decoration-underline" value="none" />
        <Attribute name="text-decoration-line-through" value="none" />
        <Attribute name="vertical-align" value="baseline" />
      </Style>
      <TextRun id="tr1104591-1">
        <Text value="Getting Started in N" />
        <Text value="CIA " />
      </TextRun>
    </Paragraph>
    <Paragraph id="1104591" documentposition="3" splitpriority="1" xmlns="urn:WebWorks-Behaviors-Schema" />
    <Entry id="1064696" documentID="36C7F764E958B21" level="2" documentposition="13" path="C:\Documents and Settings\hadfielj\My Documents\ePublisher Pro Projects\NCIA Online Help\Output\WebWorks Help 5.0\NCIA Online Help\Getting Started.2.2.html" linkid="1064696" fileposition="3" first="true">
      <Paragraph xmlns="urn:WebWorks-Document-Schema">
        <Style>
          <Attribute name="text-align" value="Left" />
          <Attribute name="text-indent" value="0pt" />
          <Attribute name="margin-left" value="0pt" />
          <Attribute name="margin-right" value="0pt" />
          <Attribute name="margin-top" value="9.0pt" />
          <Attribute name="margin-bottom" value="12.0pt" />
          <Attribute name="line-spacing" value="0pt" />
          <Attribute name="color" value="#515186" />
          <Attribute name="font-family" value="Palatino Linotype" />
          <Attribute name="font-size" value="16.0pt" />
          <Attribute name="font-weight" value="bold" />
          <Attribute name="font-style" value="normal" />
          <Attribute name="font-variant" value="normal" />
          <Attribute name="text-transform" value="none" />
          <Attribute name="text-decoration-underline" value="none" />
          <Attribute name="text-decoration-line-through" value="none" />
          <Attribute name="vertical-align" value="baseline" />
        </Style>
        <TextRun id="tr1064696-1">
          <Text value="Introduction to NCIA" />
        </TextRun>
      </Paragraph>
      <Paragraph id="1064696" documentposition="13" splitpriority="2" xmlns="urn:WebWorks-Behaviors-Schema" />
    </Entry>
    <Entry id="1084793" documentID="36C7F764E958B21" level="2" documentposition="27" path="C:\Documents and Settings\hadfielj\My Documents\ePublisher Pro Projects\NCIA Online Help\Output\WebWorks Help 5.0\NCIA Online Help\Getting Started.2.3.html" linkid="1084793" fileposition="4" first="true">
      <Paragraph xmlns="urn:WebWorks-Document-Schema">
        <Style>
          <Attribute name="text-align" value="Left" />
          <Attribute name="text-indent" value="0pt" />
          <Attribute name="margin-left" value="0pt" />
          <Attribute name="margin-right" value="0pt" />
          <Attribute name="margin-top" value="9.0pt" />
          <Attribute name="margin-bottom" value="12.0pt" />
          <Attribute name="line-spacing" value="0pt" />
          <Attribute name="color" value="#515186" />
          <Attribute name="font-family" value="Palatino Linotype" />
          <Attribute name="font-size" value="16.0pt" />
          <Attribute name="font-weight" value="bold" />
          <Attribute name="font-style" value="normal" />
          <Attribute name="font-variant" value="normal" />
          <Attribute name="text-transform" value="none" />
          <Attribute name="text-decoration-underline" value="none" />
          <Attribute name="text-decoration-line-through" value="none" />
          <Attribute name="vertical-align" value="baseline" />
        </Style>
        <TextRun id="tr1084793-1">
          <Text value="C" />
          <Text value="reating a New User Account" />
        </TextRun>
      </Paragraph>
      <Paragraph id="1084793" documentposition="27" splitpriority="2" xmlns="urn:WebWorks-Behaviors-Schema">
        <Marker behavior="topic" id="1088058">
          <Marker id="1088058" name="TopicAlias" xmlns="urn:WebWorks-Document-Schema">
            <TextRun id="tr1088058-1">
              <Text value="user_registration_help" />
            </TextRun>
          </Marker>
        </Marker>
      </Paragraph>
    </Entry>
    <Entry id="1084015" documentID="36C7F764E958B21" level="2" documentposition="37" path="C:\Documents and Settings\hadfielj\My Documents\ePublisher Pro Projects\NCIA Online Help\Output\WebWorks Help 5.0\NCIA Online Help\Getting Started.2.4.html" linkid="1084015" fileposition="5" first="true">
      <Paragraph xmlns="urn:WebWorks-Document-Schema">
        <Style>
          <Attribute name="text-align" value="Left" />
          <Attribute name="text-indent" value="0pt" />
          <Attribute name="margin-left" value="0pt" />
          <Attribute name="margin-right" value="0pt" />
          <Attribute name="margin-top" value="9.0pt" />
          <Attribute name="margin-bottom" value="12.0pt" />
          <Attribute name="line-spacing" value="0pt" />
          <Attribute name="color" value="#515186" />
          <Attribute name="font-family" value="Palatino Linotype" />
          <Attribute name="font-size" value="16.0pt" />
          <Attribute name="font-weight" value="bold" />
          <Attribute name="font-style" value="normal" />
          <Attribute name="font-variant" value="normal" />
          <Attribute name="text-transform" value="none" />
          <Attribute name="text-decoration-underline" value="none" />
          <Attribute name="text-decoration-line-through" value="none" />
          <Attribute name="vertical-align" value="baseline" />
        </Style>
        <TextRun id="tr1084015-1" />
        <TextRun id="tr1084015-2">
          <Style>
            <Attribute name="font-family" value="Arial" />
            <Attribute name="font-weight" value="normal" />
            <Attribute name="font-size" value="11.0pt" />
          </Style>
        </TextRun>
        <TextRun id="tr1084015-3">
          <Style>
            <Attribute name="font-family" value="Arial" />
            <Attribute name="font-weight" value="normal" />
            <Attribute name="font-size" value="11.0pt" />
          </Style>
        </TextRun>
        <TextRun id="tr1084015-4">
          <Text value="L" />
          <Text value="ogging into NCIA" />
        </TextRun>
      </Paragraph>
      <Paragraph id="1084015" documentposition="37" splitpriority="2" xmlns="urn:WebWorks-Behaviors-Schema">
        <Marker behavior="topic" id="1088059">
          <Marker id="1088059" name="TopicAlias" xmlns="urn:WebWorks-Document-Schema">
            <TextRun id="tr1088059-1">
              <Text value="welcome_login_help" />
            </TextRun>
          </Marker>
        </Marker>
      </Paragraph>
    </Entry>
    <Entry id="1102085" documentID="36C7F764E958B21" level="2" documentposition="50" path="C:\Documents and Settings\hadfielj\My Documents\ePublisher Pro Projects\NCIA Online Help\Output\WebWorks Help 5.0\NCIA Online Help\Getting Started.2.5.html" linkid="1102085" fileposition="6" first="true">
      <Paragraph xmlns="urn:WebWorks-Document-Schema">
        <Style>
          <Attribute name="text-align" value="Left" />
          <Attribute name="text-indent" value="0pt" />
          <Attribute name="margin-left" value="0pt" />
          <Attribute name="margin-right" value="0pt" />
          <Attribute name="margin-top" value="9.0pt" />
          <Attribute name="margin-bottom" value="12.0pt" />
          <Attribute name="line-spacing" value="0pt" />
          <Attribute name="color" value="#515186" />
          <Attribute name="font-family" value="Palatino Linotype" />
          <Attribute name="font-size" value="16.0pt" />
          <Attribute name="font-weight" value="bold" />
          <Attribute name="font-style" value="normal" />
          <Attribute name="font-variant" value="normal" />
          <Attribute name="text-transform" value="none" />
          <Attribute name="text-decoration-underline" value="none" />
          <Attribute name="text-decoration-line-through" value="none" />
          <Attribute name="vertical-align" value="baseline" />
        </Style>
        <TextRun id="tr1102085-1" />
        <TextRun id="tr1102085-2">
          <Text value="U" />
          <Text value="sing the NCIA Home Page" />
        </TextRun>
      </Paragraph>
      <Paragraph id="1102085" documentposition="50" splitpriority="2" xmlns="urn:WebWorks-Behaviors-Schema">
        <Marker behavior="topic" id="1102084">
          <Marker id="1102084" name="TopicAlias" xmlns="urn:WebWorks-Document-Schema">
            <TextRun id="tr1102084-1">
              <Text value="welcome_post_login_help" />
            </TextRun>
          </Marker>
        </Marker>
      </Paragraph>
      <Entry id="1102231" documentID="36C7F764E958B21" level="3" documentposition="55" path="C:\Documents and Settings\hadfielj\My Documents\ePublisher Pro Projects\NCIA Online Help\Output\WebWorks Help 5.0\NCIA Online Help\Getting Started.2.6.html" linkid="1102231" fileposition="7" first="true">
        <Paragraph xmlns="urn:WebWorks-Document-Schema">
          <Style>
            <Attribute name="text-align" value="Left" />
            <Attribute name="text-indent" value="0pt" />
            <Attribute name="margin-left" value="0pt" />
            <Attribute name="margin-right" value="0pt" />
            <Attribute name="margin-top" value="8.0pt" />
            <Attribute name="margin-bottom" value="8.0pt" />
            <Attribute name="line-spacing" value="0pt" />
            <Attribute name="color" value="#000000" />
            <Attribute name="font-family" value="Palatino Linotype" />
            <Attribute name="font-size" value="14.0pt" />
            <Attribute name="font-weight" value="normal" />
            <Attribute name="font-style" value="normal" />
            <Attribute name="font-variant" value="normal" />
            <Attribute name="text-transform" value="none" />
            <Attribute name="text-decoration-underline" value="none" />
            <Attribute name="text-decoration-line-through" value="none" />
            <Attribute name="vertical-align" value="baseline" />
          </Style>
          <TextRun id="tr1102231-1" />
          <TextRun id="tr1102231-2">
            <Text value="Home Page Menu Bar" />
          </TextRun>
        </Paragraph>
        <Paragraph id="1102231" documentposition="55" splitpriority="3" xmlns="urn:WebWorks-Behaviors-Schema" />
      </Entry>
      <Entry id="1094519" documentID="36C7F764E958B21" level="3" documentposition="61" path="C:\Documents and Settings\hadfielj\My Documents\ePublisher Pro Projects\NCIA Online Help\Output\WebWorks Help 5.0\NCIA Online Help\Getting Started.2.7.html" linkid="1094519" fileposition="8" first="true">
        <Paragraph xmlns="urn:WebWorks-Document-Schema">
          <Style>
            <Attribute name="text-align" value="Left" />
            <Attribute name="text-indent" value="0pt" />
            <Attribute name="margin-left" value="0pt" />
            <Attribute name="margin-right" value="0pt" />
            <Attribute name="margin-top" value="8.0pt" />
            <Attribute name="margin-bottom" value="8.0pt" />
            <Attribute name="line-spacing" value="0pt" />
            <Attribute name="color" value="#000000" />
            <Attribute name="font-family" value="Palatino Linotype" />
            <Attribute name="font-size" value="14.0pt" />
            <Attribute name="font-weight" value="normal" />
            <Attribute name="font-style" value="normal" />
            <Attribute name="font-variant" value="normal" />
            <Attribute name="text-transform" value="none" />
            <Attribute name="text-decoration-underline" value="none" />
            <Attribute name="text-decoration-line-through" value="none" />
            <Attribute name="vertical-align" value="baseline" />
          </Style>
          <TextRun id="tr1094519-1" />
          <TextRun id="tr1094519-2">
            <Text value="Home Page Left Sidebar" />
          </TextRun>
        </Paragraph>
        <Paragraph id="1094519" documentposition="61" splitpriority="3" xmlns="urn:WebWorks-Behaviors-Schema" />
        <Entry id="1094546" documentID="36C7F764E958B21" level="4" documentposition="67" path="C:\Documents and Settings\hadfielj\My Documents\ePublisher Pro Projects\NCIA Online Help\Output\WebWorks Help 5.0\NCIA Online Help\Getting Started.2.8.html" linkid="1094546" fileposition="9" first="true">
          <Paragraph xmlns="urn:WebWorks-Document-Schema">
            <Style>
              <Attribute name="text-align" value="Left" />
              <Attribute name="text-indent" value="18pt" />
              <Attribute name="margin-left" value="0pt" />
              <Attribute name="margin-right" value="0pt" />
              <Attribute name="margin-top" value="14.0pt" />
              <Attribute name="margin-bottom" value="0.0pt" />
              <Attribute name="line-spacing" value="0pt" />
              <Attribute name="color" value="#000000" />
              <Attribute name="font-family" value="Palatino Linotype" />
              <Attribute name="font-size" value="12.0pt" />
              <Attribute name="font-weight" value="bold" />
              <Attribute name="font-style" value="normal" />
              <Attribute name="font-variant" value="normal" />
              <Attribute name="text-transform" value="none" />
              <Attribute name="text-decoration-underline" value="none" />
              <Attribute name="text-decoration-line-through" value="none" />
              <Attribute name="vertical-align" value="baseline" />
            </Style>
            <TextRun id="tr1094546-1" />
            <TextRun id="tr1094546-2">
              <Text value="Quick Links" />
            </TextRun>
          </Paragraph>
          <Paragraph id="1094546" documentposition="67" splitpriority="4" xmlns="urn:WebWorks-Behaviors-Schema" />
        </Entry>
      </Entry>
      <Entry id="1089122" documentID="36C7F764E958B21" level="3" documentposition="76" path="C:\Documents and Settings\hadfielj\My Documents\ePublisher Pro Projects\NCIA Online Help\Output\WebWorks Help 5.0\NCIA Online Help\Getting Started.2.9.html" linkid="1089122" fileposition="10" first="true">
        <Paragraph xmlns="urn:WebWorks-Document-Schema">
          <Style>
            <Attribute name="text-align" value="Left" />
            <Attribute name="text-indent" value="0pt" />
            <Attribute name="margin-left" value="0pt" />
            <Attribute name="margin-right" value="0pt" />
            <Attribute name="margin-top" value="8.0pt" />
            <Attribute name="margin-bottom" value="8.0pt" />
            <Attribute name="line-spacing" value="0pt" />
            <Attribute name="color" value="#000000" />
            <Attribute name="font-family" value="Palatino Linotype" />
            <Attribute name="font-size" value="14.0pt" />
            <Attribute name="font-weight" value="normal" />
            <Attribute name="font-style" value="normal" />
            <Attribute name="font-variant" value="normal" />
            <Attribute name="text-transform" value="none" />
            <Attribute name="text-decoration-underline" value="none" />
            <Attribute name="text-decoration-line-through" value="none" />
            <Attribute name="vertical-align" value="baseline" />
          </Style>
          <TextRun id="tr1089122-1" />
          <TextRun id="tr1089122-2">
            <Text value="Other Home Page Panels" />
          </TextRun>
        </Paragraph>
        <Paragraph id="1089122" documentposition="76" splitpriority="3" xmlns="urn:WebWorks-Behaviors-Schema" />
      </Entry>
    </Entry>
    <Entry id="1091593" documentID="36C7F764E958B21" level="2" documentposition="82" path="C:\Documents and Settings\hadfielj\My Documents\ePublisher Pro Projects\NCIA Online Help\Output\WebWorks Help 5.0\NCIA Online Help\Getting Started.2.10.html" linkid="1091593" fileposition="11" first="true">
      <Paragraph xmlns="urn:WebWorks-Document-Schema">
        <Style>
          <Attribute name="text-align" value="Left" />
          <Attribute name="text-indent" value="0pt" />
          <Attribute name="margin-left" value="0pt" />
          <Attribute name="margin-right" value="0pt" />
          <Attribute name="margin-top" value="9.0pt" />
          <Attribute name="margin-bottom" value="12.0pt" />
          <Attribute name="line-spacing" value="0pt" />
          <Attribute name="color" value="#515186" />
          <Attribute name="font-family" value="Palatino Linotype" />
          <Attribute name="font-size" value="16.0pt" />
          <Attribute name="font-weight" value="bold" />
          <Attribute name="font-style" value="normal" />
          <Attribute name="font-variant" value="normal" />
          <Attribute name="text-transform" value="none" />
          <Attribute name="text-decoration-underline" value="none" />
          <Attribute name="text-decoration-line-through" value="none" />
          <Attribute name="vertical-align" value="baseline" />
        </Style>
        <TextRun id="tr1091593-1" />
        <TextRun id="tr1091593-2">
          <Text value="U" />
          <Text value="sing NCIA News Page" />
        </TextRun>
      </Paragraph>
      <Paragraph id="1091593" documentposition="82" splitpriority="2" xmlns="urn:WebWorks-Behaviors-Schema">
        <Marker behavior="topic" id="1088061">
          <Marker id="1088061" name="TopicAlias" xmlns="urn:WebWorks-Document-Schema">
            <TextRun id="tr1088061-1">
              <Text value="news_page_help" />
            </TextRun>
          </Marker>
        </Marker>
      </Paragraph>
      <Entry id="1090544" documentID="36C7F764E958B21" level="3" documentposition="88" path="C:\Documents and Settings\hadfielj\My Documents\ePublisher Pro Projects\NCIA Online Help\Output\WebWorks Help 5.0\NCIA Online Help\Getting Started.2.11.html" linkid="1090544" fileposition="12" first="true">
        <Paragraph xmlns="urn:WebWorks-Document-Schema">
          <Style>
            <Attribute name="text-align" value="Left" />
            <Attribute name="text-indent" value="0pt" />
            <Attribute name="margin-left" value="0pt" />
            <Attribute name="margin-right" value="0pt" />
            <Attribute name="margin-top" value="8.0pt" />
            <Attribute name="margin-bottom" value="8.0pt" />
            <Attribute name="line-spacing" value="0pt" />
            <Attribute name="color" value="#000000" />
            <Attribute name="font-family" value="Palatino Linotype" />
            <Attribute name="font-size" value="14.0pt" />
            <Attribute name="font-weight" value="normal" />
            <Attribute name="font-style" value="normal" />
            <Attribute name="font-variant" value="normal" />
            <Attribute name="text-transform" value="none" />
            <Attribute name="text-decoration-underline" value="none" />
            <Attribute name="text-decoration-line-through" value="none" />
            <Attribute name="vertical-align" value="baseline" />
          </Style>
          <TextRun id="tr1090544-1" />
          <TextRun id="tr1090544-2">
            <Text value="News Page Menu Bar" />
          </TextRun>
        </Paragraph>
        <Paragraph id="1090544" documentposition="88" splitpriority="3" xmlns="urn:WebWorks-Behaviors-Schema" />
      </Entry>
      <Entry id="1094701" documentID="36C7F764E958B21" level="3" documentposition="94" path="C:\Documents and Settings\hadfielj\My Documents\ePublisher Pro Projects\NCIA Online Help\Output\WebWorks Help 5.0\NCIA Online Help\Getting Started.2.12.html" linkid="1094701" fileposition="13" first="true">
        <Paragraph xmlns="urn:WebWorks-Document-Schema">
          <Style>
            <Attribute name="text-align" value="Left" />
            <Attribute name="text-indent" value="0pt" />
            <Attribute name="margin-left" value="0pt" />
            <Attribute name="margin-right" value="0pt" />
            <Attribute name="margin-top" value="8.0pt" />
            <Attribute name="margin-bottom" value="8.0pt" />
            <Attribute name="line-spacing" value="0pt" />
            <Attribute name="color" value="#000000" />
            <Attribute name="font-family" value="Palatino Linotype" />
            <Attribute name="font-size" value="14.0pt" />
            <Attribute name="font-weight" value="normal" />
            <Attribute name="font-style" value="normal" />
            <Attribute name="font-variant" value="normal" />
            <Attribute name="text-transform" value="none" />
            <Attribute name="text-decoration-underline" value="none" />
            <Attribute name="text-decoration-line-through" value="none" />
            <Attribute name="vertical-align" value="baseline" />
          </Style>
          <TextRun id="tr1094701-1" />
          <TextRun id="tr1094701-2">
            <Text value="News Page Site Map" />
          </TextRun>
        </Paragraph>
        <Paragraph id="1094701" documentposition="94" splitpriority="3" xmlns="urn:WebWorks-Behaviors-Schema" />
      </Entry>
      <Entry id="1090692" documentID="36C7F764E958B21" level="3" documentposition="101" path="C:\Documents and Settings\hadfielj\My Documents\ePublisher Pro Projects\NCIA Online Help\Output\WebWorks Help 5.0\NCIA Online Help\Getting Started.2.13.html" linkid="1090692" fileposition="14" first="true">
        <Paragraph xmlns="urn:WebWorks-Document-Schema">
          <Style>
            <Attribute name="text-align" value="Left" />
            <Attribute name="text-indent" value="0pt" />
            <Attribute name="margin-left" value="0pt" />
            <Attribute name="margin-right" value="0pt" />
            <Attribute name="margin-top" value="8.0pt" />
            <Attribute name="margin-bottom" value="8.0pt" />
            <Attribute name="line-spacing" value="0pt" />
            <Attribute name="color" value="#000000" />
            <Attribute name="font-family" value="Palatino Linotype" />
            <Attribute name="font-size" value="14.0pt" />
            <Attribute name="font-weight" value="normal" />
            <Attribute name="font-style" value="normal" />
            <Attribute name="font-variant" value="normal" />
            <Attribute name="text-transform" value="none" />
            <Attribute name="text-decoration-underline" value="none" />
            <Attribute name="text-decoration-line-through" value="none" />
            <Attribute name="vertical-align" value="baseline" />
          </Style>
          <TextRun id="tr1090692-1" />
          <TextRun id="tr1090692-2">
            <Text value="News Page Left SideBar" />
          </TextRun>
        </Paragraph>
        <Paragraph id="1090692" documentposition="101" splitpriority="3" xmlns="urn:WebWorks-Behaviors-Schema" />
      </Entry>
    </Entry>
    <Entry id="1087847" documentID="36C7F764E958B21" level="2" documentposition="107" path="C:\Documents and Settings\hadfielj\My Documents\ePublisher Pro Projects\NCIA Online Help\Output\WebWorks Help 5.0\NCIA Online Help\Getting Started.2.14.html" linkid="1087847" fileposition="15" first="true">
      <Paragraph xmlns="urn:WebWorks-Document-Schema">
        <Style>
          <Attribute name="text-align" value="Left" />
          <Attribute name="text-indent" value="0pt" />
          <Attribute name="margin-left" value="0pt" />
          <Attribute name="margin-right" value="0pt" />
          <Attribute name="margin-top" value="9.0pt" />
          <Attribute name="margin-bottom" value="12.0pt" />
          <Attribute name="line-spacing" value="0pt" />
          <Attribute name="color" value="#515186" />
          <Attribute name="font-family" value="Palatino Linotype" />
          <Attribute name="font-size" value="16.0pt" />
          <Attribute name="font-weight" value="bold" />
          <Attribute name="font-style" value="normal" />
          <Attribute name="font-variant" value="normal" />
          <Attribute name="text-transform" value="none" />
          <Attribute name="text-decoration-underline" value="none" />
          <Attribute name="text-decoration-line-through" value="none" />
          <Attribute name="vertical-align" value="baseline" />
        </Style>
        <TextRun id="tr1087847-1" />
        <TextRun id="tr1087847-2">
          <Text value="U" />
          <Text value="sing NCIA Online Help" />
        </TextRun>
      </Paragraph>
      <Paragraph id="1087847" documentposition="107" splitpriority="2" xmlns="urn:WebWorks-Behaviors-Schema">
        <Marker behavior="topic" id="1088062">
          <Marker id="1088062" name="TopicAlias" xmlns="urn:WebWorks-Document-Schema">
            <TextRun id="tr1088062-1">
              <Text value="online_help_help" />
            </TextRun>
          </Marker>
        </Marker>
      </Paragraph>
    </Entry>
    <Entry id="1087647" documentID="36C7F764E958B21" level="2" documentposition="122" path="C:\Documents and Settings\hadfielj\My Documents\ePublisher Pro Projects\NCIA Online Help\Output\WebWorks Help 5.0\NCIA Online Help\Getting Started.2.15.html" linkid="1087647" fileposition="16" first="true">
      <Paragraph xmlns="urn:WebWorks-Document-Schema">
        <Style>
          <Attribute name="text-align" value="Left" />
          <Attribute name="text-indent" value="0pt" />
          <Attribute name="margin-left" value="0pt" />
          <Attribute name="margin-right" value="0pt" />
          <Attribute name="margin-top" value="9.0pt" />
          <Attribute name="margin-bottom" value="12.0pt" />
          <Attribute name="line-spacing" value="0pt" />
          <Attribute name="color" value="#515186" />
          <Attribute name="font-family" value="Palatino Linotype" />
          <Attribute name="font-size" value="16.0pt" />
          <Attribute name="font-weight" value="bold" />
          <Attribute name="font-style" value="normal" />
          <Attribute name="font-variant" value="normal" />
          <Attribute name="text-transform" value="none" />
          <Attribute name="text-decoration-underline" value="none" />
          <Attribute name="text-decoration-line-through" value="none" />
          <Attribute name="vertical-align" value="baseline" />
        </Style>
        <TextRun id="tr1087647-1">
          <Text value="Accessing " />
          <Text value="NCIA from Another Application" />
        </TextRun>
        <TextRun id="tr1087647-2">
          <Text value="&#x9;" />
        </TextRun>
        <TextRun id="tr1087647-3">
          <Text value="&#x9;" />
        </TextRun>
      </Paragraph>
      <Paragraph id="1087647" documentposition="122" splitpriority="2" xmlns="urn:WebWorks-Behaviors-Schema" />
    </Entry>
    <Entry id="1084577" documentID="36C7F764E958B21" level="2" documentposition="131" path="C:\Documents and Settings\hadfielj\My Documents\ePublisher Pro Projects\NCIA Online Help\Output\WebWorks Help 5.0\NCIA Online Help\Getting Started.2.16.html" linkid="1084577" fileposition="17" first="true">
      <Paragraph xmlns="urn:WebWorks-Document-Schema">
        <Style>
          <Attribute name="text-align" value="Left" />
          <Attribute name="text-indent" value="0pt" />
          <Attribute name="margin-left" value="0pt" />
          <Attribute name="margin-right" value="0pt" />
          <Attribute name="margin-top" value="9.0pt" />
          <Attribute name="margin-bottom" value="12.0pt" />
          <Attribute name="line-spacing" value="0pt" />
          <Attribute name="color" value="#515186" />
          <Attribute name="font-family" value="Palatino Linotype" />
          <Attribute name="font-size" value="16.0pt" />
          <Attribute name="font-weight" value="bold" />
          <Attribute name="font-style" value="normal" />
          <Attribute name="font-variant" value="normal" />
          <Attribute name="text-transform" value="none" />
          <Attribute name="text-decoration-underline" value="none" />
          <Attribute name="text-decoration-line-through" value="none" />
          <Attribute name="vertical-align" value="baseline" />
        </Style>
        <TextRun id="tr1084577-1">
          <Text value="Application Support" />
        </TextRun>
      </Paragraph>
      <Paragraph id="1084577" documentposition="131" splitpriority="2" xmlns="urn:WebWorks-Behaviors-Schema" />
    </Entry>
  </Entry>
  <Entry id="1060244" documentID="1C705F2984147613" level="1" documentposition="3" path="C:\Documents and Settings\hadfielj\My Documents\ePublisher Pro Projects\NCIA Online Help\Output\WebWorks Help 5.0\NCIA Online Help\Searching NCIA.3.1.html" linkid="1060244" fileposition="18" first="true">
    <Paragraph xmlns="urn:WebWorks-Document-Schema">
      <Style>
        <Attribute name="text-align" value="Right" />
        <Attribute name="text-indent" value="0pt" />
        <Attribute name="margin-left" value="0pt" />
        <Attribute name="margin-right" value="0pt" />
        <Attribute name="margin-top" value="0.0pt" />
        <Attribute name="margin-bottom" value="13.0pt" />
        <Attribute name="line-spacing" value="0pt" />
        <Attribute name="color" value="#515186" />
        <Attribute name="font-family" value="Palatino Linotype" />
        <Attribute name="font-size" value="27.0pt" />
        <Attribute name="font-weight" value="bold" />
        <Attribute name="font-style" value="normal" />
        <Attribute name="font-variant" value="" />
        <Attribute name="text-transform" value="none" />
        <Attribute name="text-decoration-underline" value="none" />
        <Attribute name="text-decoration-line-through" value="none" />
        <Attribute name="vertical-align" value="baseline" />
      </Style>
      <TextRun id="tr1060244-1">
        <Text value="Searching the N" />
        <Text value="CIA" />
        <Text value=" Archives" />
      </TextRun>
    </Paragraph>
    <Paragraph id="1060244" documentposition="3" splitpriority="1" xmlns="urn:WebWorks-Behaviors-Schema" />
    <Entry id="1066291" documentID="1C705F2984147613" level="2" documentposition="13" path="C:\Documents and Settings\hadfielj\My Documents\ePublisher Pro Projects\NCIA Online Help\Output\WebWorks Help 5.0\NCIA Online Help\Searching NCIA.3.2.html" linkid="1066291" fileposition="19" first="true">
      <Paragraph xmlns="urn:WebWorks-Document-Schema">
        <Style>
          <Attribute name="text-align" value="Left" />
          <Attribute name="text-indent" value="0pt" />
          <Attribute name="margin-left" value="0pt" />
          <Attribute name="margin-right" value="0pt" />
          <Attribute name="margin-top" value="9.0pt" />
          <Attribute name="margin-bottom" value="12.0pt" />
          <Attribute name="line-spacing" value="0pt" />
          <Attribute name="color" value="#515186" />
          <Attribute name="font-family" value="Palatino Linotype" />
          <Attribute name="font-size" value="16.0pt" />
          <Attribute name="font-weight" value="bold" />
          <Attribute name="font-style" value="normal" />
          <Attribute name="font-variant" value="normal" />
          <Attribute name="text-transform" value="none" />
          <Attribute name="text-decoration-underline" value="none" />
          <Attribute name="text-decoration-line-through" value="none" />
          <Attribute name="vertical-align" value="baseline" />
        </Style>
        <TextRun id="tr1066291-1">
          <Text value="Searching the N" />
          <Text value="CIA Database" />
        </TextRun>
      </Paragraph>
      <Paragraph id="1066291" documentposition="13" splitpriority="2" xmlns="urn:WebWorks-Behaviors-Schema" />
      <Entry id="1066741" documentID="1C705F2984147613" level="3" documentposition="40" path="C:\Documents and Settings\hadfielj\My Documents\ePublisher Pro Projects\NCIA Online Help\Output\WebWorks Help 5.0\NCIA Online Help\Searching NCIA.3.3.html" linkid="1066741" fileposition="20" first="true">
        <Paragraph xmlns="urn:WebWorks-Document-Schema">
          <Style>
            <Attribute name="text-align" value="Left" />
            <Attribute name="text-indent" value="0pt" />
            <Attribute name="margin-left" value="0pt" />
            <Attribute name="margin-right" value="0pt" />
            <Attribute name="margin-top" value="8.0pt" />
            <Attribute name="margin-bottom" value="8.0pt" />
            <Attribute name="line-spacing" value="0pt" />
            <Attribute name="color" value="#000000" />
            <Attribute name="font-family" value="Palatino Linotype" />
            <Attribute name="font-size" value="14.0pt" />
            <Attribute name="font-weight" value="normal" />
            <Attribute name="font-style" value="normal" />
            <Attribute name="font-variant" value="normal" />
            <Attribute name="text-transform" value="none" />
            <Attribute name="text-decoration-underline" value="none" />
            <Attribute name="text-decoration-line-through" value="none" />
            <Attribute name="vertical-align" value="baseline" />
          </Style>
          <TextRun id="tr1066741-1" />
          <TextRun id="tr1066741-2">
            <Text value="P" />
            <Text value="erforming a Simple Search" />
          </TextRun>
        </Paragraph>
        <Paragraph id="1066741" documentposition="40" splitpriority="3" xmlns="urn:WebWorks-Behaviors-Schema">
          <Marker behavior="topic" id="1095054">
            <Marker id="1095054" name="TopicAlias" xmlns="urn:WebWorks-Document-Schema">
              <TextRun id="tr1095054-1">
                <Text value="simple_search_help" />
              </TextRun>
            </Marker>
          </Marker>
        </Paragraph>
      </Entry>
      <Entry id="1111705" documentID="1C705F2984147613" level="3" documentposition="59" path="C:\Documents and Settings\hadfielj\My Documents\ePublisher Pro Projects\NCIA Online Help\Output\WebWorks Help 5.0\NCIA Online Help\Searching NCIA.3.4.html" linkid="1111705" fileposition="21" first="true">
        <Paragraph xmlns="urn:WebWorks-Document-Schema">
          <Style>
            <Attribute name="text-align" value="Left" />
            <Attribute name="text-indent" value="0pt" />
            <Attribute name="margin-left" value="0pt" />
            <Attribute name="margin-right" value="0pt" />
            <Attribute name="margin-top" value="8.0pt" />
            <Attribute name="margin-bottom" value="8.0pt" />
            <Attribute name="line-spacing" value="0pt" />
            <Attribute name="color" value="#000000" />
            <Attribute name="font-family" value="Palatino Linotype" />
            <Attribute name="font-size" value="14.0pt" />
            <Attribute name="font-weight" value="normal" />
            <Attribute name="font-style" value="normal" />
            <Attribute name="font-variant" value="normal" />
            <Attribute name="text-transform" value="none" />
            <Attribute name="text-decoration-underline" value="none" />
            <Attribute name="text-decoration-line-through" value="none" />
            <Attribute name="vertical-align" value="baseline" />
          </Style>
          <TextRun id="tr1111705-1">
            <Text value="S" />
            <Text value="earch Criteria Summary" />
          </TextRun>
        </Paragraph>
        <Paragraph id="1111705" documentposition="59" splitpriority="3" xmlns="urn:WebWorks-Behaviors-Schema">
          <Marker behavior="topic" id="1111704">
            <Marker id="1111704" name="TopicAlias" xmlns="urn:WebWorks-Document-Schema">
              <TextRun id="tr1111704-1">
                <Text value="criteria_selected_help" />
              </TextRun>
            </Marker>
          </Marker>
        </Paragraph>
      </Entry>
      <Entry id="1095060" documentID="1C705F2984147613" level="3" documentposition="62" path="C:\Documents and Settings\hadfielj\My Documents\ePublisher Pro Projects\NCIA Online Help\Output\WebWorks Help 5.0\NCIA Online Help\Searching NCIA.3.5.html" linkid="1095060" fileposition="22" first="true">
        <Paragraph xmlns="urn:WebWorks-Document-Schema">
          <Style>
            <Attribute name="text-align" value="Left" />
            <Attribute name="text-indent" value="0pt" />
            <Attribute name="margin-left" value="0pt" />
            <Attribute name="margin-right" value="0pt" />
            <Attribute name="margin-top" value="8.0pt" />
            <Attribute name="margin-bottom" value="8.0pt" />
            <Attribute name="line-spacing" value="0pt" />
            <Attribute name="color" value="#000000" />
            <Attribute name="font-family" value="Palatino Linotype" />
            <Attribute name="font-size" value="14.0pt" />
            <Attribute name="font-weight" value="normal" />
            <Attribute name="font-style" value="normal" />
            <Attribute name="font-variant" value="normal" />
            <Attribute name="text-transform" value="none" />
            <Attribute name="text-decoration-underline" value="none" />
            <Attribute name="text-decoration-line-through" value="none" />
            <Attribute name="vertical-align" value="baseline" />
          </Style>
          <TextRun id="tr1095060-1" />
          <TextRun id="tr1095060-2">
            <Text value="S" />
            <Text value="earching Curation Data" />
          </TextRun>
        </Paragraph>
        <Paragraph id="1095060" documentposition="62" splitpriority="3" xmlns="urn:WebWorks-Behaviors-Schema">
          <Marker behavior="topic" id="1095065">
            <Marker id="1095065" name="TopicAlias" xmlns="urn:WebWorks-Document-Schema">
              <TextRun id="tr1095065-1">
                <Text value="annotation_keyword_search_help" />
              </TextRun>
            </Marker>
          </Marker>
        </Paragraph>
      </Entry>
      <Entry id="1102496" documentID="1C705F2984147613" level="3" documentposition="69" path="C:\Documents and Settings\hadfielj\My Documents\ePublisher Pro Projects\NCIA Online Help\Output\WebWorks Help 5.0\NCIA Online Help\Searching NCIA.3.6.html" linkid="1102496" fileposition="23" first="true">
        <Paragraph xmlns="urn:WebWorks-Document-Schema">
          <Style>
            <Attribute name="text-align" value="Left" />
            <Attribute name="text-indent" value="0pt" />
            <Attribute name="margin-left" value="0pt" />
            <Attribute name="margin-right" value="0pt" />
            <Attribute name="margin-top" value="8.0pt" />
            <Attribute name="margin-bottom" value="8.0pt" />
            <Attribute name="line-spacing" value="0pt" />
            <Attribute name="color" value="#000000" />
            <Attribute name="font-family" value="Palatino Linotype" />
            <Attribute name="font-size" value="14.0pt" />
            <Attribute name="font-weight" value="normal" />
            <Attribute name="font-style" value="normal" />
            <Attribute name="font-variant" value="normal" />
            <Attribute name="text-transform" value="none" />
            <Attribute name="text-decoration-underline" value="none" />
            <Attribute name="text-decoration-line-through" value="none" />
            <Attribute name="vertical-align" value="baseline" />
          </Style>
          <TextRun id="tr1102496-1" />
          <TextRun id="tr1102496-2">
            <Text value="Annotation Keyword Search Page" />
          </TextRun>
        </Paragraph>
        <Paragraph id="1102496" documentposition="69" splitpriority="3" xmlns="urn:WebWorks-Behaviors-Schema" />
      </Entry>
      <Entry id="1066935" documentID="1C705F2984147613" level="3" documentposition="96" path="C:\Documents and Settings\hadfielj\My Documents\ePublisher Pro Projects\NCIA Online Help\Output\WebWorks Help 5.0\NCIA Online Help\Searching NCIA.3.7.html" linkid="1066935" fileposition="24" first="true">
        <Paragraph xmlns="urn:WebWorks-Document-Schema">
          <Style>
            <Attribute name="text-align" value="Left" />
            <Attribute name="text-indent" value="0pt" />
            <Attribute name="margin-left" value="0pt" />
            <Attribute name="margin-right" value="0pt" />
            <Attribute name="margin-top" value="8.0pt" />
            <Attribute name="margin-bottom" value="8.0pt" />
            <Attribute name="line-spacing" value="0pt" />
            <Attribute name="color" value="#000000" />
            <Attribute name="font-family" value="Palatino Linotype" />
            <Attribute name="font-size" value="14.0pt" />
            <Attribute name="font-weight" value="normal" />
            <Attribute name="font-style" value="normal" />
            <Attribute name="font-variant" value="normal" />
            <Attribute name="text-transform" value="none" />
            <Attribute name="text-decoration-underline" value="none" />
            <Attribute name="text-decoration-line-through" value="none" />
            <Attribute name="vertical-align" value="baseline" />
          </Style>
          <TextRun id="tr1066935-1" />
          <TextRun id="tr1066935-2">
            <Text value="P" />
            <Text value="erforming " />
            <Text value="an A" />
            <Text value="dvanced " />
            <Text value="Search" />
          </TextRun>
        </Paragraph>
        <Paragraph id="1066935" documentposition="96" splitpriority="3" xmlns="urn:WebWorks-Behaviors-Schema">
          <Marker behavior="topic" id="1095066">
            <Marker id="1095066" name="TopicAlias" xmlns="urn:WebWorks-Document-Schema">
              <TextRun id="tr1095066-1">
                <Text value="advanced_search_help" />
              </TextRun>
            </Marker>
          </Marker>
        </Paragraph>
      </Entry>
    </Entry>
    <Entry id="1067999" documentID="1C705F2984147613" level="2" documentposition="120" path="C:\Documents and Settings\hadfielj\My Documents\ePublisher Pro Projects\NCIA Online Help\Output\WebWorks Help 5.0\NCIA Online Help\Searching NCIA.3.8.html" linkid="1067999" fileposition="25" first="true">
      <Paragraph xmlns="urn:WebWorks-Document-Schema">
        <Style>
          <Attribute name="text-align" value="Left" />
          <Attribute name="text-indent" value="0pt" />
          <Attribute name="margin-left" value="0pt" />
          <Attribute name="margin-right" value="0pt" />
          <Attribute name="margin-top" value="9.0pt" />
          <Attribute name="margin-bottom" value="12.0pt" />
          <Attribute name="line-spacing" value="0pt" />
          <Attribute name="color" value="#515186" />
          <Attribute name="font-family" value="Palatino Linotype" />
          <Attribute name="font-size" value="16.0pt" />
          <Attribute name="font-weight" value="bold" />
          <Attribute name="font-style" value="normal" />
          <Attribute name="font-variant" value="normal" />
          <Attribute name="text-transform" value="none" />
          <Attribute name="text-decoration-underline" value="none" />
          <Attribute name="text-decoration-line-through" value="none" />
          <Attribute name="vertical-align" value="baseline" />
        </Style>
        <TextRun id="tr1067999-1" />
        <TextRun id="tr1067999-2">
          <Text value="Working with Saved Search" />
          <Text value=" Quer" />
          <Text value="ies" />
        </TextRun>
      </Paragraph>
      <Paragraph id="1067999" documentposition="120" splitpriority="2" xmlns="urn:WebWorks-Behaviors-Schema" />
      <Entry id="1091711" documentID="1C705F2984147613" level="3" documentposition="129" path="C:\Documents and Settings\hadfielj\My Documents\ePublisher Pro Projects\NCIA Online Help\Output\WebWorks Help 5.0\NCIA Online Help\Searching NCIA.3.9.html" linkid="1091711" fileposition="26" first="true">
        <Paragraph xmlns="urn:WebWorks-Document-Schema">
          <Style>
            <Attribute name="text-align" value="Left" />
            <Attribute name="text-indent" value="0pt" />
            <Attribute name="margin-left" value="0pt" />
            <Attribute name="margin-right" value="0pt" />
            <Attribute name="margin-top" value="8.0pt" />
            <Attribute name="margin-bottom" value="8.0pt" />
            <Attribute name="line-spacing" value="0pt" />
            <Attribute name="color" value="#000000" />
            <Attribute name="font-family" value="Palatino Linotype" />
            <Attribute name="font-size" value="14.0pt" />
            <Attribute name="font-weight" value="normal" />
            <Attribute name="font-style" value="normal" />
            <Attribute name="font-variant" value="normal" />
            <Attribute name="text-transform" value="none" />
            <Attribute name="text-decoration-underline" value="none" />
            <Attribute name="text-decoration-line-through" value="none" />
            <Attribute name="vertical-align" value="baseline" />
          </Style>
          <TextRun id="tr1091711-1" />
          <TextRun id="tr1091711-2">
            <Text value="Saving a Search Query" />
          </TextRun>
        </Paragraph>
        <Paragraph id="1091711" documentposition="129" splitpriority="3" xmlns="urn:WebWorks-Behaviors-Schema" />
      </Entry>
      <Entry id="1066885" documentID="1C705F2984147613" level="3" documentposition="138" path="C:\Documents and Settings\hadfielj\My Documents\ePublisher Pro Projects\NCIA Online Help\Output\WebWorks Help 5.0\NCIA Online Help\Searching NCIA.3.10.html" linkid="1066885" fileposition="27" first="true">
        <Paragraph xmlns="urn:WebWorks-Document-Schema">
          <Style>
            <Attribute name="text-align" value="Left" />
            <Attribute name="text-indent" value="0pt" />
            <Attribute name="margin-left" value="0pt" />
            <Attribute name="margin-right" value="0pt" />
            <Attribute name="margin-top" value="8.0pt" />
            <Attribute name="margin-bottom" value="8.0pt" />
            <Attribute name="line-spacing" value="0pt" />
            <Attribute name="color" value="#000000" />
            <Attribute name="font-family" value="Palatino Linotype" />
            <Attribute name="font-size" value="14.0pt" />
            <Attribute name="font-weight" value="normal" />
            <Attribute name="font-style" value="normal" />
            <Attribute name="font-variant" value="normal" />
            <Attribute name="text-transform" value="none" />
            <Attribute name="text-decoration-underline" value="none" />
            <Attribute name="text-decoration-line-through" value="none" />
            <Attribute name="vertical-align" value="baseline" />
          </Style>
          <TextRun id="tr1066885-1" />
          <TextRun id="tr1066885-2">
            <Text value="M" />
            <Text value="anaging Saved Queries" />
          </TextRun>
        </Paragraph>
        <Paragraph id="1066885" documentposition="138" splitpriority="3" xmlns="urn:WebWorks-Behaviors-Schema">
          <Marker behavior="topic" id="1095068">
            <Marker id="1095068" name="TopicAlias" xmlns="urn:WebWorks-Document-Schema">
              <TextRun id="tr1095068-1">
                <Text value="saved_queries_help" />
              </TextRun>
            </Marker>
          </Marker>
        </Paragraph>
      </Entry>
      <Entry id="1068625" documentID="1C705F2984147613" level="3" documentposition="156" path="C:\Documents and Settings\hadfielj\My Documents\ePublisher Pro Projects\NCIA Online Help\Output\WebWorks Help 5.0\NCIA Online Help\Searching NCIA.3.11.html" linkid="1068625" fileposition="28" first="true">
        <Paragraph xmlns="urn:WebWorks-Document-Schema">
          <Style>
            <Attribute name="text-align" value="Left" />
            <Attribute name="text-indent" value="0pt" />
            <Attribute name="margin-left" value="0pt" />
            <Attribute name="margin-right" value="0pt" />
            <Attribute name="margin-top" value="8.0pt" />
            <Attribute name="margin-bottom" value="8.0pt" />
            <Attribute name="line-spacing" value="0pt" />
            <Attribute name="color" value="#000000" />
            <Attribute name="font-family" value="Palatino Linotype" />
            <Attribute name="font-size" value="14.0pt" />
            <Attribute name="font-weight" value="normal" />
            <Attribute name="font-style" value="normal" />
            <Attribute name="font-variant" value="normal" />
            <Attribute name="text-transform" value="none" />
            <Attribute name="text-decoration-underline" value="none" />
            <Attribute name="text-decoration-line-through" value="none" />
            <Attribute name="vertical-align" value="baseline" />
          </Style>
          <TextRun id="tr1068625-1" />
          <TextRun id="tr1068625-2">
            <Text value="E" />
            <Text value="diting Saved Queries" />
          </TextRun>
        </Paragraph>
        <Paragraph id="1068625" documentposition="156" splitpriority="3" xmlns="urn:WebWorks-Behaviors-Schema">
          <Marker behavior="topic" id="1095069">
            <Marker id="1095069" name="TopicAlias" xmlns="urn:WebWorks-Document-Schema">
              <TextRun id="tr1095069-1">
                <Text value="save_edited_query_help" />
              </TextRun>
            </Marker>
          </Marker>
        </Paragraph>
      </Entry>
      <Entry id="1092117" documentID="1C705F2984147613" level="3" documentposition="173" path="C:\Documents and Settings\hadfielj\My Documents\ePublisher Pro Projects\NCIA Online Help\Output\WebWorks Help 5.0\NCIA Online Help\Searching NCIA.3.12.html" linkid="1092117" fileposition="29" first="true">
        <Paragraph xmlns="urn:WebWorks-Document-Schema">
          <Style>
            <Attribute name="text-align" value="Left" />
            <Attribute name="text-indent" value="0pt" />
            <Attribute name="margin-left" value="0pt" />
            <Attribute name="margin-right" value="0pt" />
            <Attribute name="margin-top" value="8.0pt" />
            <Attribute name="margin-bottom" value="8.0pt" />
            <Attribute name="line-spacing" value="0pt" />
            <Attribute name="color" value="#000000" />
            <Attribute name="font-family" value="Palatino Linotype" />
            <Attribute name="font-size" value="14.0pt" />
            <Attribute name="font-weight" value="normal" />
            <Attribute name="font-style" value="normal" />
            <Attribute name="font-variant" value="normal" />
            <Attribute name="text-transform" value="none" />
            <Attribute name="text-decoration-underline" value="none" />
            <Attribute name="text-decoration-line-through" value="none" />
            <Attribute name="vertical-align" value="baseline" />
          </Style>
          <TextRun id="tr1092117-1" />
          <TextRun id="tr1092117-2">
            <Text value="V" />
            <Text value="iewing a Query History" />
          </TextRun>
        </Paragraph>
        <Paragraph id="1092117" documentposition="173" splitpriority="3" xmlns="urn:WebWorks-Behaviors-Schema">
          <Marker behavior="topic" id="1095070">
            <Marker id="1095070" name="TopicAlias" xmlns="urn:WebWorks-Document-Schema">
              <TextRun id="tr1095070-1">
                <Text value="query_history_help" />
              </TextRun>
            </Marker>
          </Marker>
        </Paragraph>
      </Entry>
    </Entry>
    <Entry id="1095790" documentID="1C705F2984147613" level="2" documentposition="181" path="C:\Documents and Settings\hadfielj\My Documents\ePublisher Pro Projects\NCIA Online Help\Output\WebWorks Help 5.0\NCIA Online Help\Searching NCIA.3.13.html" linkid="1095790" fileposition="30" first="true">
      <Paragraph xmlns="urn:WebWorks-Document-Schema">
        <Style>
          <Attribute name="text-align" value="Left" />
          <Attribute name="text-indent" value="0pt" />
          <Attribute name="margin-left" value="0pt" />
          <Attribute name="margin-right" value="0pt" />
          <Attribute name="margin-top" value="9.0pt" />
          <Attribute name="margin-bottom" value="12.0pt" />
          <Attribute name="line-spacing" value="0pt" />
          <Attribute name="color" value="#515186" />
          <Attribute name="font-family" value="Palatino Linotype" />
          <Attribute name="font-size" value="16.0pt" />
          <Attribute name="font-weight" value="bold" />
          <Attribute name="font-style" value="normal" />
          <Attribute name="font-variant" value="normal" />
          <Attribute name="text-transform" value="none" />
          <Attribute name="text-decoration-underline" value="none" />
          <Attribute name="text-decoration-line-through" value="none" />
          <Attribute name="vertical-align" value="baseline" />
        </Style>
        <TextRun id="tr1095790-1" />
        <TextRun id="tr1095790-2">
          <Text value="Viewing Search Results" />
        </TextRun>
      </Paragraph>
      <Paragraph id="1095790" documentposition="181" splitpriority="2" xmlns="urn:WebWorks-Behaviors-Schema" />
      <Entry id="1085991" documentID="1C705F2984147613" level="3" documentposition="188" path="C:\Documents and Settings\hadfielj\My Documents\ePublisher Pro Projects\NCIA Online Help\Output\WebWorks Help 5.0\NCIA Online Help\Searching NCIA.3.14.html" linkid="1085991" fileposition="31" first="true">
        <Paragraph xmlns="urn:WebWorks-Document-Schema">
          <Style>
            <Attribute name="text-align" value="Left" />
            <Attribute name="text-indent" value="0pt" />
            <Attribute name="margin-left" value="0pt" />
            <Attribute name="margin-right" value="0pt" />
            <Attribute name="margin-top" value="8.0pt" />
            <Attribute name="margin-bottom" value="8.0pt" />
            <Attribute name="line-spacing" value="0pt" />
            <Attribute name="color" value="#000000" />
            <Attribute name="font-family" value="Palatino Linotype" />
            <Attribute name="font-size" value="14.0pt" />
            <Attribute name="font-weight" value="normal" />
            <Attribute name="font-style" value="normal" />
            <Attribute name="font-variant" value="normal" />
            <Attribute name="text-transform" value="none" />
            <Attribute name="text-decoration-underline" value="none" />
            <Attribute name="text-decoration-line-through" value="none" />
            <Attribute name="vertical-align" value="baseline" />
          </Style>
          <TextRun id="tr1085991-1">
            <Text value="S" />
            <Text value="earch Results (by Subject)" />
          </TextRun>
        </Paragraph>
        <Paragraph id="1085991" documentposition="188" splitpriority="3" xmlns="urn:WebWorks-Behaviors-Schema">
          <Marker behavior="topic" id="1095071">
            <Marker id="1095071" name="TopicAlias" xmlns="urn:WebWorks-Document-Schema">
              <TextRun id="tr1095071-1">
                <Text value="search_results_by_subject_help" />
              </TextRun>
            </Marker>
          </Marker>
        </Paragraph>
      </Entry>
      <Entry id="1069240" documentID="1C705F2984147613" level="3" documentposition="202" path="C:\Documents and Settings\hadfielj\My Documents\ePublisher Pro Projects\NCIA Online Help\Output\WebWorks Help 5.0\NCIA Online Help\Searching NCIA.3.15.html" linkid="1069240" fileposition="32" first="true">
        <Paragraph xmlns="urn:WebWorks-Document-Schema">
          <Style>
            <Attribute name="text-align" value="Left" />
            <Attribute name="text-indent" value="0pt" />
            <Attribute name="margin-left" value="0pt" />
            <Attribute name="margin-right" value="0pt" />
            <Attribute name="margin-top" value="8.0pt" />
            <Attribute name="margin-bottom" value="8.0pt" />
            <Attribute name="line-spacing" value="0pt" />
            <Attribute name="color" value="#000000" />
            <Attribute name="font-family" value="Palatino Linotype" />
            <Attribute name="font-size" value="14.0pt" />
            <Attribute name="font-weight" value="normal" />
            <Attribute name="font-style" value="normal" />
            <Attribute name="font-variant" value="normal" />
            <Attribute name="text-transform" value="none" />
            <Attribute name="text-decoration-underline" value="none" />
            <Attribute name="text-decoration-line-through" value="none" />
            <Attribute name="vertical-align" value="baseline" />
          </Style>
          <TextRun id="tr1069240-1">
            <Text value="S" />
            <Text value="earch Results (Studies for Subject)" />
          </TextRun>
        </Paragraph>
        <Paragraph id="1069240" documentposition="202" splitpriority="3" xmlns="urn:WebWorks-Behaviors-Schema">
          <Marker behavior="topic" id="1095072">
            <Marker id="1095072" name="TopicAlias" xmlns="urn:WebWorks-Document-Schema">
              <TextRun id="tr1095072-1">
                <Text value="search_results_studies_for_subject_help" />
              </TextRun>
            </Marker>
          </Marker>
        </Paragraph>
      </Entry>
      <Entry id="1069282" documentID="1C705F2984147613" level="3" documentposition="211" path="C:\Documents and Settings\hadfielj\My Documents\ePublisher Pro Projects\NCIA Online Help\Output\WebWorks Help 5.0\NCIA Online Help\Searching NCIA.3.16.html" linkid="1069282" fileposition="33" first="true">
        <Paragraph xmlns="urn:WebWorks-Document-Schema">
          <Style>
            <Attribute name="text-align" value="Left" />
            <Attribute name="text-indent" value="0pt" />
            <Attribute name="margin-left" value="0pt" />
            <Attribute name="margin-right" value="0pt" />
            <Attribute name="margin-top" value="8.0pt" />
            <Attribute name="margin-bottom" value="8.0pt" />
            <Attribute name="line-spacing" value="0pt" />
            <Attribute name="color" value="#000000" />
            <Attribute name="font-family" value="Palatino Linotype" />
            <Attribute name="font-size" value="14.0pt" />
            <Attribute name="font-weight" value="normal" />
            <Attribute name="font-style" value="normal" />
            <Attribute name="font-variant" value="normal" />
            <Attribute name="text-transform" value="none" />
            <Attribute name="text-decoration-underline" value="none" />
            <Attribute name="text-decoration-line-through" value="none" />
            <Attribute name="vertical-align" value="baseline" />
          </Style>
          <TextRun id="tr1069282-1">
            <Text value="S" />
            <Text value="earch Results (Images for Series)" />
          </TextRun>
        </Paragraph>
        <Paragraph id="1069282" documentposition="211" splitpriority="3" xmlns="urn:WebWorks-Behaviors-Schema">
          <Marker behavior="topic" id="1095073">
            <Marker id="1095073" name="TopicAlias" xmlns="urn:WebWorks-Document-Schema">
              <TextRun id="tr1095073-1">
                <Text value="search_results_images_for series_help" />
              </TextRun>
            </Marker>
          </Marker>
        </Paragraph>
      </Entry>
    </Entry>
    <Entry id="1070193" documentID="1C705F2984147613" level="2" documentposition="220" path="C:\Documents and Settings\hadfielj\My Documents\ePublisher Pro Projects\NCIA Online Help\Output\WebWorks Help 5.0\NCIA Online Help\Searching NCIA.3.17.html" linkid="1070193" fileposition="34" first="true">
      <Paragraph xmlns="urn:WebWorks-Document-Schema">
        <Style>
          <Attribute name="text-align" value="Left" />
          <Attribute name="text-indent" value="0pt" />
          <Attribute name="margin-left" value="0pt" />
          <Attribute name="margin-right" value="0pt" />
          <Attribute name="margin-top" value="9.0pt" />
          <Attribute name="margin-bottom" value="12.0pt" />
          <Attribute name="line-spacing" value="0pt" />
          <Attribute name="color" value="#515186" />
          <Attribute name="font-family" value="Palatino Linotype" />
          <Attribute name="font-size" value="16.0pt" />
          <Attribute name="font-weight" value="bold" />
          <Attribute name="font-style" value="normal" />
          <Attribute name="font-variant" value="normal" />
          <Attribute name="text-transform" value="none" />
          <Attribute name="text-decoration-underline" value="none" />
          <Attribute name="text-decoration-line-through" value="none" />
          <Attribute name="vertical-align" value="baseline" />
        </Style>
        <TextRun id="tr1070193-1">
          <Text value="Working with the " />
          <Text value="Data Basket" />
        </TextRun>
      </Paragraph>
      <Paragraph id="1070193" documentposition="220" splitpriority="2" xmlns="urn:WebWorks-Behaviors-Schema" />
      <Entry id="1090594" documentID="1C705F2984147613" level="3" documentposition="225" path="C:\Documents and Settings\hadfielj\My Documents\ePublisher Pro Projects\NCIA Online Help\Output\WebWorks Help 5.0\NCIA Online Help\Searching NCIA.3.18.html" linkid="1090594" fileposition="35" first="true">
        <Paragraph xmlns="urn:WebWorks-Document-Schema">
          <Style>
            <Attribute name="text-align" value="Left" />
            <Attribute name="text-indent" value="0pt" />
            <Attribute name="margin-left" value="0pt" />
            <Attribute name="margin-right" value="0pt" />
            <Attribute name="margin-top" value="8.0pt" />
            <Attribute name="margin-bottom" value="8.0pt" />
            <Attribute name="line-spacing" value="0pt" />
            <Attribute name="color" value="#000000" />
            <Attribute name="font-family" value="Palatino Linotype" />
            <Attribute name="font-size" value="14.0pt" />
            <Attribute name="font-weight" value="normal" />
            <Attribute name="font-style" value="normal" />
            <Attribute name="font-variant" value="normal" />
            <Attribute name="text-transform" value="none" />
            <Attribute name="text-decoration-underline" value="none" />
            <Attribute name="text-decoration-line-through" value="none" />
            <Attribute name="vertical-align" value="baseline" />
          </Style>
          <TextRun id="tr1090594-1" />
          <TextRun id="tr1090594-2">
            <Text value="Adding Items to Your Basket" />
          </TextRun>
        </Paragraph>
        <Paragraph id="1090594" documentposition="225" splitpriority="3" xmlns="urn:WebWorks-Behaviors-Schema" />
      </Entry>
      <Entry id="1070197" documentID="1C705F2984147613" level="3" documentposition="233" path="C:\Documents and Settings\hadfielj\My Documents\ePublisher Pro Projects\NCIA Online Help\Output\WebWorks Help 5.0\NCIA Online Help\Searching NCIA.3.19.html" linkid="1070197" fileposition="36" first="true">
        <Paragraph xmlns="urn:WebWorks-Document-Schema">
          <Style>
            <Attribute name="text-align" value="Left" />
            <Attribute name="text-indent" value="0pt" />
            <Attribute name="margin-left" value="0pt" />
            <Attribute name="margin-right" value="0pt" />
            <Attribute name="margin-top" value="8.0pt" />
            <Attribute name="margin-bottom" value="8.0pt" />
            <Attribute name="line-spacing" value="0pt" />
            <Attribute name="color" value="#000000" />
            <Attribute name="font-family" value="Palatino Linotype" />
            <Attribute name="font-size" value="14.0pt" />
            <Attribute name="font-weight" value="normal" />
            <Attribute name="font-style" value="normal" />
            <Attribute name="font-variant" value="normal" />
            <Attribute name="text-transform" value="none" />
            <Attribute name="text-decoration-underline" value="none" />
            <Attribute name="text-decoration-line-through" value="none" />
            <Attribute name="vertical-align" value="baseline" />
          </Style>
          <TextRun id="tr1070197-1" />
          <TextRun id="tr1070197-2">
            <Text value="M" />
            <Text value="anaging " />
            <Text value="the" />
            <Text value=" Data Basket" />
          </TextRun>
        </Paragraph>
        <Paragraph id="1070197" documentposition="233" splitpriority="3" xmlns="urn:WebWorks-Behaviors-Schema">
          <Marker behavior="topic" id="1095074">
            <Marker id="1095074" name="TopicAlias" xmlns="urn:WebWorks-Document-Schema">
              <TextRun id="tr1095074-1">
                <Text value="data_basket_help" />
              </TextRun>
            </Marker>
          </Marker>
        </Paragraph>
      </Entry>
      <Entry id="1090496" documentID="1C705F2984147613" level="3" documentposition="242" path="C:\Documents and Settings\hadfielj\My Documents\ePublisher Pro Projects\NCIA Online Help\Output\WebWorks Help 5.0\NCIA Online Help\Searching NCIA.3.20.html" linkid="1090496" fileposition="37" first="true">
        <Paragraph xmlns="urn:WebWorks-Document-Schema">
          <Style>
            <Attribute name="text-align" value="Left" />
            <Attribute name="text-indent" value="0pt" />
            <Attribute name="margin-left" value="0pt" />
            <Attribute name="margin-right" value="0pt" />
            <Attribute name="margin-top" value="8.0pt" />
            <Attribute name="margin-bottom" value="8.0pt" />
            <Attribute name="line-spacing" value="0pt" />
            <Attribute name="color" value="#000000" />
            <Attribute name="font-family" value="Palatino Linotype" />
            <Attribute name="font-size" value="14.0pt" />
            <Attribute name="font-weight" value="normal" />
            <Attribute name="font-style" value="normal" />
            <Attribute name="font-variant" value="normal" />
            <Attribute name="text-transform" value="none" />
            <Attribute name="text-decoration-underline" value="none" />
            <Attribute name="text-decoration-line-through" value="none" />
            <Attribute name="vertical-align" value="baseline" />
          </Style>
          <TextRun id="tr1090496-1" />
          <TextRun id="tr1090496-2">
            <Text value="Downloading the " />
            <Text value="Data Basket " />
          </TextRun>
        </Paragraph>
        <Paragraph id="1090496" documentposition="242" splitpriority="3" xmlns="urn:WebWorks-Behaviors-Schema" />
      </Entry>
    </Entry>
    <Entry id="1070597" documentID="1C705F2984147613" level="2" documentposition="264" path="C:\Documents and Settings\hadfielj\My Documents\ePublisher Pro Projects\NCIA Online Help\Output\WebWorks Help 5.0\NCIA Online Help\Searching NCIA.3.21.html" linkid="1070597" fileposition="38" first="true">
      <Paragraph xmlns="urn:WebWorks-Document-Schema">
        <Style>
          <Attribute name="text-align" value="Left" />
          <Attribute name="text-indent" value="0pt" />
          <Attribute name="margin-left" value="0pt" />
          <Attribute name="margin-right" value="0pt" />
          <Attribute name="margin-top" value="9.0pt" />
          <Attribute name="margin-bottom" value="12.0pt" />
          <Attribute name="line-spacing" value="0pt" />
          <Attribute name="color" value="#515186" />
          <Attribute name="font-family" value="Palatino Linotype" />
          <Attribute name="font-size" value="16.0pt" />
          <Attribute name="font-weight" value="bold" />
          <Attribute name="font-style" value="normal" />
          <Attribute name="font-variant" value="normal" />
          <Attribute name="text-transform" value="none" />
          <Attribute name="text-decoration-underline" value="none" />
          <Attribute name="text-decoration-line-through" value="none" />
          <Attribute name="vertical-align" value="baseline" />
        </Style>
        <TextRun id="tr1070597-1" />
        <TextRun id="tr1070597-2">
          <Text value="O" />
          <Text value="btaining DICOM Viewers" />
        </TextRun>
      </Paragraph>
      <Paragraph id="1070597" documentposition="264" splitpriority="2" xmlns="urn:WebWorks-Behaviors-Schema" />
    </Entry>
    <Entry id="1086036" documentID="1C705F2984147613" level="2" documentposition="272" path="C:\Documents and Settings\hadfielj\My Documents\ePublisher Pro Projects\NCIA Online Help\Output\WebWorks Help 5.0\NCIA Online Help\Searching NCIA.3.22.html" linkid="1086036" fileposition="39" first="true">
      <Paragraph xmlns="urn:WebWorks-Document-Schema">
        <Style>
          <Attribute name="text-align" value="Left" />
          <Attribute name="text-indent" value="0pt" />
          <Attribute name="margin-left" value="0pt" />
          <Attribute name="margin-right" value="0pt" />
          <Attribute name="margin-top" value="9.0pt" />
          <Attribute name="margin-bottom" value="12.0pt" />
          <Attribute name="line-spacing" value="0pt" />
          <Attribute name="color" value="#515186" />
          <Attribute name="font-family" value="Palatino Linotype" />
          <Attribute name="font-size" value="16.0pt" />
          <Attribute name="font-weight" value="bold" />
          <Attribute name="font-style" value="normal" />
          <Attribute name="font-variant" value="normal" />
          <Attribute name="text-transform" value="none" />
          <Attribute name="text-decoration-underline" value="none" />
          <Attribute name="text-decoration-line-through" value="none" />
          <Attribute name="vertical-align" value="baseline" />
        </Style>
        <TextRun id="tr1086036-1">
          <Text value="Initiating Searches from Other Applications" />
        </TextRun>
        <TextRun id="tr1086036-2">
          <Text value="&#x9;" />
        </TextRun>
      </Paragraph>
      <Paragraph id="1086036" documentposition="272" splitpriority="2" xmlns="urn:WebWorks-Behaviors-Schema" />
    </Entry>
  </Entry>
  <Entry id="1064739" documentID="2D1FF9F75931D1CA" level="1" documentposition="3" path="C:\Documents and Settings\hadfielj\My Documents\ePublisher Pro Projects\NCIA Online Help\Output\WebWorks Help 5.0\NCIA Online Help\NCIA admin.4.1.html" linkid="1064739" fileposition="40" first="true">
    <Paragraph xmlns="urn:WebWorks-Document-Schema">
      <Style>
        <Attribute name="text-align" value="Right" />
        <Attribute name="text-indent" value="0pt" />
        <Attribute name="margin-left" value="0pt" />
        <Attribute name="margin-right" value="0pt" />
        <Attribute name="margin-top" value="0.0pt" />
        <Attribute name="margin-bottom" value="13.0pt" />
        <Attribute name="line-spacing" value="0pt" />
        <Attribute name="color" value="#515186" />
        <Attribute name="font-family" value="Palatino Linotype" />
        <Attribute name="font-size" value="27.0pt" />
        <Attribute name="font-weight" value="bold" />
        <Attribute name="font-style" value="normal" />
        <Attribute name="font-variant" value="" />
        <Attribute name="text-transform" value="none" />
        <Attribute name="text-decoration-underline" value="none" />
        <Attribute name="text-decoration-line-through" value="none" />
        <Attribute name="vertical-align" value="baseline" />
      </Style>
      <TextRun id="tr1064739-1">
        <Text value="NCIA Administration" />
      </TextRun>
    </Paragraph>
    <Paragraph id="1064739" documentposition="3" splitpriority="1" xmlns="urn:WebWorks-Behaviors-Schema" />
    <Entry id="1084083" documentID="2D1FF9F75931D1CA" level="2" documentposition="10" path="C:\Documents and Settings\hadfielj\My Documents\ePublisher Pro Projects\NCIA Online Help\Output\WebWorks Help 5.0\NCIA Online Help\NCIA admin.4.2.html" linkid="1084083" fileposition="41" first="true">
      <Paragraph xmlns="urn:WebWorks-Document-Schema">
        <Style>
          <Attribute name="text-align" value="Left" />
          <Attribute name="text-indent" value="0pt" />
          <Attribute name="margin-left" value="0pt" />
          <Attribute name="margin-right" value="0pt" />
          <Attribute name="margin-top" value="9.0pt" />
          <Attribute name="margin-bottom" value="12.0pt" />
          <Attribute name="line-spacing" value="0pt" />
          <Attribute name="color" value="#515186" />
          <Attribute name="font-family" value="Palatino Linotype" />
          <Attribute name="font-size" value="16.0pt" />
          <Attribute name="font-weight" value="bold" />
          <Attribute name="font-style" value="normal" />
          <Attribute name="font-variant" value="normal" />
          <Attribute name="text-transform" value="none" />
          <Attribute name="text-decoration-underline" value="none" />
          <Attribute name="text-decoration-line-through" value="none" />
          <Attribute name="vertical-align" value="baseline" />
        </Style>
        <TextRun id="tr1084083-1">
          <Text value="Administration Functions Overview" />
        </TextRun>
      </Paragraph>
      <Paragraph id="1084083" documentposition="10" splitpriority="2" xmlns="urn:WebWorks-Behaviors-Schema" />
    </Entry>
    <Entry id="1084993" documentID="2D1FF9F75931D1CA" level="2" documentposition="17" path="C:\Documents and Settings\hadfielj\My Documents\ePublisher Pro Projects\NCIA Online Help\Output\WebWorks Help 5.0\NCIA Online Help\NCIA admin.4.3.html" linkid="1084993" fileposition="42" first="true">
      <Paragraph xmlns="urn:WebWorks-Document-Schema">
        <Style>
          <Attribute name="text-align" value="Left" />
          <Attribute name="text-indent" value="0pt" />
          <Attribute name="margin-left" value="0pt" />
          <Attribute name="margin-right" value="0pt" />
          <Attribute name="margin-top" value="9.0pt" />
          <Attribute name="margin-bottom" value="12.0pt" />
          <Attribute name="line-spacing" value="0pt" />
          <Attribute name="color" value="#515186" />
          <Attribute name="font-family" value="Palatino Linotype" />
          <Attribute name="font-size" value="16.0pt" />
          <Attribute name="font-weight" value="bold" />
          <Attribute name="font-style" value="normal" />
          <Attribute name="font-variant" value="normal" />
          <Attribute name="text-transform" value="none" />
          <Attribute name="text-decoration-underline" value="none" />
          <Attribute name="text-decoration-line-through" value="none" />
          <Attribute name="vertical-align" value="baseline" />
        </Style>
        <TextRun id="tr1084993-1" />
        <TextRun id="tr1084993-2">
          <Text value="U" />
          <Text value="sing the Quality Assurance (QA) Tool" />
        </TextRun>
      </Paragraph>
      <Paragraph id="1084993" documentposition="17" splitpriority="2" xmlns="urn:WebWorks-Behaviors-Schema">
        <Marker behavior="topic" id="1084992">
          <Marker id="1084992" name="TopicAlias" xmlns="urn:WebWorks-Document-Schema">
            <TextRun id="tr1084992-1">
              <Text value="QA_tool_help" />
            </TextRun>
          </Marker>
        </Marker>
      </Paragraph>
    </Entry>
    <Entry id="1083943" documentID="2D1FF9F75931D1CA" level="2" documentposition="39" path="C:\Documents and Settings\hadfielj\My Documents\ePublisher Pro Projects\NCIA Online Help\Output\WebWorks Help 5.0\NCIA Online Help\NCIA admin.4.4.html" linkid="1083943" fileposition="43" first="true">
      <Paragraph xmlns="urn:WebWorks-Document-Schema">
        <Style>
          <Attribute name="text-align" value="Left" />
          <Attribute name="text-indent" value="0pt" />
          <Attribute name="margin-left" value="0pt" />
          <Attribute name="margin-right" value="0pt" />
          <Attribute name="margin-top" value="9.0pt" />
          <Attribute name="margin-bottom" value="12.0pt" />
          <Attribute name="line-spacing" value="0pt" />
          <Attribute name="color" value="#515186" />
          <Attribute name="font-family" value="Palatino Linotype" />
          <Attribute name="font-size" value="16.0pt" />
          <Attribute name="font-weight" value="bold" />
          <Attribute name="font-style" value="normal" />
          <Attribute name="font-variant" value="normal" />
          <Attribute name="text-transform" value="none" />
          <Attribute name="text-decoration-underline" value="none" />
          <Attribute name="text-decoration-line-through" value="none" />
          <Attribute name="vertical-align" value="baseline" />
        </Style>
        <TextRun id="tr1083943-1" />
        <TextRun id="tr1083943-2">
          <Text value="U" />
          <Text value="ploading and Parsing the Curation Spreadsheet" />
        </TextRun>
      </Paragraph>
      <Paragraph id="1083943" documentposition="39" splitpriority="2" xmlns="urn:WebWorks-Behaviors-Schema">
        <Marker behavior="topic" id="1084730">
          <Marker id="1084730" name="TopicAlias" xmlns="urn:WebWorks-Document-Schema">
            <TextRun id="tr1084730-1">
              <Text value="upload_spreadsheet_help" />
            </TextRun>
          </Marker>
        </Marker>
      </Paragraph>
    </Entry>
    <Entry id="1084915" documentID="2D1FF9F75931D1CA" level="2" documentposition="50" path="C:\Documents and Settings\hadfielj\My Documents\ePublisher Pro Projects\NCIA Online Help\Output\WebWorks Help 5.0\NCIA Online Help\NCIA admin.4.5.html" linkid="1084915" fileposition="44" first="true">
      <Paragraph xmlns="urn:WebWorks-Document-Schema">
        <Style>
          <Attribute name="text-align" value="Left" />
          <Attribute name="text-indent" value="0pt" />
          <Attribute name="margin-left" value="0pt" />
          <Attribute name="margin-right" value="0pt" />
          <Attribute name="margin-top" value="9.0pt" />
          <Attribute name="margin-bottom" value="12.0pt" />
          <Attribute name="line-spacing" value="0pt" />
          <Attribute name="color" value="#515186" />
          <Attribute name="font-family" value="Palatino Linotype" />
          <Attribute name="font-size" value="16.0pt" />
          <Attribute name="font-weight" value="bold" />
          <Attribute name="font-style" value="normal" />
          <Attribute name="font-variant" value="normal" />
          <Attribute name="text-transform" value="none" />
          <Attribute name="text-decoration-underline" value="none" />
          <Attribute name="text-decoration-line-through" value="none" />
          <Attribute name="vertical-align" value="baseline" />
        </Style>
        <TextRun id="tr1084915-1" />
        <TextRun id="tr1084915-2">
          <Text value="V" />
          <Text value="erifying Submitted Files" />
        </TextRun>
      </Paragraph>
      <Paragraph id="1084915" documentposition="50" splitpriority="2" xmlns="urn:WebWorks-Behaviors-Schema">
        <Marker behavior="topic" id="1084914">
          <Marker id="1084914" name="TopicAlias" xmlns="urn:WebWorks-Document-Schema">
            <TextRun id="tr1084914-1">
              <Text value="verify_submitted_files_help" />
            </TextRun>
          </Marker>
        </Marker>
      </Paragraph>
    </Entry>
  </Entry>
  <Entry id="1056918" documentID="664C1B87E8294A9" level="1" documentposition="3" path="C:\Documents and Settings\hadfielj\My Documents\ePublisher Pro Projects\NCIA Online Help\Output\WebWorks Help 5.0\NCIA Online Help\appdix references.5.1.html" linkid="1056918" fileposition="45" first="true">
    <Paragraph xmlns="urn:WebWorks-Document-Schema">
      <Style>
        <Attribute name="text-align" value="Right" />
        <Attribute name="text-indent" value="0pt" />
        <Attribute name="margin-left" value="0pt" />
        <Attribute name="margin-right" value="0pt" />
        <Attribute name="margin-top" value="0.0pt" />
        <Attribute name="margin-bottom" value="13.0pt" />
        <Attribute name="line-spacing" value="0pt" />
        <Attribute name="color" value="#515186" />
        <Attribute name="font-family" value="Palatino Linotype" />
        <Attribute name="font-size" value="27.0pt" />
        <Attribute name="font-weight" value="bold" />
        <Attribute name="font-style" value="normal" />
        <Attribute name="font-variant" value="" />
        <Attribute name="text-transform" value="none" />
        <Attribute name="text-decoration-underline" value="none" />
        <Attribute name="text-decoration-line-through" value="none" />
        <Attribute name="vertical-align" value="baseline" />
      </Style>
      <TextRun id="tr1056918-1">
        <Text value="URL References" />
      </TextRun>
    </Paragraph>
    <Paragraph id="1056918" documentposition="3" splitpriority="none" xmlns="urn:WebWorks-Behaviors-Schema" />
    <Entry id="1056911" documentID="664C1B87E8294A9" level="2" documentposition="9" path="C:\Documents and Settings\hadfielj\My Documents\ePublisher Pro Projects\NCIA Online Help\Output\WebWorks Help 5.0\NCIA Online Help\appdix references.5.2.html" linkid="1056911" fileposition="46" first="true">
      <Paragraph xmlns="urn:WebWorks-Document-Schema">
        <Style>
          <Attribute name="text-align" value="Left" />
          <Attribute name="text-indent" value="0pt" />
          <Attribute name="margin-left" value="0pt" />
          <Attribute name="margin-right" value="0pt" />
          <Attribute name="margin-top" value="15.0pt" />
          <Attribute name="margin-bottom" value="0.0pt" />
          <Attribute name="line-spacing" value="0pt" />
          <Attribute name="color" value="#515186" />
          <Attribute name="font-family" value="Palatino Linotype" />
          <Attribute name="font-size" value="16.0pt" />
          <Attribute name="font-weight" value="bold" />
          <Attribute name="font-style" value="normal" />
          <Attribute name="font-variant" value="normal" />
          <Attribute name="text-transform" value="none" />
          <Attribute name="text-decoration-underline" value="none" />
          <Attribute name="text-decoration-line-through" value="none" />
          <Attribute name="vertical-align" value="baseline" />
        </Style>
        <TextRun id="tr1056911-1">
          <Text value="FTP Client S" />
          <Text value="oftware Products" />
        </TextRun>
      </Paragraph>
      <Paragraph id="1056911" documentposition="9" splitpriority="2" xmlns="urn:WebWorks-Behaviors-Schema" />
    </Entry>
    <Entry id="1058243" documentID="664C1B87E8294A9" level="2" documentposition="13" path="C:\Documents and Settings\hadfielj\My Documents\ePublisher Pro Projects\NCIA Online Help\Output\WebWorks Help 5.0\NCIA Online Help\appdix references.5.3.html" linkid="1058243" fileposition="47" first="true">
      <Paragraph xmlns="urn:WebWorks-Document-Schema">
        <Style>
          <Attribute name="text-align" value="Left" />
          <Attribute name="text-indent" value="0pt" />
          <Attribute name="margin-left" value="0pt" />
          <Attribute name="margin-right" value="0pt" />
          <Attribute name="margin-top" value="15.0pt" />
          <Attribute name="margin-bottom" value="0.0pt" />
          <Attribute name="line-spacing" value="0pt" />
          <Attribute name="color" value="#515186" />
          <Attribute name="font-family" value="Palatino Linotype" />
          <Attribute name="font-size" value="16.0pt" />
          <Attribute name="font-weight" value="bold" />
          <Attribute name="font-style" value="normal" />
          <Attribute name="font-variant" value="normal" />
          <Attribute name="text-transform" value="none" />
          <Attribute name="text-decoration-underline" value="none" />
          <Attribute name="text-decoration-line-through" value="none" />
          <Attribute name="vertical-align" value="baseline" />
        </Style>
        <TextRun id="tr1058243-1">
          <Text value="DICOM" />
        </TextRun>
      </Paragraph>
      <Paragraph id="1058243" documentposition="13" splitpriority="2" xmlns="urn:WebWorks-Behaviors-Schema" />
    </Entry>
    <Entry id="1059694" documentID="664C1B87E8294A9" level="2" documentposition="18" path="C:\Documents and Settings\hadfielj\My Documents\ePublisher Pro Projects\NCIA Online Help\Output\WebWorks Help 5.0\NCIA Online Help\appdix references.5.4.html" linkid="1059694" fileposition="48" first="true">
      <Paragraph xmlns="urn:WebWorks-Document-Schema">
        <Style>
          <Attribute name="text-align" value="Left" />
          <Attribute name="text-indent" value="0pt" />
          <Attribute name="margin-left" value="0pt" />
          <Attribute name="margin-right" value="0pt" />
          <Attribute name="margin-top" value="15.0pt" />
          <Attribute name="margin-bottom" value="0.0pt" />
          <Attribute name="line-spacing" value="0pt" />
          <Attribute name="color" value="#515186" />
          <Attribute name="font-family" value="Palatino Linotype" />
          <Attribute name="font-size" value="16.0pt" />
          <Attribute name="font-weight" value="bold" />
          <Attribute name="font-style" value="normal" />
          <Attribute name="font-variant" value="normal" />
          <Attribute name="text-transform" value="none" />
          <Attribute name="text-decoration-underline" value="none" />
          <Attribute name="text-decoration-line-through" value="none" />
          <Attribute name="vertical-align" value="baseline" />
        </Style>
        <TextRun id="tr1059694-1">
          <Text value="Cedara" />
        </TextRun>
      </Paragraph>
      <Paragraph id="1059694" documentposition="18" splitpriority="2" xmlns="urn:WebWorks-Behaviors-Schema" />
    </Entry>
    <Entry id="1059619" documentID="664C1B87E8294A9" level="2" documentposition="21" path="C:\Documents and Settings\hadfielj\My Documents\ePublisher Pro Projects\NCIA Online Help\Output\WebWorks Help 5.0\NCIA Online Help\appdix references.5.5.html" linkid="1059619" fileposition="49" first="true">
      <Paragraph xmlns="urn:WebWorks-Document-Schema">
        <Style>
          <Attribute name="text-align" value="Left" />
          <Attribute name="text-indent" value="0pt" />
          <Attribute name="margin-left" value="0pt" />
          <Attribute name="margin-right" value="0pt" />
          <Attribute name="margin-top" value="15.0pt" />
          <Attribute name="margin-bottom" value="0.0pt" />
          <Attribute name="line-spacing" value="0pt" />
          <Attribute name="color" value="#515186" />
          <Attribute name="font-family" value="Palatino Linotype" />
          <Attribute name="font-size" value="16.0pt" />
          <Attribute name="font-weight" value="bold" />
          <Attribute name="font-style" value="normal" />
          <Attribute name="font-variant" value="normal" />
          <Attribute name="text-transform" value="none" />
          <Attribute name="text-decoration-underline" value="none" />
          <Attribute name="text-decoration-line-through" value="none" />
          <Attribute name="vertical-align" value="baseline" />
        </Style>
        <TextRun id="tr1059619-1">
          <Text value="NCIA" />
        </TextRun>
      </Paragraph>
      <Paragraph id="1059619" documentposition="21" splitpriority="2" xmlns="urn:WebWorks-Behaviors-Schema" />
    </Entry>
  </Entry>
  <Entry id="1065598" documentID="6530E847F361D0B0" level="1" documentposition="3" path="C:\Documents and Settings\hadfielj\My Documents\ePublisher Pro Projects\NCIA Online Help\Output\WebWorks Help 5.0\NCIA Online Help\appdix glossary.6.1.html" linkid="1065598" fileposition="50" first="true">
    <Paragraph xmlns="urn:WebWorks-Document-Schema">
      <Style>
        <Attribute name="text-align" value="Right" />
        <Attribute name="text-indent" value="0pt" />
        <Attribute name="margin-left" value="0pt" />
        <Attribute name="margin-right" value="0pt" />
        <Attribute name="margin-top" value="0.0pt" />
        <Attribute name="margin-bottom" value="13.0pt" />
        <Attribute name="line-spacing" value="0pt" />
        <Attribute name="color" value="#515186" />
        <Attribute name="font-family" value="Palatino Linotype" />
        <Attribute name="font-size" value="27.0pt" />
        <Attribute name="font-weight" value="bold" />
        <Attribute name="font-style" value="normal" />
        <Attribute name="font-variant" value="" />
        <Attribute name="text-transform" value="none" />
        <Attribute name="text-decoration-underline" value="none" />
        <Attribute name="text-decoration-line-through" value="none" />
        <Attribute name="vertical-align" value="baseline" />
      </Style>
      <TextRun id="tr1065598-1">
        <Text value="NCIA Glossary" />
      </TextRun>
    </Paragraph>
    <Paragraph id="1065598" documentposition="3" splitpriority="none" xmlns="urn:WebWorks-Behaviors-Schema" />
  </Entry>
  <Entry id="998294" documentID="85E99F163030844B" level="1" documentposition="1" path="C:\Documents and Settings\hadfielj\My Documents\ePublisher Pro Projects\NCIA Online Help\Output\WebWorks Help 5.0\NCIA Online Help\Application Support.7.1.html" linkid="998294" fileposition="51" first="true">
    <Paragraph xmlns="urn:WebWorks-Document-Schema">
      <Style>
        <Attribute name="text-align" value="Right" />
        <Attribute name="text-indent" value="0pt" />
        <Attribute name="margin-left" value="0pt" />
        <Attribute name="margin-right" value="0pt" />
        <Attribute name="margin-top" value="0.0pt" />
        <Attribute name="margin-bottom" value="13.0pt" />
        <Attribute name="line-spacing" value="0pt" />
        <Attribute name="color" value="#515186" />
        <Attribute name="font-family" value="Palatino Linotype" />
        <Attribute name="font-size" value="27.0pt" />
        <Attribute name="font-weight" value="bold" />
        <Attribute name="font-style" value="normal" />
        <Attribute name="font-variant" value="" />
        <Attribute name="text-transform" value="none" />
        <Attribute name="text-decoration-underline" value="none" />
        <Attribute name="text-decoration-line-through" value="none" />
        <Attribute name="vertical-align" value="baseline" />
      </Style>
      <TextRun id="tr998294-1">
        <Text value="Application Support" />
      </TextRun>
    </Paragraph>
    <Paragraph id="998294" documentposition="1" splitpriority="1" xmlns="urn:WebWorks-Behaviors-Schema" />
  </Entry>
</TableOfContents>