<?xml version="1.0" encoding="UTF-8"?>
<jndiConfig xmlns="http://wsrf.globus.org/jndi/config">
    <service name="CounterService">
        <resource
            name="home"
            type="org.globus.wsrf.samples.counter.CounterHome">
            <resourceParams>
                <parameter>
                    <name>factory</name>
                    <value>org.globus.wsrf.jndi.BeanFactory</value>
                </parameter>
                <parameter>
                    <name>resourceClass</name>
                    <value>org.globus.wsrf.samples.counter.PersistentCounter</value>
                </parameter>
                <parameter>
                    <name>resourceKeyName</name>
                    <value>{http://counter.com}CounterKey</value>
                </parameter>
                <parameter>
                    <name>resourceKeyType</name>
                    <value>java.lang.Integer</value>
                </parameter>
                <parameter>
                    <name>cacheLocation</name>
                    <value>java:comp/env/services/CounterService/cache</value>
                </parameter>
            </resourceParams>
        </resource>
      <resource name="cache" 
                type="org.globus.wsrf.utils.cache.LRUCache">
            <resourceParams>
                <parameter>
                    <name>factory</name>  
                    <value>org.globus.wsrf.jndi.BeanFactory</value>
                </parameter>
                <parameter>
                    <name>timeout</name>
                    <value>120000</value>
                </parameter>
            </resourceParams>
       </resource>
    </service>
    <service name="SecureCounterService">
        <resource
            name="home"
            type="org.globus.wsrf.samples.counter.CounterHome">
            <resourceParams>
                <parameter>
                    <name>factory</name>
                    <value>org.globus.wsrf.jndi.BeanFactory</value>
                </parameter>
                <parameter>
                    <name>resourceClass</name>
                    <value>org.globus.wsrf.samples.counter.PersistentCounter</value>
                </parameter>
                <parameter>
                    <name>resourceKeyName</name>
                    <value>{http://counter.com}CounterKey</value>
                </parameter>
                <parameter>
                    <name>resourceKeyType</name>
                    <value>java.lang.Integer</value>
                </parameter>
            </resourceParams>
        </resource>
    </service>
</jndiConfig>