<?xml version="1.0" encoding="utf-8"?>
<Behaviors version="1.0" xmlns="urn:WebWorks-Behaviors-Schema">
  <Split id="1060244" documentposition="3">
    <Paragraph id="1060244" documentposition="3" splitpriority="1" />
    <Paragraph id="1060245" documentposition="4" splitpriority="none" />
    <Paragraph id="1061786" documentposition="5" splitpriority="none" />
    <Paragraph id="1202768" documentposition="6" splitpriority="none" />
    <Paragraph id="1197960" documentposition="7" splitpriority="none" />
    <Paragraph id="1061820" documentposition="8" splitpriority="none" />
    <Paragraph id="1071663" documentposition="9" splitpriority="none" />
  </Split>
  <Split id="1066291" documentposition="10">
    <Paragraph id="1066291" documentposition="10" splitpriority="2" />
    <Paragraph id="1087111" documentposition="11" splitpriority="none" />
    <Paragraph id="1145035" documentposition="12" splitpriority="none" />
    <Paragraph id="1090952" documentposition="13" splitpriority="none" />
    <Paragraph id="1090959" documentposition="14" splitpriority="none" />
    <Paragraph id="1090970" documentposition="15" splitpriority="none" />
    <Paragraph id="1090971" documentposition="16" splitpriority="none" />
    <Paragraph id="1090939" documentposition="17" splitpriority="none" />
    <Paragraph id="1091001" documentposition="18" splitpriority="none" />
    <Paragraph id="1095939" documentposition="19" splitpriority="none" />
    <Table id="1095940" documentposition="20" splitpriority="none">
      <TableCell>
        <Paragraph id="1095943" />
      </TableCell>
    </Table>
    <Paragraph id="1087564" documentposition="21" splitpriority="none" />
    <Paragraph id="1086968" documentposition="22" splitpriority="none" />
    <Paragraph id="1086973" documentposition="23" splitpriority="none" />
    <Paragraph id="1086978" documentposition="24" splitpriority="none" />
    <Paragraph id="1066370" documentposition="25" splitpriority="none" />
    <Paragraph id="1066371" documentposition="26" splitpriority="none" />
    <Paragraph id="1066372" documentposition="27" splitpriority="none" />
    <Paragraph id="1096502" documentposition="28" splitpriority="none" />
    <Paragraph id="1096506" documentposition="29" splitpriority="none" />
    <Paragraph id="1096507" documentposition="30" splitpriority="none" />
    <Paragraph id="1066373" documentposition="31" splitpriority="none" />
    <Paragraph id="1099771" documentposition="32" splitpriority="none" />
    <Paragraph id="1218472" documentposition="33" splitpriority="none" relatedtopic="define-no-output" />
    <Paragraph id="1218476" documentposition="34" splitpriority="none" relatedtopic="define-no-output" />
    <Paragraph id="1218480" documentposition="35" splitpriority="none" relatedtopic="define-no-output" />
    <Paragraph id="1218484" documentposition="36" splitpriority="none" relatedtopic="define-no-output" />
    <Paragraph id="1218488" documentposition="37" splitpriority="none" relatedtopic="define-no-output" />
    <Paragraph id="1218492" documentposition="38" splitpriority="none" relatedtopic="define-no-output" />
    <Paragraph id="1218496" documentposition="39" splitpriority="none" relatedtopic="define-no-output" />
  </Split>
  <Split id="1066741" documentposition="40">
    <Paragraph id="1066741" documentposition="40" splitpriority="3">
      <Marker behavior="topic" id="1095054">
        <Marker id="1095054" name="TopicAlias" xmlns="urn:WebWorks-Document-Schema">
          <TextRun id="tr1095054-1">
            <Text value="simple_search_help" />
          </TextRun>
        </Marker>
      </Marker>
    </Paragraph>
    <Paragraph id="1066742" documentposition="41" splitpriority="none" />
    <Paragraph id="1120081" documentposition="42" splitpriority="none" />
    <Paragraph id="1087719" documentposition="43" splitpriority="none" />
    <Paragraph id="1087738" documentposition="44" splitpriority="none" />
    <Paragraph id="1087543" documentposition="45" splitpriority="none" />
    <Paragraph id="1087531" documentposition="46" splitpriority="none" />
    <Paragraph id="1087551" documentposition="47" splitpriority="none" />
    <Paragraph id="1087680" documentposition="48" splitpriority="none" />
    <Paragraph id="1087771" documentposition="49" splitpriority="none" />
    <Paragraph id="1066743" documentposition="50" splitpriority="none" />
    <Table id="1066744" documentposition="51" splitpriority="none">
      <TableCell>
        <Paragraph id="1075999" />
      </TableCell>
      <TableCell>
        <Paragraph id="1076001" />
      </TableCell>
      <TableCell>
        <Paragraph id="1066750" />
      </TableCell>
      <TableCell>
        <Paragraph id="1066752" />
        <Paragraph id="1113607" />
        <Paragraph id="1113641" />
        <Paragraph id="1113612" />
        <Paragraph id="1113619" />
      </TableCell>
      <TableCell>
        <Paragraph id="1066754" />
      </TableCell>
      <TableCell>
        <Paragraph id="1066756" />
        <Paragraph id="1066757" />
        <Paragraph id="1066758" />
        <Paragraph id="1066759" />
      </TableCell>
      <TableCell>
        <Paragraph id="1066761" />
      </TableCell>
      <TableCell>
        <Paragraph id="1066763" />
        <Paragraph id="1116583" />
        <Paragraph id="1116713" />
      </TableCell>
      <TableCell>
        <Paragraph id="1066765" />
        <Paragraph id="1066766" />
      </TableCell>
      <TableCell>
        <Paragraph id="1067306">
          <Frame id="1067324">
            <Paragraph id="" />
            <Frame id="1193147" />
          </Frame>
        </Paragraph>
        <Paragraph id="1067311">
          <Frame id="1067351">
            <Paragraph id="" />
            <Frame id="1193146" />
          </Frame>
        </Paragraph>
        <Paragraph id="1066778" />
      </TableCell>
      <TableCell>
        <Paragraph id="1066780" />
      </TableCell>
      <TableCell>
        <Paragraph id="1096517" />
        <Paragraph id="1096563" />
        <Paragraph id="1096564" />
      </TableCell>
      <TableCell>
        <Paragraph id="1193853" />
      </TableCell>
      <TableCell>
        <Paragraph id="1193855" />
      </TableCell>
      <TableCell>
        <Paragraph id="1066784" />
      </TableCell>
      <TableCell>
        <Paragraph id="1154767" />
        <Paragraph id="1154768" />
        <Paragraph id="1154769" />
        <Paragraph id="1154761" />
      </TableCell>
      <TableCell>
        <Paragraph id="1154795" />
      </TableCell>
      <TableCell>
        <Paragraph id="1154797" />
        <Paragraph id="1154811" />
      </TableCell>
      <TableCell>
        <Paragraph id="1193865" />
      </TableCell>
      <TableCell>
        <Paragraph id="1193867" />
      </TableCell>
    </Table>
    <Paragraph id="1218622" documentposition="52" splitpriority="none" />
    <Paragraph id="1145903" documentposition="53" splitpriority="none" />
    <Paragraph id="1085703" documentposition="54" splitpriority="none" />
    <Paragraph id="1066292" documentposition="55" splitpriority="none" />
    <Paragraph id="1218630" documentposition="56" splitpriority="none" relatedtopic="define-no-output" />
    <Paragraph id="1218634" documentposition="57" splitpriority="none" relatedtopic="define-no-output" />
    <Paragraph id="1218638" documentposition="58" splitpriority="none" relatedtopic="define-no-output" />
    <Paragraph id="1218642" documentposition="59" splitpriority="none" relatedtopic="define-no-output" />
    <Paragraph id="1218646" documentposition="60" splitpriority="none" relatedtopic="define-no-output" />
    <Paragraph id="1218650" documentposition="61" splitpriority="none" relatedtopic="define-no-output" />
  </Split>
  <Split id="1207980" documentposition="62">
    <Paragraph id="1207980" documentposition="62" splitpriority="3">
      <Marker behavior="topic" id="1207978">
        <Marker id="1207978" name="TopicAlias" xmlns="urn:WebWorks-Document-Schema">
          <TextRun id="tr1207978-1">
            <Text value="advanced_search_help" />
          </TextRun>
        </Marker>
      </Marker>
    </Paragraph>
    <Paragraph id="1207982" documentposition="63" splitpriority="none" />
    <Paragraph id="1207983" documentposition="64" splitpriority="none" />
    <Paragraph id="1208621" documentposition="65" splitpriority="none" />
    <Paragraph id="1208622" documentposition="66" splitpriority="none" />
    <Paragraph id="1207985" documentposition="67" splitpriority="none" />
    <Paragraph id="1207986" documentposition="68" splitpriority="none" />
    <Paragraph id="1217651" documentposition="69" splitpriority="none" />
    <Paragraph id="1208101" documentposition="71" splitpriority="none" />
    <Table id="1208011" documentposition="72" splitpriority="none">
      <TableCell>
        <Paragraph id="1208013" />
      </TableCell>
      <TableCell>
        <Paragraph id="1208015" />
      </TableCell>
      <TableCell>
        <Paragraph id="1208018" />
      </TableCell>
      <TableCell>
        <Paragraph id="1208020" />
        <Paragraph id="1208021" />
        <Paragraph id="1208022" />
        <Paragraph id="1208023" />
        <Paragraph id="1208024" />
      </TableCell>
      <TableCell>
        <Paragraph id="1208026" />
      </TableCell>
      <TableCell>
        <Paragraph id="1208028" />
        <Paragraph id="1208029" />
        <Paragraph id="1208030" />
        <Paragraph id="1208031" />
      </TableCell>
      <TableCell>
        <Paragraph id="1208033" />
      </TableCell>
      <TableCell>
        <Paragraph id="1208035" />
        <Paragraph id="1208036" />
        <Paragraph id="1208037" />
      </TableCell>
      <TableCell>
        <Paragraph id="1208039" />
      </TableCell>
      <TableCell>
        <Paragraph id="1208041">
          <Frame id="1208043">
            <Paragraph id="" />
            <Frame id="1208044" />
          </Frame>
        </Paragraph>
        <Paragraph id="1208045">
          <Frame id="1208047">
            <Paragraph id="" />
            <Frame id="1208048" />
          </Frame>
        </Paragraph>
        <Paragraph id="1208049" />
      </TableCell>
      <TableCell>
        <Paragraph id="1208051" />
      </TableCell>
      <TableCell>
        <Paragraph id="1208053" />
      </TableCell>
      <TableCell>
        <Paragraph id="1208055" />
      </TableCell>
      <TableCell>
        <Paragraph id="1208057" />
      </TableCell>
      <TableCell>
        <Paragraph id="1208059" />
      </TableCell>
      <TableCell>
        <Paragraph id="1208061" />
        <Paragraph id="1217695" />
        <Paragraph id="1217693" />
        <Paragraph id="1217692" />
      </TableCell>
      <TableCell>
        <Paragraph id="1208063" />
      </TableCell>
      <TableCell>
        <Paragraph id="1208065" />
      </TableCell>
      <TableCell>
        <Paragraph id="1208067" />
      </TableCell>
      <TableCell>
        <Paragraph id="1208070" />
        <Paragraph id="1208071" />
        <Paragraph id="1208072" />
        <Paragraph id="1208073" />
      </TableCell>
      <TableCell>
        <Paragraph id="1208075" />
      </TableCell>
      <TableCell>
        <Paragraph id="1208077" />
      </TableCell>
      <TableCell>
        <Paragraph id="1208079" />
      </TableCell>
      <TableCell>
        <Paragraph id="1208083" />
      </TableCell>
      <TableCell>
        <Paragraph id="1208085" />
        <Paragraph id="1208086" />
      </TableCell>
    </Table>
    <Paragraph id="1208107" documentposition="73" splitpriority="none" />
    <Paragraph id="1208135" documentposition="75" splitpriority="none" />
    <Table id="1208116" documentposition="76" splitpriority="none">
      <TableCell>
        <Paragraph id="1208118" />
      </TableCell>
      <TableCell>
        <Paragraph id="1208120" />
      </TableCell>
      <TableCell>
        <Paragraph id="1208122" />
        <Paragraph id="1208123" />
        <Paragraph id="1208124" />
      </TableCell>
      <TableCell>
        <Paragraph id="1208126" />
        <Paragraph id="1208127" />
        <Paragraph id="1208129" />
      </TableCell>
    </Table>
    <Paragraph id="1208142" documentposition="77" splitpriority="none" />
    <Table id="1208152" documentposition="79" splitpriority="none">
      <TableCell>
        <Paragraph id="1208154" />
      </TableCell>
      <TableCell>
        <Paragraph id="1208156" />
      </TableCell>
      <TableCell>
        <Paragraph id="1208158" />
      </TableCell>
      <TableCell>
        <Paragraph id="1208160" />
      </TableCell>
      <TableCell>
        <Paragraph id="1208162" />
      </TableCell>
      <TableCell>
        <Paragraph id="1208165" />
      </TableCell>
      <TableCell>
        <Paragraph id="1208168" />
      </TableCell>
      <TableCell>
        <Paragraph id="1208170" />
        <Paragraph id="1208171" />
        <Paragraph id="1208172" />
      </TableCell>
    </Table>
    <Paragraph id="1208181" documentposition="80" splitpriority="none" />
    <Paragraph id="1208182" documentposition="81" splitpriority="none" />
    <Paragraph id="1208190" documentposition="82" splitpriority="none" />
    <Paragraph id="1218883" documentposition="83" splitpriority="none" relatedtopic="define-no-output" />
    <Paragraph id="1218887" documentposition="84" splitpriority="none" relatedtopic="define-no-output" />
    <Paragraph id="1218891" documentposition="85" splitpriority="none" relatedtopic="define-no-output" />
    <Paragraph id="1218895" documentposition="86" splitpriority="none" relatedtopic="define-no-output" />
    <Paragraph id="1218899" documentposition="87" splitpriority="none" relatedtopic="define-no-output" />
    <Paragraph id="1218903" documentposition="88" splitpriority="none" relatedtopic="define-no-output" />
  </Split>
  <Split id="1208463" documentposition="89">
    <Paragraph id="1208463" documentposition="89" splitpriority="3">
      <Marker behavior="topic" id="1209791">
        <Marker id="1209791" name="TopicAlias" xmlns="urn:WebWorks-Document-Schema">
          <TextRun id="tr1209791-1">
            <Text value="dynamic_search_help" />
          </TextRun>
        </Marker>
      </Marker>
    </Paragraph>
    <Paragraph id="1208471" documentposition="90" splitpriority="none">
      <Marker behavior="topic" id="1209792">
        <Marker id="1209792" name="TopicAlias" xmlns="urn:WebWorks-Document-Schema">
          <TextRun id="tr1209792-1">
            <Text value="dynamic search, configuring" />
          </TextRun>
        </Marker>
      </Marker>
    </Paragraph>
    <Paragraph id="1208472" documentposition="91" splitpriority="none" />
    <Paragraph id="1208561" documentposition="92" splitpriority="none" />
    <Paragraph id="1208611" documentposition="93" splitpriority="none" />
    <Paragraph id="1208615" documentposition="94" splitpriority="none" />
    <Paragraph id="1208475" documentposition="95" splitpriority="none" />
    <Paragraph id="1209261" documentposition="97" splitpriority="none" />
    <Paragraph id="1209311" documentposition="98" splitpriority="none" />
    <Paragraph id="1209343" documentposition="99" splitpriority="none" />
    <Paragraph id="1208503" documentposition="100" splitpriority="none">
      <Frame id="1209420">
        <Paragraph id="" />
      </Frame>
    </Paragraph>
    <Paragraph id="1209476" documentposition="101" splitpriority="none">
      <Frame id="1209513">
        <Paragraph id="" />
      </Frame>
    </Paragraph>
    <Paragraph id="1208505" documentposition="102" splitpriority="none" />
    <Paragraph id="1209460" documentposition="103" splitpriority="none" />
    <Paragraph id="1208506" documentposition="104" splitpriority="none" />
    <Paragraph id="1208507" documentposition="105" splitpriority="none" />
    <Paragraph id="1208467" documentposition="106" splitpriority="none" />
    <Paragraph id="1218975" documentposition="107" splitpriority="none" relatedtopic="define-no-output" />
    <Paragraph id="1218979" documentposition="108" splitpriority="none" relatedtopic="define-no-output" />
    <Paragraph id="1218983" documentposition="109" splitpriority="none" relatedtopic="define-no-output" />
    <Paragraph id="1218987" documentposition="110" splitpriority="none" relatedtopic="define-no-output" />
    <Paragraph id="1218991" documentposition="111" splitpriority="none" relatedtopic="define-no-output" />
    <Paragraph id="1218995" documentposition="112" splitpriority="none" relatedtopic="define-no-output" />
  </Split>
  <Split id="1218997" documentposition="113">
    <Paragraph id="1218997" documentposition="113" splitpriority="3">
      <Marker behavior="topic" id="1218996">
        <Marker id="1218996" name="TopicAlias" xmlns="urn:WebWorks-Document-Schema">
          <TextRun id="tr1218996-1">
            <Text value="criteria_selected_help" />
          </TextRun>
        </Marker>
      </Marker>
    </Paragraph>
    <Paragraph id="1091214" documentposition="114" splitpriority="none" />
    <Paragraph id="1087017" documentposition="115" splitpriority="none" />
    <Paragraph id="1219005" documentposition="116" splitpriority="none" relatedtopic="define-no-output" />
    <Paragraph id="1219009" documentposition="117" splitpriority="none" relatedtopic="define-no-output" />
    <Paragraph id="1219013" documentposition="118" splitpriority="none" relatedtopic="define-no-output" />
    <Paragraph id="1219017" documentposition="119" splitpriority="none" relatedtopic="define-no-output" />
    <Paragraph id="1219021" documentposition="120" splitpriority="none" relatedtopic="define-no-output" />
  </Split>
  <Split id="1205557" documentposition="121">
    <Paragraph id="1205557" documentposition="121" splitpriority="2">
      <Marker behavior="topic" id="1205556">
        <Marker id="1205556" name="TopicAlias" xmlns="urn:WebWorks-Document-Schema">
          <TextRun id="tr1205556-1">
            <Text value="remote_site_help" />
          </TextRun>
        </Marker>
      </Marker>
    </Paragraph>
    <Paragraph id="1197867" documentposition="122" splitpriority="none" />
    <Paragraph id="1197869" documentposition="123" splitpriority="none" />
    <Paragraph id="1197870" documentposition="124" splitpriority="none" />
    <Paragraph id="1197871" documentposition="125" splitpriority="none" />
    <Paragraph id="1217713" documentposition="126" splitpriority="none" />
    <Paragraph id="1217993" documentposition="127" splitpriority="none" />
    <Paragraph id="1217719" documentposition="128" splitpriority="none" />
    <Paragraph id="1217721" documentposition="129" splitpriority="none" />
    <Paragraph id="1216396" documentposition="130" splitpriority="none" />
    <Paragraph id="1217898" documentposition="131" splitpriority="none" />
    <Paragraph id="1217877" documentposition="132" splitpriority="none" />
    <Paragraph id="1217930" documentposition="133" splitpriority="none" />
    <Paragraph id="1197884" documentposition="134" splitpriority="none" />
    <Paragraph id="1217457" documentposition="135" splitpriority="none" />
    <Paragraph id="1219074" documentposition="136" splitpriority="none" relatedtopic="define-no-output" />
    <Paragraph id="1219078" documentposition="137" splitpriority="none" relatedtopic="define-no-output" />
    <Paragraph id="1219082" documentposition="138" splitpriority="none" relatedtopic="define-no-output" />
    <Paragraph id="1219086" documentposition="139" splitpriority="none" relatedtopic="define-no-output" />
    <Paragraph id="1219090" documentposition="140" splitpriority="none" relatedtopic="define-no-output" />
  </Split>
  <Split id="1067999" documentposition="141">
    <Paragraph id="1067999" documentposition="141" splitpriority="2" />
    <Paragraph id="1068000" documentposition="142" splitpriority="none" />
    <Paragraph id="1091773" documentposition="143" splitpriority="none" />
    <Paragraph id="1219144" documentposition="144" splitpriority="none" relatedtopic="define-no-output" />
    <Paragraph id="1219148" documentposition="145" splitpriority="none" relatedtopic="define-no-output" />
    <Paragraph id="1219152" documentposition="146" splitpriority="none" relatedtopic="define-no-output" />
    <Paragraph id="1219156" documentposition="147" splitpriority="none" relatedtopic="define-no-output" />
    <Paragraph id="1219160" documentposition="148" splitpriority="none" relatedtopic="define-no-output" />
  </Split>
  <Split id="1091711" documentposition="149">
    <Paragraph id="1091711" documentposition="149" splitpriority="3" />
    <Paragraph id="1088868" documentposition="150" splitpriority="none" />
    <Paragraph id="1072369" documentposition="151" splitpriority="none" />
    <Paragraph id="1091953" documentposition="152" splitpriority="none" />
    <Paragraph id="1085249" documentposition="153" splitpriority="none" />
    <Paragraph id="1219168" documentposition="154" splitpriority="none" relatedtopic="define-no-output" />
    <Paragraph id="1219172" documentposition="155" splitpriority="none" relatedtopic="define-no-output" />
    <Paragraph id="1219176" documentposition="156" splitpriority="none" relatedtopic="define-no-output" />
    <Paragraph id="1219180" documentposition="157" splitpriority="none" relatedtopic="define-no-output" />
  </Split>
  <Split id="1066885" documentposition="158">
    <Paragraph id="1066885" documentposition="158" splitpriority="3">
      <Marker behavior="topic" id="1095068">
        <Marker id="1095068" name="TopicAlias" xmlns="urn:WebWorks-Document-Schema">
          <TextRun id="tr1095068-1">
            <Text value="saved_queries_help" />
          </TextRun>
        </Marker>
      </Marker>
    </Paragraph>
    <Paragraph id="1219188" documentposition="159" splitpriority="none" />
    <Paragraph id="1095013" documentposition="160" splitpriority="none" />
    <Paragraph id="1068348" documentposition="161" splitpriority="none" />
    <Table id="1068238" documentposition="162" splitpriority="none">
      <TableCell>
        <Paragraph id="1074862" />
      </TableCell>
      <TableCell>
        <Paragraph id="1074864" />
      </TableCell>
      <TableCell>
        <Paragraph id="1068244" />
      </TableCell>
      <TableCell>
        <Paragraph id="1068246" />
      </TableCell>
      <TableCell>
        <Paragraph id="1068248" />
      </TableCell>
      <TableCell>
        <Paragraph id="1068250" />
      </TableCell>
      <TableCell>
        <Paragraph id="1068252" />
      </TableCell>
      <TableCell>
        <Paragraph id="1068254" />
      </TableCell>
      <TableCell>
        <Paragraph id="1068256" />
      </TableCell>
      <TableCell>
        <Paragraph id="1068258" />
      </TableCell>
      <TableCell>
        <Paragraph id="1068260" />
      </TableCell>
      <TableCell>
        <Paragraph id="1068262" />
      </TableCell>
      <TableCell>
        <Paragraph id="1068264" />
      </TableCell>
      <TableCell>
        <Paragraph id="1068266" />
      </TableCell>
    </Table>
    <Paragraph id="1089386" documentposition="163" splitpriority="none" />
    <Paragraph id="1089387" documentposition="164" splitpriority="none" />
    <Paragraph id="1089288" documentposition="165" splitpriority="none" />
    <Paragraph id="1089441" documentposition="166" splitpriority="none" />
    <Paragraph id="1068285" documentposition="167" splitpriority="none" />
    <Paragraph id="1068286" documentposition="168" splitpriority="none" />
    <Paragraph id="1068287" documentposition="169" splitpriority="none" />
    <Paragraph id="1068288" documentposition="170" splitpriority="none" />
    <Paragraph id="1060444" documentposition="171" splitpriority="none" />
    <Paragraph id="1219262" documentposition="172" splitpriority="none" relatedtopic="define-no-output" />
    <Paragraph id="1219266" documentposition="173" splitpriority="none" relatedtopic="define-no-output" />
    <Paragraph id="1219270" documentposition="174" splitpriority="none" relatedtopic="define-no-output" />
    <Paragraph id="1219274" documentposition="175" splitpriority="none" relatedtopic="define-no-output" />
  </Split>
  <Split id="1153808" documentposition="176">
    <Paragraph id="1153808" documentposition="176" splitpriority="3">
      <Marker behavior="topic" id="1153807">
        <Marker id="1153807" name="TopicAlias" xmlns="urn:WebWorks-Document-Schema">
          <TextRun id="tr1153807-1">
            <Text value="save_edited_query_help" />
          </TextRun>
        </Marker>
      </Marker>
    </Paragraph>
    <Paragraph id="1068626" documentposition="177" splitpriority="none" />
    <Paragraph id="1089743" documentposition="178" splitpriority="none" />
    <Paragraph id="1068627" documentposition="179" splitpriority="none" />
    <Paragraph id="1068722" documentposition="180" splitpriority="none" />
    <Paragraph id="1068723" documentposition="181" splitpriority="none" />
    <Paragraph id="1068630" documentposition="182" splitpriority="none" />
    <Paragraph id="1068794" documentposition="183" splitpriority="none" />
    <Paragraph id="1068782" documentposition="184" splitpriority="none" />
    <Paragraph id="1068633" documentposition="185" splitpriority="none" />
    <Paragraph id="1068634" documentposition="186" splitpriority="none" />
    <Paragraph id="1075485" documentposition="187" splitpriority="none" />
    <Paragraph id="1219360" documentposition="188" splitpriority="none" relatedtopic="define-no-output" />
    <Paragraph id="1219364" documentposition="189" splitpriority="none" relatedtopic="define-no-output" />
    <Paragraph id="1219368" documentposition="190" splitpriority="none" relatedtopic="define-no-output" />
    <Paragraph id="1219372" documentposition="191" splitpriority="none" relatedtopic="define-no-output" />
  </Split>
  <Split id="1092117" documentposition="192">
    <Paragraph id="1092117" documentposition="192" splitpriority="3">
      <Marker behavior="topic" id="1095070">
        <Marker id="1095070" name="TopicAlias" xmlns="urn:WebWorks-Document-Schema">
          <TextRun id="tr1095070-1">
            <Text value="query_history_help" />
          </TextRun>
        </Marker>
      </Marker>
    </Paragraph>
    <Paragraph id="1116238" documentposition="193" splitpriority="none" />
    <Paragraph id="1116300" documentposition="194" splitpriority="none" />
    <Table id="1116250" documentposition="195" splitpriority="none">
      <TableCell>
        <Paragraph id="1116252" />
      </TableCell>
      <TableCell>
        <Paragraph id="1116254" />
      </TableCell>
      <TableCell>
        <Paragraph id="1116256" />
      </TableCell>
      <TableCell>
        <Paragraph id="1116258" />
        <Paragraph id="1116259" />
        <Paragraph id="1116260" />
        <Paragraph id="1116261" />
      </TableCell>
      <TableCell>
        <Paragraph id="1116263" />
      </TableCell>
      <TableCell>
        <Paragraph id="1116265" />
      </TableCell>
      <TableCell>
        <Paragraph id="1116267" />
      </TableCell>
      <TableCell>
        <Paragraph id="1116269" />
      </TableCell>
    </Table>
    <Paragraph id="1146602" documentposition="196" splitpriority="none" />
    <Paragraph id="1219451" documentposition="197" splitpriority="none" relatedtopic="define-no-output" />
    <Paragraph id="1219455" documentposition="198" splitpriority="none" relatedtopic="define-no-output" />
    <Paragraph id="1219459" documentposition="199" splitpriority="none" relatedtopic="define-no-output" />
    <Paragraph id="1219463" documentposition="200" splitpriority="none" relatedtopic="define-no-output" />
  </Split>
  <Split id="1086036" documentposition="201">
    <Paragraph id="1086036" documentposition="201" splitpriority="2" />
    <Paragraph id="1086042" documentposition="202" splitpriority="none" />
  </Split>
</Behaviors>