<?xml version="1.0" encoding="utf-8"?>
<Splits version="1.0" xmlns="urn:WebWorks-Engine-Splits-Schema">
  <Split groupID="2EA8A4B5146298AB" documentID="1828CEDCEA21F4" id="1060244" position="1" documentstartposition="3" documentendposition="9" title="Searching for Images">
    <Group name="NBIA Online Help" id="2EA8A4B5146298AB" position="1" />
    <Document path="C:\Documents and Settings\hadfielj\My Documents\CBIIT Projects\NBIA\NBIA 4.4 user guide and online help\Searching NBIA.fm" id="1828CEDCEA21F4" position="4" />
    <PageStyle value="" />
    <Frames />
    <Popups />
  </Split>
  <Split groupID="2EA8A4B5146298AB" documentID="1828CEDCEA21F4" id="1066291" position="2" documentstartposition="10" documentendposition="39" title="Performing Searches">
    <Group name="NBIA Online Help" id="2EA8A4B5146298AB" position="1" />
    <Document path="C:\Documents and Settings\hadfielj\My Documents\CBIIT Projects\NBIA\NBIA 4.4 user guide and online help\Searching NBIA.fm" id="1828CEDCEA21F4" position="4" />
    <PageStyle value="" />
    <Frames />
    <Popups />
  </Split>
  <Split groupID="2EA8A4B5146298AB" documentID="1828CEDCEA21F4" id="1066741" position="3" documentstartposition="40" documentendposition="61" title="Performing a Simple Search">
    <Group name="NBIA Online Help" id="2EA8A4B5146298AB" position="1" />
    <Document path="C:\Documents and Settings\hadfielj\My Documents\CBIIT Projects\NBIA\NBIA 4.4 user guide and online help\Searching NBIA.fm" id="1828CEDCEA21F4" position="4" />
    <PageStyle value="" />
    <Frames>
      <Frame position="1" title="screen shot showing image slice thickness parameters">
        <Frame id="1067324" stylename="Default" xmlns="urn:WebWorks-Document-Schema">
          <Attribute name="display" value="block" />
          <Attribute name="float" value="none" />
          <Attribute name="text-align" value="left" />
          <Attribute name="left" value="0.0" />
          <Attribute name="top" value="0.0" />
          <Attribute name="width" value="197.28" />
          <Attribute name="height" value="51.74424" />
          <Description>
            <Paragraph>
              <TextRun>
                <Text value="screen shot showing image slice thickness parameters" />
              </TextRun>
            </Paragraph>
          </Description>
          <Facets>
            <Facet type="document">
              <Attribute name="adapter" value="Adobe FrameMaker" />
              <Attribute name="path" value="C:\Documents and Settings\hadfielj\My Documents\ePublisher Pro Projects\NBIA Online Help\Data\61DD7DDB65736B3\2EA8A4B5146298AB\1828CEDCEA21F4\Searching NBIA.fmwif" />
              <Attribute name="id" value="1067324" />
            </Facet>
          </Facets>
          <Content>
            <Frame id="1193147">
              <Attribute name="left" value="4.29768" />
              <Attribute name="top" value="4.5" />
              <Attribute name="width" value="189.06984" />
              <Attribute name="height" value="37.50696" />
              <Facets>
                <Facet type="by-reference">
                  <Attribute name="path" value="C:\Documents and Settings\hadfielj\My Documents\CBIIT Projects\NBIA\NBIA 4.4 user guide and online help\NBIAImages\ThicknessGreater.gif" />
                </Facet>
              </Facets>
            </Frame>
          </Content>
        </Frame>
      </Frame>
      <Frame position="2" title="screen shot showing more image slice thickness parameters">
        <Frame id="1067351" stylename="Default" xmlns="urn:WebWorks-Document-Schema">
          <Attribute name="display" value="block" />
          <Attribute name="float" value="none" />
          <Attribute name="text-align" value="left" />
          <Attribute name="left" value="0.0" />
          <Attribute name="top" value="0.0" />
          <Attribute name="width" value="203.27976" />
          <Attribute name="height" value="47.24424" />
          <Description>
            <Paragraph>
              <TextRun>
                <Text value="screen shot showing more image slice thickness parameters" />
              </TextRun>
            </Paragraph>
          </Description>
          <Facets>
            <Facet type="document">
              <Attribute name="adapter" value="Adobe FrameMaker" />
              <Attribute name="path" value="C:\Documents and Settings\hadfielj\My Documents\ePublisher Pro Projects\NBIA Online Help\Data\61DD7DDB65736B3\2EA8A4B5146298AB\1828CEDCEA21F4\Searching NBIA.fmwif" />
              <Attribute name="id" value="1067351" />
            </Facet>
          </Facets>
          <Content>
            <Frame id="1193146">
              <Attribute name="left" value="5.26464" />
              <Attribute name="top" value="5.24664" />
              <Attribute name="width" value="195.0948" />
              <Attribute name="height" value="39.95856" />
              <Facets>
                <Facet type="by-reference">
                  <Attribute name="path" value="C:\Documents and Settings\hadfielj\My Documents\CBIIT Projects\NBIA\NBIA 4.4 user guide and online help\NBIAImages\ThicknessRange.gif" />
                </Facet>
              </Facets>
            </Frame>
          </Content>
        </Frame>
      </Frame>
    </Frames>
    <Popups />
  </Split>
  <Split groupID="2EA8A4B5146298AB" documentID="1828CEDCEA21F4" id="1207980" position="4" documentstartposition="62" documentendposition="88" title="Performing an Advanced Search">
    <Group name="NBIA Online Help" id="2EA8A4B5146298AB" position="1" />
    <Document path="C:\Documents and Settings\hadfielj\My Documents\CBIIT Projects\NBIA\NBIA 4.4 user guide and online help\Searching NBIA.fm" id="1828CEDCEA21F4" position="4" />
    <PageStyle value="" />
    <Frames>
      <Frame position="1" title="screen shot of text box for defining image slice thickness criteria">
        <Frame id="1208043" stylename="Default" xmlns="urn:WebWorks-Document-Schema">
          <Attribute name="display" value="block" />
          <Attribute name="float" value="none" />
          <Attribute name="text-align" value="left" />
          <Attribute name="left" value="0.0" />
          <Attribute name="top" value="0.0" />
          <Attribute name="width" value="168.77952" />
          <Attribute name="height" value="39.744" />
          <Description>
            <Paragraph>
              <TextRun>
                <Text value="screen shot of text box for defining image slice thickness criteria" />
              </TextRun>
            </Paragraph>
          </Description>
          <Facets>
            <Facet type="document">
              <Attribute name="adapter" value="Adobe FrameMaker" />
              <Attribute name="path" value="C:\Documents and Settings\hadfielj\My Documents\ePublisher Pro Projects\NBIA Online Help\Data\61DD7DDB65736B3\2EA8A4B5146298AB\1828CEDCEA21F4\Searching NBIA.fmwif" />
              <Attribute name="id" value="1208043" />
            </Facet>
          </Facets>
          <Content>
            <Frame id="1208044">
              <Attribute name="left" value="2.66544" />
              <Attribute name="top" value="3.60288" />
              <Attribute name="width" value="165.28392" />
              <Attribute name="height" value="32.7888" />
              <Facets>
                <Facet type="by-reference">
                  <Attribute name="path" value="C:\Documents and Settings\hadfielj\My Documents\CBIIT Projects\NBIA\NBIA 4.4 user guide and online help\NBIAImages\ThicknessGreater.gif" />
                </Facet>
              </Facets>
            </Frame>
          </Content>
        </Frame>
      </Frame>
      <Frame position="2" title="screen shot of text box for defining image slice thickness criteria">
        <Frame id="1208047" stylename="Default" xmlns="urn:WebWorks-Document-Schema">
          <Attribute name="display" value="block" />
          <Attribute name="float" value="none" />
          <Attribute name="text-align" value="left" />
          <Attribute name="left" value="0.0" />
          <Attribute name="top" value="0.0" />
          <Attribute name="width" value="168.77952" />
          <Attribute name="height" value="41.994" />
          <Description>
            <Paragraph>
              <TextRun>
                <Text value="screen shot of text box for defining image slice thickness criteria" />
              </TextRun>
            </Paragraph>
          </Description>
          <Facets>
            <Facet type="document">
              <Attribute name="adapter" value="Adobe FrameMaker" />
              <Attribute name="path" value="C:\Documents and Settings\hadfielj\My Documents\ePublisher Pro Projects\NBIA Online Help\Data\61DD7DDB65736B3\2EA8A4B5146298AB\1828CEDCEA21F4\Searching NBIA.fmwif" />
              <Attribute name="id" value="1208047" />
            </Facet>
          </Facets>
          <Content>
            <Frame id="1208048">
              <Attribute name="left" value="1.84032" />
              <Attribute name="top" value="2.49696" />
              <Attribute name="width" value="169.46424" />
              <Attribute name="height" value="34.70904" />
              <Facets>
                <Facet type="by-reference">
                  <Attribute name="path" value="C:\Documents and Settings\hadfielj\My Documents\CBIIT Projects\NBIA\NBIA 4.4 user guide and online help\NBIAImages\ThicknessRange.gif" />
                </Facet>
              </Facets>
            </Frame>
          </Content>
        </Frame>
      </Frame>
    </Frames>
    <Popups />
  </Split>
  <Split groupID="2EA8A4B5146298AB" documentID="1828CEDCEA21F4" id="1208463" position="5" documentstartposition="89" documentendposition="112" title="Performing a Dynamic Search">
    <Group name="NBIA Online Help" id="2EA8A4B5146298AB" position="1" />
    <Document path="C:\Documents and Settings\hadfielj\My Documents\CBIIT Projects\NBIA\NBIA 4.4 user guide and online help\Searching NBIA.fm" id="1828CEDCEA21F4" position="4" />
    <PageStyle value="" />
    <Frames>
      <Frame position="1" title="Add icon">
        <Frame id="1209420" stylename="Default" xmlns="urn:WebWorks-Document-Schema">
          <Attribute name="display" value="inline" />
          <Attribute name="float" value="none" />
          <Attribute name="text-align" value="left" />
          <Attribute name="left" value="0.0" />
          <Attribute name="top" value="0.0" />
          <Attribute name="width" value="17.23824" />
          <Attribute name="height" value="15.73776" />
          <Description>
            <Paragraph>
              <TextRun>
                <Text value="Add icon" />
              </TextRun>
            </Paragraph>
          </Description>
          <Facets>
            <Facet type="document">
              <Attribute name="adapter" value="Adobe FrameMaker" />
              <Attribute name="path" value="C:\Documents and Settings\hadfielj\My Documents\ePublisher Pro Projects\NBIA Online Help\Data\61DD7DDB65736B3\2EA8A4B5146298AB\1828CEDCEA21F4\Searching NBIA.fmwif" />
              <Attribute name="id" value="1209420" />
            </Facet>
          </Facets>
          <Content />
        </Frame>
      </Frame>
      <Frame position="2" title="Remove icon">
        <Frame id="1209513" stylename="Default" xmlns="urn:WebWorks-Document-Schema">
          <Attribute name="display" value="inline" />
          <Attribute name="float" value="none" />
          <Attribute name="text-align" value="left" />
          <Attribute name="left" value="0.0" />
          <Attribute name="top" value="0.0" />
          <Attribute name="width" value="15.71976" />
          <Attribute name="height" value="14.27976" />
          <Description>
            <Paragraph>
              <TextRun>
                <Text value="Remove icon" />
              </TextRun>
            </Paragraph>
          </Description>
          <Facets>
            <Facet type="document">
              <Attribute name="adapter" value="Adobe FrameMaker" />
              <Attribute name="path" value="C:\Documents and Settings\hadfielj\My Documents\ePublisher Pro Projects\NBIA Online Help\Data\61DD7DDB65736B3\2EA8A4B5146298AB\1828CEDCEA21F4\Searching NBIA.fmwif" />
              <Attribute name="id" value="1209513" />
            </Facet>
          </Facets>
          <Content />
        </Frame>
      </Frame>
    </Frames>
    <Popups />
  </Split>
  <Split groupID="2EA8A4B5146298AB" documentID="1828CEDCEA21F4" id="1218997" position="6" documentstartposition="113" documentendposition="120" title="Search Criteria Summary">
    <Group name="NBIA Online Help" id="2EA8A4B5146298AB" position="1" />
    <Document path="C:\Documents and Settings\hadfielj\My Documents\CBIIT Projects\NBIA\NBIA 4.4 user guide and online help\Searching NBIA.fm" id="1828CEDCEA21F4" position="4" />
    <PageStyle value="" />
    <Frames />
    <Popups />
  </Split>
  <Split groupID="2EA8A4B5146298AB" documentID="1828CEDCEA21F4" id="1205557" position="7" documentstartposition="121" documentendposition="140" title="Specifying Remote Search Sites">
    <Group name="NBIA Online Help" id="2EA8A4B5146298AB" position="1" />
    <Document path="C:\Documents and Settings\hadfielj\My Documents\CBIIT Projects\NBIA\NBIA 4.4 user guide and online help\Searching NBIA.fm" id="1828CEDCEA21F4" position="4" />
    <PageStyle value="" />
    <Frames />
    <Popups />
  </Split>
  <Split groupID="2EA8A4B5146298AB" documentID="1828CEDCEA21F4" id="1067999" position="8" documentstartposition="141" documentendposition="148" title="Working with Saved Search Queries">
    <Group name="NBIA Online Help" id="2EA8A4B5146298AB" position="1" />
    <Document path="C:\Documents and Settings\hadfielj\My Documents\CBIIT Projects\NBIA\NBIA 4.4 user guide and online help\Searching NBIA.fm" id="1828CEDCEA21F4" position="4" />
    <PageStyle value="" />
    <Frames />
    <Popups />
  </Split>
  <Split groupID="2EA8A4B5146298AB" documentID="1828CEDCEA21F4" id="1091711" position="9" documentstartposition="149" documentendposition="157" title="Saving a Search Query">
    <Group name="NBIA Online Help" id="2EA8A4B5146298AB" position="1" />
    <Document path="C:\Documents and Settings\hadfielj\My Documents\CBIIT Projects\NBIA\NBIA 4.4 user guide and online help\Searching NBIA.fm" id="1828CEDCEA21F4" position="4" />
    <PageStyle value="" />
    <Frames />
    <Popups />
  </Split>
  <Split groupID="2EA8A4B5146298AB" documentID="1828CEDCEA21F4" id="1066885" position="10" documentstartposition="158" documentendposition="175" title="Managing Saved Queries">
    <Group name="NBIA Online Help" id="2EA8A4B5146298AB" position="1" />
    <Document path="C:\Documents and Settings\hadfielj\My Documents\CBIIT Projects\NBIA\NBIA 4.4 user guide and online help\Searching NBIA.fm" id="1828CEDCEA21F4" position="4" />
    <PageStyle value="" />
    <Frames />
    <Popups />
  </Split>
  <Split groupID="2EA8A4B5146298AB" documentID="1828CEDCEA21F4" id="1153808" position="11" documentstartposition="176" documentendposition="191" title="Editing Saved Queries">
    <Group name="NBIA Online Help" id="2EA8A4B5146298AB" position="1" />
    <Document path="C:\Documents and Settings\hadfielj\My Documents\CBIIT Projects\NBIA\NBIA 4.4 user guide and online help\Searching NBIA.fm" id="1828CEDCEA21F4" position="4" />
    <PageStyle value="" />
    <Frames />
    <Popups />
  </Split>
  <Split groupID="2EA8A4B5146298AB" documentID="1828CEDCEA21F4" id="1092117" position="12" documentstartposition="192" documentendposition="200" title="Viewing a Query History">
    <Group name="NBIA Online Help" id="2EA8A4B5146298AB" position="1" />
    <Document path="C:\Documents and Settings\hadfielj\My Documents\CBIIT Projects\NBIA\NBIA 4.4 user guide and online help\Searching NBIA.fm" id="1828CEDCEA21F4" position="4" />
    <PageStyle value="" />
    <Frames />
    <Popups />
  </Split>
  <Split groupID="2EA8A4B5146298AB" documentID="1828CEDCEA21F4" id="1086036" position="13" documentstartposition="201" documentendposition="202" title="Initiating Searches from Other Applications&#x9;">
    <Group name="NBIA Online Help" id="2EA8A4B5146298AB" position="1" />
    <Document path="C:\Documents and Settings\hadfielj\My Documents\CBIIT Projects\NBIA\NBIA 4.4 user guide and online help\Searching NBIA.fm" id="1828CEDCEA21F4" position="4" />
    <PageStyle value="" />
    <Frames />
    <Popups />
  </Split>
</Splits>