<?xml version="1.0" encoding="utf-8"?>
<TableOfContents version="1.0" xmlns="urn:WebWorks-Engine-TOC-Schema">
  <Entry id="1060244" documentID="1828CEDCEA21F4" level="1" documentposition="3">
    <Paragraph xmlns="urn:WebWorks-Document-Schema">
      <Style>
        <Attribute name="text-align" value="Right" />
        <Attribute name="text-indent" value="0pt" />
        <Attribute name="margin-left" value="0pt" />
        <Attribute name="margin-right" value="0pt" />
        <Attribute name="margin-top" value="0.0pt" />
        <Attribute name="margin-bottom" value="13.0pt" />
        <Attribute name="line-spacing" value="0pt" />
        <Attribute name="color" value="#515186" />
        <Attribute name="font-family" value="Palatino Linotype" />
        <Attribute name="font-size" value="27.0pt" />
        <Attribute name="font-weight" value="bold" />
        <Attribute name="font-style" value="normal" />
        <Attribute name="font-variant" value="" />
        <Attribute name="text-transform" value="none" />
        <Attribute name="text-decoration-underline" value="none" />
        <Attribute name="text-decoration-line-through" value="none" />
        <Attribute name="vertical-align" value="baseline" />
      </Style>
      <TextRun id="tr1060244-1">
        <Text value="Searching for Images" />
      </TextRun>
    </Paragraph>
    <Paragraph id="1060244" documentposition="3" splitpriority="1" xmlns="urn:WebWorks-Behaviors-Schema" />
  </Entry>
  <Entry id="1066291" documentID="1828CEDCEA21F4" level="2" documentposition="10">
    <Paragraph xmlns="urn:WebWorks-Document-Schema">
      <Style>
        <Attribute name="text-align" value="Left" />
        <Attribute name="text-indent" value="0pt" />
        <Attribute name="margin-left" value="0pt" />
        <Attribute name="margin-right" value="0pt" />
        <Attribute name="margin-top" value="15.0pt" />
        <Attribute name="margin-bottom" value="0.0pt" />
        <Attribute name="line-spacing" value="0pt" />
        <Attribute name="color" value="#515186" />
        <Attribute name="font-family" value="Palatino Linotype" />
        <Attribute name="font-size" value="16.0pt" />
        <Attribute name="font-weight" value="bold" />
        <Attribute name="font-style" value="normal" />
        <Attribute name="font-variant" value="normal" />
        <Attribute name="text-transform" value="none" />
        <Attribute name="text-decoration-underline" value="none" />
        <Attribute name="text-decoration-line-through" value="none" />
        <Attribute name="vertical-align" value="baseline" />
      </Style>
      <TextRun id="tr1066291-1">
        <Text value="Performing Searches" />
      </TextRun>
    </Paragraph>
    <Paragraph id="1066291" documentposition="10" splitpriority="2" xmlns="urn:WebWorks-Behaviors-Schema" />
  </Entry>
  <Entry id="1066741" documentID="1828CEDCEA21F4" level="3" documentposition="40">
    <Paragraph xmlns="urn:WebWorks-Document-Schema">
      <Style>
        <Attribute name="text-align" value="Left" />
        <Attribute name="text-indent" value="0pt" />
        <Attribute name="margin-left" value="0pt" />
        <Attribute name="margin-right" value="0pt" />
        <Attribute name="margin-top" value="12.0pt" />
        <Attribute name="margin-bottom" value="0.0pt" />
        <Attribute name="line-spacing" value="0pt" />
        <Attribute name="color" value="#000000" />
        <Attribute name="font-family" value="Palatino Linotype" />
        <Attribute name="font-size" value="14.0pt" />
        <Attribute name="font-weight" value="normal" />
        <Attribute name="font-style" value="normal" />
        <Attribute name="font-variant" value="normal" />
        <Attribute name="text-transform" value="none" />
        <Attribute name="text-decoration-underline" value="none" />
        <Attribute name="text-decoration-line-through" value="none" />
        <Attribute name="vertical-align" value="baseline" />
      </Style>
      <TextRun id="tr1066741-1" />
      <TextRun id="tr1066741-2">
        <Text value="P" />
        <Text value="erforming a Simple Search" />
      </TextRun>
    </Paragraph>
    <Paragraph id="1066741" documentposition="40" splitpriority="3" xmlns="urn:WebWorks-Behaviors-Schema">
      <Marker behavior="topic" id="1095054">
        <Marker id="1095054" name="TopicAlias" xmlns="urn:WebWorks-Document-Schema">
          <TextRun id="tr1095054-1">
            <Text value="simple_search_help" />
          </TextRun>
        </Marker>
      </Marker>
    </Paragraph>
  </Entry>
  <Entry id="1207980" documentID="1828CEDCEA21F4" level="3" documentposition="62">
    <Paragraph xmlns="urn:WebWorks-Document-Schema">
      <Style>
        <Attribute name="text-align" value="Left" />
        <Attribute name="text-indent" value="0pt" />
        <Attribute name="margin-left" value="0pt" />
        <Attribute name="margin-right" value="0pt" />
        <Attribute name="margin-top" value="12.0pt" />
        <Attribute name="margin-bottom" value="0.0pt" />
        <Attribute name="line-spacing" value="0pt" />
        <Attribute name="color" value="#000000" />
        <Attribute name="font-family" value="Palatino Linotype" />
        <Attribute name="font-size" value="14.0pt" />
        <Attribute name="font-weight" value="normal" />
        <Attribute name="font-style" value="normal" />
        <Attribute name="font-variant" value="normal" />
        <Attribute name="text-transform" value="none" />
        <Attribute name="text-decoration-underline" value="none" />
        <Attribute name="text-decoration-line-through" value="none" />
        <Attribute name="vertical-align" value="baseline" />
      </Style>
      <TextRun id="tr1207980-1" />
      <TextRun id="tr1207980-2">
        <Text value="P" />
        <Text value="erforming an Advanced " />
        <Text value="Search" />
      </TextRun>
    </Paragraph>
    <Paragraph id="1207980" documentposition="62" splitpriority="3" xmlns="urn:WebWorks-Behaviors-Schema">
      <Marker behavior="topic" id="1207978">
        <Marker id="1207978" name="TopicAlias" xmlns="urn:WebWorks-Document-Schema">
          <TextRun id="tr1207978-1">
            <Text value="advanced_search_help" />
          </TextRun>
        </Marker>
      </Marker>
    </Paragraph>
  </Entry>
  <Entry id="1208463" documentID="1828CEDCEA21F4" level="3" documentposition="89">
    <Paragraph xmlns="urn:WebWorks-Document-Schema">
      <Style>
        <Attribute name="text-align" value="Left" />
        <Attribute name="text-indent" value="0pt" />
        <Attribute name="margin-left" value="0pt" />
        <Attribute name="margin-right" value="0pt" />
        <Attribute name="margin-top" value="12.0pt" />
        <Attribute name="margin-bottom" value="0.0pt" />
        <Attribute name="line-spacing" value="0pt" />
        <Attribute name="color" value="#000000" />
        <Attribute name="font-family" value="Palatino Linotype" />
        <Attribute name="font-size" value="14.0pt" />
        <Attribute name="font-weight" value="normal" />
        <Attribute name="font-style" value="normal" />
        <Attribute name="font-variant" value="normal" />
        <Attribute name="text-transform" value="none" />
        <Attribute name="text-decoration-underline" value="none" />
        <Attribute name="text-decoration-line-through" value="none" />
        <Attribute name="vertical-align" value="baseline" />
      </Style>
      <TextRun id="tr1208463-1" />
      <TextRun id="tr1208463-2">
        <Text value="Performing a Dynamic " />
        <Text value="Search" />
      </TextRun>
    </Paragraph>
    <Paragraph id="1208463" documentposition="89" splitpriority="3" xmlns="urn:WebWorks-Behaviors-Schema">
      <Marker behavior="topic" id="1209791">
        <Marker id="1209791" name="TopicAlias" xmlns="urn:WebWorks-Document-Schema">
          <TextRun id="tr1209791-1">
            <Text value="dynamic_search_help" />
          </TextRun>
        </Marker>
      </Marker>
    </Paragraph>
  </Entry>
  <Entry id="1218997" documentID="1828CEDCEA21F4" level="3" documentposition="113">
    <Paragraph xmlns="urn:WebWorks-Document-Schema">
      <Style>
        <Attribute name="text-align" value="Left" />
        <Attribute name="text-indent" value="0pt" />
        <Attribute name="margin-left" value="0pt" />
        <Attribute name="margin-right" value="0pt" />
        <Attribute name="margin-top" value="12.0pt" />
        <Attribute name="margin-bottom" value="0.0pt" />
        <Attribute name="line-spacing" value="0pt" />
        <Attribute name="color" value="#000000" />
        <Attribute name="font-family" value="Palatino Linotype" />
        <Attribute name="font-size" value="14.0pt" />
        <Attribute name="font-weight" value="normal" />
        <Attribute name="font-style" value="normal" />
        <Attribute name="font-variant" value="normal" />
        <Attribute name="text-transform" value="none" />
        <Attribute name="text-decoration-underline" value="none" />
        <Attribute name="text-decoration-line-through" value="none" />
        <Attribute name="vertical-align" value="baseline" />
      </Style>
      <TextRun id="tr1218997-1">
        <Text value="S" />
        <Text value="earch Criteria Summary" />
      </TextRun>
    </Paragraph>
    <Paragraph id="1218997" documentposition="113" splitpriority="3" xmlns="urn:WebWorks-Behaviors-Schema">
      <Marker behavior="topic" id="1218996">
        <Marker id="1218996" name="TopicAlias" xmlns="urn:WebWorks-Document-Schema">
          <TextRun id="tr1218996-1">
            <Text value="criteria_selected_help" />
          </TextRun>
        </Marker>
      </Marker>
    </Paragraph>
  </Entry>
  <Entry id="1205557" documentID="1828CEDCEA21F4" level="2" documentposition="121">
    <Paragraph xmlns="urn:WebWorks-Document-Schema">
      <Style>
        <Attribute name="text-align" value="Left" />
        <Attribute name="text-indent" value="0pt" />
        <Attribute name="margin-left" value="0pt" />
        <Attribute name="margin-right" value="0pt" />
        <Attribute name="margin-top" value="15.0pt" />
        <Attribute name="margin-bottom" value="0.0pt" />
        <Attribute name="line-spacing" value="0pt" />
        <Attribute name="color" value="#515186" />
        <Attribute name="font-family" value="Palatino Linotype" />
        <Attribute name="font-size" value="16.0pt" />
        <Attribute name="font-weight" value="bold" />
        <Attribute name="font-style" value="normal" />
        <Attribute name="font-variant" value="normal" />
        <Attribute name="text-transform" value="none" />
        <Attribute name="text-decoration-underline" value="none" />
        <Attribute name="text-decoration-line-through" value="none" />
        <Attribute name="vertical-align" value="baseline" />
      </Style>
      <TextRun id="tr1205557-1" />
      <TextRun id="tr1205557-2">
        <Text value="S" />
        <Text value="pecifying Remote Search Sites" />
      </TextRun>
    </Paragraph>
    <Paragraph id="1205557" documentposition="121" splitpriority="2" xmlns="urn:WebWorks-Behaviors-Schema">
      <Marker behavior="topic" id="1205556">
        <Marker id="1205556" name="TopicAlias" xmlns="urn:WebWorks-Document-Schema">
          <TextRun id="tr1205556-1">
            <Text value="remote_site_help" />
          </TextRun>
        </Marker>
      </Marker>
    </Paragraph>
  </Entry>
  <Entry id="1067999" documentID="1828CEDCEA21F4" level="2" documentposition="141">
    <Paragraph xmlns="urn:WebWorks-Document-Schema">
      <Style>
        <Attribute name="text-align" value="Left" />
        <Attribute name="text-indent" value="0pt" />
        <Attribute name="margin-left" value="0pt" />
        <Attribute name="margin-right" value="0pt" />
        <Attribute name="margin-top" value="15.0pt" />
        <Attribute name="margin-bottom" value="0.0pt" />
        <Attribute name="line-spacing" value="0pt" />
        <Attribute name="color" value="#515186" />
        <Attribute name="font-family" value="Palatino Linotype" />
        <Attribute name="font-size" value="16.0pt" />
        <Attribute name="font-weight" value="bold" />
        <Attribute name="font-style" value="normal" />
        <Attribute name="font-variant" value="normal" />
        <Attribute name="text-transform" value="none" />
        <Attribute name="text-decoration-underline" value="none" />
        <Attribute name="text-decoration-line-through" value="none" />
        <Attribute name="vertical-align" value="baseline" />
      </Style>
      <TextRun id="tr1067999-1" />
      <TextRun id="tr1067999-2">
        <Text value="Working with Saved Search Queries" />
      </TextRun>
    </Paragraph>
    <Paragraph id="1067999" documentposition="141" splitpriority="2" xmlns="urn:WebWorks-Behaviors-Schema" />
  </Entry>
  <Entry id="1091711" documentID="1828CEDCEA21F4" level="3" documentposition="149">
    <Paragraph xmlns="urn:WebWorks-Document-Schema">
      <Style>
        <Attribute name="text-align" value="Left" />
        <Attribute name="text-indent" value="0pt" />
        <Attribute name="margin-left" value="0pt" />
        <Attribute name="margin-right" value="0pt" />
        <Attribute name="margin-top" value="12.0pt" />
        <Attribute name="margin-bottom" value="0.0pt" />
        <Attribute name="line-spacing" value="0pt" />
        <Attribute name="color" value="#000000" />
        <Attribute name="font-family" value="Palatino Linotype" />
        <Attribute name="font-size" value="14.0pt" />
        <Attribute name="font-weight" value="normal" />
        <Attribute name="font-style" value="normal" />
        <Attribute name="font-variant" value="normal" />
        <Attribute name="text-transform" value="none" />
        <Attribute name="text-decoration-underline" value="none" />
        <Attribute name="text-decoration-line-through" value="none" />
        <Attribute name="vertical-align" value="baseline" />
      </Style>
      <TextRun id="tr1091711-1" />
      <TextRun id="tr1091711-2">
        <Text value="Saving a Search Query" />
      </TextRun>
    </Paragraph>
    <Paragraph id="1091711" documentposition="149" splitpriority="3" xmlns="urn:WebWorks-Behaviors-Schema" />
  </Entry>
  <Entry id="1066885" documentID="1828CEDCEA21F4" level="3" documentposition="158">
    <Paragraph xmlns="urn:WebWorks-Document-Schema">
      <Style>
        <Attribute name="text-align" value="Left" />
        <Attribute name="text-indent" value="0pt" />
        <Attribute name="margin-left" value="0pt" />
        <Attribute name="margin-right" value="0pt" />
        <Attribute name="margin-top" value="12.0pt" />
        <Attribute name="margin-bottom" value="0.0pt" />
        <Attribute name="line-spacing" value="0pt" />
        <Attribute name="color" value="#000000" />
        <Attribute name="font-family" value="Palatino Linotype" />
        <Attribute name="font-size" value="14.0pt" />
        <Attribute name="font-weight" value="normal" />
        <Attribute name="font-style" value="normal" />
        <Attribute name="font-variant" value="normal" />
        <Attribute name="text-transform" value="none" />
        <Attribute name="text-decoration-underline" value="none" />
        <Attribute name="text-decoration-line-through" value="none" />
        <Attribute name="vertical-align" value="baseline" />
      </Style>
      <TextRun id="tr1066885-1" />
      <TextRun id="tr1066885-2">
        <Text value="M" />
        <Text value="anaging Saved Queries" />
      </TextRun>
    </Paragraph>
    <Paragraph id="1066885" documentposition="158" splitpriority="3" xmlns="urn:WebWorks-Behaviors-Schema">
      <Marker behavior="topic" id="1095068">
        <Marker id="1095068" name="TopicAlias" xmlns="urn:WebWorks-Document-Schema">
          <TextRun id="tr1095068-1">
            <Text value="saved_queries_help" />
          </TextRun>
        </Marker>
      </Marker>
    </Paragraph>
  </Entry>
  <Entry id="1153808" documentID="1828CEDCEA21F4" level="3" documentposition="176">
    <Paragraph xmlns="urn:WebWorks-Document-Schema">
      <Style>
        <Attribute name="text-align" value="Left" />
        <Attribute name="text-indent" value="0pt" />
        <Attribute name="margin-left" value="0pt" />
        <Attribute name="margin-right" value="0pt" />
        <Attribute name="margin-top" value="12.0pt" />
        <Attribute name="margin-bottom" value="0.0pt" />
        <Attribute name="line-spacing" value="0pt" />
        <Attribute name="color" value="#000000" />
        <Attribute name="font-family" value="Palatino Linotype" />
        <Attribute name="font-size" value="14.0pt" />
        <Attribute name="font-weight" value="normal" />
        <Attribute name="font-style" value="normal" />
        <Attribute name="font-variant" value="normal" />
        <Attribute name="text-transform" value="none" />
        <Attribute name="text-decoration-underline" value="none" />
        <Attribute name="text-decoration-line-through" value="none" />
        <Attribute name="vertical-align" value="baseline" />
      </Style>
      <TextRun id="tr1153808-1" />
      <TextRun id="tr1153808-2">
        <Text value="E" />
        <Text value="diting Saved Queries" />
      </TextRun>
    </Paragraph>
    <Paragraph id="1153808" documentposition="176" splitpriority="3" xmlns="urn:WebWorks-Behaviors-Schema">
      <Marker behavior="topic" id="1153807">
        <Marker id="1153807" name="TopicAlias" xmlns="urn:WebWorks-Document-Schema">
          <TextRun id="tr1153807-1">
            <Text value="save_edited_query_help" />
          </TextRun>
        </Marker>
      </Marker>
    </Paragraph>
  </Entry>
  <Entry id="1092117" documentID="1828CEDCEA21F4" level="3" documentposition="192">
    <Paragraph xmlns="urn:WebWorks-Document-Schema">
      <Style>
        <Attribute name="text-align" value="Left" />
        <Attribute name="text-indent" value="0pt" />
        <Attribute name="margin-left" value="0pt" />
        <Attribute name="margin-right" value="0pt" />
        <Attribute name="margin-top" value="12.0pt" />
        <Attribute name="margin-bottom" value="0.0pt" />
        <Attribute name="line-spacing" value="0pt" />
        <Attribute name="color" value="#000000" />
        <Attribute name="font-family" value="Palatino Linotype" />
        <Attribute name="font-size" value="14.0pt" />
        <Attribute name="font-weight" value="normal" />
        <Attribute name="font-style" value="normal" />
        <Attribute name="font-variant" value="normal" />
        <Attribute name="text-transform" value="none" />
        <Attribute name="text-decoration-underline" value="none" />
        <Attribute name="text-decoration-line-through" value="none" />
        <Attribute name="vertical-align" value="baseline" />
      </Style>
      <TextRun id="tr1092117-1" />
      <TextRun id="tr1092117-2">
        <Text value="V" />
        <Text value="iewing a Query History" />
      </TextRun>
    </Paragraph>
    <Paragraph id="1092117" documentposition="192" splitpriority="3" xmlns="urn:WebWorks-Behaviors-Schema">
      <Marker behavior="topic" id="1095070">
        <Marker id="1095070" name="TopicAlias" xmlns="urn:WebWorks-Document-Schema">
          <TextRun id="tr1095070-1">
            <Text value="query_history_help" />
          </TextRun>
        </Marker>
      </Marker>
    </Paragraph>
  </Entry>
  <Entry id="1086036" documentID="1828CEDCEA21F4" level="2" documentposition="201">
    <Paragraph xmlns="urn:WebWorks-Document-Schema">
      <Style>
        <Attribute name="text-align" value="Left" />
        <Attribute name="text-indent" value="0pt" />
        <Attribute name="margin-left" value="0pt" />
        <Attribute name="margin-right" value="0pt" />
        <Attribute name="margin-top" value="15.0pt" />
        <Attribute name="margin-bottom" value="0.0pt" />
        <Attribute name="line-spacing" value="0pt" />
        <Attribute name="color" value="#515186" />
        <Attribute name="font-family" value="Palatino Linotype" />
        <Attribute name="font-size" value="16.0pt" />
        <Attribute name="font-weight" value="bold" />
        <Attribute name="font-style" value="normal" />
        <Attribute name="font-variant" value="normal" />
        <Attribute name="text-transform" value="none" />
        <Attribute name="text-decoration-underline" value="none" />
        <Attribute name="text-decoration-line-through" value="none" />
        <Attribute name="vertical-align" value="baseline" />
      </Style>
      <TextRun id="tr1086036-1" />
      <TextRun id="tr1086036-2">
        <Text value="Initiating Searches from Other Applications" />
      </TextRun>
      <TextRun id="tr1086036-3">
        <Text value="&#x9;" />
      </TextRun>
    </Paragraph>
    <Paragraph id="1086036" documentposition="201" splitpriority="2" xmlns="urn:WebWorks-Behaviors-Schema" />
  </Entry>
</TableOfContents>