<?xml version="1.0" encoding="utf-8"?>
<Behaviors version="1.0" xmlns="urn:WebWorks-Behaviors-Schema">
  <Split id="998294" documentposition="1">
    <Paragraph id="998294" documentposition="1" splitpriority="1" dropdown="continue" popup="none" popup-page-rule="" />
    <Paragraph id="998295" documentposition="2" splitpriority="none" dropdown="continue" popup="none" popup-page-rule="" />
    <Table id="998297" documentposition="3" splitpriority="none">
      <TableCell>
        <Paragraph id="998299" dropdown="continue" popup="none" popup-page-rule="" />
      </TableCell>
      <TableCell>
        <Paragraph id="998301" dropdown="continue" popup="none" popup-page-rule="" />
        <Paragraph id="998302" dropdown="continue" popup="none" popup-page-rule="" />
        <Paragraph id="998303" dropdown="continue" popup="none" popup-page-rule="" />
        <Paragraph id="998304" dropdown="continue" popup="none" popup-page-rule="" />
        <Paragraph id="998305" dropdown="continue" popup="none" popup-page-rule="" />
        <Paragraph id="998306" dropdown="continue" popup="none" popup-page-rule="" />
      </TableCell>
      <TableCell>
        <Paragraph id="998308" dropdown="continue" popup="none" popup-page-rule="" />
      </TableCell>
      <TableCell>
        <Paragraph id="998312" dropdown="continue" popup="none" popup-page-rule="" />
      </TableCell>
      <TableCell>
        <Paragraph id="998314" dropdown="continue" popup="none" popup-page-rule="" />
      </TableCell>
      <TableCell>
        <Paragraph id="998316" dropdown="continue" popup="none" popup-page-rule="" />
      </TableCell>
    </Table>
    <Paragraph id="998317" documentposition="4" splitpriority="none" dropdown="continue" popup="none" popup-page-rule="" />
    <Paragraph id="998290" documentposition="5" splitpriority="none" popup="none" popup-page-rule="" dropdown="end" />
  </Split>
</Behaviors>