<?xml version="1.0" encoding="utf-8"?>
<TableOfContents version="1.0" xmlns="urn:WebWorks-Engine-TOC-Schema">
  <Entry id="1052621" documentID="CC9E77FACC02CA2" level="1" documentposition="1">
    <Paragraph xmlns="urn:WebWorks-Document-Schema">
      <Style>
        <Attribute name="text-align" value="Right" />
        <Attribute name="text-indent" value="0pt" />
        <Attribute name="margin-left" value="0pt" />
        <Attribute name="margin-right" value="0pt" />
        <Attribute name="margin-top" value="0.0pt" />
        <Attribute name="margin-bottom" value="13.0pt" />
        <Attribute name="line-spacing" value="0pt" />
        <Attribute name="color" value="#515186" />
        <Attribute name="font-family" value="Palatino Linotype" />
        <Attribute name="font-size" value="27.0pt" />
        <Attribute name="font-weight" value="bold" />
        <Attribute name="font-style" value="normal" />
        <Attribute name="font-variant" value="" />
        <Attribute name="text-transform" value="none" />
        <Attribute name="text-decoration-underline" value="none" />
        <Attribute name="text-decoration-line-through" value="none" />
        <Attribute name="vertical-align" value="baseline" />
      </Style>
      <TextRun id="tr1052621-1">
        <Text value="Welcome to the NCIA" />
      </TextRun>
    </Paragraph>
    <Paragraph id="1052621" documentposition="1" splitpriority="1" xmlns="urn:WebWorks-Behaviors-Schema" />
  </Entry>
  <Entry id="1060244" documentID="49F2C532B4C59AF9" level="1" documentposition="3">
    <Paragraph xmlns="urn:WebWorks-Document-Schema">
      <Style>
        <Attribute name="text-align" value="Right" />
        <Attribute name="text-indent" value="0pt" />
        <Attribute name="margin-left" value="0pt" />
        <Attribute name="margin-right" value="0pt" />
        <Attribute name="margin-top" value="0.0pt" />
        <Attribute name="margin-bottom" value="13.0pt" />
        <Attribute name="line-spacing" value="0pt" />
        <Attribute name="color" value="#515186" />
        <Attribute name="font-family" value="Palatino Linotype" />
        <Attribute name="font-size" value="27.0pt" />
        <Attribute name="font-weight" value="bold" />
        <Attribute name="font-style" value="normal" />
        <Attribute name="font-variant" value="" />
        <Attribute name="text-transform" value="none" />
        <Attribute name="text-decoration-underline" value="none" />
        <Attribute name="text-decoration-line-through" value="none" />
        <Attribute name="vertical-align" value="baseline" />
      </Style>
      <TextRun id="tr1060244-1">
        <Text value="Getting Started in NCIA 2.4" />
      </TextRun>
    </Paragraph>
    <Paragraph id="1060244" documentposition="3" splitpriority="1" xmlns="urn:WebWorks-Behaviors-Schema" />
  </Entry>
  <Entry id="1106663" documentID="49F2C532B4C59AF9" level="2" documentposition="13">
    <Paragraph xmlns="urn:WebWorks-Document-Schema">
      <Style>
        <Attribute name="text-align" value="Left" />
        <Attribute name="text-indent" value="0pt" />
        <Attribute name="margin-left" value="0pt" />
        <Attribute name="margin-right" value="0pt" />
        <Attribute name="margin-top" value="15.0pt" />
        <Attribute name="margin-bottom" value="0.0pt" />
        <Attribute name="line-spacing" value="0pt" />
        <Attribute name="color" value="#515186" />
        <Attribute name="font-family" value="Palatino Linotype" />
        <Attribute name="font-size" value="16.0pt" />
        <Attribute name="font-weight" value="bold" />
        <Attribute name="font-style" value="normal" />
        <Attribute name="font-variant" value="normal" />
        <Attribute name="text-transform" value="none" />
        <Attribute name="text-decoration-underline" value="none" />
        <Attribute name="text-decoration-line-through" value="none" />
        <Attribute name="vertical-align" value="baseline" />
      </Style>
      <TextRun id="tr1106663-1">
        <Text value="Introduction to NCIA" />
      </TextRun>
    </Paragraph>
    <Paragraph id="1106663" documentposition="13" splitpriority="2" xmlns="urn:WebWorks-Behaviors-Schema" />
  </Entry>
  <Entry id="1084793" documentID="49F2C532B4C59AF9" level="2" documentposition="29">
    <Paragraph xmlns="urn:WebWorks-Document-Schema">
      <Style>
        <Attribute name="text-align" value="Left" />
        <Attribute name="text-indent" value="0pt" />
        <Attribute name="margin-left" value="0pt" />
        <Attribute name="margin-right" value="0pt" />
        <Attribute name="margin-top" value="15.0pt" />
        <Attribute name="margin-bottom" value="0.0pt" />
        <Attribute name="line-spacing" value="0pt" />
        <Attribute name="color" value="#515186" />
        <Attribute name="font-family" value="Palatino Linotype" />
        <Attribute name="font-size" value="16.0pt" />
        <Attribute name="font-weight" value="bold" />
        <Attribute name="font-style" value="normal" />
        <Attribute name="font-variant" value="normal" />
        <Attribute name="text-transform" value="none" />
        <Attribute name="text-decoration-underline" value="none" />
        <Attribute name="text-decoration-line-through" value="none" />
        <Attribute name="vertical-align" value="baseline" />
      </Style>
      <TextRun id="tr1084793-1">
        <Text value="C" />
        <Text value="reating a New User Account" />
      </TextRun>
    </Paragraph>
    <Paragraph id="1084793" documentposition="29" splitpriority="2" xmlns="urn:WebWorks-Behaviors-Schema">
      <Marker behavior="topic" id="1088058">
        <Marker id="1088058" name="TopicAlias" xmlns="urn:WebWorks-Document-Schema">
          <TextRun id="tr1088058-1">
            <Text value="user_registration_help" />
          </TextRun>
        </Marker>
      </Marker>
    </Paragraph>
  </Entry>
  <Entry id="1084015" documentID="49F2C532B4C59AF9" level="2" documentposition="38">
    <Paragraph xmlns="urn:WebWorks-Document-Schema">
      <Style>
        <Attribute name="text-align" value="Left" />
        <Attribute name="text-indent" value="0pt" />
        <Attribute name="margin-left" value="0pt" />
        <Attribute name="margin-right" value="0pt" />
        <Attribute name="margin-top" value="15.0pt" />
        <Attribute name="margin-bottom" value="0.0pt" />
        <Attribute name="line-spacing" value="0pt" />
        <Attribute name="color" value="#515186" />
        <Attribute name="font-family" value="Palatino Linotype" />
        <Attribute name="font-size" value="16.0pt" />
        <Attribute name="font-weight" value="bold" />
        <Attribute name="font-style" value="normal" />
        <Attribute name="font-variant" value="normal" />
        <Attribute name="text-transform" value="none" />
        <Attribute name="text-decoration-underline" value="none" />
        <Attribute name="text-decoration-line-through" value="none" />
        <Attribute name="vertical-align" value="baseline" />
      </Style>
      <TextRun id="tr1084015-1" />
      <TextRun id="tr1084015-2">
        <Style>
          <Attribute name="font-family" value="Arial" />
          <Attribute name="font-weight" value="normal" />
          <Attribute name="font-size" value="11.0pt" />
        </Style>
      </TextRun>
      <TextRun id="tr1084015-3">
        <Style>
          <Attribute name="font-family" value="Arial" />
          <Attribute name="font-weight" value="normal" />
          <Attribute name="font-size" value="11.0pt" />
        </Style>
      </TextRun>
      <TextRun id="tr1084015-4">
        <Text value="L" />
        <Text value="ogging into NCIA" />
      </TextRun>
    </Paragraph>
    <Paragraph id="1084015" documentposition="38" splitpriority="2" xmlns="urn:WebWorks-Behaviors-Schema">
      <Marker behavior="topic" id="1088059">
        <Marker id="1088059" name="TopicAlias" xmlns="urn:WebWorks-Document-Schema">
          <TextRun id="tr1088059-1">
            <Text value="welcome_login_help" />
          </TextRun>
        </Marker>
      </Marker>
    </Paragraph>
  </Entry>
  <Entry id="1102085" documentID="49F2C532B4C59AF9" level="2" documentposition="51">
    <Paragraph xmlns="urn:WebWorks-Document-Schema">
      <Style>
        <Attribute name="text-align" value="Left" />
        <Attribute name="text-indent" value="0pt" />
        <Attribute name="margin-left" value="0pt" />
        <Attribute name="margin-right" value="0pt" />
        <Attribute name="margin-top" value="15.0pt" />
        <Attribute name="margin-bottom" value="0.0pt" />
        <Attribute name="line-spacing" value="0pt" />
        <Attribute name="color" value="#515186" />
        <Attribute name="font-family" value="Palatino Linotype" />
        <Attribute name="font-size" value="16.0pt" />
        <Attribute name="font-weight" value="bold" />
        <Attribute name="font-style" value="normal" />
        <Attribute name="font-variant" value="normal" />
        <Attribute name="text-transform" value="none" />
        <Attribute name="text-decoration-underline" value="none" />
        <Attribute name="text-decoration-line-through" value="none" />
        <Attribute name="vertical-align" value="baseline" />
      </Style>
      <TextRun id="tr1102085-1" />
      <TextRun id="tr1102085-2">
        <Text value="U" />
        <Text value="sing the NCIA Home Page" />
      </TextRun>
    </Paragraph>
    <Paragraph id="1102085" documentposition="51" splitpriority="2" xmlns="urn:WebWorks-Behaviors-Schema">
      <Marker behavior="topic" id="1102084">
        <Marker id="1102084" name="TopicAlias" xmlns="urn:WebWorks-Document-Schema">
          <TextRun id="tr1102084-1">
            <Text value="welcome_post_login_help" />
          </TextRun>
        </Marker>
      </Marker>
    </Paragraph>
  </Entry>
  <Entry id="1106519" documentID="49F2C532B4C59AF9" level="3" documentposition="56">
    <Paragraph xmlns="urn:WebWorks-Document-Schema">
      <Style>
        <Attribute name="text-align" value="Left" />
        <Attribute name="text-indent" value="0pt" />
        <Attribute name="margin-left" value="0pt" />
        <Attribute name="margin-right" value="0pt" />
        <Attribute name="margin-top" value="12.0pt" />
        <Attribute name="margin-bottom" value="0.0pt" />
        <Attribute name="line-spacing" value="0pt" />
        <Attribute name="color" value="#000000" />
        <Attribute name="font-family" value="Palatino Linotype" />
        <Attribute name="font-size" value="14.0pt" />
        <Attribute name="font-weight" value="normal" />
        <Attribute name="font-style" value="normal" />
        <Attribute name="font-variant" value="normal" />
        <Attribute name="text-transform" value="none" />
        <Attribute name="text-decoration-underline" value="none" />
        <Attribute name="text-decoration-line-through" value="none" />
        <Attribute name="vertical-align" value="baseline" />
      </Style>
      <TextRun id="tr1106519-1" />
      <TextRun id="tr1106519-2">
        <Text value="Home Page Menu Bar" />
      </TextRun>
    </Paragraph>
    <Paragraph id="1106519" documentposition="56" splitpriority="3" xmlns="urn:WebWorks-Behaviors-Schema" />
  </Entry>
  <Entry id="1094519" documentID="49F2C532B4C59AF9" level="3" documentposition="62">
    <Paragraph xmlns="urn:WebWorks-Document-Schema">
      <Style>
        <Attribute name="text-align" value="Left" />
        <Attribute name="text-indent" value="0pt" />
        <Attribute name="margin-left" value="0pt" />
        <Attribute name="margin-right" value="0pt" />
        <Attribute name="margin-top" value="12.0pt" />
        <Attribute name="margin-bottom" value="0.0pt" />
        <Attribute name="line-spacing" value="0pt" />
        <Attribute name="color" value="#000000" />
        <Attribute name="font-family" value="Palatino Linotype" />
        <Attribute name="font-size" value="14.0pt" />
        <Attribute name="font-weight" value="normal" />
        <Attribute name="font-style" value="normal" />
        <Attribute name="font-variant" value="normal" />
        <Attribute name="text-transform" value="none" />
        <Attribute name="text-decoration-underline" value="none" />
        <Attribute name="text-decoration-line-through" value="none" />
        <Attribute name="vertical-align" value="baseline" />
      </Style>
      <TextRun id="tr1094519-1" />
      <TextRun id="tr1094519-2">
        <Text value="Home Page Left Sidebar" />
      </TextRun>
    </Paragraph>
    <Paragraph id="1094519" documentposition="62" splitpriority="3" xmlns="urn:WebWorks-Behaviors-Schema" />
  </Entry>
  <Entry id="1094546" documentID="49F2C532B4C59AF9" level="4" documentposition="68">
    <Paragraph xmlns="urn:WebWorks-Document-Schema">
      <Style>
        <Attribute name="text-align" value="Left" />
        <Attribute name="text-indent" value="18pt" />
        <Attribute name="margin-left" value="0pt" />
        <Attribute name="margin-right" value="0pt" />
        <Attribute name="margin-top" value="12.0pt" />
        <Attribute name="margin-bottom" value="0.0pt" />
        <Attribute name="line-spacing" value="0pt" />
        <Attribute name="color" value="#000000" />
        <Attribute name="font-family" value="Palatino Linotype" />
        <Attribute name="font-size" value="12.0pt" />
        <Attribute name="font-weight" value="bold" />
        <Attribute name="font-style" value="normal" />
        <Attribute name="font-variant" value="normal" />
        <Attribute name="text-transform" value="none" />
        <Attribute name="text-decoration-underline" value="none" />
        <Attribute name="text-decoration-line-through" value="none" />
        <Attribute name="vertical-align" value="baseline" />
      </Style>
      <TextRun id="tr1094546-1" />
      <TextRun id="tr1094546-2">
        <Text value="Quick Links" />
      </TextRun>
    </Paragraph>
    <Paragraph id="1094546" documentposition="68" splitpriority="4" xmlns="urn:WebWorks-Behaviors-Schema" />
  </Entry>
  <Entry id="1089122" documentID="49F2C532B4C59AF9" level="3" documentposition="77">
    <Paragraph xmlns="urn:WebWorks-Document-Schema">
      <Style>
        <Attribute name="text-align" value="Left" />
        <Attribute name="text-indent" value="0pt" />
        <Attribute name="margin-left" value="0pt" />
        <Attribute name="margin-right" value="0pt" />
        <Attribute name="margin-top" value="12.0pt" />
        <Attribute name="margin-bottom" value="0.0pt" />
        <Attribute name="line-spacing" value="0pt" />
        <Attribute name="color" value="#000000" />
        <Attribute name="font-family" value="Palatino Linotype" />
        <Attribute name="font-size" value="14.0pt" />
        <Attribute name="font-weight" value="normal" />
        <Attribute name="font-style" value="normal" />
        <Attribute name="font-variant" value="normal" />
        <Attribute name="text-transform" value="none" />
        <Attribute name="text-decoration-underline" value="none" />
        <Attribute name="text-decoration-line-through" value="none" />
        <Attribute name="vertical-align" value="baseline" />
      </Style>
      <TextRun id="tr1089122-1" />
      <TextRun id="tr1089122-2">
        <Text value="Other Home Page Panels" />
      </TextRun>
    </Paragraph>
    <Paragraph id="1089122" documentposition="77" splitpriority="3" xmlns="urn:WebWorks-Behaviors-Schema" />
  </Entry>
  <Entry id="1091593" documentID="49F2C532B4C59AF9" level="2" documentposition="83">
    <Paragraph xmlns="urn:WebWorks-Document-Schema">
      <Style>
        <Attribute name="text-align" value="Left" />
        <Attribute name="text-indent" value="0pt" />
        <Attribute name="margin-left" value="0pt" />
        <Attribute name="margin-right" value="0pt" />
        <Attribute name="margin-top" value="15.0pt" />
        <Attribute name="margin-bottom" value="0.0pt" />
        <Attribute name="line-spacing" value="0pt" />
        <Attribute name="color" value="#515186" />
        <Attribute name="font-family" value="Palatino Linotype" />
        <Attribute name="font-size" value="16.0pt" />
        <Attribute name="font-weight" value="bold" />
        <Attribute name="font-style" value="normal" />
        <Attribute name="font-variant" value="normal" />
        <Attribute name="text-transform" value="none" />
        <Attribute name="text-decoration-underline" value="none" />
        <Attribute name="text-decoration-line-through" value="none" />
        <Attribute name="vertical-align" value="baseline" />
      </Style>
      <TextRun id="tr1091593-1" />
      <TextRun id="tr1091593-2">
        <Text value="U" />
        <Text value="sing NCIA News Page" />
      </TextRun>
    </Paragraph>
    <Paragraph id="1091593" documentposition="83" splitpriority="2" xmlns="urn:WebWorks-Behaviors-Schema">
      <Marker behavior="topic" id="1088061">
        <Marker id="1088061" name="TopicAlias" xmlns="urn:WebWorks-Document-Schema">
          <TextRun id="tr1088061-1">
            <Text value="news_page_help" />
          </TextRun>
        </Marker>
      </Marker>
    </Paragraph>
  </Entry>
  <Entry id="1090544" documentID="49F2C532B4C59AF9" level="3" documentposition="89">
    <Paragraph xmlns="urn:WebWorks-Document-Schema">
      <Style>
        <Attribute name="text-align" value="Left" />
        <Attribute name="text-indent" value="0pt" />
        <Attribute name="margin-left" value="0pt" />
        <Attribute name="margin-right" value="0pt" />
        <Attribute name="margin-top" value="12.0pt" />
        <Attribute name="margin-bottom" value="0.0pt" />
        <Attribute name="line-spacing" value="0pt" />
        <Attribute name="color" value="#000000" />
        <Attribute name="font-family" value="Palatino Linotype" />
        <Attribute name="font-size" value="14.0pt" />
        <Attribute name="font-weight" value="normal" />
        <Attribute name="font-style" value="normal" />
        <Attribute name="font-variant" value="normal" />
        <Attribute name="text-transform" value="none" />
        <Attribute name="text-decoration-underline" value="none" />
        <Attribute name="text-decoration-line-through" value="none" />
        <Attribute name="vertical-align" value="baseline" />
      </Style>
      <TextRun id="tr1090544-1" />
      <TextRun id="tr1090544-2">
        <Text value="News Page Menu Bar" />
      </TextRun>
    </Paragraph>
    <Paragraph id="1090544" documentposition="89" splitpriority="3" xmlns="urn:WebWorks-Behaviors-Schema" />
  </Entry>
  <Entry id="1094701" documentID="49F2C532B4C59AF9" level="3" documentposition="95">
    <Paragraph xmlns="urn:WebWorks-Document-Schema">
      <Style>
        <Attribute name="text-align" value="Left" />
        <Attribute name="text-indent" value="0pt" />
        <Attribute name="margin-left" value="0pt" />
        <Attribute name="margin-right" value="0pt" />
        <Attribute name="margin-top" value="12.0pt" />
        <Attribute name="margin-bottom" value="0.0pt" />
        <Attribute name="line-spacing" value="0pt" />
        <Attribute name="color" value="#000000" />
        <Attribute name="font-family" value="Palatino Linotype" />
        <Attribute name="font-size" value="14.0pt" />
        <Attribute name="font-weight" value="normal" />
        <Attribute name="font-style" value="normal" />
        <Attribute name="font-variant" value="normal" />
        <Attribute name="text-transform" value="none" />
        <Attribute name="text-decoration-underline" value="none" />
        <Attribute name="text-decoration-line-through" value="none" />
        <Attribute name="vertical-align" value="baseline" />
      </Style>
      <TextRun id="tr1094701-1" />
      <TextRun id="tr1094701-2">
        <Text value="News Page Site Map" />
      </TextRun>
    </Paragraph>
    <Paragraph id="1094701" documentposition="95" splitpriority="3" xmlns="urn:WebWorks-Behaviors-Schema" />
  </Entry>
  <Entry id="1090692" documentID="49F2C532B4C59AF9" level="3" documentposition="103">
    <Paragraph xmlns="urn:WebWorks-Document-Schema">
      <Style>
        <Attribute name="text-align" value="Left" />
        <Attribute name="text-indent" value="0pt" />
        <Attribute name="margin-left" value="0pt" />
        <Attribute name="margin-right" value="0pt" />
        <Attribute name="margin-top" value="12.0pt" />
        <Attribute name="margin-bottom" value="0.0pt" />
        <Attribute name="line-spacing" value="0pt" />
        <Attribute name="color" value="#000000" />
        <Attribute name="font-family" value="Palatino Linotype" />
        <Attribute name="font-size" value="14.0pt" />
        <Attribute name="font-weight" value="normal" />
        <Attribute name="font-style" value="normal" />
        <Attribute name="font-variant" value="normal" />
        <Attribute name="text-transform" value="none" />
        <Attribute name="text-decoration-underline" value="none" />
        <Attribute name="text-decoration-line-through" value="none" />
        <Attribute name="vertical-align" value="baseline" />
      </Style>
      <TextRun id="tr1090692-1" />
      <TextRun id="tr1090692-2">
        <Text value="News Page Left Sidebar" />
      </TextRun>
    </Paragraph>
    <Paragraph id="1090692" documentposition="103" splitpriority="3" xmlns="urn:WebWorks-Behaviors-Schema" />
  </Entry>
  <Entry id="1130484" documentID="49F2C532B4C59AF9" level="2" documentposition="109">
    <Paragraph xmlns="urn:WebWorks-Document-Schema">
      <Style>
        <Attribute name="text-align" value="Left" />
        <Attribute name="text-indent" value="0pt" />
        <Attribute name="margin-left" value="0pt" />
        <Attribute name="margin-right" value="0pt" />
        <Attribute name="margin-top" value="15.0pt" />
        <Attribute name="margin-bottom" value="0.0pt" />
        <Attribute name="line-spacing" value="0pt" />
        <Attribute name="color" value="#515186" />
        <Attribute name="font-family" value="Palatino Linotype" />
        <Attribute name="font-size" value="16.0pt" />
        <Attribute name="font-weight" value="bold" />
        <Attribute name="font-style" value="normal" />
        <Attribute name="font-variant" value="normal" />
        <Attribute name="text-transform" value="none" />
        <Attribute name="text-decoration-underline" value="none" />
        <Attribute name="text-decoration-line-through" value="none" />
        <Attribute name="vertical-align" value="baseline" />
      </Style>
      <TextRun id="tr1130484-1" />
      <TextRun id="tr1130484-2">
        <Text value="U" />
        <Text value="sing NCIA Online Help" />
      </TextRun>
    </Paragraph>
    <Paragraph id="1130484" documentposition="109" splitpriority="2" xmlns="urn:WebWorks-Behaviors-Schema">
      <Marker behavior="topic" id="1130463">
        <Marker id="1130463" name="TopicAlias" xmlns="urn:WebWorks-Document-Schema">
          <TextRun id="tr1130463-1">
            <Text value="online_help_help" />
          </TextRun>
        </Marker>
      </Marker>
    </Paragraph>
  </Entry>
  <Entry id="1087647" documentID="49F2C532B4C59AF9" level="2" documentposition="124">
    <Paragraph xmlns="urn:WebWorks-Document-Schema">
      <Style>
        <Attribute name="text-align" value="Left" />
        <Attribute name="text-indent" value="0pt" />
        <Attribute name="margin-left" value="0pt" />
        <Attribute name="margin-right" value="0pt" />
        <Attribute name="margin-top" value="15.0pt" />
        <Attribute name="margin-bottom" value="0.0pt" />
        <Attribute name="line-spacing" value="0pt" />
        <Attribute name="color" value="#515186" />
        <Attribute name="font-family" value="Palatino Linotype" />
        <Attribute name="font-size" value="16.0pt" />
        <Attribute name="font-weight" value="bold" />
        <Attribute name="font-style" value="normal" />
        <Attribute name="font-variant" value="normal" />
        <Attribute name="text-transform" value="none" />
        <Attribute name="text-decoration-underline" value="none" />
        <Attribute name="text-decoration-line-through" value="none" />
        <Attribute name="vertical-align" value="baseline" />
      </Style>
      <TextRun id="tr1087647-1">
        <Text value="Accessing " />
        <Text value="NCIA from Another Application" />
      </TextRun>
      <TextRun id="tr1087647-2">
        <Text value="&#x9;" />
      </TextRun>
      <TextRun id="tr1087647-3">
        <Text value="&#x9;" />
      </TextRun>
    </Paragraph>
    <Paragraph id="1087647" documentposition="124" splitpriority="2" xmlns="urn:WebWorks-Behaviors-Schema" />
  </Entry>
  <Entry id="1084577" documentID="49F2C532B4C59AF9" level="2" documentposition="133">
    <Paragraph xmlns="urn:WebWorks-Document-Schema">
      <Style>
        <Attribute name="text-align" value="Left" />
        <Attribute name="text-indent" value="0pt" />
        <Attribute name="margin-left" value="0pt" />
        <Attribute name="margin-right" value="0pt" />
        <Attribute name="margin-top" value="15.0pt" />
        <Attribute name="margin-bottom" value="0.0pt" />
        <Attribute name="line-spacing" value="0pt" />
        <Attribute name="color" value="#515186" />
        <Attribute name="font-family" value="Palatino Linotype" />
        <Attribute name="font-size" value="16.0pt" />
        <Attribute name="font-weight" value="bold" />
        <Attribute name="font-style" value="normal" />
        <Attribute name="font-variant" value="normal" />
        <Attribute name="text-transform" value="none" />
        <Attribute name="text-decoration-underline" value="none" />
        <Attribute name="text-decoration-line-through" value="none" />
        <Attribute name="vertical-align" value="baseline" />
      </Style>
      <TextRun id="tr1084577-1">
        <Text value="Application Support" />
      </TextRun>
    </Paragraph>
    <Paragraph id="1084577" documentposition="133" splitpriority="2" xmlns="urn:WebWorks-Behaviors-Schema" />
  </Entry>
  <Entry id="1123213" documentID="BE9CA9E0C172E7" level="1" documentposition="3">
    <Paragraph xmlns="urn:WebWorks-Document-Schema">
      <Style>
        <Attribute name="text-align" value="Right" />
        <Attribute name="text-indent" value="0pt" />
        <Attribute name="margin-left" value="0pt" />
        <Attribute name="margin-right" value="0pt" />
        <Attribute name="margin-top" value="0.0pt" />
        <Attribute name="margin-bottom" value="13.0pt" />
        <Attribute name="line-spacing" value="0pt" />
        <Attribute name="color" value="#515186" />
        <Attribute name="font-family" value="Palatino Linotype" />
        <Attribute name="font-size" value="27.0pt" />
        <Attribute name="font-weight" value="bold" />
        <Attribute name="font-style" value="normal" />
        <Attribute name="font-variant" value="" />
        <Attribute name="text-transform" value="none" />
        <Attribute name="text-decoration-underline" value="none" />
        <Attribute name="text-decoration-line-through" value="none" />
        <Attribute name="vertical-align" value="baseline" />
      </Style>
      <TextRun id="tr1123213-1">
        <Text value="Searching for Images" />
      </TextRun>
    </Paragraph>
    <Paragraph id="1123213" documentposition="3" splitpriority="1" xmlns="urn:WebWorks-Behaviors-Schema" />
  </Entry>
  <Entry id="1123307" documentID="BE9CA9E0C172E7" level="2" documentposition="13">
    <Paragraph xmlns="urn:WebWorks-Document-Schema">
      <Style>
        <Attribute name="text-align" value="Left" />
        <Attribute name="text-indent" value="0pt" />
        <Attribute name="margin-left" value="0pt" />
        <Attribute name="margin-right" value="0pt" />
        <Attribute name="margin-top" value="15.0pt" />
        <Attribute name="margin-bottom" value="0.0pt" />
        <Attribute name="line-spacing" value="0pt" />
        <Attribute name="color" value="#515186" />
        <Attribute name="font-family" value="Palatino Linotype" />
        <Attribute name="font-size" value="16.0pt" />
        <Attribute name="font-weight" value="bold" />
        <Attribute name="font-style" value="normal" />
        <Attribute name="font-variant" value="normal" />
        <Attribute name="text-transform" value="none" />
        <Attribute name="text-decoration-underline" value="none" />
        <Attribute name="text-decoration-line-through" value="none" />
        <Attribute name="vertical-align" value="baseline" />
      </Style>
      <TextRun id="tr1123307-1">
        <Text value="S" />
        <Text value="pecifying Remote Search Sites" />
      </TextRun>
    </Paragraph>
    <Paragraph id="1123307" documentposition="13" splitpriority="2" xmlns="urn:WebWorks-Behaviors-Schema">
      <Marker behavior="topic" id="1123306">
        <Marker id="1123306" name="TopicAlias" xmlns="urn:WebWorks-Document-Schema">
          <TextRun id="tr1123306-1">
            <Text value="remote_site_help" />
          </TextRun>
        </Marker>
      </Marker>
    </Paragraph>
  </Entry>
  <Entry id="1066291" documentID="BE9CA9E0C172E7" level="2" documentposition="29">
    <Paragraph xmlns="urn:WebWorks-Document-Schema">
      <Style>
        <Attribute name="text-align" value="Left" />
        <Attribute name="text-indent" value="0pt" />
        <Attribute name="margin-left" value="0pt" />
        <Attribute name="margin-right" value="0pt" />
        <Attribute name="margin-top" value="15.0pt" />
        <Attribute name="margin-bottom" value="0.0pt" />
        <Attribute name="line-spacing" value="0pt" />
        <Attribute name="color" value="#515186" />
        <Attribute name="font-family" value="Palatino Linotype" />
        <Attribute name="font-size" value="16.0pt" />
        <Attribute name="font-weight" value="bold" />
        <Attribute name="font-style" value="normal" />
        <Attribute name="font-variant" value="normal" />
        <Attribute name="text-transform" value="none" />
        <Attribute name="text-decoration-underline" value="none" />
        <Attribute name="text-decoration-line-through" value="none" />
        <Attribute name="vertical-align" value="baseline" />
      </Style>
      <TextRun id="tr1066291-1" />
      <TextRun id="tr1066291-2">
        <Text value="Performing Searches" />
      </TextRun>
    </Paragraph>
    <Paragraph id="1066291" documentposition="29" splitpriority="2" xmlns="urn:WebWorks-Behaviors-Schema" />
  </Entry>
  <Entry id="1113864" documentID="BE9CA9E0C172E7" level="3" documentposition="57">
    <Paragraph xmlns="urn:WebWorks-Document-Schema">
      <Style>
        <Attribute name="text-align" value="Left" />
        <Attribute name="text-indent" value="0pt" />
        <Attribute name="margin-left" value="0pt" />
        <Attribute name="margin-right" value="0pt" />
        <Attribute name="margin-top" value="12.0pt" />
        <Attribute name="margin-bottom" value="0.0pt" />
        <Attribute name="line-spacing" value="0pt" />
        <Attribute name="color" value="#000000" />
        <Attribute name="font-family" value="Palatino Linotype" />
        <Attribute name="font-size" value="14.0pt" />
        <Attribute name="font-weight" value="normal" />
        <Attribute name="font-style" value="normal" />
        <Attribute name="font-variant" value="normal" />
        <Attribute name="text-transform" value="none" />
        <Attribute name="text-decoration-underline" value="none" />
        <Attribute name="text-decoration-line-through" value="none" />
        <Attribute name="vertical-align" value="baseline" />
      </Style>
      <TextRun id="tr1113864-1" />
      <TextRun id="tr1113864-2">
        <Text value="P" />
        <Text value="erforming a Simple Search" />
      </TextRun>
    </Paragraph>
    <Paragraph id="1113864" documentposition="57" splitpriority="3" xmlns="urn:WebWorks-Behaviors-Schema">
      <Marker behavior="topic" id="1095054">
        <Marker id="1095054" name="TopicAlias" xmlns="urn:WebWorks-Document-Schema">
          <TextRun id="tr1095054-1">
            <Text value="simple_search_help" />
          </TextRun>
        </Marker>
      </Marker>
    </Paragraph>
  </Entry>
  <Entry id="1186206" documentID="BE9CA9E0C172E7" level="3" documentposition="82">
    <Paragraph xmlns="urn:WebWorks-Document-Schema">
      <Style>
        <Attribute name="text-align" value="Left" />
        <Attribute name="text-indent" value="0pt" />
        <Attribute name="margin-left" value="0pt" />
        <Attribute name="margin-right" value="0pt" />
        <Attribute name="margin-top" value="12.0pt" />
        <Attribute name="margin-bottom" value="0.0pt" />
        <Attribute name="line-spacing" value="0pt" />
        <Attribute name="color" value="#000000" />
        <Attribute name="font-family" value="Palatino Linotype" />
        <Attribute name="font-size" value="14.0pt" />
        <Attribute name="font-weight" value="normal" />
        <Attribute name="font-style" value="normal" />
        <Attribute name="font-variant" value="normal" />
        <Attribute name="text-transform" value="none" />
        <Attribute name="text-decoration-underline" value="none" />
        <Attribute name="text-decoration-line-through" value="none" />
        <Attribute name="vertical-align" value="baseline" />
      </Style>
      <TextRun id="tr1186206-1">
        <Text value="S" />
        <Text value="earch Criteria Summary" />
      </TextRun>
    </Paragraph>
    <Paragraph id="1186206" documentposition="82" splitpriority="3" xmlns="urn:WebWorks-Behaviors-Schema">
      <Marker behavior="topic" id="1186205">
        <Marker id="1186205" name="TopicAlias" xmlns="urn:WebWorks-Document-Schema">
          <TextRun id="tr1186205-1">
            <Text value="criteria_selected_help" />
          </TextRun>
        </Marker>
      </Marker>
    </Paragraph>
  </Entry>
  <Entry id="1162398" documentID="BE9CA9E0C172E7" level="2" documentposition="85">
    <Paragraph xmlns="urn:WebWorks-Document-Schema">
      <Style>
        <Attribute name="text-align" value="Left" />
        <Attribute name="text-indent" value="0pt" />
        <Attribute name="margin-left" value="0pt" />
        <Attribute name="margin-right" value="0pt" />
        <Attribute name="margin-top" value="15.0pt" />
        <Attribute name="margin-bottom" value="0.0pt" />
        <Attribute name="line-spacing" value="0pt" />
        <Attribute name="color" value="#515186" />
        <Attribute name="font-family" value="Palatino Linotype" />
        <Attribute name="font-size" value="16.0pt" />
        <Attribute name="font-weight" value="bold" />
        <Attribute name="font-style" value="normal" />
        <Attribute name="font-variant" value="normal" />
        <Attribute name="text-transform" value="none" />
        <Attribute name="text-decoration-underline" value="none" />
        <Attribute name="text-decoration-line-through" value="none" />
        <Attribute name="vertical-align" value="baseline" />
      </Style>
      <TextRun id="tr1162398-1" />
      <TextRun id="tr1162398-2">
        <Text value="Searching Curation Data" />
      </TextRun>
    </Paragraph>
    <Paragraph id="1162398" documentposition="85" splitpriority="2" xmlns="urn:WebWorks-Behaviors-Schema" />
  </Entry>
  <Entry id="1102496" documentID="BE9CA9E0C172E7" level="3" documentposition="92">
    <Paragraph xmlns="urn:WebWorks-Document-Schema">
      <Style>
        <Attribute name="text-align" value="Left" />
        <Attribute name="text-indent" value="0pt" />
        <Attribute name="margin-left" value="0pt" />
        <Attribute name="margin-right" value="0pt" />
        <Attribute name="margin-top" value="12.0pt" />
        <Attribute name="margin-bottom" value="0.0pt" />
        <Attribute name="line-spacing" value="0pt" />
        <Attribute name="color" value="#000000" />
        <Attribute name="font-family" value="Palatino Linotype" />
        <Attribute name="font-size" value="14.0pt" />
        <Attribute name="font-weight" value="normal" />
        <Attribute name="font-style" value="normal" />
        <Attribute name="font-variant" value="normal" />
        <Attribute name="text-transform" value="none" />
        <Attribute name="text-decoration-underline" value="none" />
        <Attribute name="text-decoration-line-through" value="none" />
        <Attribute name="vertical-align" value="baseline" />
      </Style>
      <TextRun id="tr1102496-1" />
      <TextRun id="tr1102496-2">
        <Text value="Annotation " />
        <Text value="Keyword Search Page" />
      </TextRun>
    </Paragraph>
    <Paragraph id="1102496" documentposition="92" splitpriority="3" xmlns="urn:WebWorks-Behaviors-Schema">
      <Marker behavior="topic" id="1149239">
        <Marker id="1149239" name="TopicAlias" xmlns="urn:WebWorks-Document-Schema">
          <TextRun id="tr1149239-1">
            <Text value="annotation_keyword_search_help" />
          </TextRun>
        </Marker>
      </Marker>
    </Paragraph>
  </Entry>
  <Entry id="1066935" documentID="BE9CA9E0C172E7" level="3" documentposition="119">
    <Paragraph xmlns="urn:WebWorks-Document-Schema">
      <Style>
        <Attribute name="text-align" value="Left" />
        <Attribute name="text-indent" value="0pt" />
        <Attribute name="margin-left" value="0pt" />
        <Attribute name="margin-right" value="0pt" />
        <Attribute name="margin-top" value="12.0pt" />
        <Attribute name="margin-bottom" value="0.0pt" />
        <Attribute name="line-spacing" value="0pt" />
        <Attribute name="color" value="#000000" />
        <Attribute name="font-family" value="Palatino Linotype" />
        <Attribute name="font-size" value="14.0pt" />
        <Attribute name="font-weight" value="normal" />
        <Attribute name="font-style" value="normal" />
        <Attribute name="font-variant" value="normal" />
        <Attribute name="text-transform" value="none" />
        <Attribute name="text-decoration-underline" value="none" />
        <Attribute name="text-decoration-line-through" value="none" />
        <Attribute name="vertical-align" value="baseline" />
      </Style>
      <TextRun id="tr1066935-1" />
      <TextRun id="tr1066935-2">
        <Text value="P" />
        <Text value="erforming an Advanced " />
        <Text value="Search" />
      </TextRun>
    </Paragraph>
    <Paragraph id="1066935" documentposition="119" splitpriority="3" xmlns="urn:WebWorks-Behaviors-Schema">
      <Marker behavior="topic" id="1095066">
        <Marker id="1095066" name="TopicAlias" xmlns="urn:WebWorks-Document-Schema">
          <TextRun id="tr1095066-1">
            <Text value="advanced_search_help" />
          </TextRun>
        </Marker>
      </Marker>
    </Paragraph>
  </Entry>
  <Entry id="1067999" documentID="BE9CA9E0C172E7" level="2" documentposition="142">
    <Paragraph xmlns="urn:WebWorks-Document-Schema">
      <Style>
        <Attribute name="text-align" value="Left" />
        <Attribute name="text-indent" value="0pt" />
        <Attribute name="margin-left" value="0pt" />
        <Attribute name="margin-right" value="0pt" />
        <Attribute name="margin-top" value="15.0pt" />
        <Attribute name="margin-bottom" value="0.0pt" />
        <Attribute name="line-spacing" value="0pt" />
        <Attribute name="color" value="#515186" />
        <Attribute name="font-family" value="Palatino Linotype" />
        <Attribute name="font-size" value="16.0pt" />
        <Attribute name="font-weight" value="bold" />
        <Attribute name="font-style" value="normal" />
        <Attribute name="font-variant" value="normal" />
        <Attribute name="text-transform" value="none" />
        <Attribute name="text-decoration-underline" value="none" />
        <Attribute name="text-decoration-line-through" value="none" />
        <Attribute name="vertical-align" value="baseline" />
      </Style>
      <TextRun id="tr1067999-1" />
      <TextRun id="tr1067999-2">
        <Text value="Working with Saved Search Queries" />
      </TextRun>
    </Paragraph>
    <Paragraph id="1067999" documentposition="142" splitpriority="2" xmlns="urn:WebWorks-Behaviors-Schema" />
  </Entry>
  <Entry id="1163757" documentID="BE9CA9E0C172E7" level="3" documentposition="151">
    <Paragraph xmlns="urn:WebWorks-Document-Schema">
      <Style>
        <Attribute name="text-align" value="Left" />
        <Attribute name="text-indent" value="0pt" />
        <Attribute name="margin-left" value="0pt" />
        <Attribute name="margin-right" value="0pt" />
        <Attribute name="margin-top" value="12.0pt" />
        <Attribute name="margin-bottom" value="0.0pt" />
        <Attribute name="line-spacing" value="0pt" />
        <Attribute name="color" value="#000000" />
        <Attribute name="font-family" value="Palatino Linotype" />
        <Attribute name="font-size" value="14.0pt" />
        <Attribute name="font-weight" value="normal" />
        <Attribute name="font-style" value="normal" />
        <Attribute name="font-variant" value="normal" />
        <Attribute name="text-transform" value="none" />
        <Attribute name="text-decoration-underline" value="none" />
        <Attribute name="text-decoration-line-through" value="none" />
        <Attribute name="vertical-align" value="baseline" />
      </Style>
      <TextRun id="tr1163757-1" />
      <TextRun id="tr1163757-2">
        <Text value="Saving a Search Query" />
      </TextRun>
    </Paragraph>
    <Paragraph id="1163757" documentposition="151" splitpriority="3" xmlns="urn:WebWorks-Behaviors-Schema" />
  </Entry>
  <Entry id="1066885" documentID="BE9CA9E0C172E7" level="3" documentposition="160">
    <Paragraph xmlns="urn:WebWorks-Document-Schema">
      <Style>
        <Attribute name="text-align" value="Left" />
        <Attribute name="text-indent" value="0pt" />
        <Attribute name="margin-left" value="0pt" />
        <Attribute name="margin-right" value="0pt" />
        <Attribute name="margin-top" value="12.0pt" />
        <Attribute name="margin-bottom" value="0.0pt" />
        <Attribute name="line-spacing" value="0pt" />
        <Attribute name="color" value="#000000" />
        <Attribute name="font-family" value="Palatino Linotype" />
        <Attribute name="font-size" value="14.0pt" />
        <Attribute name="font-weight" value="normal" />
        <Attribute name="font-style" value="normal" />
        <Attribute name="font-variant" value="normal" />
        <Attribute name="text-transform" value="none" />
        <Attribute name="text-decoration-underline" value="none" />
        <Attribute name="text-decoration-line-through" value="none" />
        <Attribute name="vertical-align" value="baseline" />
      </Style>
      <TextRun id="tr1066885-1" />
      <TextRun id="tr1066885-2">
        <Text value="M" />
        <Text value="anaging Saved Queries" />
      </TextRun>
    </Paragraph>
    <Paragraph id="1066885" documentposition="160" splitpriority="3" xmlns="urn:WebWorks-Behaviors-Schema">
      <Marker behavior="topic" id="1095068">
        <Marker id="1095068" name="TopicAlias" xmlns="urn:WebWorks-Document-Schema">
          <TextRun id="tr1095068-1">
            <Text value="saved_queries_help" />
          </TextRun>
        </Marker>
      </Marker>
    </Paragraph>
  </Entry>
  <Entry id="1068625" documentID="BE9CA9E0C172E7" level="3" documentposition="178">
    <Paragraph xmlns="urn:WebWorks-Document-Schema">
      <Style>
        <Attribute name="text-align" value="Left" />
        <Attribute name="text-indent" value="0pt" />
        <Attribute name="margin-left" value="0pt" />
        <Attribute name="margin-right" value="0pt" />
        <Attribute name="margin-top" value="12.0pt" />
        <Attribute name="margin-bottom" value="0.0pt" />
        <Attribute name="line-spacing" value="0pt" />
        <Attribute name="color" value="#000000" />
        <Attribute name="font-family" value="Palatino Linotype" />
        <Attribute name="font-size" value="14.0pt" />
        <Attribute name="font-weight" value="normal" />
        <Attribute name="font-style" value="normal" />
        <Attribute name="font-variant" value="normal" />
        <Attribute name="text-transform" value="none" />
        <Attribute name="text-decoration-underline" value="none" />
        <Attribute name="text-decoration-line-through" value="none" />
        <Attribute name="vertical-align" value="baseline" />
      </Style>
      <TextRun id="tr1068625-1" />
      <TextRun id="tr1068625-2">
        <Text value="E" />
        <Text value="diting Saved Queries" />
      </TextRun>
    </Paragraph>
    <Paragraph id="1068625" documentposition="178" splitpriority="3" xmlns="urn:WebWorks-Behaviors-Schema">
      <Marker behavior="topic" id="1095069">
        <Marker id="1095069" name="TopicAlias" xmlns="urn:WebWorks-Document-Schema">
          <TextRun id="tr1095069-1">
            <Text value="save_edited_query_help" />
          </TextRun>
        </Marker>
      </Marker>
    </Paragraph>
  </Entry>
  <Entry id="1092117" documentID="BE9CA9E0C172E7" level="3" documentposition="195">
    <Paragraph xmlns="urn:WebWorks-Document-Schema">
      <Style>
        <Attribute name="text-align" value="Left" />
        <Attribute name="text-indent" value="0pt" />
        <Attribute name="margin-left" value="0pt" />
        <Attribute name="margin-right" value="0pt" />
        <Attribute name="margin-top" value="12.0pt" />
        <Attribute name="margin-bottom" value="0.0pt" />
        <Attribute name="line-spacing" value="0pt" />
        <Attribute name="color" value="#000000" />
        <Attribute name="font-family" value="Palatino Linotype" />
        <Attribute name="font-size" value="14.0pt" />
        <Attribute name="font-weight" value="normal" />
        <Attribute name="font-style" value="normal" />
        <Attribute name="font-variant" value="normal" />
        <Attribute name="text-transform" value="none" />
        <Attribute name="text-decoration-underline" value="none" />
        <Attribute name="text-decoration-line-through" value="none" />
        <Attribute name="vertical-align" value="baseline" />
      </Style>
      <TextRun id="tr1092117-1" />
      <TextRun id="tr1092117-2">
        <Text value="V" />
        <Text value="iewing a Query History" />
      </TextRun>
    </Paragraph>
    <Paragraph id="1092117" documentposition="195" splitpriority="3" xmlns="urn:WebWorks-Behaviors-Schema">
      <Marker behavior="topic" id="1095070">
        <Marker id="1095070" name="TopicAlias" xmlns="urn:WebWorks-Document-Schema">
          <TextRun id="tr1095070-1">
            <Text value="query_history_help" />
          </TextRun>
        </Marker>
      </Marker>
    </Paragraph>
  </Entry>
  <Entry id="1095790" documentID="BE9CA9E0C172E7" level="2" documentposition="203">
    <Paragraph xmlns="urn:WebWorks-Document-Schema">
      <Style>
        <Attribute name="text-align" value="Left" />
        <Attribute name="text-indent" value="0pt" />
        <Attribute name="margin-left" value="0pt" />
        <Attribute name="margin-right" value="0pt" />
        <Attribute name="margin-top" value="15.0pt" />
        <Attribute name="margin-bottom" value="0.0pt" />
        <Attribute name="line-spacing" value="0pt" />
        <Attribute name="color" value="#515186" />
        <Attribute name="font-family" value="Palatino Linotype" />
        <Attribute name="font-size" value="16.0pt" />
        <Attribute name="font-weight" value="bold" />
        <Attribute name="font-style" value="normal" />
        <Attribute name="font-variant" value="normal" />
        <Attribute name="text-transform" value="none" />
        <Attribute name="text-decoration-underline" value="none" />
        <Attribute name="text-decoration-line-through" value="none" />
        <Attribute name="vertical-align" value="baseline" />
      </Style>
      <TextRun id="tr1095790-1" />
      <TextRun id="tr1095790-2">
        <Text value="Viewing Search Results" />
      </TextRun>
    </Paragraph>
    <Paragraph id="1095790" documentposition="203" splitpriority="2" xmlns="urn:WebWorks-Behaviors-Schema" />
  </Entry>
  <Entry id="1085991" documentID="BE9CA9E0C172E7" level="3" documentposition="210">
    <Paragraph xmlns="urn:WebWorks-Document-Schema">
      <Style>
        <Attribute name="text-align" value="Left" />
        <Attribute name="text-indent" value="0pt" />
        <Attribute name="margin-left" value="0pt" />
        <Attribute name="margin-right" value="0pt" />
        <Attribute name="margin-top" value="12.0pt" />
        <Attribute name="margin-bottom" value="0.0pt" />
        <Attribute name="line-spacing" value="0pt" />
        <Attribute name="color" value="#000000" />
        <Attribute name="font-family" value="Palatino Linotype" />
        <Attribute name="font-size" value="14.0pt" />
        <Attribute name="font-weight" value="normal" />
        <Attribute name="font-style" value="normal" />
        <Attribute name="font-variant" value="normal" />
        <Attribute name="text-transform" value="none" />
        <Attribute name="text-decoration-underline" value="none" />
        <Attribute name="text-decoration-line-through" value="none" />
        <Attribute name="vertical-align" value="baseline" />
      </Style>
      <TextRun id="tr1085991-1">
        <Text value="S" />
        <Text value="earch Results (by Subject)" />
      </TextRun>
    </Paragraph>
    <Paragraph id="1085991" documentposition="210" splitpriority="3" xmlns="urn:WebWorks-Behaviors-Schema">
      <Marker behavior="topic" id="1095071">
        <Marker id="1095071" name="TopicAlias" xmlns="urn:WebWorks-Document-Schema">
          <TextRun id="tr1095071-1">
            <Text value="search_results_by_subject_help" />
          </TextRun>
        </Marker>
      </Marker>
    </Paragraph>
  </Entry>
  <Entry id="1069240" documentID="BE9CA9E0C172E7" level="3" documentposition="224">
    <Paragraph xmlns="urn:WebWorks-Document-Schema">
      <Style>
        <Attribute name="text-align" value="Left" />
        <Attribute name="text-indent" value="0pt" />
        <Attribute name="margin-left" value="0pt" />
        <Attribute name="margin-right" value="0pt" />
        <Attribute name="margin-top" value="12.0pt" />
        <Attribute name="margin-bottom" value="0.0pt" />
        <Attribute name="line-spacing" value="0pt" />
        <Attribute name="color" value="#000000" />
        <Attribute name="font-family" value="Palatino Linotype" />
        <Attribute name="font-size" value="14.0pt" />
        <Attribute name="font-weight" value="normal" />
        <Attribute name="font-style" value="normal" />
        <Attribute name="font-variant" value="normal" />
        <Attribute name="text-transform" value="none" />
        <Attribute name="text-decoration-underline" value="none" />
        <Attribute name="text-decoration-line-through" value="none" />
        <Attribute name="vertical-align" value="baseline" />
      </Style>
      <TextRun id="tr1069240-1">
        <Text value="S" />
        <Text value="earch Results (Studies for Subject)" />
      </TextRun>
    </Paragraph>
    <Paragraph id="1069240" documentposition="224" splitpriority="3" xmlns="urn:WebWorks-Behaviors-Schema">
      <Marker behavior="topic" id="1095072">
        <Marker id="1095072" name="TopicAlias" xmlns="urn:WebWorks-Document-Schema">
          <TextRun id="tr1095072-1">
            <Text value="search_results_studies_for_subject_help" />
          </TextRun>
        </Marker>
      </Marker>
    </Paragraph>
  </Entry>
  <Entry id="1069282" documentID="BE9CA9E0C172E7" level="3" documentposition="235">
    <Paragraph xmlns="urn:WebWorks-Document-Schema">
      <Style>
        <Attribute name="text-align" value="Left" />
        <Attribute name="text-indent" value="0pt" />
        <Attribute name="margin-left" value="0pt" />
        <Attribute name="margin-right" value="0pt" />
        <Attribute name="margin-top" value="12.0pt" />
        <Attribute name="margin-bottom" value="0.0pt" />
        <Attribute name="line-spacing" value="0pt" />
        <Attribute name="color" value="#000000" />
        <Attribute name="font-family" value="Palatino Linotype" />
        <Attribute name="font-size" value="14.0pt" />
        <Attribute name="font-weight" value="normal" />
        <Attribute name="font-style" value="normal" />
        <Attribute name="font-variant" value="normal" />
        <Attribute name="text-transform" value="none" />
        <Attribute name="text-decoration-underline" value="none" />
        <Attribute name="text-decoration-line-through" value="none" />
        <Attribute name="vertical-align" value="baseline" />
      </Style>
      <TextRun id="tr1069282-1">
        <Text value="S" />
        <Text value="earch Results (Images for Series)" />
      </TextRun>
    </Paragraph>
    <Paragraph id="1069282" documentposition="235" splitpriority="3" xmlns="urn:WebWorks-Behaviors-Schema">
      <Marker behavior="topic" id="1095073">
        <Marker id="1095073" name="TopicAlias" xmlns="urn:WebWorks-Document-Schema">
          <TextRun id="tr1095073-1">
            <Text value="search_results_images_for series_help" />
          </TextRun>
        </Marker>
      </Marker>
    </Paragraph>
  </Entry>
  <Entry id="1070193" documentID="BE9CA9E0C172E7" level="2" documentposition="244">
    <Paragraph xmlns="urn:WebWorks-Document-Schema">
      <Style>
        <Attribute name="text-align" value="Left" />
        <Attribute name="text-indent" value="0pt" />
        <Attribute name="margin-left" value="0pt" />
        <Attribute name="margin-right" value="0pt" />
        <Attribute name="margin-top" value="15.0pt" />
        <Attribute name="margin-bottom" value="0.0pt" />
        <Attribute name="line-spacing" value="0pt" />
        <Attribute name="color" value="#515186" />
        <Attribute name="font-family" value="Palatino Linotype" />
        <Attribute name="font-size" value="16.0pt" />
        <Attribute name="font-weight" value="bold" />
        <Attribute name="font-style" value="normal" />
        <Attribute name="font-variant" value="normal" />
        <Attribute name="text-transform" value="none" />
        <Attribute name="text-decoration-underline" value="none" />
        <Attribute name="text-decoration-line-through" value="none" />
        <Attribute name="vertical-align" value="baseline" />
      </Style>
      <TextRun id="tr1070193-1">
        <Text value="Working with the " />
        <Text value="Data Basket" />
      </TextRun>
    </Paragraph>
    <Paragraph id="1070193" documentposition="244" splitpriority="2" xmlns="urn:WebWorks-Behaviors-Schema" />
  </Entry>
  <Entry id="1090594" documentID="BE9CA9E0C172E7" level="3" documentposition="249">
    <Paragraph xmlns="urn:WebWorks-Document-Schema">
      <Style>
        <Attribute name="text-align" value="Left" />
        <Attribute name="text-indent" value="0pt" />
        <Attribute name="margin-left" value="0pt" />
        <Attribute name="margin-right" value="0pt" />
        <Attribute name="margin-top" value="12.0pt" />
        <Attribute name="margin-bottom" value="0.0pt" />
        <Attribute name="line-spacing" value="0pt" />
        <Attribute name="color" value="#000000" />
        <Attribute name="font-family" value="Palatino Linotype" />
        <Attribute name="font-size" value="14.0pt" />
        <Attribute name="font-weight" value="normal" />
        <Attribute name="font-style" value="normal" />
        <Attribute name="font-variant" value="normal" />
        <Attribute name="text-transform" value="none" />
        <Attribute name="text-decoration-underline" value="none" />
        <Attribute name="text-decoration-line-through" value="none" />
        <Attribute name="vertical-align" value="baseline" />
      </Style>
      <TextRun id="tr1090594-1" />
      <TextRun id="tr1090594-2">
        <Text value="Adding Items to Your Basket" />
      </TextRun>
    </Paragraph>
    <Paragraph id="1090594" documentposition="249" splitpriority="3" xmlns="urn:WebWorks-Behaviors-Schema" />
  </Entry>
  <Entry id="1070197" documentID="BE9CA9E0C172E7" level="3" documentposition="257">
    <Paragraph xmlns="urn:WebWorks-Document-Schema">
      <Style>
        <Attribute name="text-align" value="Left" />
        <Attribute name="text-indent" value="0pt" />
        <Attribute name="margin-left" value="0pt" />
        <Attribute name="margin-right" value="0pt" />
        <Attribute name="margin-top" value="12.0pt" />
        <Attribute name="margin-bottom" value="0.0pt" />
        <Attribute name="line-spacing" value="0pt" />
        <Attribute name="color" value="#000000" />
        <Attribute name="font-family" value="Palatino Linotype" />
        <Attribute name="font-size" value="14.0pt" />
        <Attribute name="font-weight" value="normal" />
        <Attribute name="font-style" value="normal" />
        <Attribute name="font-variant" value="normal" />
        <Attribute name="text-transform" value="none" />
        <Attribute name="text-decoration-underline" value="none" />
        <Attribute name="text-decoration-line-through" value="none" />
        <Attribute name="vertical-align" value="baseline" />
      </Style>
      <TextRun id="tr1070197-1" />
      <TextRun id="tr1070197-2">
        <Text value="M" />
        <Text value="anaging the Data Basket" />
      </TextRun>
    </Paragraph>
    <Paragraph id="1070197" documentposition="257" splitpriority="3" xmlns="urn:WebWorks-Behaviors-Schema">
      <Marker behavior="topic" id="1095074">
        <Marker id="1095074" name="TopicAlias" xmlns="urn:WebWorks-Document-Schema">
          <TextRun id="tr1095074-1">
            <Text value="data_basket_help" />
          </TextRun>
        </Marker>
      </Marker>
    </Paragraph>
  </Entry>
  <Entry id="1090496" documentID="BE9CA9E0C172E7" level="3" documentposition="266">
    <Paragraph xmlns="urn:WebWorks-Document-Schema">
      <Style>
        <Attribute name="text-align" value="Left" />
        <Attribute name="text-indent" value="0pt" />
        <Attribute name="margin-left" value="0pt" />
        <Attribute name="margin-right" value="0pt" />
        <Attribute name="margin-top" value="12.0pt" />
        <Attribute name="margin-bottom" value="0.0pt" />
        <Attribute name="line-spacing" value="0pt" />
        <Attribute name="color" value="#000000" />
        <Attribute name="font-family" value="Palatino Linotype" />
        <Attribute name="font-size" value="14.0pt" />
        <Attribute name="font-weight" value="normal" />
        <Attribute name="font-style" value="normal" />
        <Attribute name="font-variant" value="normal" />
        <Attribute name="text-transform" value="none" />
        <Attribute name="text-decoration-underline" value="none" />
        <Attribute name="text-decoration-line-through" value="none" />
        <Attribute name="vertical-align" value="baseline" />
      </Style>
      <TextRun id="tr1090496-1" />
      <TextRun id="tr1090496-2">
        <Text value="Downloading the " />
        <Text value="Data Basket " />
      </TextRun>
    </Paragraph>
    <Paragraph id="1090496" documentposition="266" splitpriority="3" xmlns="urn:WebWorks-Behaviors-Schema" />
  </Entry>
  <Entry id="1070597" documentID="BE9CA9E0C172E7" level="2" documentposition="288">
    <Paragraph xmlns="urn:WebWorks-Document-Schema">
      <Style>
        <Attribute name="text-align" value="Left" />
        <Attribute name="text-indent" value="0pt" />
        <Attribute name="margin-left" value="0pt" />
        <Attribute name="margin-right" value="0pt" />
        <Attribute name="margin-top" value="15.0pt" />
        <Attribute name="margin-bottom" value="0.0pt" />
        <Attribute name="line-spacing" value="0pt" />
        <Attribute name="color" value="#515186" />
        <Attribute name="font-family" value="Palatino Linotype" />
        <Attribute name="font-size" value="16.0pt" />
        <Attribute name="font-weight" value="bold" />
        <Attribute name="font-style" value="normal" />
        <Attribute name="font-variant" value="normal" />
        <Attribute name="text-transform" value="none" />
        <Attribute name="text-decoration-underline" value="none" />
        <Attribute name="text-decoration-line-through" value="none" />
        <Attribute name="vertical-align" value="baseline" />
      </Style>
      <TextRun id="tr1070597-1" />
      <TextRun id="tr1070597-2">
        <Text value="Obtaining DICOM Viewers" />
      </TextRun>
    </Paragraph>
    <Paragraph id="1070597" documentposition="288" splitpriority="2" xmlns="urn:WebWorks-Behaviors-Schema" />
  </Entry>
  <Entry id="1086036" documentID="BE9CA9E0C172E7" level="2" documentposition="296">
    <Paragraph xmlns="urn:WebWorks-Document-Schema">
      <Style>
        <Attribute name="text-align" value="Left" />
        <Attribute name="text-indent" value="0pt" />
        <Attribute name="margin-left" value="0pt" />
        <Attribute name="margin-right" value="0pt" />
        <Attribute name="margin-top" value="15.0pt" />
        <Attribute name="margin-bottom" value="0.0pt" />
        <Attribute name="line-spacing" value="0pt" />
        <Attribute name="color" value="#515186" />
        <Attribute name="font-family" value="Palatino Linotype" />
        <Attribute name="font-size" value="16.0pt" />
        <Attribute name="font-weight" value="bold" />
        <Attribute name="font-style" value="normal" />
        <Attribute name="font-variant" value="normal" />
        <Attribute name="text-transform" value="none" />
        <Attribute name="text-decoration-underline" value="none" />
        <Attribute name="text-decoration-line-through" value="none" />
        <Attribute name="vertical-align" value="baseline" />
      </Style>
      <TextRun id="tr1086036-1">
        <Text value="Initiating Searches from Other Applications" />
      </TextRun>
      <TextRun id="tr1086036-2">
        <Text value="&#x9;" />
      </TextRun>
    </Paragraph>
    <Paragraph id="1086036" documentposition="296" splitpriority="2" xmlns="urn:WebWorks-Behaviors-Schema" />
  </Entry>
  <Entry id="1064739" documentID="2377793F3DDC342" level="1" documentposition="3">
    <Paragraph xmlns="urn:WebWorks-Document-Schema">
      <Style>
        <Attribute name="text-align" value="Right" />
        <Attribute name="text-indent" value="0pt" />
        <Attribute name="margin-left" value="0pt" />
        <Attribute name="margin-right" value="0pt" />
        <Attribute name="margin-top" value="0.0pt" />
        <Attribute name="margin-bottom" value="13.0pt" />
        <Attribute name="line-spacing" value="0pt" />
        <Attribute name="color" value="#515186" />
        <Attribute name="font-family" value="Palatino Linotype" />
        <Attribute name="font-size" value="27.0pt" />
        <Attribute name="font-weight" value="bold" />
        <Attribute name="font-style" value="normal" />
        <Attribute name="font-variant" value="" />
        <Attribute name="text-transform" value="none" />
        <Attribute name="text-decoration-underline" value="none" />
        <Attribute name="text-decoration-line-through" value="none" />
        <Attribute name="vertical-align" value="baseline" />
      </Style>
      <TextRun id="tr1064739-1">
        <Text value="NCIA Administration" />
      </TextRun>
    </Paragraph>
    <Paragraph id="1064739" documentposition="3" splitpriority="1" xmlns="urn:WebWorks-Behaviors-Schema" />
  </Entry>
  <Entry id="1084083" documentID="2377793F3DDC342" level="2" documentposition="10">
    <Paragraph xmlns="urn:WebWorks-Document-Schema">
      <Style>
        <Attribute name="text-align" value="Left" />
        <Attribute name="text-indent" value="0pt" />
        <Attribute name="margin-left" value="0pt" />
        <Attribute name="margin-right" value="0pt" />
        <Attribute name="margin-top" value="15.0pt" />
        <Attribute name="margin-bottom" value="0.0pt" />
        <Attribute name="line-spacing" value="0pt" />
        <Attribute name="color" value="#515186" />
        <Attribute name="font-family" value="Palatino Linotype" />
        <Attribute name="font-size" value="16.0pt" />
        <Attribute name="font-weight" value="bold" />
        <Attribute name="font-style" value="normal" />
        <Attribute name="font-variant" value="normal" />
        <Attribute name="text-transform" value="none" />
        <Attribute name="text-decoration-underline" value="none" />
        <Attribute name="text-decoration-line-through" value="none" />
        <Attribute name="vertical-align" value="baseline" />
      </Style>
      <TextRun id="tr1084083-1">
        <Text value="Administration Functions Overview" />
      </TextRun>
    </Paragraph>
    <Paragraph id="1084083" documentposition="10" splitpriority="2" xmlns="urn:WebWorks-Behaviors-Schema" />
  </Entry>
  <Entry id="1084993" documentID="2377793F3DDC342" level="2" documentposition="17">
    <Paragraph xmlns="urn:WebWorks-Document-Schema">
      <Style>
        <Attribute name="text-align" value="Left" />
        <Attribute name="text-indent" value="0pt" />
        <Attribute name="margin-left" value="0pt" />
        <Attribute name="margin-right" value="0pt" />
        <Attribute name="margin-top" value="15.0pt" />
        <Attribute name="margin-bottom" value="0.0pt" />
        <Attribute name="line-spacing" value="0pt" />
        <Attribute name="color" value="#515186" />
        <Attribute name="font-family" value="Palatino Linotype" />
        <Attribute name="font-size" value="16.0pt" />
        <Attribute name="font-weight" value="bold" />
        <Attribute name="font-style" value="normal" />
        <Attribute name="font-variant" value="normal" />
        <Attribute name="text-transform" value="none" />
        <Attribute name="text-decoration-underline" value="none" />
        <Attribute name="text-decoration-line-through" value="none" />
        <Attribute name="vertical-align" value="baseline" />
      </Style>
      <TextRun id="tr1084993-1" />
      <TextRun id="tr1084993-2">
        <Text value="U" />
        <Text value="sing the Quality Control (Q" />
      </TextRun>
      <TextRun id="tr1084993-3">
        <Text value="C)" />
      </TextRun>
      <TextRun id="tr1084993-4">
        <Text value=" Tool" />
      </TextRun>
    </Paragraph>
    <Paragraph id="1084993" documentposition="17" splitpriority="2" xmlns="urn:WebWorks-Behaviors-Schema">
      <Marker behavior="topic" id="1084992">
        <Marker id="1084992" name="TopicAlias" xmlns="urn:WebWorks-Document-Schema">
          <TextRun id="tr1084992-1">
            <Text value="QA_tool_help" />
          </TextRun>
        </Marker>
      </Marker>
    </Paragraph>
  </Entry>
  <Entry id="1096851" documentID="2377793F3DDC342" level="2" documentposition="42">
    <Paragraph xmlns="urn:WebWorks-Document-Schema">
      <Style>
        <Attribute name="text-align" value="Left" />
        <Attribute name="text-indent" value="0pt" />
        <Attribute name="margin-left" value="0pt" />
        <Attribute name="margin-right" value="0pt" />
        <Attribute name="margin-top" value="15.0pt" />
        <Attribute name="margin-bottom" value="0.0pt" />
        <Attribute name="line-spacing" value="0pt" />
        <Attribute name="color" value="#515186" />
        <Attribute name="font-family" value="Palatino Linotype" />
        <Attribute name="font-size" value="16.0pt" />
        <Attribute name="font-weight" value="bold" />
        <Attribute name="font-style" value="normal" />
        <Attribute name="font-variant" value="normal" />
        <Attribute name="text-transform" value="none" />
        <Attribute name="text-decoration-underline" value="none" />
        <Attribute name="text-decoration-line-through" value="none" />
        <Attribute name="vertical-align" value="baseline" />
      </Style>
      <TextRun id="tr1096851-1" />
      <TextRun id="tr1096851-2" />
      <TextRun id="tr1096851-3">
        <Text value="Updating Curation Status" />
      </TextRun>
    </Paragraph>
    <Paragraph id="1096851" documentposition="42" splitpriority="2" xmlns="urn:WebWorks-Behaviors-Schema" />
  </Entry>
  <Entry id="1083943" documentID="2377793F3DDC342" level="2" documentposition="59">
    <Paragraph xmlns="urn:WebWorks-Document-Schema">
      <Style>
        <Attribute name="text-align" value="Left" />
        <Attribute name="text-indent" value="0pt" />
        <Attribute name="margin-left" value="0pt" />
        <Attribute name="margin-right" value="0pt" />
        <Attribute name="margin-top" value="15.0pt" />
        <Attribute name="margin-bottom" value="0.0pt" />
        <Attribute name="line-spacing" value="0pt" />
        <Attribute name="color" value="#515186" />
        <Attribute name="font-family" value="Palatino Linotype" />
        <Attribute name="font-size" value="16.0pt" />
        <Attribute name="font-weight" value="bold" />
        <Attribute name="font-style" value="normal" />
        <Attribute name="font-variant" value="normal" />
        <Attribute name="text-transform" value="none" />
        <Attribute name="text-decoration-underline" value="none" />
        <Attribute name="text-decoration-line-through" value="none" />
        <Attribute name="vertical-align" value="baseline" />
      </Style>
      <TextRun id="tr1083943-1" />
      <TextRun id="tr1083943-2">
        <Text value="U" />
        <Text value="ploading and Parsing the Curation Spreadsheet" />
      </TextRun>
    </Paragraph>
    <Paragraph id="1083943" documentposition="59" splitpriority="2" xmlns="urn:WebWorks-Behaviors-Schema">
      <Marker behavior="topic" id="1084730">
        <Marker id="1084730" name="TopicAlias" xmlns="urn:WebWorks-Document-Schema">
          <TextRun id="tr1084730-1">
            <Text value="upload_spreadsheet_help" />
          </TextRun>
        </Marker>
      </Marker>
    </Paragraph>
  </Entry>
  <Entry id="1084915" documentID="2377793F3DDC342" level="2" documentposition="69">
    <Paragraph xmlns="urn:WebWorks-Document-Schema">
      <Style>
        <Attribute name="text-align" value="Left" />
        <Attribute name="text-indent" value="0pt" />
        <Attribute name="margin-left" value="0pt" />
        <Attribute name="margin-right" value="0pt" />
        <Attribute name="margin-top" value="15.0pt" />
        <Attribute name="margin-bottom" value="0.0pt" />
        <Attribute name="line-spacing" value="0pt" />
        <Attribute name="color" value="#515186" />
        <Attribute name="font-family" value="Palatino Linotype" />
        <Attribute name="font-size" value="16.0pt" />
        <Attribute name="font-weight" value="bold" />
        <Attribute name="font-style" value="normal" />
        <Attribute name="font-variant" value="normal" />
        <Attribute name="text-transform" value="none" />
        <Attribute name="text-decoration-underline" value="none" />
        <Attribute name="text-decoration-line-through" value="none" />
        <Attribute name="vertical-align" value="baseline" />
      </Style>
      <TextRun id="tr1084915-1" />
      <TextRun id="tr1084915-2">
        <Text value="V" />
        <Text value="erifying Submitted Files" />
      </TextRun>
    </Paragraph>
    <Paragraph id="1084915" documentposition="69" splitpriority="2" xmlns="urn:WebWorks-Behaviors-Schema">
      <Marker behavior="topic" id="1084914">
        <Marker id="1084914" name="TopicAlias" xmlns="urn:WebWorks-Document-Schema">
          <TextRun id="tr1084914-1">
            <Text value="verify_submitted_files_help" />
          </TextRun>
        </Marker>
      </Marker>
    </Paragraph>
  </Entry>
  <Entry id="1056918" documentID="4240898A80D4E321" level="1" documentposition="3">
    <Paragraph xmlns="urn:WebWorks-Document-Schema">
      <Style>
        <Attribute name="text-align" value="Right" />
        <Attribute name="text-indent" value="0pt" />
        <Attribute name="margin-left" value="0pt" />
        <Attribute name="margin-right" value="0pt" />
        <Attribute name="margin-top" value="0.0pt" />
        <Attribute name="margin-bottom" value="13.0pt" />
        <Attribute name="line-spacing" value="0pt" />
        <Attribute name="color" value="#515186" />
        <Attribute name="font-family" value="Palatino Linotype" />
        <Attribute name="font-size" value="27.0pt" />
        <Attribute name="font-weight" value="bold" />
        <Attribute name="font-style" value="normal" />
        <Attribute name="font-variant" value="" />
        <Attribute name="text-transform" value="none" />
        <Attribute name="text-decoration-underline" value="none" />
        <Attribute name="text-decoration-line-through" value="none" />
        <Attribute name="vertical-align" value="baseline" />
      </Style>
      <TextRun id="tr1056918-1">
        <Text value="URL References" />
      </TextRun>
    </Paragraph>
    <Paragraph id="1056918" documentposition="3" splitpriority="1" xmlns="urn:WebWorks-Behaviors-Schema" />
  </Entry>
  <Entry id="1056911" documentID="4240898A80D4E321" level="2" documentposition="9">
    <Paragraph xmlns="urn:WebWorks-Document-Schema">
      <Style>
        <Attribute name="text-align" value="Left" />
        <Attribute name="text-indent" value="0pt" />
        <Attribute name="margin-left" value="0pt" />
        <Attribute name="margin-right" value="0pt" />
        <Attribute name="margin-top" value="15.0pt" />
        <Attribute name="margin-bottom" value="0.0pt" />
        <Attribute name="line-spacing" value="0pt" />
        <Attribute name="color" value="#515186" />
        <Attribute name="font-family" value="Palatino Linotype" />
        <Attribute name="font-size" value="16.0pt" />
        <Attribute name="font-weight" value="bold" />
        <Attribute name="font-style" value="normal" />
        <Attribute name="font-variant" value="normal" />
        <Attribute name="text-transform" value="none" />
        <Attribute name="text-decoration-underline" value="none" />
        <Attribute name="text-decoration-line-through" value="none" />
        <Attribute name="vertical-align" value="baseline" />
      </Style>
      <TextRun id="tr1056911-1">
        <Text value="FTP Client S" />
        <Text value="oftware Products" />
      </TextRun>
    </Paragraph>
    <Paragraph id="1056911" documentposition="9" splitpriority="2" xmlns="urn:WebWorks-Behaviors-Schema" />
  </Entry>
  <Entry id="1058243" documentID="4240898A80D4E321" level="2" documentposition="13">
    <Paragraph xmlns="urn:WebWorks-Document-Schema">
      <Style>
        <Attribute name="text-align" value="Left" />
        <Attribute name="text-indent" value="0pt" />
        <Attribute name="margin-left" value="0pt" />
        <Attribute name="margin-right" value="0pt" />
        <Attribute name="margin-top" value="15.0pt" />
        <Attribute name="margin-bottom" value="0.0pt" />
        <Attribute name="line-spacing" value="0pt" />
        <Attribute name="color" value="#515186" />
        <Attribute name="font-family" value="Palatino Linotype" />
        <Attribute name="font-size" value="16.0pt" />
        <Attribute name="font-weight" value="bold" />
        <Attribute name="font-style" value="normal" />
        <Attribute name="font-variant" value="normal" />
        <Attribute name="text-transform" value="none" />
        <Attribute name="text-decoration-underline" value="none" />
        <Attribute name="text-decoration-line-through" value="none" />
        <Attribute name="vertical-align" value="baseline" />
      </Style>
      <TextRun id="tr1058243-1">
        <Text value="DICOM" />
      </TextRun>
    </Paragraph>
    <Paragraph id="1058243" documentposition="13" splitpriority="2" xmlns="urn:WebWorks-Behaviors-Schema" />
  </Entry>
  <Entry id="1059694" documentID="4240898A80D4E321" level="2" documentposition="18">
    <Paragraph xmlns="urn:WebWorks-Document-Schema">
      <Style>
        <Attribute name="text-align" value="Left" />
        <Attribute name="text-indent" value="0pt" />
        <Attribute name="margin-left" value="0pt" />
        <Attribute name="margin-right" value="0pt" />
        <Attribute name="margin-top" value="15.0pt" />
        <Attribute name="margin-bottom" value="0.0pt" />
        <Attribute name="line-spacing" value="0pt" />
        <Attribute name="color" value="#515186" />
        <Attribute name="font-family" value="Palatino Linotype" />
        <Attribute name="font-size" value="16.0pt" />
        <Attribute name="font-weight" value="bold" />
        <Attribute name="font-style" value="normal" />
        <Attribute name="font-variant" value="normal" />
        <Attribute name="text-transform" value="none" />
        <Attribute name="text-decoration-underline" value="none" />
        <Attribute name="text-decoration-line-through" value="none" />
        <Attribute name="vertical-align" value="baseline" />
      </Style>
      <TextRun id="tr1059694-1">
        <Text value="Cedara" />
      </TextRun>
    </Paragraph>
    <Paragraph id="1059694" documentposition="18" splitpriority="2" xmlns="urn:WebWorks-Behaviors-Schema" />
  </Entry>
  <Entry id="1059619" documentID="4240898A80D4E321" level="2" documentposition="21">
    <Paragraph xmlns="urn:WebWorks-Document-Schema">
      <Style>
        <Attribute name="text-align" value="Left" />
        <Attribute name="text-indent" value="0pt" />
        <Attribute name="margin-left" value="0pt" />
        <Attribute name="margin-right" value="0pt" />
        <Attribute name="margin-top" value="15.0pt" />
        <Attribute name="margin-bottom" value="0.0pt" />
        <Attribute name="line-spacing" value="0pt" />
        <Attribute name="color" value="#515186" />
        <Attribute name="font-family" value="Palatino Linotype" />
        <Attribute name="font-size" value="16.0pt" />
        <Attribute name="font-weight" value="bold" />
        <Attribute name="font-style" value="normal" />
        <Attribute name="font-variant" value="normal" />
        <Attribute name="text-transform" value="none" />
        <Attribute name="text-decoration-underline" value="none" />
        <Attribute name="text-decoration-line-through" value="none" />
        <Attribute name="vertical-align" value="baseline" />
      </Style>
      <TextRun id="tr1059619-1">
        <Text value="NCIA" />
      </TextRun>
    </Paragraph>
    <Paragraph id="1059619" documentposition="21" splitpriority="2" xmlns="urn:WebWorks-Behaviors-Schema" />
  </Entry>
  <Entry id="1065598" documentID="6088442BDD17CF2A" level="1" documentposition="3">
    <Paragraph xmlns="urn:WebWorks-Document-Schema">
      <Style>
        <Attribute name="text-align" value="Right" />
        <Attribute name="text-indent" value="0pt" />
        <Attribute name="margin-left" value="0pt" />
        <Attribute name="margin-right" value="0pt" />
        <Attribute name="margin-top" value="0.0pt" />
        <Attribute name="margin-bottom" value="13.0pt" />
        <Attribute name="line-spacing" value="0pt" />
        <Attribute name="color" value="#515186" />
        <Attribute name="font-family" value="Palatino Linotype" />
        <Attribute name="font-size" value="27.0pt" />
        <Attribute name="font-weight" value="bold" />
        <Attribute name="font-style" value="normal" />
        <Attribute name="font-variant" value="" />
        <Attribute name="text-transform" value="none" />
        <Attribute name="text-decoration-underline" value="none" />
        <Attribute name="text-decoration-line-through" value="none" />
        <Attribute name="vertical-align" value="baseline" />
      </Style>
      <TextRun id="tr1065598-1">
        <Text value="NCIA Glossary" />
      </TextRun>
    </Paragraph>
    <Paragraph id="1065598" documentposition="3" splitpriority="1" xmlns="urn:WebWorks-Behaviors-Schema" />
  </Entry>
  <Entry id="998294" documentID="58D0B1B2D49515B0" level="1" documentposition="1">
    <Paragraph xmlns="urn:WebWorks-Document-Schema">
      <Style>
        <Attribute name="text-align" value="Right" />
        <Attribute name="text-indent" value="0pt" />
        <Attribute name="margin-left" value="0pt" />
        <Attribute name="margin-right" value="0pt" />
        <Attribute name="margin-top" value="0.0pt" />
        <Attribute name="margin-bottom" value="13.0pt" />
        <Attribute name="line-spacing" value="0pt" />
        <Attribute name="color" value="#515186" />
        <Attribute name="font-family" value="Palatino Linotype" />
        <Attribute name="font-size" value="27.0pt" />
        <Attribute name="font-weight" value="bold" />
        <Attribute name="font-style" value="normal" />
        <Attribute name="font-variant" value="" />
        <Attribute name="text-transform" value="none" />
        <Attribute name="text-decoration-underline" value="none" />
        <Attribute name="text-decoration-line-through" value="none" />
        <Attribute name="vertical-align" value="baseline" />
      </Style>
      <TextRun id="tr998294-1">
        <Text value="Application Support" />
      </TextRun>
    </Paragraph>
    <Paragraph id="998294" documentposition="1" splitpriority="1" xmlns="urn:WebWorks-Behaviors-Schema" />
  </Entry>
</TableOfContents>