<?xml version="1.0" encoding="utf-8"?>
<Splits version="1.0" xmlns="urn:WebWorks-Engine-Splits-Schema">
  <Split groupID="26DFE5D8C0A9D6A3" documentID="4240898A80D4E321" id="1056918" position="1" documentstartposition="3" documentendposition="8" title="URL References">
    <Group name="NCIA Online Help" id="26DFE5D8C0A9D6A3" position="1" />
    <Document path="C:\Documents and Settings\hadfielj\My Documents\CBIIT Projects\NCIA\NCIA 2.3\NCIAUserGuide2.3 FM\appdix references.fm" id="4240898A80D4E321" position="5" />
    <PageStyle value="" />
    <Frames />
    <Popups />
  </Split>
  <Split groupID="26DFE5D8C0A9D6A3" documentID="4240898A80D4E321" id="1056911" position="2" documentstartposition="9" documentendposition="12" title="FTP Client Software Products">
    <Group name="NCIA Online Help" id="26DFE5D8C0A9D6A3" position="1" />
    <Document path="C:\Documents and Settings\hadfielj\My Documents\CBIIT Projects\NCIA\NCIA 2.3\NCIAUserGuide2.3 FM\appdix references.fm" id="4240898A80D4E321" position="5" />
    <PageStyle value="" />
    <Frames />
    <Popups />
  </Split>
  <Split groupID="26DFE5D8C0A9D6A3" documentID="4240898A80D4E321" id="1058243" position="3" documentstartposition="13" documentendposition="17" title="DICOM">
    <Group name="NCIA Online Help" id="26DFE5D8C0A9D6A3" position="1" />
    <Document path="C:\Documents and Settings\hadfielj\My Documents\CBIIT Projects\NCIA\NCIA 2.3\NCIAUserGuide2.3 FM\appdix references.fm" id="4240898A80D4E321" position="5" />
    <PageStyle value="" />
    <Frames />
    <Popups />
  </Split>
  <Split groupID="26DFE5D8C0A9D6A3" documentID="4240898A80D4E321" id="1059694" position="4" documentstartposition="18" documentendposition="20" title="Cedara">
    <Group name="NCIA Online Help" id="26DFE5D8C0A9D6A3" position="1" />
    <Document path="C:\Documents and Settings\hadfielj\My Documents\CBIIT Projects\NCIA\NCIA 2.3\NCIAUserGuide2.3 FM\appdix references.fm" id="4240898A80D4E321" position="5" />
    <PageStyle value="" />
    <Frames />
    <Popups />
  </Split>
  <Split groupID="26DFE5D8C0A9D6A3" documentID="4240898A80D4E321" id="1059619" position="5" documentstartposition="21" documentendposition="23" title="NCIA">
    <Group name="NCIA Online Help" id="26DFE5D8C0A9D6A3" position="1" />
    <Document path="C:\Documents and Settings\hadfielj\My Documents\CBIIT Projects\NCIA\NCIA 2.3\NCIAUserGuide2.3 FM\appdix references.fm" id="4240898A80D4E321" position="5" />
    <PageStyle value="" />
    <Frames />
    <Popups />
  </Split>
</Splits>