<?xml version="1.0" encoding="utf-8"?>
<Report version="1.0" xmlns="urn:WebWorks-Reports-Schema">
  <Entry context="links" type="external-url" severity="message">
    <Description>External URL link 'https://gforge.nci.nih.gov/frs/?group_id=312'.</Description>
    <Navigation context="source">
      <Link protocol="adapter">
        <Data key="Path" value="C:\Documents and Settings\hadfielj\My Documents\CBIIT Projects\NBIA\NBIA 4.2 user guide and online help\Viewing Search Results.fm" />
        <Data key="DocumentID" value="67FC8BC25B98DD1F" />
        <Data key="ID" value="1146624" />
      </Link>
    </Navigation>
    <Navigation context="output">
      <wwreport:Link protocol="uri" xmlns:wwreport="urn:WebWorks-Reports-Schema">
        <wwreport:Data key="URI" value="file:///C:/Documents%20and%20Settings/hadfielj/My%20Documents/ePublisher%20Pro%20Projects/NBIA%20Online%20Help/Output/WebWorks%20Help%205.0/NBIA%20Online%20Help/Viewing%20Search%20Results.4.4.html#1146624" />
      </wwreport:Link>
    </Navigation>
    <Navigation context="output">
      <Link protocol="uri">
        <Data key="URI" value="https://gforge.nci.nih.gov/frs/?group_id=312" />
      </Link>
    </Navigation>
    <Navigation context="details">
      <Link protocol="wwh5api">
        <Data key="BaseURI" value="file:///C:/Program%20Files/WebWorks/ePublisher%20Pro/Help/en" />
        <Data key="Context" value="reports" />
        <Data key="Topic" value="external_URLs" />
      </Link>
    </Navigation>
  </Entry>
  <Entry context="links" type="external-url" severity="message">
    <Description>External URL link 'http://prdownloads.sourceforge.net/filezilla/FileZilla_2_2_16_setup.exe?download'.</Description>
    <Navigation context="source">
      <Link protocol="adapter">
        <Data key="Path" value="C:\Documents and Settings\hadfielj\My Documents\CBIIT Projects\NBIA\NBIA 4.2 user guide and online help\Viewing Search Results.fm" />
        <Data key="DocumentID" value="67FC8BC25B98DD1F" />
        <Data key="ID" value="1211469" />
      </Link>
    </Navigation>
    <Navigation context="output">
      <wwreport:Link protocol="uri" xmlns:wwreport="urn:WebWorks-Reports-Schema">
        <wwreport:Data key="URI" value="file:///C:/Documents%20and%20Settings/hadfielj/My%20Documents/ePublisher%20Pro%20Projects/NBIA%20Online%20Help/Output/WebWorks%20Help%205.0/NBIA%20Online%20Help/Viewing%20Search%20Results.4.10.html#1211469" />
      </wwreport:Link>
    </Navigation>
    <Navigation context="output">
      <Link protocol="uri">
        <Data key="URI" value="http://prdownloads.sourceforge.net/filezilla/FileZilla_2_2_16_setup.exe?download" />
      </Link>
    </Navigation>
    <Navigation context="details">
      <Link protocol="wwh5api">
        <Data key="BaseURI" value="file:///C:/Program%20Files/WebWorks/ePublisher%20Pro/Help/en" />
        <Data key="Context" value="reports" />
        <Data key="Topic" value="external_URLs" />
      </Link>
    </Navigation>
  </Entry>
  <Entry context="links" type="external-url" severity="message">
    <Description>External URL link 'http://www.versiontracker.com/dyn/moreinfo/macosx/3107'.</Description>
    <Navigation context="source">
      <Link protocol="adapter">
        <Data key="Path" value="C:\Documents and Settings\hadfielj\My Documents\CBIIT Projects\NBIA\NBIA 4.2 user guide and online help\Viewing Search Results.fm" />
        <Data key="DocumentID" value="67FC8BC25B98DD1F" />
        <Data key="ID" value="1211480" />
      </Link>
    </Navigation>
    <Navigation context="output">
      <wwreport:Link protocol="uri" xmlns:wwreport="urn:WebWorks-Reports-Schema">
        <wwreport:Data key="URI" value="file:///C:/Documents%20and%20Settings/hadfielj/My%20Documents/ePublisher%20Pro%20Projects/NBIA%20Online%20Help/Output/WebWorks%20Help%205.0/NBIA%20Online%20Help/Viewing%20Search%20Results.4.10.html#1211480" />
      </wwreport:Link>
    </Navigation>
    <Navigation context="output">
      <Link protocol="uri">
        <Data key="URI" value="http://www.versiontracker.com/dyn/moreinfo/macosx/3107" />
      </Link>
    </Navigation>
    <Navigation context="details">
      <Link protocol="wwh5api">
        <Data key="BaseURI" value="file:///C:/Program%20Files/WebWorks/ePublisher%20Pro/Help/en" />
        <Data key="Context" value="reports" />
        <Data key="Topic" value="external_URLs" />
      </Link>
    </Navigation>
  </Entry>
  <Entry context="links" type="external-url" severity="message">
    <Description>External URL link 'http://fetchsoftworks.com/'.</Description>
    <Navigation context="source">
      <Link protocol="adapter">
        <Data key="Path" value="C:\Documents and Settings\hadfielj\My Documents\CBIIT Projects\NBIA\NBIA 4.2 user guide and online help\Viewing Search Results.fm" />
        <Data key="DocumentID" value="67FC8BC25B98DD1F" />
        <Data key="ID" value="1211484" />
      </Link>
    </Navigation>
    <Navigation context="output">
      <wwreport:Link protocol="uri" xmlns:wwreport="urn:WebWorks-Reports-Schema">
        <wwreport:Data key="URI" value="file:///C:/Documents%20and%20Settings/hadfielj/My%20Documents/ePublisher%20Pro%20Projects/NBIA%20Online%20Help/Output/WebWorks%20Help%205.0/NBIA%20Online%20Help/Viewing%20Search%20Results.4.10.html#1211484" />
      </wwreport:Link>
    </Navigation>
    <Navigation context="output">
      <Link protocol="uri">
        <Data key="URI" value="http://fetchsoftworks.com/" />
      </Link>
    </Navigation>
    <Navigation context="details">
      <Link protocol="wwh5api">
        <Data key="BaseURI" value="file:///C:/Program%20Files/WebWorks/ePublisher%20Pro/Help/en" />
        <Data key="Context" value="reports" />
        <Data key="Topic" value="external_URLs" />
      </Link>
    </Navigation>
  </Entry>
  <Entry context="links" type="external-url" severity="message">
    <Description>External URL link 'curl ftp://imaging.nci.nih.gov'.</Description>
    <Navigation context="source">
      <Link protocol="adapter">
        <Data key="Path" value="C:\Documents and Settings\hadfielj\My Documents\CBIIT Projects\NBIA\NBIA 4.2 user guide and online help\Viewing Search Results.fm" />
        <Data key="DocumentID" value="67FC8BC25B98DD1F" />
        <Data key="ID" value="1211498" />
      </Link>
    </Navigation>
    <Navigation context="output">
      <wwreport:Link protocol="uri" xmlns:wwreport="urn:WebWorks-Reports-Schema">
        <wwreport:Data key="URI" value="file:///C:/Documents%20and%20Settings/hadfielj/My%20Documents/ePublisher%20Pro%20Projects/NBIA%20Online%20Help/Output/WebWorks%20Help%205.0/NBIA%20Online%20Help/Viewing%20Search%20Results.4.10.html#1211498" />
      </wwreport:Link>
    </Navigation>
    <Navigation context="output">
      <Link protocol="uri">
        <Data key="URI" value="curl ftp://imaging.nci.nih.gov" />
      </Link>
    </Navigation>
    <Navigation context="details">
      <Link protocol="wwh5api">
        <Data key="BaseURI" value="file:///C:/Program%20Files/WebWorks/ePublisher%20Pro/Help/en" />
        <Data key="Context" value="reports" />
        <Data key="Topic" value="external_URLs" />
      </Link>
    </Navigation>
  </Entry>
  <Entry context="links" type="external-url" severity="message">
    <Description>External URL link 'ftp://maging.nci.nih.gov/'.</Description>
    <Navigation context="source">
      <Link protocol="adapter">
        <Data key="Path" value="C:\Documents and Settings\hadfielj\My Documents\CBIIT Projects\NBIA\NBIA 4.2 user guide and online help\Viewing Search Results.fm" />
        <Data key="DocumentID" value="67FC8BC25B98DD1F" />
        <Data key="ID" value="1211525" />
      </Link>
    </Navigation>
    <Navigation context="output">
      <wwreport:Link protocol="uri" xmlns:wwreport="urn:WebWorks-Reports-Schema">
        <wwreport:Data key="URI" value="file:///C:/Documents%20and%20Settings/hadfielj/My%20Documents/ePublisher%20Pro%20Projects/NBIA%20Online%20Help/Output/WebWorks%20Help%205.0/NBIA%20Online%20Help/Viewing%20Search%20Results.4.10.html#1211525" />
      </wwreport:Link>
    </Navigation>
    <Navigation context="output">
      <Link protocol="uri">
        <Data key="URI" value="ftp://maging.nci.nih.gov/" />
      </Link>
    </Navigation>
    <Navigation context="details">
      <Link protocol="wwh5api">
        <Data key="BaseURI" value="file:///C:/Program%20Files/WebWorks/ePublisher%20Pro/Help/en" />
        <Data key="Context" value="reports" />
        <Data key="Topic" value="external_URLs" />
      </Link>
    </Navigation>
  </Entry>
  <Entry context="links" type="external-url" severity="message">
    <Description>External URL link 'http://medical.nema.org/'.</Description>
    <Navigation context="source">
      <Link protocol="adapter">
        <Data key="Path" value="C:\Documents and Settings\hadfielj\My Documents\CBIIT Projects\NBIA\NBIA 4.2 user guide and online help\Viewing Search Results.fm" />
        <Data key="DocumentID" value="67FC8BC25B98DD1F" />
        <Data key="ID" value="1070599" />
      </Link>
    </Navigation>
    <Navigation context="output">
      <wwreport:Link protocol="uri" xmlns:wwreport="urn:WebWorks-Reports-Schema">
        <wwreport:Data key="URI" value="file:///C:/Documents%20and%20Settings/hadfielj/My%20Documents/ePublisher%20Pro%20Projects/NBIA%20Online%20Help/Output/WebWorks%20Help%205.0/NBIA%20Online%20Help/Viewing%20Search%20Results.4.11.html#1070599" />
      </wwreport:Link>
    </Navigation>
    <Navigation context="output">
      <Link protocol="uri">
        <Data key="URI" value="http://medical.nema.org/" />
      </Link>
    </Navigation>
    <Navigation context="details">
      <Link protocol="wwh5api">
        <Data key="BaseURI" value="file:///C:/Program%20Files/WebWorks/ePublisher%20Pro/Help/en" />
        <Data key="Context" value="reports" />
        <Data key="Topic" value="external_URLs" />
      </Link>
    </Navigation>
  </Entry>
  <Entry context="links" type="external-url" severity="message">
    <Description>External URL link 'http://rsb.info.nih.gov/ij/'.</Description>
    <Navigation context="source">
      <Link protocol="adapter">
        <Data key="Path" value="C:\Documents and Settings\hadfielj\My Documents\CBIIT Projects\NBIA\NBIA 4.2 user guide and online help\Viewing Search Results.fm" />
        <Data key="DocumentID" value="67FC8BC25B98DD1F" />
        <Data key="ID" value="1070600" />
      </Link>
    </Navigation>
    <Navigation context="output">
      <wwreport:Link protocol="uri" xmlns:wwreport="urn:WebWorks-Reports-Schema">
        <wwreport:Data key="URI" value="file:///C:/Documents%20and%20Settings/hadfielj/My%20Documents/ePublisher%20Pro%20Projects/NBIA%20Online%20Help/Output/WebWorks%20Help%205.0/NBIA%20Online%20Help/Viewing%20Search%20Results.4.11.html#1070600" />
      </wwreport:Link>
    </Navigation>
    <Navigation context="output">
      <Link protocol="uri">
        <Data key="URI" value="http://rsb.info.nih.gov/ij/" />
      </Link>
    </Navigation>
    <Navigation context="details">
      <Link protocol="wwh5api">
        <Data key="BaseURI" value="file:///C:/Program%20Files/WebWorks/ePublisher%20Pro/Help/en" />
        <Data key="Context" value="reports" />
        <Data key="Topic" value="external_URLs" />
      </Link>
    </Navigation>
  </Entry>
  <Entry context="links" type="external-url" severity="message">
    <Description>External URL link 'http://rsb.info.nih.gov/ij/'.</Description>
    <Navigation context="source">
      <Link protocol="adapter">
        <Data key="Path" value="C:\Documents and Settings\hadfielj\My Documents\CBIIT Projects\NBIA\NBIA 4.2 user guide and online help\Viewing Search Results.fm" />
        <Data key="DocumentID" value="67FC8BC25B98DD1F" />
        <Data key="ID" value="1070600" />
      </Link>
    </Navigation>
    <Navigation context="output">
      <wwreport:Link protocol="uri" xmlns:wwreport="urn:WebWorks-Reports-Schema">
        <wwreport:Data key="URI" value="file:///C:/Documents%20and%20Settings/hadfielj/My%20Documents/ePublisher%20Pro%20Projects/NBIA%20Online%20Help/Output/WebWorks%20Help%205.0/NBIA%20Online%20Help/Viewing%20Search%20Results.4.11.html#1070600" />
      </wwreport:Link>
    </Navigation>
    <Navigation context="output">
      <Link protocol="uri">
        <Data key="URI" value="http://rsb.info.nih.gov/ij/" />
      </Link>
    </Navigation>
    <Navigation context="details">
      <Link protocol="wwh5api">
        <Data key="BaseURI" value="file:///C:/Program%20Files/WebWorks/ePublisher%20Pro/Help/en" />
        <Data key="Context" value="reports" />
        <Data key="Topic" value="external_URLs" />
      </Link>
    </Navigation>
  </Entry>
  <Entry context="links" type="external-url" severity="message">
    <Description>External URL link 'http://www.osirix-viewer.com/'.</Description>
    <Navigation context="source">
      <Link protocol="adapter">
        <Data key="Path" value="C:\Documents and Settings\hadfielj\My Documents\CBIIT Projects\NBIA\NBIA 4.2 user guide and online help\Viewing Search Results.fm" />
        <Data key="DocumentID" value="67FC8BC25B98DD1F" />
        <Data key="ID" value="1070601" />
      </Link>
    </Navigation>
    <Navigation context="output">
      <wwreport:Link protocol="uri" xmlns:wwreport="urn:WebWorks-Reports-Schema">
        <wwreport:Data key="URI" value="file:///C:/Documents%20and%20Settings/hadfielj/My%20Documents/ePublisher%20Pro%20Projects/NBIA%20Online%20Help/Output/WebWorks%20Help%205.0/NBIA%20Online%20Help/Viewing%20Search%20Results.4.11.html#1070601" />
      </wwreport:Link>
    </Navigation>
    <Navigation context="output">
      <Link protocol="uri">
        <Data key="URI" value="http://www.osirix-viewer.com/" />
      </Link>
    </Navigation>
    <Navigation context="details">
      <Link protocol="wwh5api">
        <Data key="BaseURI" value="file:///C:/Program%20Files/WebWorks/ePublisher%20Pro/Help/en" />
        <Data key="Context" value="reports" />
        <Data key="Topic" value="external_URLs" />
      </Link>
    </Navigation>
  </Entry>
  <Entry context="links" type="external-url" severity="message">
    <Description>External URL link 'http://www.clearcanvas.ca/dnn/Creations/PACSWorkstation/tabid/64/Default.aspx'.</Description>
    <Navigation context="source">
      <Link protocol="adapter">
        <Data key="Path" value="C:\Documents and Settings\hadfielj\My Documents\CBIIT Projects\NBIA\NBIA 4.2 user guide and online help\Viewing Search Results.fm" />
        <Data key="DocumentID" value="67FC8BC25B98DD1F" />
        <Data key="ID" value="1196378" />
      </Link>
    </Navigation>
    <Navigation context="output">
      <wwreport:Link protocol="uri" xmlns:wwreport="urn:WebWorks-Reports-Schema">
        <wwreport:Data key="URI" value="file:///C:/Documents%20and%20Settings/hadfielj/My%20Documents/ePublisher%20Pro%20Projects/NBIA%20Online%20Help/Output/WebWorks%20Help%205.0/NBIA%20Online%20Help/Viewing%20Search%20Results.4.11.html#1196378" />
      </wwreport:Link>
    </Navigation>
    <Navigation context="output">
      <Link protocol="uri">
        <Data key="URI" value="http://www.clearcanvas.ca/dnn/Creations/PACSWorkstation/tabid/64/Default.aspx" />
      </Link>
    </Navigation>
    <Navigation context="details">
      <Link protocol="wwh5api">
        <Data key="BaseURI" value="file:///C:/Program%20Files/WebWorks/ePublisher%20Pro/Help/en" />
        <Data key="Context" value="reports" />
        <Data key="Topic" value="external_URLs" />
      </Link>
    </Navigation>
  </Entry>
  <Entry context="links" type="external-url" severity="message">
    <Description>External URL link 'http://www.clearcanvas.ca/dnn/Creations/PACSWorkstation/tabid/64/Default.aspx'.</Description>
    <Navigation context="source">
      <Link protocol="adapter">
        <Data key="Path" value="C:\Documents and Settings\hadfielj\My Documents\CBIIT Projects\NBIA\NBIA 4.2 user guide and online help\Viewing Search Results.fm" />
        <Data key="DocumentID" value="67FC8BC25B98DD1F" />
        <Data key="ID" value="1196378" />
      </Link>
    </Navigation>
    <Navigation context="output">
      <wwreport:Link protocol="uri" xmlns:wwreport="urn:WebWorks-Reports-Schema">
        <wwreport:Data key="URI" value="file:///C:/Documents%20and%20Settings/hadfielj/My%20Documents/ePublisher%20Pro%20Projects/NBIA%20Online%20Help/Output/WebWorks%20Help%205.0/NBIA%20Online%20Help/Viewing%20Search%20Results.4.11.html#1196378" />
      </wwreport:Link>
    </Navigation>
    <Navigation context="output">
      <Link protocol="uri">
        <Data key="URI" value="http://www.clearcanvas.ca/dnn/Creations/PACSWorkstation/tabid/64/Default.aspx" />
      </Link>
    </Navigation>
    <Navigation context="details">
      <Link protocol="wwh5api">
        <Data key="BaseURI" value="file:///C:/Program%20Files/WebWorks/ePublisher%20Pro/Help/en" />
        <Data key="Context" value="reports" />
        <Data key="Topic" value="external_URLs" />
      </Link>
    </Navigation>
  </Entry>
</Report>