<?xml version="1.0" encoding="utf-8"?>
<Report version="1.0" xmlns="urn:WebWorks-Reports-Schema">
  <Entry context="accessibility" type="missing-table-summary" severity="warning">
    <Description>Table is missing a table summary.</Description>
    <Navigation context="source">
      <Link protocol="adapter">
        <Data key="Path" value="C:\Documents and Settings\hadfielj\My Documents\CBIIT Projects\NBIA\NBIA 4.2 user guide and online help\Viewing Search Results.fm" />
        <Data key="DocumentID" value="67FC8BC25B98DD1F" />
        <Data key="ID" value="1096152" />
      </Link>
    </Navigation>
    <Navigation context="output">
      <wwreport:Link protocol="uri" xmlns:wwreport="urn:WebWorks-Reports-Schema">
        <wwreport:Data key="URI" value="file:///C:/Documents%20and%20Settings/hadfielj/My%20Documents/ePublisher%20Pro%20Projects/NBIA%20Online%20Help/Output/WebWorks%20Help%205.0/NBIA%20Online%20Help/Viewing%20Search%20Results.4.2.html#1096155" />
      </wwreport:Link>
    </Navigation>
    <Navigation context="details">
      <Link protocol="wwh5api">
        <Data key="BaseURI" value="file:///C:/Program%20Files/WebWorks/ePublisher%20Pro/Help/en" />
        <Data key="Context" value="reports" />
        <Data key="Topic" value="tables_without_summaries" />
      </Link>
    </Navigation>
  </Entry>
  <Entry context="accessibility" type="missing-table-summary" severity="warning">
    <Description>Table is missing a table summary.</Description>
    <Navigation context="source">
      <Link protocol="adapter">
        <Data key="Path" value="C:\Documents and Settings\hadfielj\My Documents\CBIIT Projects\NBIA\NBIA 4.2 user guide and online help\Viewing Search Results.fm" />
        <Data key="DocumentID" value="67FC8BC25B98DD1F" />
        <Data key="ID" value="1069031" />
      </Link>
    </Navigation>
    <Navigation context="output">
      <wwreport:Link protocol="uri" xmlns:wwreport="urn:WebWorks-Reports-Schema">
        <wwreport:Data key="URI" value="file:///C:/Documents%20and%20Settings/hadfielj/My%20Documents/ePublisher%20Pro%20Projects/NBIA%20Online%20Help/Output/WebWorks%20Help%205.0/NBIA%20Online%20Help/Viewing%20Search%20Results.4.3.html#1069083" />
      </wwreport:Link>
    </Navigation>
    <Navigation context="details">
      <Link protocol="wwh5api">
        <Data key="BaseURI" value="file:///C:/Program%20Files/WebWorks/ePublisher%20Pro/Help/en" />
        <Data key="Context" value="reports" />
        <Data key="Topic" value="tables_without_summaries" />
      </Link>
    </Navigation>
  </Entry>
  <Entry context="accessibility" type="missing-table-summary" severity="warning">
    <Description>Table is missing a table summary.</Description>
    <Navigation context="source">
      <Link protocol="adapter">
        <Data key="Path" value="C:\Documents and Settings\hadfielj\My Documents\CBIIT Projects\NBIA\NBIA 4.2 user guide and online help\Viewing Search Results.fm" />
        <Data key="DocumentID" value="67FC8BC25B98DD1F" />
        <Data key="ID" value="1069975" />
      </Link>
    </Navigation>
    <Navigation context="output">
      <wwreport:Link protocol="uri" xmlns:wwreport="urn:WebWorks-Reports-Schema">
        <wwreport:Data key="URI" value="file:///C:/Documents%20and%20Settings/hadfielj/My%20Documents/ePublisher%20Pro%20Projects/NBIA%20Online%20Help/Output/WebWorks%20Help%205.0/NBIA%20Online%20Help/Viewing%20Search%20Results.4.4.html#1070014" />
      </wwreport:Link>
    </Navigation>
    <Navigation context="details">
      <Link protocol="wwh5api">
        <Data key="BaseURI" value="file:///C:/Program%20Files/WebWorks/ePublisher%20Pro/Help/en" />
        <Data key="Context" value="reports" />
        <Data key="Topic" value="tables_without_summaries" />
      </Link>
    </Navigation>
  </Entry>
  <Entry context="accessibility" type="missing-table-summary" severity="warning">
    <Description>Table is missing a table summary.</Description>
    <Navigation context="source">
      <Link protocol="adapter">
        <Data key="Path" value="C:\Documents and Settings\hadfielj\My Documents\CBIIT Projects\NBIA\NBIA 4.2 user guide and online help\Viewing Search Results.fm" />
        <Data key="DocumentID" value="67FC8BC25B98DD1F" />
        <Data key="ID" value="1094115" />
      </Link>
    </Navigation>
    <Navigation context="output">
      <wwreport:Link protocol="uri" xmlns:wwreport="urn:WebWorks-Reports-Schema">
        <wwreport:Data key="URI" value="file:///C:/Documents%20and%20Settings/hadfielj/My%20Documents/ePublisher%20Pro%20Projects/NBIA%20Online%20Help/Output/WebWorks%20Help%205.0/NBIA%20Online%20Help/Viewing%20Search%20Results.4.5.html#1094155" />
      </wwreport:Link>
    </Navigation>
    <Navigation context="details">
      <Link protocol="wwh5api">
        <Data key="BaseURI" value="file:///C:/Program%20Files/WebWorks/ePublisher%20Pro/Help/en" />
        <Data key="Context" value="reports" />
        <Data key="Topic" value="tables_without_summaries" />
      </Link>
    </Navigation>
  </Entry>
  <Entry context="accessibility" type="missing-image-long-description" severity="warning">
    <Description>Image is missing a long description.</Description>
    <Navigation context="source">
      <Link protocol="adapter">
        <Data key="Path" value="C:\Documents and Settings\hadfielj\My Documents\CBIIT Projects\NBIA\NBIA 4.2 user guide and online help\Viewing Search Results.fm" />
        <Data key="DocumentID" value="67FC8BC25B98DD1F" />
        <Data key="ID" value="1193517" />
      </Link>
    </Navigation>
    <Navigation context="output">
      <wwreport:Link protocol="uri" xmlns:wwreport="urn:WebWorks-Reports-Schema">
        <wwreport:Data key="URI" value="file:///C:/Documents%20and%20Settings/hadfielj/My%20Documents/ePublisher%20Pro%20Projects/NBIA%20Online%20Help/Output/WebWorks%20Help%205.0/NBIA%20Online%20Help/Viewing%20Search%20Results.4.6.html#1193513" />
      </wwreport:Link>
    </Navigation>
    <Navigation context="details">
      <Link protocol="wwh5api">
        <Data key="BaseURI" value="file:///C:/Program%20Files/WebWorks/ePublisher%20Pro/Help/en" />
        <Data key="Context" value="reports" />
        <Data key="Topic" value="images_without_long_desc" />
      </Link>
    </Navigation>
  </Entry>
  <Entry context="accessibility" type="missing-image-long-description" severity="warning">
    <Description>Image is missing a long description.</Description>
    <Navigation context="source">
      <Link protocol="adapter">
        <Data key="Path" value="C:\Documents and Settings\hadfielj\My Documents\CBIIT Projects\NBIA\NBIA 4.2 user guide and online help\Viewing Search Results.fm" />
        <Data key="DocumentID" value="67FC8BC25B98DD1F" />
        <Data key="ID" value="1169441" />
      </Link>
    </Navigation>
    <Navigation context="output">
      <wwreport:Link protocol="uri" xmlns:wwreport="urn:WebWorks-Reports-Schema">
        <wwreport:Data key="URI" value="file:///C:/Documents%20and%20Settings/hadfielj/My%20Documents/ePublisher%20Pro%20Projects/NBIA%20Online%20Help/Output/WebWorks%20Help%205.0/NBIA%20Online%20Help/Viewing%20Search%20Results.4.6.html#1183566" />
      </wwreport:Link>
    </Navigation>
    <Navigation context="details">
      <Link protocol="wwh5api">
        <Data key="BaseURI" value="file:///C:/Program%20Files/WebWorks/ePublisher%20Pro/Help/en" />
        <Data key="Context" value="reports" />
        <Data key="Topic" value="images_without_long_desc" />
      </Link>
    </Navigation>
  </Entry>
  <Entry context="accessibility" type="missing-table-summary" severity="warning">
    <Description>Table is missing a table summary.</Description>
    <Navigation context="source">
      <Link protocol="adapter">
        <Data key="Path" value="C:\Documents and Settings\hadfielj\My Documents\CBIIT Projects\NBIA\NBIA 4.2 user guide and online help\Viewing Search Results.fm" />
        <Data key="DocumentID" value="67FC8BC25B98DD1F" />
        <Data key="ID" value="1169767" />
      </Link>
    </Navigation>
    <Navigation context="output">
      <wwreport:Link protocol="uri" xmlns:wwreport="urn:WebWorks-Reports-Schema">
        <wwreport:Data key="URI" value="file:///C:/Documents%20and%20Settings/hadfielj/My%20Documents/ePublisher%20Pro%20Projects/NBIA%20Online%20Help/Output/WebWorks%20Help%205.0/NBIA%20Online%20Help/Viewing%20Search%20Results.4.6.html#1198400" />
      </wwreport:Link>
    </Navigation>
    <Navigation context="details">
      <Link protocol="wwh5api">
        <Data key="BaseURI" value="file:///C:/Program%20Files/WebWorks/ePublisher%20Pro/Help/en" />
        <Data key="Context" value="reports" />
        <Data key="Topic" value="tables_without_summaries" />
      </Link>
    </Navigation>
  </Entry>
  <Entry context="accessibility" type="missing-image-long-description" severity="warning">
    <Description>Image is missing a long description.</Description>
    <Navigation context="source">
      <Link protocol="adapter">
        <Data key="Path" value="C:\Documents and Settings\hadfielj\My Documents\CBIIT Projects\NBIA\NBIA 4.2 user guide and online help\Viewing Search Results.fm" />
        <Data key="DocumentID" value="67FC8BC25B98DD1F" />
        <Data key="ID" value="1198335" />
      </Link>
    </Navigation>
    <Navigation context="output">
      <wwreport:Link protocol="uri" xmlns:wwreport="urn:WebWorks-Reports-Schema">
        <wwreport:Data key="URI" value="file:///C:/Documents%20and%20Settings/hadfielj/My%20Documents/ePublisher%20Pro%20Projects/NBIA%20Online%20Help/Output/WebWorks%20Help%205.0/NBIA%20Online%20Help/Viewing%20Search%20Results.4.6.html#1198337" />
      </wwreport:Link>
    </Navigation>
    <Navigation context="details">
      <Link protocol="wwh5api">
        <Data key="BaseURI" value="file:///C:/Program%20Files/WebWorks/ePublisher%20Pro/Help/en" />
        <Data key="Context" value="reports" />
        <Data key="Topic" value="images_without_long_desc" />
      </Link>
    </Navigation>
  </Entry>
  <Entry context="accessibility" type="missing-image-long-description" severity="warning">
    <Description>Image is missing a long description.</Description>
    <Navigation context="source">
      <Link protocol="adapter">
        <Data key="Path" value="C:\Documents and Settings\hadfielj\My Documents\CBIIT Projects\NBIA\NBIA 4.2 user guide and online help\Viewing Search Results.fm" />
        <Data key="DocumentID" value="67FC8BC25B98DD1F" />
        <Data key="ID" value="1198344" />
      </Link>
    </Navigation>
    <Navigation context="output">
      <wwreport:Link protocol="uri" xmlns:wwreport="urn:WebWorks-Reports-Schema">
        <wwreport:Data key="URI" value="file:///C:/Documents%20and%20Settings/hadfielj/My%20Documents/ePublisher%20Pro%20Projects/NBIA%20Online%20Help/Output/WebWorks%20Help%205.0/NBIA%20Online%20Help/Viewing%20Search%20Results.4.6.html#1198346" />
      </wwreport:Link>
    </Navigation>
    <Navigation context="details">
      <Link protocol="wwh5api">
        <Data key="BaseURI" value="file:///C:/Program%20Files/WebWorks/ePublisher%20Pro/Help/en" />
        <Data key="Context" value="reports" />
        <Data key="Topic" value="images_without_long_desc" />
      </Link>
    </Navigation>
  </Entry>
  <Entry context="accessibility" type="missing-image-long-description" severity="warning">
    <Description>Image is missing a long description.</Description>
    <Navigation context="source">
      <Link protocol="adapter">
        <Data key="Path" value="C:\Documents and Settings\hadfielj\My Documents\CBIIT Projects\NBIA\NBIA 4.2 user guide and online help\Viewing Search Results.fm" />
        <Data key="DocumentID" value="67FC8BC25B98DD1F" />
        <Data key="ID" value="1198353" />
      </Link>
    </Navigation>
    <Navigation context="output">
      <wwreport:Link protocol="uri" xmlns:wwreport="urn:WebWorks-Reports-Schema">
        <wwreport:Data key="URI" value="file:///C:/Documents%20and%20Settings/hadfielj/My%20Documents/ePublisher%20Pro%20Projects/NBIA%20Online%20Help/Output/WebWorks%20Help%205.0/NBIA%20Online%20Help/Viewing%20Search%20Results.4.6.html#1198355" />
      </wwreport:Link>
    </Navigation>
    <Navigation context="details">
      <Link protocol="wwh5api">
        <Data key="BaseURI" value="file:///C:/Program%20Files/WebWorks/ePublisher%20Pro/Help/en" />
        <Data key="Context" value="reports" />
        <Data key="Topic" value="images_without_long_desc" />
      </Link>
    </Navigation>
  </Entry>
  <Entry context="accessibility" type="missing-image-long-description" severity="warning">
    <Description>Image is missing a long description.</Description>
    <Navigation context="source">
      <Link protocol="adapter">
        <Data key="Path" value="C:\Documents and Settings\hadfielj\My Documents\CBIIT Projects\NBIA\NBIA 4.2 user guide and online help\Viewing Search Results.fm" />
        <Data key="DocumentID" value="67FC8BC25B98DD1F" />
        <Data key="ID" value="1198358" />
      </Link>
    </Navigation>
    <Navigation context="output">
      <wwreport:Link protocol="uri" xmlns:wwreport="urn:WebWorks-Reports-Schema">
        <wwreport:Data key="URI" value="file:///C:/Documents%20and%20Settings/hadfielj/My%20Documents/ePublisher%20Pro%20Projects/NBIA%20Online%20Help/Output/WebWorks%20Help%205.0/NBIA%20Online%20Help/Viewing%20Search%20Results.4.6.html#1198360" />
      </wwreport:Link>
    </Navigation>
    <Navigation context="details">
      <Link protocol="wwh5api">
        <Data key="BaseURI" value="file:///C:/Program%20Files/WebWorks/ePublisher%20Pro/Help/en" />
        <Data key="Context" value="reports" />
        <Data key="Topic" value="images_without_long_desc" />
      </Link>
    </Navigation>
  </Entry>
  <Entry context="accessibility" type="missing-image-long-description" severity="warning">
    <Description>Image is missing a long description.</Description>
    <Navigation context="source">
      <Link protocol="adapter">
        <Data key="Path" value="C:\Documents and Settings\hadfielj\My Documents\CBIIT Projects\NBIA\NBIA 4.2 user guide and online help\Viewing Search Results.fm" />
        <Data key="DocumentID" value="67FC8BC25B98DD1F" />
        <Data key="ID" value="1198366" />
      </Link>
    </Navigation>
    <Navigation context="output">
      <wwreport:Link protocol="uri" xmlns:wwreport="urn:WebWorks-Reports-Schema">
        <wwreport:Data key="URI" value="file:///C:/Documents%20and%20Settings/hadfielj/My%20Documents/ePublisher%20Pro%20Projects/NBIA%20Online%20Help/Output/WebWorks%20Help%205.0/NBIA%20Online%20Help/Viewing%20Search%20Results.4.6.html#1198368" />
      </wwreport:Link>
    </Navigation>
    <Navigation context="details">
      <Link protocol="wwh5api">
        <Data key="BaseURI" value="file:///C:/Program%20Files/WebWorks/ePublisher%20Pro/Help/en" />
        <Data key="Context" value="reports" />
        <Data key="Topic" value="images_without_long_desc" />
      </Link>
    </Navigation>
  </Entry>
  <Entry context="accessibility" type="missing-image-long-description" severity="warning">
    <Description>Image is missing a long description.</Description>
    <Navigation context="source">
      <Link protocol="adapter">
        <Data key="Path" value="C:\Documents and Settings\hadfielj\My Documents\CBIIT Projects\NBIA\NBIA 4.2 user guide and online help\Viewing Search Results.fm" />
        <Data key="DocumentID" value="67FC8BC25B98DD1F" />
        <Data key="ID" value="1198371" />
      </Link>
    </Navigation>
    <Navigation context="output">
      <wwreport:Link protocol="uri" xmlns:wwreport="urn:WebWorks-Reports-Schema">
        <wwreport:Data key="URI" value="file:///C:/Documents%20and%20Settings/hadfielj/My%20Documents/ePublisher%20Pro%20Projects/NBIA%20Online%20Help/Output/WebWorks%20Help%205.0/NBIA%20Online%20Help/Viewing%20Search%20Results.4.6.html#1198373" />
      </wwreport:Link>
    </Navigation>
    <Navigation context="details">
      <Link protocol="wwh5api">
        <Data key="BaseURI" value="file:///C:/Program%20Files/WebWorks/ePublisher%20Pro/Help/en" />
        <Data key="Context" value="reports" />
        <Data key="Topic" value="images_without_long_desc" />
      </Link>
    </Navigation>
  </Entry>
  <Entry context="accessibility" type="missing-image-long-description" severity="warning">
    <Description>Image is missing a long description.</Description>
    <Navigation context="source">
      <Link protocol="adapter">
        <Data key="Path" value="C:\Documents and Settings\hadfielj\My Documents\CBIIT Projects\NBIA\NBIA 4.2 user guide and online help\Viewing Search Results.fm" />
        <Data key="DocumentID" value="67FC8BC25B98DD1F" />
        <Data key="ID" value="1198379" />
      </Link>
    </Navigation>
    <Navigation context="output">
      <wwreport:Link protocol="uri" xmlns:wwreport="urn:WebWorks-Reports-Schema">
        <wwreport:Data key="URI" value="file:///C:/Documents%20and%20Settings/hadfielj/My%20Documents/ePublisher%20Pro%20Projects/NBIA%20Online%20Help/Output/WebWorks%20Help%205.0/NBIA%20Online%20Help/Viewing%20Search%20Results.4.6.html#1198381" />
      </wwreport:Link>
    </Navigation>
    <Navigation context="details">
      <Link protocol="wwh5api">
        <Data key="BaseURI" value="file:///C:/Program%20Files/WebWorks/ePublisher%20Pro/Help/en" />
        <Data key="Context" value="reports" />
        <Data key="Topic" value="images_without_long_desc" />
      </Link>
    </Navigation>
  </Entry>
  <Entry context="accessibility" type="missing-image-long-description" severity="warning">
    <Description>Image is missing a long description.</Description>
    <Navigation context="source">
      <Link protocol="adapter">
        <Data key="Path" value="C:\Documents and Settings\hadfielj\My Documents\CBIIT Projects\NBIA\NBIA 4.2 user guide and online help\Viewing Search Results.fm" />
        <Data key="DocumentID" value="67FC8BC25B98DD1F" />
        <Data key="ID" value="1198384" />
      </Link>
    </Navigation>
    <Navigation context="output">
      <wwreport:Link protocol="uri" xmlns:wwreport="urn:WebWorks-Reports-Schema">
        <wwreport:Data key="URI" value="file:///C:/Documents%20and%20Settings/hadfielj/My%20Documents/ePublisher%20Pro%20Projects/NBIA%20Online%20Help/Output/WebWorks%20Help%205.0/NBIA%20Online%20Help/Viewing%20Search%20Results.4.6.html#1198386" />
      </wwreport:Link>
    </Navigation>
    <Navigation context="details">
      <Link protocol="wwh5api">
        <Data key="BaseURI" value="file:///C:/Program%20Files/WebWorks/ePublisher%20Pro/Help/en" />
        <Data key="Context" value="reports" />
        <Data key="Topic" value="images_without_long_desc" />
      </Link>
    </Navigation>
  </Entry>
  <Entry context="accessibility" type="missing-image-long-description" severity="warning">
    <Description>Image is missing a long description.</Description>
    <Navigation context="source">
      <Link protocol="adapter">
        <Data key="Path" value="C:\Documents and Settings\hadfielj\My Documents\CBIIT Projects\NBIA\NBIA 4.2 user guide and online help\Viewing Search Results.fm" />
        <Data key="DocumentID" value="67FC8BC25B98DD1F" />
        <Data key="ID" value="1204291" />
      </Link>
    </Navigation>
    <Navigation context="output">
      <wwreport:Link protocol="uri" xmlns:wwreport="urn:WebWorks-Reports-Schema">
        <wwreport:Data key="URI" value="file:///C:/Documents%20and%20Settings/hadfielj/My%20Documents/ePublisher%20Pro%20Projects/NBIA%20Online%20Help/Output/WebWorks%20Help%205.0/NBIA%20Online%20Help/Viewing%20Search%20Results.4.6.html#1198394" />
      </wwreport:Link>
    </Navigation>
    <Navigation context="details">
      <Link protocol="wwh5api">
        <Data key="BaseURI" value="file:///C:/Program%20Files/WebWorks/ePublisher%20Pro/Help/en" />
        <Data key="Context" value="reports" />
        <Data key="Topic" value="images_without_long_desc" />
      </Link>
    </Navigation>
  </Entry>
  <Entry context="accessibility" type="missing-table-summary" severity="warning">
    <Description>Table is missing a table summary.</Description>
    <Navigation context="source">
      <Link protocol="adapter">
        <Data key="Path" value="C:\Documents and Settings\hadfielj\My Documents\CBIIT Projects\NBIA\NBIA 4.2 user guide and online help\Viewing Search Results.fm" />
        <Data key="DocumentID" value="67FC8BC25B98DD1F" />
        <Data key="ID" value="1070301" />
      </Link>
    </Navigation>
    <Navigation context="output">
      <wwreport:Link protocol="uri" xmlns:wwreport="urn:WebWorks-Reports-Schema">
        <wwreport:Data key="URI" value="file:///C:/Documents%20and%20Settings/hadfielj/My%20Documents/ePublisher%20Pro%20Projects/NBIA%20Online%20Help/Output/WebWorks%20Help%205.0/NBIA%20Online%20Help/Viewing%20Search%20Results.4.9.html#1070407" />
      </wwreport:Link>
    </Navigation>
    <Navigation context="details">
      <Link protocol="wwh5api">
        <Data key="BaseURI" value="file:///C:/Program%20Files/WebWorks/ePublisher%20Pro/Help/en" />
        <Data key="Context" value="reports" />
        <Data key="Topic" value="tables_without_summaries" />
      </Link>
    </Navigation>
  </Entry>
</Report>