<?xml version="1.0" encoding="utf-8"?>
<Index version="1.0" xmlns="urn:WebWorks-Index-Schema">
  <Section position="2">
<Group id="2_0" name="Default" sort=" ">
</Group>

<Group id="2_1" name="A" sort="A">
<Entry id="2_2" name="accessing NBIA from other application" sort="accessing NBIA from other application"><Content xmlns="urn:WebWorks-Document-Schema"><TextRun><Text value="accessing NBIA from other application" /></TextRun></Content><Link href="C:\Documents and Settings\hadfielj\My Documents\ePublisher Pro Projects\NBIA Online Help\Output\WebWorks Help 5.0\NBIA Online Help\Getting Started.3.16.html" anchor="1087647" fileposition="18" first="true" /></Entry>
<Entry id="2_3" name="accrual report" sort="accrual report"><Content xmlns="urn:WebWorks-Document-Schema"><TextRun><Text value="accrual report" /></TextRun></Content><Link href="C:\Documents and Settings\hadfielj\My Documents\ePublisher Pro Projects\NBIA Online Help\Output\WebWorks Help 5.0\NBIA Online Help\NBIA admin.7.11.html" anchor="1110739" fileposition="75" first="false" /></Entry>
<Entry id="2_4" name="adding to Data Basket" sort="adding to Data Basket"><Content xmlns="urn:WebWorks-Document-Schema"><TextRun><Text value="adding to Data Basket" /></TextRun></Content><Link href="C:\Documents and Settings\hadfielj\My Documents\ePublisher Pro Projects\NBIA Online Help\Output\WebWorks Help 5.0\NBIA Online Help\Viewing Search Results.5.7.html" anchor="1169851" fileposition="39" first="true" /></Entry>
<Entry id="2_5" name="administration" sort="administration"><Content xmlns="urn:WebWorks-Document-Schema"><TextRun><Text value="administration" /></TextRun></Content><Entry name="approving data deletions" sort="approving data deletions"><Content xmlns="urn:WebWorks-Document-Schema"><TextRun><Text value="approving data deletions" /></TextRun></Content><Link href="C:\Documents and Settings\hadfielj\My Documents\ePublisher Pro Projects\NBIA Online Help\Output\WebWorks Help 5.0\NBIA Online Help\NBIA admin.7.8.html" anchor="1124264" fileposition="72" first="false" /></Entry><Entry name="deleting images" sort="deleting images"><Content xmlns="urn:WebWorks-Document-Schema"><TextRun><Text value="deleting images" /></TextRun></Content><Link href="C:\Documents and Settings\hadfielj\My Documents\ePublisher Pro Projects\NBIA Online Help\Output\WebWorks Help 5.0\NBIA Online Help\NBIA admin.7.7.html" anchor="1125532" fileposition="71" first="false" /></Entry><Entry name="online data deletions" sort="online data deletions"><Content xmlns="urn:WebWorks-Document-Schema"><TextRun><Text value="online data deletions" /></TextRun></Content><Link href="C:\Documents and Settings\hadfielj\My Documents\ePublisher Pro Projects\NBIA Online Help\Output\WebWorks Help 5.0\NBIA Online Help\NBIA admin.7.9.html" anchor="1124509" fileposition="73" first="false" /></Entry><Entry name="overview" sort="overview"><Content xmlns="urn:WebWorks-Document-Schema"><TextRun><Text value="overview" /></TextRun></Content><Link href="C:\Documents and Settings\hadfielj\My Documents\ePublisher Pro Projects\NBIA Online Help\Output\WebWorks Help 5.0\NBIA Online Help\NBIA admin.7.2.html" anchor="1071966" fileposition="66" first="false" /></Entry><Entry name="privileges" sort="privileges"><Content xmlns="urn:WebWorks-Document-Schema"><TextRun><Text value="privileges" /></TextRun></Content><Link href="C:\Documents and Settings\hadfielj\My Documents\ePublisher Pro Projects\NBIA Online Help\Output\WebWorks Help 5.0\NBIA Online Help\NBIA admin.7.2.html" anchor="1071966" fileposition="66" first="false" /></Entry><Entry name="using QC tools" sort="using QC tools"><Content xmlns="urn:WebWorks-Document-Schema"><TextRun><Text value="using QC tools" /></TextRun></Content><Link href="C:\Documents and Settings\hadfielj\My Documents\ePublisher Pro Projects\NBIA Online Help\Output\WebWorks Help 5.0\NBIA Online Help\NBIA admin.7.5.html" anchor="1084996" fileposition="69" first="false" /></Entry><Entry name="viewing submitted files" sort="viewing submitted files"><Content xmlns="urn:WebWorks-Document-Schema"><TextRun><Text value="viewing submitted files" /></TextRun></Content><Link href="C:\Documents and Settings\hadfielj\My Documents\ePublisher Pro Projects\NBIA Online Help\Output\WebWorks Help 5.0\NBIA Online Help\NBIA admin.7.10.html" anchor="1110666" fileposition="74" first="false" /></Entry></Entry>
<Entry id="2_6" name="advanced search" sort="advanced search"><Content xmlns="urn:WebWorks-Document-Schema"><TextRun><Text value="advanced search" /></TextRun></Content><Link href="C:\Documents and Settings\hadfielj\My Documents\ePublisher Pro Projects\NBIA Online Help\Output\WebWorks Help 5.0\NBIA Online Help\Searching NBIA.4.4.html" anchor="1207982" fileposition="23" first="false" /></Entry>
<Entry id="2_7" name="anatomical sites" sort="anatomical sites"><Content xmlns="urn:WebWorks-Document-Schema"><TextRun><Text value="anatomical sites" /></TextRun></Content><Link href="C:\Documents and Settings\hadfielj\My Documents\ePublisher Pro Projects\NBIA Online Help\Output\WebWorks Help 5.0\NBIA Online Help\Searching NBIA.4.3.html" anchor="1066763" fileposition="22" first="false" /></Entry>
<Entry id="2_8" name="animating images" sort="animating images"><Content xmlns="urn:WebWorks-Document-Schema"><TextRun><Text value="animating images" /></TextRun></Content><Link href="C:\Documents and Settings\hadfielj\My Documents\ePublisher Pro Projects\NBIA Online Help\Output\WebWorks Help 5.0\NBIA Online Help\Viewing Search Results.5.6.html" anchor="1169061" fileposition="38" first="false" /></Entry>
<Entry id="2_9" name="annotations" sort="annotations"><Content xmlns="urn:WebWorks-Document-Schema"><TextRun><Text value="annotations" /></TextRun></Content><Entry name="downloading files" sort="downloading files"><Content xmlns="urn:WebWorks-Document-Schema"><TextRun><Text value="downloading files" /></TextRun></Content><Link href="C:\Documents and Settings\hadfielj\My Documents\ePublisher Pro Projects\NBIA Online Help\Output\WebWorks Help 5.0\NBIA Online Help\Searching NBIA.4.2.html" anchor="1091001" fileposition="21" first="false" /></Entry><Entry name="file(s) associated with image" sort="file(s) associated with image"><Content xmlns="urn:WebWorks-Document-Schema"><TextRun><Text value="file(s) associated with image" /></TextRun></Content><Link href="C:\Documents and Settings\hadfielj\My Documents\ePublisher Pro Projects\NBIA Online Help\Output\WebWorks Help 5.0\NBIA Online Help\Viewing Search Results.5.4.html" anchor="1070005" fileposition="36" first="false" /></Entry><Entry name="finding only series with" sort="finding only series with"><Content xmlns="urn:WebWorks-Document-Schema"><TextRun><Text value="finding only series with" /></TextRun></Content><Link href="C:\Documents and Settings\hadfielj\My Documents\ePublisher Pro Projects\NBIA Online Help\Output\WebWorks Help 5.0\NBIA Online Help\Searching NBIA.4.3.html" anchor="1066784" fileposition="22" first="false" /><Link href="C:\Documents and Settings\hadfielj\My Documents\ePublisher Pro Projects\NBIA Online Help\Output\WebWorks Help 5.0\NBIA Online Help\Searching NBIA.4.4.html" anchor="1208067" fileposition="23" first="false" /></Entry><Entry name="keyword search" sort="keyword search"><Content xmlns="urn:WebWorks-Document-Schema"><TextRun><Text value="keyword search" /></TextRun></Content><Link href="C:\Documents and Settings\hadfielj\My Documents\ePublisher Pro Projects\NBIA Online Help\Output\WebWorks Help 5.0\NBIA Online Help\Searching NBIA.4.2.html" anchor="1086978" fileposition="21" first="false" /></Entry></Entry>
<Entry id="2_10" name="Application Support" sort="Application Support"><Content xmlns="urn:WebWorks-Document-Schema"><TextRun><Text value="Application Support" /></TextRun></Content><Link href="C:\Documents and Settings\hadfielj\My Documents\ePublisher Pro Projects\NBIA Online Help\Output\WebWorks Help 5.0\NBIA Online Help\Application Support.10.1.html" anchor="998295" fileposition="85" first="false" /></Entry>
<Entry id="2_11" name="approving data deletions" sort="approving data deletions"><Content xmlns="urn:WebWorks-Document-Schema"><TextRun><Text value="approving data deletions" /></TextRun></Content><Link href="C:\Documents and Settings\hadfielj\My Documents\ePublisher Pro Projects\NBIA Online Help\Output\WebWorks Help 5.0\NBIA Online Help\NBIA admin.7.8.html" anchor="1124264" fileposition="72" first="false" /></Entry>
<Entry id="2_12" name="archive, purpose" sort="archive, purpose"><Content xmlns="urn:WebWorks-Document-Schema"><TextRun><Text value="archive, purpose" /></TextRun></Content><Link href="C:\Documents and Settings\hadfielj\My Documents\ePublisher Pro Projects\NBIA Online Help\Output\WebWorks Help 5.0\NBIA Online Help\Getting Started.3.2.html" anchor="1084030" fileposition="4" first="false" /></Entry>
</Group>

<Group id="2_13" name="B" sort="B">
</Group>

<Group id="2_14" name="C" sort="C">
<Entry id="2_15" name="Cedara I-Response Workstation (IRW)" sort="Cedara I-Response Workstation (IRW)"><Content xmlns="urn:WebWorks-Document-Schema"><TextRun><Text value="Cedara I-Response Workstation (IRW)" /></TextRun></Content><Entry name="URL references" sort="URL references"><Content xmlns="urn:WebWorks-Document-Schema"><TextRun><Text value="URL references" /></TextRun></Content><Link href="C:\Documents and Settings\hadfielj\My Documents\ePublisher Pro Projects\NBIA Online Help\Output\WebWorks Help 5.0\NBIA Online Help\appdix references.9.4.html" anchor="1059694" fileposition="83" first="true" /></Entry><Entry name="visualizing images in Data Basket" sort="visualizing images in Data Basket"><Content xmlns="urn:WebWorks-Document-Schema"><TextRun><Text value="visualizing images in Data Basket" /></TextRun></Content><Link href="C:\Documents and Settings\hadfielj\My Documents\ePublisher Pro Projects\NBIA Online Help\Output\WebWorks Help 5.0\NBIA Online Help\Viewing Search Results.5.4.html" anchor="1146622" fileposition="36" first="false" /></Entry></Entry>
<Entry id="2_16" name="changing password" sort="changing password"><Content xmlns="urn:WebWorks-Document-Schema"><TextRun><Text value="changing password" /></TextRun></Content><Link href="C:\Documents and Settings\hadfielj\My Documents\ePublisher Pro Projects\NBIA Online Help\Output\WebWorks Help 5.0\NBIA Online Help\Getting Started.3.6.html" anchor="1124467" fileposition="8" first="false" /></Entry>
<Entry id="2_17" name="CIP, link" sort="CIP, link"><Content xmlns="urn:WebWorks-Document-Schema"><TextRun><Text value="CIP, link" /></TextRun></Content><Link href="C:\Documents and Settings\hadfielj\My Documents\ePublisher Pro Projects\NBIA Online Help\Output\WebWorks Help 5.0\NBIA Online Help\Getting Started.3.15.html" anchor="1086254" fileposition="17" first="false" /></Entry>
<Entry id="2_18" name="collection description, editing" sort="collection description, editing"><Content xmlns="urn:WebWorks-Document-Schema"><TextRun><Text value="collection description, editing" /></TextRun></Content><Link href="C:\Documents and Settings\hadfielj\My Documents\ePublisher Pro Projects\NBIA Online Help\Output\WebWorks Help 5.0\NBIA Online Help\NBIA admin.7.14.html" anchor="1124720" fileposition="78" first="false" /></Entry>
<Entry id="2_19" name="convolution kernel" sort="convolution kernel"><Content xmlns="urn:WebWorks-Document-Schema"><TextRun><Text value="convolution kernel" /></TextRun></Content><Link href="C:\Documents and Settings\hadfielj\My Documents\ePublisher Pro Projects\NBIA Online Help\Output\WebWorks Help 5.0\NBIA Online Help\Searching NBIA.4.4.html" anchor="1208165" fileposition="23" first="false" /></Entry>
<Entry id="2_20" name="creating" sort="creating"><Content xmlns="urn:WebWorks-Document-Schema"><TextRun><Text value="creating" /></TextRun></Content><Entry name="NBIA user" sort="NBIA user"><Content xmlns="urn:WebWorks-Document-Schema"><TextRun><Text value="NBIA user" /></TextRun></Content><Link href="C:\Documents and Settings\hadfielj\My Documents\ePublisher Pro Projects\NBIA Online Help\Output\WebWorks Help 5.0\NBIA Online Help\NBIA admin.7.3.html" anchor="1106199" fileposition="67" first="false" /></Entry><Entry name="new grid user" sort="new grid user"><Content xmlns="urn:WebWorks-Document-Schema"><TextRun><Text value="new grid user" /></TextRun></Content><Link href="C:\Documents and Settings\hadfielj\My Documents\ePublisher Pro Projects\NBIA Online Help\Output\WebWorks Help 5.0\NBIA Online Help\NBIA admin.7.4.html" anchor="1135484" fileposition="68" first="false" /></Entry><Entry name="shared list" sort="shared list"><Content xmlns="urn:WebWorks-Document-Schema"><TextRun><Text value="shared list" /></TextRun></Content><Link href="C:\Documents and Settings\hadfielj\My Documents\ePublisher Pro Projects\NBIA Online Help\Output\WebWorks Help 5.0\NBIA Online Help\Viewing Search Results.5.11.html" anchor="1216046" fileposition="43" first="false" /></Entry></Entry>
<Entry id="2_21" name="criteria" sort="criteria"><Content xmlns="urn:WebWorks-Document-Schema"><TextRun><Text value="criteria" /></TextRun></Content><Entry name="advanced search" sort="advanced search"><Content xmlns="urn:WebWorks-Document-Schema"><TextRun><Text value="advanced search" /></TextRun></Content><Link href="C:\Documents and Settings\hadfielj\My Documents\ePublisher Pro Projects\NBIA Online Help\Output\WebWorks Help 5.0\NBIA Online Help\Searching NBIA.4.4.html" anchor="1208101" fileposition="23" first="false" /></Entry><Entry name="format of search page" sort="format of search page"><Content xmlns="urn:WebWorks-Document-Schema"><TextRun><Text value="format of search page" /></TextRun></Content><Link href="C:\Documents and Settings\hadfielj\My Documents\ePublisher Pro Projects\NBIA Online Help\Output\WebWorks Help 5.0\NBIA Online Help\Searching NBIA.4.2.html" anchor="1066371" fileposition="21" first="false" /></Entry><Entry name="simple search" sort="simple search"><Content xmlns="urn:WebWorks-Document-Schema"><TextRun><Text value="simple search" /></TextRun></Content><Link href="C:\Documents and Settings\hadfielj\My Documents\ePublisher Pro Projects\NBIA Online Help\Output\WebWorks Help 5.0\NBIA Online Help\Searching NBIA.4.3.html" anchor="1066743" fileposition="22" first="false" /></Entry><Entry name="summary" sort="summary"><Content xmlns="urn:WebWorks-Document-Schema"><TextRun><Text value="summary" /></TextRun></Content><Link href="C:\Documents and Settings\hadfielj\My Documents\ePublisher Pro Projects\NBIA Online Help\Output\WebWorks Help 5.0\NBIA Online Help\Searching NBIA.4.6.html" anchor="1091214" fileposition="25" first="false" /></Entry></Entry>
<Entry id="2_22" name="CTEP, link" sort="CTEP, link"><Content xmlns="urn:WebWorks-Document-Schema"><TextRun><Text value="CTEP, link" /></TextRun></Content><Link href="C:\Documents and Settings\hadfielj\My Documents\ePublisher Pro Projects\NBIA Online Help\Output\WebWorks Help 5.0\NBIA Online Help\Getting Started.3.15.html" anchor="1086259" fileposition="17" first="false" /></Entry>
<Entry id="2_23" name="CTP" sort="CTP"><Content xmlns="urn:WebWorks-Document-Schema"><TextRun><Text value="CTP" /></TextRun></Content><Entry name="configuring" sort="configuring"><Content xmlns="urn:WebWorks-Document-Schema"><TextRun><Text value="configuring" /></TextRun></Content><Link href="C:\Documents and Settings\hadfielj\My Documents\ePublisher Pro Projects\NBIA Online Help\Output\WebWorks Help 5.0\NBIA Online Help\Submitting Images.6.3.html" anchor="1184981" fileposition="53" first="false" /></Entry><Entry name="DICOM anonymizer configurator" sort="DICOM anonymizer configurator"><Content xmlns="urn:WebWorks-Document-Schema"><TextRun><Text value="DICOM anonymizer configurator" /></TextRun></Content><Link href="C:\Documents and Settings\hadfielj\My Documents\ePublisher Pro Projects\NBIA Online Help\Output\WebWorks Help 5.0\NBIA Online Help\Submitting Images.6.3.html" anchor="1187007" fileposition="53" first="false" /></Entry><Entry name="starting the client" sort="starting the client"><Content xmlns="urn:WebWorks-Document-Schema"><TextRun><Text value="starting the client" /></TextRun></Content><Link href="C:\Documents and Settings\hadfielj\My Documents\ePublisher Pro Projects\NBIA Online Help\Output\WebWorks Help 5.0\NBIA Online Help\Submitting Images.6.3.html" anchor="1186281" fileposition="53" first="false" /></Entry></Entry>
<Entry id="2_24" name="curator" sort="curator"><Content xmlns="urn:WebWorks-Document-Schema"><TextRun><Text value="curator" /></TextRun></Content><Entry name="assigning image status" sort="assigning image status"><Content xmlns="urn:WebWorks-Document-Schema"><TextRun><Text value="assigning image status" /></TextRun></Content><Link href="C:\Documents and Settings\hadfielj\My Documents\ePublisher Pro Projects\NBIA Online Help\Output\WebWorks Help 5.0\NBIA Online Help\NBIA admin.7.5.html" anchor="1084996" fileposition="69" first="false" /></Entry><Entry name="using QC tools" sort="using QC tools"><Content xmlns="urn:WebWorks-Document-Schema"><TextRun><Text value="using QC tools" /></TextRun></Content><Link href="C:\Documents and Settings\hadfielj\My Documents\ePublisher Pro Projects\NBIA Online Help\Output\WebWorks Help 5.0\NBIA Online Help\NBIA admin.7.5.html" anchor="1084996" fileposition="69" first="false" /></Entry></Entry>
</Group>

<Group id="2_25" name="D" sort="D">
<Entry id="2_26" name="Data Basket" sort="Data Basket"><Content xmlns="urn:WebWorks-Document-Schema"><TextRun><Text value="Data Basket" /></TextRun></Content><Entry name="adding items" sort="adding items"><Content xmlns="urn:WebWorks-Document-Schema"><TextRun><Text value="adding items" /></TextRun></Content><Link href="C:\Documents and Settings\hadfielj\My Documents\ePublisher Pro Projects\NBIA Online Help\Output\WebWorks Help 5.0\NBIA Online Help\Viewing Search Results.5.7.html" anchor="1169851" fileposition="39" first="true" /></Entry><Entry name="deleting items" sort="deleting items"><Content xmlns="urn:WebWorks-Document-Schema"><TextRun><Text value="deleting items" /></TextRun></Content><Link href="C:\Documents and Settings\hadfielj\My Documents\ePublisher Pro Projects\NBIA Online Help\Output\WebWorks Help 5.0\NBIA Online Help\Viewing Search Results.5.9.html" anchor="1070234" fileposition="41" first="false" /></Entry><Entry name="downloading" sort="downloading"><Content xmlns="urn:WebWorks-Document-Schema"><TextRun><Text value="downloading" /></TextRun></Content><Link href="C:\Documents and Settings\hadfielj\My Documents\ePublisher Pro Projects\NBIA Online Help\Output\WebWorks Help 5.0\NBIA Online Help\Viewing Search Results.5.15.html" anchor="1217982" fileposition="47" first="true" /></Entry><Entry name="estimated download time" sort="estimated download time"><Content xmlns="urn:WebWorks-Document-Schema"><TextRun><Text value="estimated download time" /></TextRun></Content><Link href="C:\Documents and Settings\hadfielj\My Documents\ePublisher Pro Projects\NBIA Online Help\Output\WebWorks Help 5.0\NBIA Online Help\Viewing Search Results.5.9.html" anchor="1070233" fileposition="41" first="false" /></Entry><Entry name="managing" sort="managing"><Content xmlns="urn:WebWorks-Document-Schema"><TextRun><Text value="managing" /></TextRun></Content><Link href="C:\Documents and Settings\hadfielj\My Documents\ePublisher Pro Projects\NBIA Online Help\Output\WebWorks Help 5.0\NBIA Online Help\Viewing Search Results.5.9.html" anchor="1070298" fileposition="41" first="false" /></Entry></Entry>
<Entry id="2_27" name="DCP, link" sort="DCP, link"><Content xmlns="urn:WebWorks-Document-Schema"><TextRun><Text value="DCP, link" /></TextRun></Content><Link href="C:\Documents and Settings\hadfielj\My Documents\ePublisher Pro Projects\NBIA Online Help\Output\WebWorks Help 5.0\NBIA Online Help\Getting Started.3.15.html" anchor="1086264" fileposition="17" first="false" /></Entry>
<Entry id="2_28" name="deleting" sort="deleting"><Content xmlns="urn:WebWorks-Document-Schema"><TextRun><Text value="deleting" /></TextRun></Content><Entry name="approving deletions" sort="approving deletions"><Content xmlns="urn:WebWorks-Document-Schema"><TextRun><Text value="approving deletions" /></TextRun></Content><Link href="C:\Documents and Settings\hadfielj\My Documents\ePublisher Pro Projects\NBIA Online Help\Output\WebWorks Help 5.0\NBIA Online Help\NBIA admin.7.8.html" anchor="1124264" fileposition="72" first="false" /></Entry><Entry name="items from basket" sort="items from basket"><Content xmlns="urn:WebWorks-Document-Schema"><TextRun><Text value="items from basket" /></TextRun></Content><Link href="C:\Documents and Settings\hadfielj\My Documents\ePublisher Pro Projects\NBIA Online Help\Output\WebWorks Help 5.0\NBIA Online Help\Viewing Search Results.5.9.html" anchor="1070234" fileposition="41" first="false" /></Entry><Entry name="manual deletions" sort="manual deletions"><Content xmlns="urn:WebWorks-Document-Schema"><TextRun><Text value="manual deletions" /></TextRun></Content><Link href="C:\Documents and Settings\hadfielj\My Documents\ePublisher Pro Projects\NBIA Online Help\Output\WebWorks Help 5.0\NBIA Online Help\NBIA admin.7.9.html" anchor="1124509" fileposition="73" first="false" /></Entry><Entry name="online deletions" sort="online deletions"><Content xmlns="urn:WebWorks-Document-Schema"><TextRun><Text value="online deletions" /></TextRun></Content><Link href="C:\Documents and Settings\hadfielj\My Documents\ePublisher Pro Projects\NBIA Online Help\Output\WebWorks Help 5.0\NBIA Online Help\NBIA admin.7.9.html" anchor="1124509" fileposition="73" first="false" /></Entry><Entry name="saved queries" sort="saved queries"><Content xmlns="urn:WebWorks-Document-Schema"><TextRun><Text value="saved queries" /></TextRun></Content><Link href="C:\Documents and Settings\hadfielj\My Documents\ePublisher Pro Projects\NBIA Online Help\Output\WebWorks Help 5.0\NBIA Online Help\Searching NBIA.4.10.html" anchor="1089387" fileposition="29" first="false" /></Entry></Entry>
<Entry id="2_29" name="DICOM" sort="DICOM"><Content xmlns="urn:WebWorks-Document-Schema"><TextRun><Text value="DICOM" /></TextRun></Content><Entry name="image viewers" sort="image viewers"><Content xmlns="urn:WebWorks-Document-Schema"><TextRun><Text value="image viewers" /></TextRun></Content><Link href="C:\Documents and Settings\hadfielj\My Documents\ePublisher Pro Projects\NBIA Online Help\Output\WebWorks Help 5.0\NBIA Online Help\Viewing Search Results.5.18.html" anchor="1083314" fileposition="50" first="false" /></Entry><Entry name="ImageJ viewer" sort="ImageJ viewer"><Content xmlns="urn:WebWorks-Document-Schema"><TextRun><Text value="ImageJ viewer" /></TextRun></Content><Link href="C:\Documents and Settings\hadfielj\My Documents\ePublisher Pro Projects\NBIA Online Help\Output\WebWorks Help 5.0\NBIA Online Help\Viewing Search Results.5.18.html" anchor="1070600" fileposition="50" first="false" /></Entry><Entry name="introduction" sort="introduction"><Content xmlns="urn:WebWorks-Document-Schema"><TextRun><Text value="introduction" /></TextRun></Content><Link href="C:\Documents and Settings\hadfielj\My Documents\ePublisher Pro Projects\NBIA Online Help\Output\WebWorks Help 5.0\NBIA Online Help\Getting Started.3.2.html" anchor="1084099" fileposition="4" first="false" /><Link href="C:\Documents and Settings\hadfielj\My Documents\ePublisher Pro Projects\NBIA Online Help\Output\WebWorks Help 5.0\NBIA Online Help\Viewing Search Results.5.18.html" anchor="1070599" fileposition="50" first="false" /></Entry><Entry name="OSIRIX viewer" sort="OSIRIX viewer"><Content xmlns="urn:WebWorks-Document-Schema"><TextRun><Text value="OSIRIX viewer" /></TextRun></Content><Link href="C:\Documents and Settings\hadfielj\My Documents\ePublisher Pro Projects\NBIA Online Help\Output\WebWorks Help 5.0\NBIA Online Help\Viewing Search Results.5.18.html" anchor="1070601" fileposition="50" first="false" /></Entry><Entry name="references" sort="references"><Content xmlns="urn:WebWorks-Document-Schema"><TextRun><Text value="references" /></TextRun></Content><Link href="C:\Documents and Settings\hadfielj\My Documents\ePublisher Pro Projects\NBIA Online Help\Output\WebWorks Help 5.0\NBIA Online Help\appdix references.9.3.html" anchor="1058243" fileposition="82" first="true" /></Entry></Entry>
<Entry id="2_30" name="digital image, DICOM" sort="digital image, DICOM"><Content xmlns="urn:WebWorks-Document-Schema"><TextRun><Text value="digital image, DICOM" /></TextRun></Content><Link href="C:\Documents and Settings\hadfielj\My Documents\ePublisher Pro Projects\NBIA Online Help\Output\WebWorks Help 5.0\NBIA Online Help\Getting Started.3.2.html" anchor="1084099" fileposition="4" first="false" /><Link href="C:\Documents and Settings\hadfielj\My Documents\ePublisher Pro Projects\NBIA Online Help\Output\WebWorks Help 5.0\NBIA Online Help\Viewing Search Results.5.18.html" anchor="1070599" fileposition="50" first="false" /></Entry>
<Entry id="2_31" name="Download Manager" sort="Download Manager"><Content xmlns="urn:WebWorks-Document-Schema"><TextRun><Text value="Download Manager" /></TextRun></Content><Link href="C:\Documents and Settings\hadfielj\My Documents\ePublisher Pro Projects\NBIA Online Help\Output\WebWorks Help 5.0\NBIA Online Help\Viewing Search Results.5.17.html" anchor="1204364" fileposition="49" first="false" /></Entry>
<Entry id="2_32" name="downloading" sort="downloading"><Content xmlns="urn:WebWorks-Document-Schema"><TextRun><Text value="downloading" /></TextRun></Content><Entry name="Data Basket" sort="Data Basket"><Content xmlns="urn:WebWorks-Document-Schema"><TextRun><Text value="Data Basket" /></TextRun></Content><Link href="C:\Documents and Settings\hadfielj\My Documents\ePublisher Pro Projects\NBIA Online Help\Output\WebWorks Help 5.0\NBIA Online Help\Viewing Search Results.5.15.html" anchor="1217982" fileposition="47" first="true" /></Entry><Entry name="files using Download Manager" sort="files using Download Manager"><Content xmlns="urn:WebWorks-Document-Schema"><TextRun><Text value="files using Download Manager" /></TextRun></Content><Link href="C:\Documents and Settings\hadfielj\My Documents\ePublisher Pro Projects\NBIA Online Help\Output\WebWorks Help 5.0\NBIA Online Help\Viewing Search Results.5.17.html" anchor="1204364" fileposition="49" first="false" /></Entry></Entry>
</Group>

<Group id="2_33" name="E" sort="E">
<Entry id="2_34" name="editing" sort="editing"><Content xmlns="urn:WebWorks-Document-Schema"><TextRun><Text value="editing" /></TextRun></Content><Entry name="collection description" sort="collection description"><Content xmlns="urn:WebWorks-Document-Schema"><TextRun><Text value="collection description" /></TextRun></Content><Link href="C:\Documents and Settings\hadfielj\My Documents\ePublisher Pro Projects\NBIA Online Help\Output\WebWorks Help 5.0\NBIA Online Help\NBIA admin.7.14.html" anchor="1124720" fileposition="78" first="false" /></Entry><Entry name="query" sort="query"><Content xmlns="urn:WebWorks-Document-Schema"><TextRun><Text value="query" /></TextRun></Content><Link href="C:\Documents and Settings\hadfielj\My Documents\ePublisher Pro Projects\NBIA Online Help\Output\WebWorks Help 5.0\NBIA Online Help\Searching NBIA.4.11.html" anchor="1068627" fileposition="30" first="false" /></Entry><Entry name="shared list" sort="shared list"><Content xmlns="urn:WebWorks-Document-Schema"><TextRun><Text value="shared list" /></TextRun></Content><Link href="C:\Documents and Settings\hadfielj\My Documents\ePublisher Pro Projects\NBIA Online Help\Output\WebWorks Help 5.0\NBIA Online Help\Viewing Search Results.5.12.html" anchor="1215981" fileposition="44" first="false" /></Entry></Entry>
<Entry id="2_35" name="exporting" sort="exporting"><Content xmlns="urn:WebWorks-Document-Schema"><TextRun><Text value="exporting" /></TextRun></Content><Entry name="shared list" sort="shared list"><Content xmlns="urn:WebWorks-Document-Schema"><TextRun><Text value="shared list" /></TextRun></Content><Link href="C:\Documents and Settings\hadfielj\My Documents\ePublisher Pro Projects\NBIA Online Help\Output\WebWorks Help 5.0\NBIA Online Help\Viewing Search Results.5.14.html" anchor="1217979" fileposition="46" first="false" /></Entry><Entry name="to CSV file" sort="to CSV file"><Content xmlns="urn:WebWorks-Document-Schema"><TextRun><Text value="to CSV file" /></TextRun></Content><Link href="C:\Documents and Settings\hadfielj\My Documents\ePublisher Pro Projects\NBIA Online Help\Output\WebWorks Help 5.0\NBIA Online Help\Viewing Search Results.5.14.html" anchor="1217979" fileposition="46" first="false" /></Entry></Entry>
</Group>

<Group id="2_36" name="F" sort="F">
<Entry id="2_37" name="FileSender, submitting images" sort="FileSender, submitting images"><Content xmlns="urn:WebWorks-Document-Schema"><TextRun><Text value="FileSender, submitting images" /></TextRun></Content><Link href="C:\Documents and Settings\hadfielj\My Documents\ePublisher Pro Projects\NBIA Online Help\Output\WebWorks Help 5.0\NBIA Online Help\Submitting Images.6.4.html" anchor="1186739" fileposition="54" first="false" /></Entry>
<Entry id="2_38" name="FTP, client software products" sort="FTP, client software products"><Content xmlns="urn:WebWorks-Document-Schema"><TextRun><Text value="FTP, client software products" /></TextRun></Content><Link href="C:\Documents and Settings\hadfielj\My Documents\ePublisher Pro Projects\NBIA Online Help\Output\WebWorks Help 5.0\NBIA Online Help\appdix references.9.2.html" anchor="1056911" fileposition="81" first="true" /></Entry>
</Group>

<Group id="2_39" name="G" sort="G">
<Entry id="2_40" name="glossary" sort="glossary"><Content xmlns="urn:WebWorks-Document-Schema"><TextRun><Text value="glossary" /></TextRun></Content><Link href="C:\Documents and Settings\hadfielj\My Documents\ePublisher Pro Projects\NBIA Online Help\Output\WebWorks Help 5.0\NBIA Online Help\appdix glossary.8.1.html" anchor="1065599" fileposition="79" first="false" /></Entry>
<Entry id="2_41" name="grid, creating new user" sort="grid, creating new user"><Content xmlns="urn:WebWorks-Document-Schema"><TextRun><Text value="grid, creating new user" /></TextRun></Content><Link href="C:\Documents and Settings\hadfielj\My Documents\ePublisher Pro Projects\NBIA Online Help\Output\WebWorks Help 5.0\NBIA Online Help\NBIA admin.7.4.html" anchor="1135484" fileposition="68" first="false" /></Entry>
<Entry id="2_42" name="group, assigning to protection group" sort="group, assigning to protection group"><Content xmlns="urn:WebWorks-Document-Schema"><TextRun><Text value="group, assigning to protection group" /></TextRun></Content><Link href="C:\Documents and Settings\hadfielj\My Documents\ePublisher Pro Projects\NBIA Online Help\Output\WebWorks Help 5.0\NBIA Online Help\Submitting Images.6.13.html" anchor="1197891" fileposition="63" first="false" /></Entry>
</Group>

<Group id="2_43" name="H" sort="H">
<Entry id="2_44" name="help in NBIA" sort="help in NBIA"><Content xmlns="urn:WebWorks-Document-Schema"><TextRun><Text value="help in NBIA" /></TextRun></Content><Link href="C:\Documents and Settings\hadfielj\My Documents\ePublisher Pro Projects\NBIA Online Help\Output\WebWorks Help 5.0\NBIA Online Help\using online help.2.1.html" anchor="1082564" fileposition="2" first="true" /></Entry>
<Entry id="2_45" name="hierarchy of objects, NBIA" sort="hierarchy of objects, NBIA"><Content xmlns="urn:WebWorks-Document-Schema"><TextRun><Text value="hierarchy of objects, NBIA" /></TextRun></Content><Link href="C:\Documents and Settings\hadfielj\My Documents\ePublisher Pro Projects\NBIA Online Help\Output\WebWorks Help 5.0\NBIA Online Help\Searching NBIA.4.2.html" anchor="1095943" fileposition="21" first="false" /><Link href="C:\Documents and Settings\hadfielj\My Documents\ePublisher Pro Projects\NBIA Online Help\Output\WebWorks Help 5.0\NBIA Online Help\Viewing Search Results.5.2.html" anchor="1096155" fileposition="34" first="false" /></Entry>
<Entry id="2_46" name="HTTP download threshold" sort="HTTP download threshold"><Content xmlns="urn:WebWorks-Document-Schema"><TextRun><Text value="HTTP download threshold" /></TextRun></Content><Link href="C:\Documents and Settings\hadfielj\My Documents\ePublisher Pro Projects\NBIA Online Help\Output\WebWorks Help 5.0\NBIA Online Help\Viewing Search Results.5.16.html" anchor="1070517" fileposition="48" first="false" /></Entry>
</Group>

<Group id="2_47" name="I" sort="I">
<Entry id="2_48" name="image" sort="image"><Content xmlns="urn:WebWorks-Document-Schema"><TextRun><Text value="image" /></TextRun></Content><Entry name="Modality(ies)" sort="Modality(ies)"><Content xmlns="urn:WebWorks-Document-Schema"><TextRun><Text value="Modality(ies)" /></TextRun></Content><Link href="C:\Documents and Settings\hadfielj\My Documents\ePublisher Pro Projects\NBIA Online Help\Output\WebWorks Help 5.0\NBIA Online Help\Searching NBIA.4.4.html" anchor="1208018" fileposition="23" first="false" /></Entry><Entry name="movie" sort="movie"><Content xmlns="urn:WebWorks-Document-Schema"><TextRun><Text value="movie" /></TextRun></Content><Link href="C:\Documents and Settings\hadfielj\My Documents\ePublisher Pro Projects\NBIA Online Help\Output\WebWorks Help 5.0\NBIA Online Help\Viewing Search Results.5.6.html" anchor="1169061" fileposition="38" first="false" /></Entry><Entry name="Slice Thickness" sort="Slice Thickness"><Content xmlns="urn:WebWorks-Document-Schema"><TextRun><Text value="Slice Thickness" /></TextRun></Content><Link href="C:\Documents and Settings\hadfielj\My Documents\ePublisher Pro Projects\NBIA Online Help\Output\WebWorks Help 5.0\NBIA Online Help\Searching NBIA.4.3.html" anchor="1066765" fileposition="22" first="false" /></Entry><Entry name="submission report" sort="submission report"><Content xmlns="urn:WebWorks-Document-Schema"><TextRun><Text value="submission report" /></TextRun></Content><Link href="C:\Documents and Settings\hadfielj\My Documents\ePublisher Pro Projects\NBIA Online Help\Output\WebWorks Help 5.0\NBIA Online Help\NBIA admin.7.12.html" anchor="1117089" fileposition="76" first="false" /></Entry><Entry name="thumbnails" sort="thumbnails"><Content xmlns="urn:WebWorks-Document-Schema"><TextRun><Text value="thumbnails" /></TextRun></Content><Link href="C:\Documents and Settings\hadfielj\My Documents\ePublisher Pro Projects\NBIA Online Help\Output\WebWorks Help 5.0\NBIA Online Help\Viewing Search Results.5.5.html" anchor="1169002" fileposition="37" first="false" /></Entry></Entry>
<Entry id="2_49" name="Image Slice Thickness" sort="Image Slice Thickness"><Content xmlns="urn:WebWorks-Document-Schema"><TextRun><Text value="Image Slice Thickness" /></TextRun></Content><Link href="C:\Documents and Settings\hadfielj\My Documents\ePublisher Pro Projects\NBIA Online Help\Output\WebWorks Help 5.0\NBIA Online Help\Searching NBIA.4.3.html" anchor="1067306" fileposition="22" first="false" /></Entry>
<Entry id="2_50" name="images" sort="images"><Content xmlns="urn:WebWorks-Document-Schema"><TextRun><Text value="images" /></TextRun></Content><Entry name="animation" sort="animation"><Content xmlns="urn:WebWorks-Document-Schema"><TextRun><Text value="animation" /></TextRun></Content><Link href="C:\Documents and Settings\hadfielj\My Documents\ePublisher Pro Projects\NBIA Online Help\Output\WebWorks Help 5.0\NBIA Online Help\Viewing Search Results.5.6.html" anchor="1169061" fileposition="38" first="false" /></Entry><Entry name="configuring security" sort="configuring security"><Content xmlns="urn:WebWorks-Document-Schema"><TextRun><Text value="configuring security" /></TextRun></Content><Link href="C:\Documents and Settings\hadfielj\My Documents\ePublisher Pro Projects\NBIA Online Help\Output\WebWorks Help 5.0\NBIA Online Help\Submitting Images.6.6.html" anchor="1183928" fileposition="56" first="false" /></Entry><Entry name="for Series, search results" sort="for Series, search results"><Content xmlns="urn:WebWorks-Document-Schema"><TextRun><Text value="for Series, search results" /></TextRun></Content><Link href="C:\Documents and Settings\hadfielj\My Documents\ePublisher Pro Projects\NBIA Online Help\Output\WebWorks Help 5.0\NBIA Online Help\Viewing Search Results.5.5.html" anchor="1173049" fileposition="37" first="false" /></Entry><Entry name="interpreting corresponding numbers" sort="interpreting corresponding numbers"><Content xmlns="urn:WebWorks-Document-Schema"><TextRun><Text value="interpreting corresponding numbers" /></TextRun></Content><Link href="C:\Documents and Settings\hadfielj\My Documents\ePublisher Pro Projects\NBIA Online Help\Output\WebWorks Help 5.0\NBIA Online Help\Viewing Search Results.5.9.html" anchor="1070323" fileposition="41" first="false" /></Entry><Entry name="status assignment" sort="status assignment"><Content xmlns="urn:WebWorks-Document-Schema"><TextRun><Text value="status assignment" /></TextRun></Content><Link href="C:\Documents and Settings\hadfielj\My Documents\ePublisher Pro Projects\NBIA Online Help\Output\WebWorks Help 5.0\NBIA Online Help\NBIA admin.7.5.html" anchor="1084996" fileposition="69" first="false" /></Entry><Entry name="submitting in FileSender" sort="submitting in FileSender"><Content xmlns="urn:WebWorks-Document-Schema"><TextRun><Text value="submitting in FileSender" /></TextRun></Content><Link href="C:\Documents and Settings\hadfielj\My Documents\ePublisher Pro Projects\NBIA Online Help\Output\WebWorks Help 5.0\NBIA Online Help\Submitting Images.6.4.html" anchor="1186739" fileposition="54" first="false" /></Entry><Entry name="submitting, CTP client" sort="submitting, CTP client"><Content xmlns="urn:WebWorks-Document-Schema"><TextRun><Text value="submitting, CTP client" /></TextRun></Content><Link href="C:\Documents and Settings\hadfielj\My Documents\ePublisher Pro Projects\NBIA Online Help\Output\WebWorks Help 5.0\NBIA Online Help\Submitting Images.6.3.html" anchor="1184981" fileposition="53" first="false" /></Entry><Entry name="submitting, overview" sort="submitting, overview"><Content xmlns="urn:WebWorks-Document-Schema"><TextRun><Text value="submitting, overview" /></TextRun></Content><Link href="C:\Documents and Settings\hadfielj\My Documents\ePublisher Pro Projects\NBIA Online Help\Output\WebWorks Help 5.0\NBIA Online Help\Submitting Images.6.2.html" anchor="1187566" fileposition="52" first="false" /></Entry><Entry name="troubleshooting submissions" sort="troubleshooting submissions"><Content xmlns="urn:WebWorks-Document-Schema"><TextRun><Text value="troubleshooting submissions" /></TextRun></Content><Link href="C:\Documents and Settings\hadfielj\My Documents\ePublisher Pro Projects\NBIA Online Help\Output\WebWorks Help 5.0\NBIA Online Help\Submitting Images.6.5.html" anchor="1187202" fileposition="55" first="false" /></Entry><Entry name="viewing submitted" sort="viewing submitted"><Content xmlns="urn:WebWorks-Document-Schema"><TextRun><Text value="viewing submitted" /></TextRun></Content><Link href="C:\Documents and Settings\hadfielj\My Documents\ePublisher Pro Projects\NBIA Online Help\Output\WebWorks Help 5.0\NBIA Online Help\NBIA admin.7.10.html" anchor="1110666" fileposition="74" first="false" /></Entry></Entry>
<Entry id="2_51" name="imaging archive, purpose" sort="imaging archive, purpose"><Content xmlns="urn:WebWorks-Document-Schema"><TextRun><Text value="imaging archive, purpose" /></TextRun></Content><Link href="C:\Documents and Settings\hadfielj\My Documents\ePublisher Pro Projects\NBIA Online Help\Output\WebWorks Help 5.0\NBIA Online Help\Getting Started.3.2.html" anchor="1084024" fileposition="4" first="false" /></Entry>
<Entry id="2_52" name="IRW, Cedara I-Response Workstation URL" sort="IRW, Cedara I-Response Workstation URL"><Content xmlns="urn:WebWorks-Document-Schema"><TextRun><Text value="IRW, Cedara I-Response Workstation URL" /></TextRun></Content><Link href="C:\Documents and Settings\hadfielj\My Documents\ePublisher Pro Projects\NBIA Online Help\Output\WebWorks Help 5.0\NBIA Online Help\appdix references.9.4.html" anchor="1059694" fileposition="83" first="true" /></Entry>
</Group>

<Group id="2_53" name="J" sort="J">
</Group>

<Group id="2_54" name="K" sort="K">
<Entry id="2_55" name="Kilovoltage Peak Distribution" sort="Kilovoltage Peak Distribution"><Content xmlns="urn:WebWorks-Document-Schema"><TextRun><Text value="Kilovoltage Peak Distribution" /></TextRun></Content><Link href="C:\Documents and Settings\hadfielj\My Documents\ePublisher Pro Projects\NBIA Online Help\Output\WebWorks Help 5.0\NBIA Online Help\Searching NBIA.4.4.html" anchor="1208168" fileposition="23" first="false" /></Entry>
</Group>

<Group id="2_56" name="L" sort="L">
<Entry id="2_57" name="launching NBIA from another application" sort="launching NBIA from another application"><Content xmlns="urn:WebWorks-Document-Schema"><TextRun><Text value="launching NBIA from another application" /></TextRun></Content><Link href="C:\Documents and Settings\hadfielj\My Documents\ePublisher Pro Projects\NBIA Online Help\Output\WebWorks Help 5.0\NBIA Online Help\Getting Started.3.16.html" anchor="1087647" fileposition="18" first="true" /></Entry>
<Entry id="2_58" name="login" sort="login"><Content xmlns="urn:WebWorks-Document-Schema"><TextRun><Text value="login" /></TextRun></Content><Link href="C:\Documents and Settings\hadfielj\My Documents\ePublisher Pro Projects\NBIA Online Help\Output\WebWorks Help 5.0\NBIA Online Help\Getting Started.3.5.html" anchor="1084683" fileposition="7" first="false" /></Entry>
<Entry id="2_59" name="Lookup Search Terms" sort="Lookup Search Terms"><Content xmlns="urn:WebWorks-Document-Schema"><TextRun><Text value="Lookup Search Terms" /></TextRun></Content><Link href="C:\Documents and Settings\hadfielj\My Documents\ePublisher Pro Projects\NBIA Online Help\Output\WebWorks Help 5.0\NBIA Online Help\Searching NBIA.4.7.html" anchor="1217930" fileposition="26" first="false" /></Entry>
</Group>

<Group id="2_60" name="M" sort="M">
<Entry id="2_61" name="managing Data Basket" sort="managing Data Basket"><Content xmlns="urn:WebWorks-Document-Schema"><TextRun><Text value="managing Data Basket" /></TextRun></Content><Link href="C:\Documents and Settings\hadfielj\My Documents\ePublisher Pro Projects\NBIA Online Help\Output\WebWorks Help 5.0\NBIA Online Help\Viewing Search Results.5.9.html" anchor="1070298" fileposition="41" first="false" /></Entry>
<Entry id="2_62" name="manufacturer search criteria" sort="manufacturer search criteria"><Content xmlns="urn:WebWorks-Document-Schema"><TextRun><Text value="manufacturer search criteria" /></TextRun></Content><Link href="C:\Documents and Settings\hadfielj\My Documents\ePublisher Pro Projects\NBIA Online Help\Output\WebWorks Help 5.0\NBIA Online Help\Searching NBIA.4.4.html" anchor="1208107" fileposition="23" first="false" /></Entry>
<Entry id="2_63" name="Modality manufacturer" sort="Modality manufacturer"><Content xmlns="urn:WebWorks-Document-Schema"><TextRun><Text value="Modality manufacturer" /></TextRun></Content><Link href="C:\Documents and Settings\hadfielj\My Documents\ePublisher Pro Projects\NBIA Online Help\Output\WebWorks Help 5.0\NBIA Online Help\Searching NBIA.4.4.html" anchor="1208107" fileposition="23" first="false" /></Entry>
<Entry id="2_64" name="movie of sequential images" sort="movie of sequential images"><Content xmlns="urn:WebWorks-Document-Schema"><TextRun><Text value="movie of sequential images" /></TextRun></Content><Link href="C:\Documents and Settings\hadfielj\My Documents\ePublisher Pro Projects\NBIA Online Help\Output\WebWorks Help 5.0\NBIA Online Help\Viewing Search Results.5.6.html" anchor="1169061" fileposition="38" first="false" /></Entry>
</Group>

<Group id="2_65" name="N" sort="N">
<Entry id="2_66" name="NBIA" sort="NBIA"><Content xmlns="urn:WebWorks-Document-Schema"><TextRun><Text value="NBIA" /></TextRun></Content><Entry name="database search, introduction" sort="database search, introduction"><Content xmlns="urn:WebWorks-Document-Schema"><TextRun><Text value="database search, introduction" /></TextRun></Content><Link href="C:\Documents and Settings\hadfielj\My Documents\ePublisher Pro Projects\NBIA Online Help\Output\WebWorks Help 5.0\NBIA Online Help\Searching NBIA.4.2.html" anchor="1087111" fileposition="21" first="false" /><Link href="C:\Documents and Settings\hadfielj\My Documents\ePublisher Pro Projects\NBIA Online Help\Output\WebWorks Help 5.0\NBIA Online Help\Searching NBIA.4.2.html" anchor="1145035" fileposition="21" first="false" /></Entry><Entry name="launching from another application" sort="launching from another application"><Content xmlns="urn:WebWorks-Document-Schema"><TextRun><Text value="launching from another application" /></TextRun></Content><Link href="C:\Documents and Settings\hadfielj\My Documents\ePublisher Pro Projects\NBIA Online Help\Output\WebWorks Help 5.0\NBIA Online Help\Getting Started.3.16.html" anchor="1087647" fileposition="18" first="true" /></Entry><Entry name="login" sort="login"><Content xmlns="urn:WebWorks-Document-Schema"><TextRun><Text value="login" /></TextRun></Content><Link href="C:\Documents and Settings\hadfielj\My Documents\ePublisher Pro Projects\NBIA Online Help\Output\WebWorks Help 5.0\NBIA Online Help\Getting Started.3.5.html" anchor="1084683" fileposition="7" first="false" /></Entry><Entry name="News page site map" sort="News page site map"><Content xmlns="urn:WebWorks-Document-Schema"><TextRun><Text value="News page site map" /></TextRun></Content><Link href="C:\Documents and Settings\hadfielj\My Documents\ePublisher Pro Projects\NBIA Online Help\Output\WebWorks Help 5.0\NBIA Online Help\Getting Started.3.14.html" anchor="1090633" fileposition="16" first="false" /></Entry><Entry name="online help methods" sort="online help methods"><Content xmlns="urn:WebWorks-Document-Schema"><TextRun><Text value="online help methods" /></TextRun></Content><Link href="C:\Documents and Settings\hadfielj\My Documents\ePublisher Pro Projects\NBIA Online Help\Output\WebWorks Help 5.0\NBIA Online Help\Getting Started.3.17.html" anchor="1158284" fileposition="19" first="false" /></Entry><Entry name="pre-login options" sort="pre-login options"><Content xmlns="urn:WebWorks-Document-Schema"><TextRun><Text value="pre-login options" /></TextRun></Content><Link href="C:\Documents and Settings\hadfielj\My Documents\ePublisher Pro Projects\NBIA Online Help\Output\WebWorks Help 5.0\NBIA Online Help\Getting Started.3.2.html" anchor="1084980" fileposition="4" first="false" /></Entry><Entry name="purpose" sort="purpose"><Content xmlns="urn:WebWorks-Document-Schema"><TextRun><Text value="purpose" /></TextRun></Content><Link href="C:\Documents and Settings\hadfielj\My Documents\ePublisher Pro Projects\NBIA Online Help\Output\WebWorks Help 5.0\NBIA Online Help\Getting Started.3.2.html" anchor="1084030" fileposition="4" first="false" /></Entry><Entry name="Quick Links" sort="Quick Links"><Content xmlns="urn:WebWorks-Document-Schema"><TextRun><Text value="Quick Links" /></TextRun></Content><Link href="C:\Documents and Settings\hadfielj\My Documents\ePublisher Pro Projects\NBIA Online Help\Output\WebWorks Help 5.0\NBIA Online Help\Getting Started.3.10.html" anchor="1090524" fileposition="12" first="false" /></Entry><Entry name="URL references" sort="URL references"><Content xmlns="urn:WebWorks-Document-Schema"><TextRun><Text value="URL references" /></TextRun></Content><Link href="C:\Documents and Settings\hadfielj\My Documents\ePublisher Pro Projects\NBIA Online Help\Output\WebWorks Help 5.0\NBIA Online Help\appdix references.9.4.html" anchor="1059694" fileposition="83" first="true" /></Entry></Entry>
<Entry id="2_67" name="NCICB Application Support" sort="NCICB Application Support"><Content xmlns="urn:WebWorks-Document-Schema"><TextRun><Text value="NCICB Application Support" /></TextRun></Content><Link href="C:\Documents and Settings\hadfielj\My Documents\ePublisher Pro Projects\NBIA Online Help\Output\WebWorks Help 5.0\NBIA Online Help\Application Support.10.1.html" anchor="998295" fileposition="85" first="false" /></Entry>
<Entry id="2_68" name="Nodes to Search" sort="Nodes to Search"><Content xmlns="urn:WebWorks-Document-Schema"><TextRun><Text value="Nodes to Search" /></TextRun></Content><Entry name="advanced search" sort="advanced search"><Content xmlns="urn:WebWorks-Document-Schema"><TextRun><Text value="advanced search" /></TextRun></Content><Link href="C:\Documents and Settings\hadfielj\My Documents\ePublisher Pro Projects\NBIA Online Help\Output\WebWorks Help 5.0\NBIA Online Help\Searching NBIA.4.4.html" anchor="1217651" fileposition="23" first="false" /></Entry><Entry name="searching remote sites" sort="searching remote sites"><Content xmlns="urn:WebWorks-Document-Schema"><TextRun><Text value="searching remote sites" /></TextRun></Content><Link href="C:\Documents and Settings\hadfielj\My Documents\ePublisher Pro Projects\NBIA Online Help\Output\WebWorks Help 5.0\NBIA Online Help\Searching NBIA.4.7.html" anchor="1217721" fileposition="26" first="false" /></Entry><Entry name="simple search" sort="simple search"><Content xmlns="urn:WebWorks-Document-Schema"><TextRun><Text value="simple search" /></TextRun></Content><Link href="C:\Documents and Settings\hadfielj\My Documents\ePublisher Pro Projects\NBIA Online Help\Output\WebWorks Help 5.0\NBIA Online Help\Searching NBIA.4.3.html" anchor="1087771" fileposition="22" first="false" /></Entry></Entry>
</Group>

<Group id="2_69" name="O" sort="O">
<Entry id="2_70" name="objects in NBIA, hierarchy of" sort="objects in NBIA, hierarchy of"><Content xmlns="urn:WebWorks-Document-Schema"><TextRun><Text value="objects in NBIA, hierarchy of" /></TextRun></Content><Link href="C:\Documents and Settings\hadfielj\My Documents\ePublisher Pro Projects\NBIA Online Help\Output\WebWorks Help 5.0\NBIA Online Help\Searching NBIA.4.2.html" anchor="1095943" fileposition="21" first="false" /><Link href="C:\Documents and Settings\hadfielj\My Documents\ePublisher Pro Projects\NBIA Online Help\Output\WebWorks Help 5.0\NBIA Online Help\Viewing Search Results.5.2.html" anchor="1096155" fileposition="34" first="false" /></Entry>
<Entry id="2_71" name="online help" sort="online help"><Content xmlns="urn:WebWorks-Document-Schema"><TextRun><Text value="online help" /></TextRun></Content><Link href="C:\Documents and Settings\hadfielj\My Documents\ePublisher Pro Projects\NBIA Online Help\Output\WebWorks Help 5.0\NBIA Online Help\Getting Started.3.17.html" anchor="1158284" fileposition="19" first="false" /><Entry name="icons" sort="icons"><Content xmlns="urn:WebWorks-Document-Schema"><TextRun><Text value="icons" /></TextRun></Content><Link href="C:\Documents and Settings\hadfielj\My Documents\ePublisher Pro Projects\NBIA Online Help\Output\WebWorks Help 5.0\NBIA Online Help\using online help.2.1.html" anchor="1082564" fileposition="2" first="true" /></Entry><Entry name="using" sort="using"><Content xmlns="urn:WebWorks-Document-Schema"><TextRun><Text value="using" /></TextRun></Content><Link href="C:\Documents and Settings\hadfielj\My Documents\ePublisher Pro Projects\NBIA Online Help\Output\WebWorks Help 5.0\NBIA Online Help\using online help.2.1.html" anchor="1082564" fileposition="2" first="true" /></Entry></Entry>
<Entry id="2_72" name="OSIRIX DICOM viewer" sort="OSIRIX DICOM viewer"><Content xmlns="urn:WebWorks-Document-Schema"><TextRun><Text value="OSIRIX DICOM viewer" /></TextRun></Content><Link href="C:\Documents and Settings\hadfielj\My Documents\ePublisher Pro Projects\NBIA Online Help\Output\WebWorks Help 5.0\NBIA Online Help\Viewing Search Results.5.18.html" anchor="1070601" fileposition="50" first="false" /></Entry>
<Entry id="2_73" name="overview" sort="overview"><Content xmlns="urn:WebWorks-Document-Schema"><TextRun><Text value="overview" /></TextRun></Content><Entry name="NCIA" sort="NCIA"><Content xmlns="urn:WebWorks-Document-Schema"><TextRun><Text value="NCIA" /></TextRun></Content><Link href="C:\Documents and Settings\hadfielj\My Documents\ePublisher Pro Projects\NBIA Online Help\Output\WebWorks Help 5.0\NBIA Online Help\Getting Started.3.2.html" anchor="1084024" fileposition="4" first="false" /></Entry></Entry>
</Group>

<Group id="2_74" name="P" sort="P">
<Entry id="2_75" name="password, changing" sort="password, changing"><Content xmlns="urn:WebWorks-Document-Schema"><TextRun><Text value="password, changing" /></TextRun></Content><Link href="C:\Documents and Settings\hadfielj\My Documents\ePublisher Pro Projects\NBIA Online Help\Output\WebWorks Help 5.0\NBIA Online Help\Getting Started.3.6.html" anchor="1124467" fileposition="8" first="false" /></Entry>
<Entry id="2_76" name="performing" sort="performing"><Content xmlns="urn:WebWorks-Document-Schema"><TextRun><Text value="performing" /></TextRun></Content><Entry name="advanced search" sort="advanced search"><Content xmlns="urn:WebWorks-Document-Schema"><TextRun><Text value="advanced search" /></TextRun></Content><Link href="C:\Documents and Settings\hadfielj\My Documents\ePublisher Pro Projects\NBIA Online Help\Output\WebWorks Help 5.0\NBIA Online Help\Searching NBIA.4.4.html" anchor="1207982" fileposition="23" first="false" /></Entry><Entry name="simple search" sort="simple search"><Content xmlns="urn:WebWorks-Document-Schema"><TextRun><Text value="simple search" /></TextRun></Content><Link href="C:\Documents and Settings\hadfielj\My Documents\ePublisher Pro Projects\NBIA Online Help\Output\WebWorks Help 5.0\NBIA Online Help\Searching NBIA.4.3.html" anchor="1066742" fileposition="22" first="false" /></Entry></Entry>
<Entry id="2_77" name="protection element" sort="protection element"><Content xmlns="urn:WebWorks-Document-Schema"><TextRun><Text value="protection element" /></TextRun></Content><Entry name="assigning to protection group" sort="assigning to protection group"><Content xmlns="urn:WebWorks-Document-Schema"><TextRun><Text value="assigning to protection group" /></TextRun></Content><Link href="C:\Documents and Settings\hadfielj\My Documents\ePublisher Pro Projects\NBIA Online Help\Output\WebWorks Help 5.0\NBIA Online Help\Submitting Images.6.11.html" anchor="1184389" fileposition="61" first="false" /></Entry><Entry name="creating" sort="creating"><Content xmlns="urn:WebWorks-Document-Schema"><TextRun><Text value="creating" /></TextRun></Content><Link href="C:\Documents and Settings\hadfielj\My Documents\ePublisher Pro Projects\NBIA Online Help\Output\WebWorks Help 5.0\NBIA Online Help\Submitting Images.6.7.html" anchor="1183700" fileposition="57" first="false" /></Entry></Entry>
<Entry id="2_78" name="protection group" sort="protection group"><Content xmlns="urn:WebWorks-Document-Schema"><TextRun><Text value="protection group" /></TextRun></Content><Entry name="assigning group to" sort="assigning group to"><Content xmlns="urn:WebWorks-Document-Schema"><TextRun><Text value="assigning group to" /></TextRun></Content><Link href="C:\Documents and Settings\hadfielj\My Documents\ePublisher Pro Projects\NBIA Online Help\Output\WebWorks Help 5.0\NBIA Online Help\Submitting Images.6.13.html" anchor="1197891" fileposition="63" first="false" /></Entry><Entry name="assigning protection element to" sort="assigning protection element to"><Content xmlns="urn:WebWorks-Document-Schema"><TextRun><Text value="assigning protection element to" /></TextRun></Content><Link href="C:\Documents and Settings\hadfielj\My Documents\ePublisher Pro Projects\NBIA Online Help\Output\WebWorks Help 5.0\NBIA Online Help\Submitting Images.6.11.html" anchor="1184389" fileposition="61" first="false" /></Entry><Entry name="assigning user to" sort="assigning user to"><Content xmlns="urn:WebWorks-Document-Schema"><TextRun><Text value="assigning user to" /></TextRun></Content><Link href="C:\Documents and Settings\hadfielj\My Documents\ePublisher Pro Projects\NBIA Online Help\Output\WebWorks Help 5.0\NBIA Online Help\Submitting Images.6.12.html" anchor="1197654" fileposition="62" first="false" /></Entry><Entry name="creating" sort="creating"><Content xmlns="urn:WebWorks-Document-Schema"><TextRun><Text value="creating" /></TextRun></Content><Link href="C:\Documents and Settings\hadfielj\My Documents\ePublisher Pro Projects\NBIA Online Help\Output\WebWorks Help 5.0\NBIA Online Help\Submitting Images.6.10.html" anchor="1196354" fileposition="60" first="false" /></Entry></Entry>
</Group>

<Group id="2_79" name="Q" sort="Q">
<Entry id="2_80" name="QC tools, using" sort="QC tools, using"><Content xmlns="urn:WebWorks-Document-Schema"><TextRun><Text value="QC tools, using" /></TextRun></Content><Link href="C:\Documents and Settings\hadfielj\My Documents\ePublisher Pro Projects\NBIA Online Help\Output\WebWorks Help 5.0\NBIA Online Help\NBIA admin.7.5.html" anchor="1084996" fileposition="69" first="false" /></Entry>
<Entry id="2_81" name="Query History, viewing" sort="Query History, viewing"><Content xmlns="urn:WebWorks-Document-Schema"><TextRun><Text value="Query History, viewing" /></TextRun></Content><Link href="C:\Documents and Settings\hadfielj\My Documents\ePublisher Pro Projects\NBIA Online Help\Output\WebWorks Help 5.0\NBIA Online Help\Searching NBIA.4.12.html" anchor="1116238" fileposition="31" first="false" /></Entry>
<Entry id="2_82" name="Quick Links" sort="Quick Links"><Content xmlns="urn:WebWorks-Document-Schema"><TextRun><Text value="Quick Links" /></TextRun></Content><Link href="C:\Documents and Settings\hadfielj\My Documents\ePublisher Pro Projects\NBIA Online Help\Output\WebWorks Help 5.0\NBIA Online Help\Getting Started.3.10.html" anchor="1090524" fileposition="12" first="false" /></Entry>
</Group>

<Group id="2_83" name="R" sort="R">
<Entry id="2_84" name="remote sites, searching" sort="remote sites, searching"><Content xmlns="urn:WebWorks-Document-Schema"><TextRun><Text value="remote sites, searching" /></TextRun></Content><Link href="C:\Documents and Settings\hadfielj\My Documents\ePublisher Pro Projects\NBIA Online Help\Output\WebWorks Help 5.0\NBIA Online Help\Searching NBIA.4.7.html" anchor="1197867" fileposition="26" first="false" /></Entry>
<Entry id="2_85" name="reports, viewing submitted files" sort="reports, viewing submitted files"><Content xmlns="urn:WebWorks-Document-Schema"><TextRun><Text value="reports, viewing submitted files" /></TextRun></Content><Link href="C:\Documents and Settings\hadfielj\My Documents\ePublisher Pro Projects\NBIA Online Help\Output\WebWorks Help 5.0\NBIA Online Help\NBIA admin.7.10.html" anchor="1110666" fileposition="74" first="false" /></Entry>
<Entry id="2_86" name="results" sort="results"><Content xmlns="urn:WebWorks-Document-Schema"><TextRun><Text value="results" /></TextRun></Content><Entry name="by subject" sort="by subject"><Content xmlns="urn:WebWorks-Document-Schema"><TextRun><Text value="by subject" /></TextRun></Content><Link href="C:\Documents and Settings\hadfielj\My Documents\ePublisher Pro Projects\NBIA Online Help\Output\WebWorks Help 5.0\NBIA Online Help\Viewing Search Results.5.3.html" anchor="1217809" fileposition="35" first="false" /></Entry><Entry name="Images for Series" sort="Images for Series"><Content xmlns="urn:WebWorks-Document-Schema"><TextRun><Text value="Images for Series" /></TextRun></Content><Link href="C:\Documents and Settings\hadfielj\My Documents\ePublisher Pro Projects\NBIA Online Help\Output\WebWorks Help 5.0\NBIA Online Help\Viewing Search Results.5.5.html" anchor="1173049" fileposition="37" first="false" /></Entry><Entry name="Studies for Subject" sort="Studies for Subject"><Content xmlns="urn:WebWorks-Document-Schema"><TextRun><Text value="Studies for Subject" /></TextRun></Content><Link href="C:\Documents and Settings\hadfielj\My Documents\ePublisher Pro Projects\NBIA Online Help\Output\WebWorks Help 5.0\NBIA Online Help\Viewing Search Results.5.4.html" anchor="1069368" fileposition="36" first="false" /><Link href="C:\Documents and Settings\hadfielj\My Documents\ePublisher Pro Projects\NBIA Online Help\Output\WebWorks Help 5.0\NBIA Online Help\Viewing Search Results.5.4.html" anchor="1198290" fileposition="36" first="false" /></Entry></Entry>
</Group>

<Group id="2_87" name="S" sort="S">
<Entry id="2_88" name="saved queries" sort="saved queries"><Content xmlns="urn:WebWorks-Document-Schema"><TextRun><Text value="saved queries" /></TextRun></Content><Entry name="deleting" sort="deleting"><Content xmlns="urn:WebWorks-Document-Schema"><TextRun><Text value="deleting" /></TextRun></Content><Link href="C:\Documents and Settings\hadfielj\My Documents\ePublisher Pro Projects\NBIA Online Help\Output\WebWorks Help 5.0\NBIA Online Help\Searching NBIA.4.10.html" anchor="1089387" fileposition="29" first="false" /></Entry><Entry name="editing" sort="editing"><Content xmlns="urn:WebWorks-Document-Schema"><TextRun><Text value="editing" /></TextRun></Content><Link href="C:\Documents and Settings\hadfielj\My Documents\ePublisher Pro Projects\NBIA Online Help\Output\WebWorks Help 5.0\NBIA Online Help\Searching NBIA.4.11.html" anchor="1068627" fileposition="30" first="false" /></Entry><Entry name="Query History" sort="Query History"><Content xmlns="urn:WebWorks-Document-Schema"><TextRun><Text value="Query History" /></TextRun></Content><Link href="C:\Documents and Settings\hadfielj\My Documents\ePublisher Pro Projects\NBIA Online Help\Output\WebWorks Help 5.0\NBIA Online Help\Searching NBIA.4.12.html" anchor="1116238" fileposition="31" first="false" /></Entry><Entry name="table" sort="table"><Content xmlns="urn:WebWorks-Document-Schema"><TextRun><Text value="table" /></TextRun></Content><Link href="C:\Documents and Settings\hadfielj\My Documents\ePublisher Pro Projects\NBIA Online Help\Output\WebWorks Help 5.0\NBIA Online Help\Searching NBIA.4.10.html" anchor="1095013" fileposition="29" first="false" /></Entry><Entry name="viewing" sort="viewing"><Content xmlns="urn:WebWorks-Document-Schema"><TextRun><Text value="viewing" /></TextRun></Content><Link href="C:\Documents and Settings\hadfielj\My Documents\ePublisher Pro Projects\NBIA Online Help\Output\WebWorks Help 5.0\NBIA Online Help\Searching NBIA.4.10.html" anchor="1095013" fileposition="29" first="false" /></Entry></Entry>
<Entry id="2_89" name="search" sort="search"><Content xmlns="urn:WebWorks-Document-Schema"><TextRun><Text value="search" /></TextRun></Content><Entry name="advanced" sort="advanced"><Content xmlns="urn:WebWorks-Document-Schema"><TextRun><Text value="advanced" /></TextRun></Content><Link href="C:\Documents and Settings\hadfielj\My Documents\ePublisher Pro Projects\NBIA Online Help\Output\WebWorks Help 5.0\NBIA Online Help\Searching NBIA.4.4.html" anchor="1207980" fileposition="23" first="true" /></Entry><Entry name="introduction" sort="introduction"><Content xmlns="urn:WebWorks-Document-Schema"><TextRun><Text value="introduction" /></TextRun></Content><Link href="C:\Documents and Settings\hadfielj\My Documents\ePublisher Pro Projects\NBIA Online Help\Output\WebWorks Help 5.0\NBIA Online Help\Searching NBIA.4.2.html" anchor="1087111" fileposition="21" first="false" /><Link href="C:\Documents and Settings\hadfielj\My Documents\ePublisher Pro Projects\NBIA Online Help\Output\WebWorks Help 5.0\NBIA Online Help\Searching NBIA.4.2.html" anchor="1145035" fileposition="21" first="false" /></Entry><Entry name="page criteria" sort="page criteria"><Content xmlns="urn:WebWorks-Document-Schema"><TextRun><Text value="page criteria" /></TextRun></Content><Link href="C:\Documents and Settings\hadfielj\My Documents\ePublisher Pro Projects\NBIA Online Help\Output\WebWorks Help 5.0\NBIA Online Help\Searching NBIA.4.2.html" anchor="1066371" fileposition="21" first="false" /></Entry><Entry name="query, saving" sort="query, saving"><Content xmlns="urn:WebWorks-Document-Schema"><TextRun><Text value="query, saving" /></TextRun></Content><Link href="C:\Documents and Settings\hadfielj\My Documents\ePublisher Pro Projects\NBIA Online Help\Output\WebWorks Help 5.0\NBIA Online Help\Searching NBIA.4.9.html" anchor="1088868" fileposition="28" first="false" /></Entry><Entry name="simple" sort="simple"><Content xmlns="urn:WebWorks-Document-Schema"><TextRun><Text value="simple" /></TextRun></Content><Link href="C:\Documents and Settings\hadfielj\My Documents\ePublisher Pro Projects\NBIA Online Help\Output\WebWorks Help 5.0\NBIA Online Help\Searching NBIA.4.3.html" anchor="1066742" fileposition="22" first="false" /></Entry></Entry>
<Entry id="2_90" name="search criteria" sort="search criteria"><Content xmlns="urn:WebWorks-Document-Schema"><TextRun><Text value="search criteria" /></TextRun></Content><Entry name="advanced search" sort="advanced search"><Content xmlns="urn:WebWorks-Document-Schema"><TextRun><Text value="advanced search" /></TextRun></Content><Link href="C:\Documents and Settings\hadfielj\My Documents\ePublisher Pro Projects\NBIA Online Help\Output\WebWorks Help 5.0\NBIA Online Help\Searching NBIA.4.4.html" anchor="1208101" fileposition="23" first="false" /></Entry><Entry name="modality manufacturer" sort="modality manufacturer"><Content xmlns="urn:WebWorks-Document-Schema"><TextRun><Text value="modality manufacturer" /></TextRun></Content><Link href="C:\Documents and Settings\hadfielj\My Documents\ePublisher Pro Projects\NBIA Online Help\Output\WebWorks Help 5.0\NBIA Online Help\Searching NBIA.4.4.html" anchor="1208107" fileposition="23" first="false" /></Entry><Entry name="simple search" sort="simple search"><Content xmlns="urn:WebWorks-Document-Schema"><TextRun><Text value="simple search" /></TextRun></Content><Link href="C:\Documents and Settings\hadfielj\My Documents\ePublisher Pro Projects\NBIA Online Help\Output\WebWorks Help 5.0\NBIA Online Help\Searching NBIA.4.3.html" anchor="1066743" fileposition="22" first="false" /></Entry><Entry name="summary page" sort="summary page"><Content xmlns="urn:WebWorks-Document-Schema"><TextRun><Text value="summary page" /></TextRun></Content><Link href="C:\Documents and Settings\hadfielj\My Documents\ePublisher Pro Projects\NBIA Online Help\Output\WebWorks Help 5.0\NBIA Online Help\Searching NBIA.4.8.html" anchor="1068000" fileposition="27" first="false" /></Entry></Entry>
<Entry id="2_91" name="search page" sort="search page"><Content xmlns="urn:WebWorks-Document-Schema"><TextRun><Text value="search page" /></TextRun></Content><Entry name="drop-down lists" sort="drop-down lists"><Content xmlns="urn:WebWorks-Document-Schema"><TextRun><Text value="drop-down lists" /></TextRun></Content><Link href="C:\Documents and Settings\hadfielj\My Documents\ePublisher Pro Projects\NBIA Online Help\Output\WebWorks Help 5.0\NBIA Online Help\Searching NBIA.4.2.html" anchor="1096502" fileposition="21" first="false" /></Entry><Entry name="selection boxes" sort="selection boxes"><Content xmlns="urn:WebWorks-Document-Schema"><TextRun><Text value="selection boxes" /></TextRun></Content><Link href="C:\Documents and Settings\hadfielj\My Documents\ePublisher Pro Projects\NBIA Online Help\Output\WebWorks Help 5.0\NBIA Online Help\Searching NBIA.4.2.html" anchor="1096502" fileposition="21" first="false" /></Entry><Entry name="text fields" sort="text fields"><Content xmlns="urn:WebWorks-Document-Schema"><TextRun><Text value="text fields" /></TextRun></Content><Link href="C:\Documents and Settings\hadfielj\My Documents\ePublisher Pro Projects\NBIA Online Help\Output\WebWorks Help 5.0\NBIA Online Help\Searching NBIA.4.2.html" anchor="1096502" fileposition="21" first="false" /></Entry></Entry>
<Entry id="2_92" name="search results" sort="search results"><Content xmlns="urn:WebWorks-Document-Schema"><TextRun><Text value="search results" /></TextRun></Content><Entry name="By Subject" sort="By Subject"><Content xmlns="urn:WebWorks-Document-Schema"><TextRun><Text value="By Subject" /></TextRun></Content><Link href="C:\Documents and Settings\hadfielj\My Documents\ePublisher Pro Projects\NBIA Online Help\Output\WebWorks Help 5.0\NBIA Online Help\Viewing Search Results.5.3.html" anchor="1217442" fileposition="35" first="false" /></Entry><Entry name="Images for Series" sort="Images for Series"><Content xmlns="urn:WebWorks-Document-Schema"><TextRun><Text value="Images for Series" /></TextRun></Content><Link href="C:\Documents and Settings\hadfielj\My Documents\ePublisher Pro Projects\NBIA Online Help\Output\WebWorks Help 5.0\NBIA Online Help\Viewing Search Results.5.5.html" anchor="1173049" fileposition="37" first="false" /></Entry><Entry name="Studies for Subject" sort="Studies for Subject"><Content xmlns="urn:WebWorks-Document-Schema"><TextRun><Text value="Studies for Subject" /></TextRun></Content><Link href="C:\Documents and Settings\hadfielj\My Documents\ePublisher Pro Projects\NBIA Online Help\Output\WebWorks Help 5.0\NBIA Online Help\Viewing Search Results.5.4.html" anchor="1069368" fileposition="36" first="false" /><Link href="C:\Documents and Settings\hadfielj\My Documents\ePublisher Pro Projects\NBIA Online Help\Output\WebWorks Help 5.0\NBIA Online Help\Viewing Search Results.5.4.html" anchor="1198290" fileposition="36" first="false" /></Entry></Entry>
<Entry id="2_93" name="searching" sort="searching"><Content xmlns="urn:WebWorks-Document-Schema"><TextRun><Text value="searching" /></TextRun></Content><Entry name="remote sites" sort="remote sites"><Content xmlns="urn:WebWorks-Document-Schema"><TextRun><Text value="remote sites" /></TextRun></Content><Link href="C:\Documents and Settings\hadfielj\My Documents\ePublisher Pro Projects\NBIA Online Help\Output\WebWorks Help 5.0\NBIA Online Help\Searching NBIA.4.7.html" anchor="1197867" fileposition="26" first="false" /></Entry><Entry name="shared list" sort="shared list"><Content xmlns="urn:WebWorks-Document-Schema"><TextRun><Text value="shared list" /></TextRun></Content><Link href="C:\Documents and Settings\hadfielj\My Documents\ePublisher Pro Projects\NBIA Online Help\Output\WebWorks Help 5.0\NBIA Online Help\Viewing Search Results.5.13.html" anchor="1216018" fileposition="45" first="false" /></Entry></Entry>
<Entry id="2_94" name="series, number of" sort="series, number of"><Content xmlns="urn:WebWorks-Document-Schema"><TextRun><Text value="series, number of" /></TextRun></Content><Link href="C:\Documents and Settings\hadfielj\My Documents\ePublisher Pro Projects\NBIA Online Help\Output\WebWorks Help 5.0\NBIA Online Help\Viewing Search Results.5.3.html" anchor="1069053" fileposition="35" first="false" /></Entry>
<Entry id="2_95" name="shared list" sort="shared list"><Content xmlns="urn:WebWorks-Document-Schema"><TextRun><Text value="shared list" /></TextRun></Content><Entry name="creating" sort="creating"><Content xmlns="urn:WebWorks-Document-Schema"><TextRun><Text value="creating" /></TextRun></Content><Link href="C:\Documents and Settings\hadfielj\My Documents\ePublisher Pro Projects\NBIA Online Help\Output\WebWorks Help 5.0\NBIA Online Help\Viewing Search Results.5.11.html" anchor="1216046" fileposition="43" first="false" /></Entry><Entry name="editing" sort="editing"><Content xmlns="urn:WebWorks-Document-Schema"><TextRun><Text value="editing" /></TextRun></Content><Link href="C:\Documents and Settings\hadfielj\My Documents\ePublisher Pro Projects\NBIA Online Help\Output\WebWorks Help 5.0\NBIA Online Help\Viewing Search Results.5.12.html" anchor="1215981" fileposition="44" first="false" /></Entry><Entry name="exporting" sort="exporting"><Content xmlns="urn:WebWorks-Document-Schema"><TextRun><Text value="exporting" /></TextRun></Content><Link href="C:\Documents and Settings\hadfielj\My Documents\ePublisher Pro Projects\NBIA Online Help\Output\WebWorks Help 5.0\NBIA Online Help\Viewing Search Results.5.14.html" anchor="1217979" fileposition="46" first="false" /></Entry><Entry name="searching" sort="searching"><Content xmlns="urn:WebWorks-Document-Schema"><TextRun><Text value="searching" /></TextRun></Content><Link href="C:\Documents and Settings\hadfielj\My Documents\ePublisher Pro Projects\NBIA Online Help\Output\WebWorks Help 5.0\NBIA Online Help\Viewing Search Results.5.13.html" anchor="1216018" fileposition="45" first="false" /></Entry></Entry>
<Entry id="2_96" name="simple search" sort="simple search"><Content xmlns="urn:WebWorks-Document-Schema"><TextRun><Text value="simple search" /></TextRun></Content><Link href="C:\Documents and Settings\hadfielj\My Documents\ePublisher Pro Projects\NBIA Online Help\Output\WebWorks Help 5.0\NBIA Online Help\Searching NBIA.4.3.html" anchor="1066742" fileposition="22" first="false" /></Entry>
<Entry id="2_97" name="site map" sort="site map"><Content xmlns="urn:WebWorks-Document-Schema"><TextRun><Text value="site map" /></TextRun></Content><Link href="C:\Documents and Settings\hadfielj\My Documents\ePublisher Pro Projects\NBIA Online Help\Output\WebWorks Help 5.0\NBIA Online Help\Getting Started.3.14.html" anchor="1090633" fileposition="16" first="false" /></Entry>
<Entry id="2_98" name="Studies for Subject search results" sort="Studies for Subject search results"><Content xmlns="urn:WebWorks-Document-Schema"><TextRun><Text value="Studies for Subject search results" /></TextRun></Content><Link href="C:\Documents and Settings\hadfielj\My Documents\ePublisher Pro Projects\NBIA Online Help\Output\WebWorks Help 5.0\NBIA Online Help\Viewing Search Results.5.4.html" anchor="1069368" fileposition="36" first="false" /><Link href="C:\Documents and Settings\hadfielj\My Documents\ePublisher Pro Projects\NBIA Online Help\Output\WebWorks Help 5.0\NBIA Online Help\Viewing Search Results.5.4.html" anchor="1198290" fileposition="36" first="false" /></Entry>
<Entry id="2_99" name="studies, number of" sort="studies, number of"><Content xmlns="urn:WebWorks-Document-Schema"><TextRun><Text value="studies, number of" /></TextRun></Content><Link href="C:\Documents and Settings\hadfielj\My Documents\ePublisher Pro Projects\NBIA Online Help\Output\WebWorks Help 5.0\NBIA Online Help\Viewing Search Results.5.3.html" anchor="1069049" fileposition="35" first="false" /></Entry>
<Entry id="2_100" name="submitting images" sort="submitting images"><Content xmlns="urn:WebWorks-Document-Schema"><TextRun><Text value="submitting images" /></TextRun></Content><Entry name="CTP client" sort="CTP client"><Content xmlns="urn:WebWorks-Document-Schema"><TextRun><Text value="CTP client" /></TextRun></Content><Link href="C:\Documents and Settings\hadfielj\My Documents\ePublisher Pro Projects\NBIA Online Help\Output\WebWorks Help 5.0\NBIA Online Help\Submitting Images.6.3.html" anchor="1184981" fileposition="53" first="false" /></Entry><Entry name="overview" sort="overview"><Content xmlns="urn:WebWorks-Document-Schema"><TextRun><Text value="overview" /></TextRun></Content><Link href="C:\Documents and Settings\hadfielj\My Documents\ePublisher Pro Projects\NBIA Online Help\Output\WebWorks Help 5.0\NBIA Online Help\Submitting Images.6.2.html" anchor="1187566" fileposition="52" first="false" /></Entry><Entry name="troubleshooting" sort="troubleshooting"><Content xmlns="urn:WebWorks-Document-Schema"><TextRun><Text value="troubleshooting" /></TextRun></Content><Link href="C:\Documents and Settings\hadfielj\My Documents\ePublisher Pro Projects\NBIA Online Help\Output\WebWorks Help 5.0\NBIA Online Help\Submitting Images.6.5.html" anchor="1187202" fileposition="55" first="false" /></Entry><Entry name="using FileSender" sort="using FileSender"><Content xmlns="urn:WebWorks-Document-Schema"><TextRun><Text value="using FileSender" /></TextRun></Content><Link href="C:\Documents and Settings\hadfielj\My Documents\ePublisher Pro Projects\NBIA Online Help\Output\WebWorks Help 5.0\NBIA Online Help\Submitting Images.6.4.html" anchor="1186739" fileposition="54" first="false" /></Entry></Entry>
<Entry id="2_101" name="submitting images   See also CTP" sort="submitting images   See also CTP"><Content xmlns="urn:WebWorks-Document-Schema"><TextRun><Text value="submitting images   See also CTP" /></TextRun></Content></Entry>
</Group>

<Group id="2_102" name="T" sort="T">
</Group>

<Group id="2_103" name="U" sort="U">
<Entry id="2_104" name="UPT" sort="UPT"><Content xmlns="urn:WebWorks-Document-Schema"><TextRun><Text value="UPT" /></TextRun></Content><Entry name="assigning user group to protection group" sort="assigning user group to protection group"><Content xmlns="urn:WebWorks-Document-Schema"><TextRun><Text value="assigning user group to protection group" /></TextRun></Content><Link href="C:\Documents and Settings\hadfielj\My Documents\ePublisher Pro Projects\NBIA Online Help\Output\WebWorks Help 5.0\NBIA Online Help\Submitting Images.6.13.html" anchor="1197891" fileposition="63" first="false" /></Entry><Entry name="assigning user to protection group" sort="assigning user to protection group"><Content xmlns="urn:WebWorks-Document-Schema"><TextRun><Text value="assigning user to protection group" /></TextRun></Content><Link href="C:\Documents and Settings\hadfielj\My Documents\ePublisher Pro Projects\NBIA Online Help\Output\WebWorks Help 5.0\NBIA Online Help\Submitting Images.6.12.html" anchor="1197654" fileposition="62" first="false" /></Entry><Entry name="creating protection element" sort="creating protection element"><Content xmlns="urn:WebWorks-Document-Schema"><TextRun><Text value="creating protection element" /></TextRun></Content><Link href="C:\Documents and Settings\hadfielj\My Documents\ePublisher Pro Projects\NBIA Online Help\Output\WebWorks Help 5.0\NBIA Online Help\Submitting Images.6.7.html" anchor="1183700" fileposition="57" first="false" /></Entry><Entry name="creating protection group" sort="creating protection group"><Content xmlns="urn:WebWorks-Document-Schema"><TextRun><Text value="creating protection group" /></TextRun></Content><Link href="C:\Documents and Settings\hadfielj\My Documents\ePublisher Pro Projects\NBIA Online Help\Output\WebWorks Help 5.0\NBIA Online Help\Submitting Images.6.10.html" anchor="1196354" fileposition="60" first="false" /></Entry><Entry name="security for submitted images" sort="security for submitted images"><Content xmlns="urn:WebWorks-Document-Schema"><TextRun><Text value="security for submitted images" /></TextRun></Content><Link href="C:\Documents and Settings\hadfielj\My Documents\ePublisher Pro Projects\NBIA Online Help\Output\WebWorks Help 5.0\NBIA Online Help\Submitting Images.6.6.html" anchor="1183928" fileposition="56" first="false" /></Entry></Entry>
<Entry id="2_105" name="user" sort="user"><Content xmlns="urn:WebWorks-Document-Schema"><TextRun><Text value="user" /></TextRun></Content><Entry name="creating account" sort="creating account"><Content xmlns="urn:WebWorks-Document-Schema"><TextRun><Text value="creating account" /></TextRun></Content><Link href="C:\Documents and Settings\hadfielj\My Documents\ePublisher Pro Projects\NBIA Online Help\Output\WebWorks Help 5.0\NBIA Online Help\Getting Started.3.3.html" anchor="1084810" fileposition="5" first="false" /></Entry><Entry name="creating new" sort="creating new"><Content xmlns="urn:WebWorks-Document-Schema"><TextRun><Text value="creating new" /></TextRun></Content><Link href="C:\Documents and Settings\hadfielj\My Documents\ePublisher Pro Projects\NBIA Online Help\Output\WebWorks Help 5.0\NBIA Online Help\NBIA admin.7.3.html" anchor="1106199" fileposition="67" first="false" /></Entry><Entry name="login" sort="login"><Content xmlns="urn:WebWorks-Document-Schema"><TextRun><Text value="login" /></TextRun></Content><Link href="C:\Documents and Settings\hadfielj\My Documents\ePublisher Pro Projects\NBIA Online Help\Output\WebWorks Help 5.0\NBIA Online Help\Getting Started.3.5.html" anchor="1084683" fileposition="7" first="false" /></Entry></Entry>
</Group>

<Group id="2_106" name="V" sort="V">
<Entry id="2_107" name="viewing" sort="viewing"><Content xmlns="urn:WebWorks-Document-Schema"><TextRun><Text value="viewing" /></TextRun></Content><Entry name="Query History" sort="Query History"><Content xmlns="urn:WebWorks-Document-Schema"><TextRun><Text value="Query History" /></TextRun></Content><Link href="C:\Documents and Settings\hadfielj\My Documents\ePublisher Pro Projects\NBIA Online Help\Output\WebWorks Help 5.0\NBIA Online Help\Searching NBIA.4.12.html" anchor="1116238" fileposition="31" first="false" /></Entry><Entry name="saved queries" sort="saved queries"><Content xmlns="urn:WebWorks-Document-Schema"><TextRun><Text value="saved queries" /></TextRun></Content><Link href="C:\Documents and Settings\hadfielj\My Documents\ePublisher Pro Projects\NBIA Online Help\Output\WebWorks Help 5.0\NBIA Online Help\Searching NBIA.4.10.html" anchor="1095013" fileposition="29" first="false" /></Entry></Entry>
<Entry id="2_108" name="viewing submitted images" sort="viewing submitted images"><Content xmlns="urn:WebWorks-Document-Schema"><TextRun><Text value="viewing submitted images" /></TextRun></Content><Link href="C:\Documents and Settings\hadfielj\My Documents\ePublisher Pro Projects\NBIA Online Help\Output\WebWorks Help 5.0\NBIA Online Help\NBIA admin.7.10.html" anchor="1110666" fileposition="74" first="false" /></Entry>
<Entry id="2_109" name="Visualize Images button" sort="Visualize Images button"><Content xmlns="urn:WebWorks-Document-Schema"><TextRun><Text value="Visualize Images button" /></TextRun></Content><Link href="C:\Documents and Settings\hadfielj\My Documents\ePublisher Pro Projects\NBIA Online Help\Output\WebWorks Help 5.0\NBIA Online Help\Viewing Search Results.5.4.html" anchor="1198290" fileposition="36" first="false" /></Entry>
<Entry id="2_110" name="visualizing images, (Studies for Subject)" sort="visualizing images, (Studies for Subject)"><Content xmlns="urn:WebWorks-Document-Schema"><TextRun><Text value="visualizing images, (Studies for Subject)" /></TextRun></Content><Link href="C:\Documents and Settings\hadfielj\My Documents\ePublisher Pro Projects\NBIA Online Help\Output\WebWorks Help 5.0\NBIA Online Help\Viewing Search Results.5.4.html" anchor="1198290" fileposition="36" first="false" /></Entry>
</Group>

<Group id="2_111" name="W" sort="W">
</Group>

<Group id="2_112" name="X" sort="X">
</Group>

<Group id="2_113" name="Y" sort="Y">
</Group>

<Group id="2_114" name="Z" sort="Z">
</Group>
</Section>
</Index>