<?xml version="1.0" encoding="utf-8"?>
<Report version="1.0" xmlns="urn:WebWorks-Reports-Schema">
  <Entry context="accessibility" type="missing-image-long-description" severity="warning">
    <Description>Image is missing a long description.</Description>
    <Navigation context="source">
      <Link protocol="adapter">
        <Data key="Path" value="C:\Documents and Settings\hadfielj\My Documents\CBIIT Projects\NBIA\NBIA 4.4 user guide and online help\using online help.fm" />
        <Data key="DocumentID" value="50DE15889223FD71" />
        <Data key="ID" value="1222237" />
      </Link>
    </Navigation>
    <Navigation context="output">
      <wwreport:Link protocol="uri" xmlns:wwreport="urn:WebWorks-Reports-Schema">
        <wwreport:Data key="URI" value="file:///C:/Documents%20and%20Settings/hadfielj/My%20Documents/ePublisher%20Pro%20Projects/NBIA%20Online%20Help/Output/WebWorks%20Help%205.0/NBIA%20Online%20Help/using%20online%20help.2.1.html#1082572" />
      </wwreport:Link>
    </Navigation>
    <Navigation context="details">
      <Link protocol="wwh5api">
        <Data key="BaseURI" value="file:///C:/Program%20Files/WebWorks/ePublisher%20Pro/Help/en" />
        <Data key="Context" value="reports" />
        <Data key="Topic" value="images_without_long_desc" />
      </Link>
    </Navigation>
  </Entry>
  <Entry context="accessibility" type="missing-image-alt-text" severity="warning">
    <Description>Image is missing alternate text.</Description>
    <Navigation context="source">
      <Link protocol="adapter">
        <Data key="Path" value="C:\Documents and Settings\hadfielj\My Documents\CBIIT Projects\NBIA\NBIA 4.4 user guide and online help\using online help.fm" />
        <Data key="DocumentID" value="50DE15889223FD71" />
        <Data key="ID" value="1222362" />
      </Link>
    </Navigation>
    <Navigation context="output">
      <wwreport:Link protocol="uri" xmlns:wwreport="urn:WebWorks-Reports-Schema">
        <wwreport:Data key="URI" value="file:///C:/Documents%20and%20Settings/hadfielj/My%20Documents/ePublisher%20Pro%20Projects/NBIA%20Online%20Help/Output/WebWorks%20Help%205.0/NBIA%20Online%20Help/using%20online%20help.2.1.html#1222301" />
      </wwreport:Link>
    </Navigation>
    <Navigation context="details">
      <Link protocol="wwh5api">
        <Data key="BaseURI" value="file:///C:/Program%20Files/WebWorks/ePublisher%20Pro/Help/en" />
        <Data key="Context" value="reports" />
        <Data key="Topic" value="images_without_alt_text" />
      </Link>
    </Navigation>
  </Entry>
  <Entry context="accessibility" type="missing-image-long-description" severity="warning">
    <Description>Image is missing a long description.</Description>
    <Navigation context="source">
      <Link protocol="adapter">
        <Data key="Path" value="C:\Documents and Settings\hadfielj\My Documents\CBIIT Projects\NBIA\NBIA 4.4 user guide and online help\using online help.fm" />
        <Data key="DocumentID" value="50DE15889223FD71" />
        <Data key="ID" value="1222362" />
      </Link>
    </Navigation>
    <Navigation context="output">
      <wwreport:Link protocol="uri" xmlns:wwreport="urn:WebWorks-Reports-Schema">
        <wwreport:Data key="URI" value="file:///C:/Documents%20and%20Settings/hadfielj/My%20Documents/ePublisher%20Pro%20Projects/NBIA%20Online%20Help/Output/WebWorks%20Help%205.0/NBIA%20Online%20Help/using%20online%20help.2.1.html#1222301" />
      </wwreport:Link>
    </Navigation>
    <Navigation context="details">
      <Link protocol="wwh5api">
        <Data key="BaseURI" value="file:///C:/Program%20Files/WebWorks/ePublisher%20Pro/Help/en" />
        <Data key="Context" value="reports" />
        <Data key="Topic" value="images_without_long_desc" />
      </Link>
    </Navigation>
  </Entry>
  <Entry context="accessibility" type="missing-image-alt-text" severity="warning">
    <Description>Image is missing alternate text.</Description>
    <Navigation context="source">
      <Link protocol="adapter">
        <Data key="Path" value="C:\Documents and Settings\hadfielj\My Documents\CBIIT Projects\NBIA\NBIA 4.4 user guide and online help\using online help.fm" />
        <Data key="DocumentID" value="50DE15889223FD71" />
        <Data key="ID" value="1082588" />
      </Link>
    </Navigation>
    <Navigation context="output">
      <wwreport:Link protocol="uri" xmlns:wwreport="urn:WebWorks-Reports-Schema">
        <wwreport:Data key="URI" value="file:///C:/Documents%20and%20Settings/hadfielj/My%20Documents/ePublisher%20Pro%20Projects/NBIA%20Online%20Help/Output/WebWorks%20Help%205.0/NBIA%20Online%20Help/using%20online%20help.2.1.html#1082586" />
      </wwreport:Link>
    </Navigation>
    <Navigation context="details">
      <Link protocol="wwh5api">
        <Data key="BaseURI" value="file:///C:/Program%20Files/WebWorks/ePublisher%20Pro/Help/en" />
        <Data key="Context" value="reports" />
        <Data key="Topic" value="images_without_alt_text" />
      </Link>
    </Navigation>
  </Entry>
  <Entry context="accessibility" type="missing-image-long-description" severity="warning">
    <Description>Image is missing a long description.</Description>
    <Navigation context="source">
      <Link protocol="adapter">
        <Data key="Path" value="C:\Documents and Settings\hadfielj\My Documents\CBIIT Projects\NBIA\NBIA 4.4 user guide and online help\using online help.fm" />
        <Data key="DocumentID" value="50DE15889223FD71" />
        <Data key="ID" value="1082588" />
      </Link>
    </Navigation>
    <Navigation context="output">
      <wwreport:Link protocol="uri" xmlns:wwreport="urn:WebWorks-Reports-Schema">
        <wwreport:Data key="URI" value="file:///C:/Documents%20and%20Settings/hadfielj/My%20Documents/ePublisher%20Pro%20Projects/NBIA%20Online%20Help/Output/WebWorks%20Help%205.0/NBIA%20Online%20Help/using%20online%20help.2.1.html#1082586" />
      </wwreport:Link>
    </Navigation>
    <Navigation context="details">
      <Link protocol="wwh5api">
        <Data key="BaseURI" value="file:///C:/Program%20Files/WebWorks/ePublisher%20Pro/Help/en" />
        <Data key="Context" value="reports" />
        <Data key="Topic" value="images_without_long_desc" />
      </Link>
    </Navigation>
  </Entry>
  <Entry context="accessibility" type="missing-image-alt-text" severity="warning">
    <Description>Image is missing alternate text.</Description>
    <Navigation context="source">
      <Link protocol="adapter">
        <Data key="Path" value="C:\Documents and Settings\hadfielj\My Documents\CBIIT Projects\NBIA\NBIA 4.4 user guide and online help\using online help.fm" />
        <Data key="DocumentID" value="50DE15889223FD71" />
        <Data key="ID" value="1082593" />
      </Link>
    </Navigation>
    <Navigation context="output">
      <wwreport:Link protocol="uri" xmlns:wwreport="urn:WebWorks-Reports-Schema">
        <wwreport:Data key="URI" value="file:///C:/Documents%20and%20Settings/hadfielj/My%20Documents/ePublisher%20Pro%20Projects/NBIA%20Online%20Help/Output/WebWorks%20Help%205.0/NBIA%20Online%20Help/using%20online%20help.2.1.html#1082595" />
      </wwreport:Link>
    </Navigation>
    <Navigation context="details">
      <Link protocol="wwh5api">
        <Data key="BaseURI" value="file:///C:/Program%20Files/WebWorks/ePublisher%20Pro/Help/en" />
        <Data key="Context" value="reports" />
        <Data key="Topic" value="images_without_alt_text" />
      </Link>
    </Navigation>
  </Entry>
  <Entry context="accessibility" type="missing-image-long-description" severity="warning">
    <Description>Image is missing a long description.</Description>
    <Navigation context="source">
      <Link protocol="adapter">
        <Data key="Path" value="C:\Documents and Settings\hadfielj\My Documents\CBIIT Projects\NBIA\NBIA 4.4 user guide and online help\using online help.fm" />
        <Data key="DocumentID" value="50DE15889223FD71" />
        <Data key="ID" value="1082593" />
      </Link>
    </Navigation>
    <Navigation context="output">
      <wwreport:Link protocol="uri" xmlns:wwreport="urn:WebWorks-Reports-Schema">
        <wwreport:Data key="URI" value="file:///C:/Documents%20and%20Settings/hadfielj/My%20Documents/ePublisher%20Pro%20Projects/NBIA%20Online%20Help/Output/WebWorks%20Help%205.0/NBIA%20Online%20Help/using%20online%20help.2.1.html#1082595" />
      </wwreport:Link>
    </Navigation>
    <Navigation context="details">
      <Link protocol="wwh5api">
        <Data key="BaseURI" value="file:///C:/Program%20Files/WebWorks/ePublisher%20Pro/Help/en" />
        <Data key="Context" value="reports" />
        <Data key="Topic" value="images_without_long_desc" />
      </Link>
    </Navigation>
  </Entry>
  <Entry context="accessibility" type="missing-table-summary" severity="warning">
    <Description>Table is missing a table summary.</Description>
    <Navigation context="source">
      <Link protocol="adapter">
        <Data key="Path" value="C:\Documents and Settings\hadfielj\My Documents\CBIIT Projects\NBIA\NBIA 4.4 user guide and online help\Getting Started.fm" />
        <Data key="DocumentID" value="44322942C368F94" />
        <Data key="ID" value="1096295" />
      </Link>
    </Navigation>
    <Navigation context="output">
      <wwreport:Link protocol="uri" xmlns:wwreport="urn:WebWorks-Reports-Schema">
        <wwreport:Data key="URI" value="file:///C:/Documents%20and%20Settings/hadfielj/My%20Documents/ePublisher%20Pro%20Projects/NBIA%20Online%20Help/Output/WebWorks%20Help%205.0/NBIA%20Online%20Help/Getting%20Started.3.8.html#1096343" />
      </wwreport:Link>
    </Navigation>
    <Navigation context="details">
      <Link protocol="wwh5api">
        <Data key="BaseURI" value="file:///C:/Program%20Files/WebWorks/ePublisher%20Pro/Help/en" />
        <Data key="Context" value="reports" />
        <Data key="Topic" value="tables_without_summaries" />
      </Link>
    </Navigation>
  </Entry>
  <Entry context="accessibility" type="missing-table-summary" severity="warning">
    <Description>Table is missing a table summary.</Description>
    <Navigation context="source">
      <Link protocol="adapter">
        <Data key="Path" value="C:\Documents and Settings\hadfielj\My Documents\CBIIT Projects\NBIA\NBIA 4.4 user guide and online help\Getting Started.fm" />
        <Data key="DocumentID" value="44322942C368F94" />
        <Data key="ID" value="1064741" />
      </Link>
    </Navigation>
    <Navigation context="output">
      <wwreport:Link protocol="uri" xmlns:wwreport="urn:WebWorks-Reports-Schema">
        <wwreport:Data key="URI" value="file:///C:/Documents%20and%20Settings/hadfielj/My%20Documents/ePublisher%20Pro%20Projects/NBIA%20Online%20Help/Output/WebWorks%20Help%205.0/NBIA%20Online%20Help/Getting%20Started.3.9.html#1064985" />
      </wwreport:Link>
    </Navigation>
    <Navigation context="details">
      <Link protocol="wwh5api">
        <Data key="BaseURI" value="file:///C:/Program%20Files/WebWorks/ePublisher%20Pro/Help/en" />
        <Data key="Context" value="reports" />
        <Data key="Topic" value="tables_without_summaries" />
      </Link>
    </Navigation>
  </Entry>
  <Entry context="accessibility" type="missing-table-summary" severity="warning">
    <Description>Table is missing a table summary.</Description>
    <Navigation context="source">
      <Link protocol="adapter">
        <Data key="Path" value="C:\Documents and Settings\hadfielj\My Documents\CBIIT Projects\NBIA\NBIA 4.4 user guide and online help\Getting Started.fm" />
        <Data key="DocumentID" value="44322942C368F94" />
        <Data key="ID" value="1089164" />
      </Link>
    </Navigation>
    <Navigation context="output">
      <wwreport:Link protocol="uri" xmlns:wwreport="urn:WebWorks-Reports-Schema">
        <wwreport:Data key="URI" value="file:///C:/Documents%20and%20Settings/hadfielj/My%20Documents/ePublisher%20Pro%20Projects/NBIA%20Online%20Help/Output/WebWorks%20Help%205.0/NBIA%20Online%20Help/Getting%20Started.3.10.html#1103173" />
      </wwreport:Link>
    </Navigation>
    <Navigation context="details">
      <Link protocol="wwh5api">
        <Data key="BaseURI" value="file:///C:/Program%20Files/WebWorks/ePublisher%20Pro/Help/en" />
        <Data key="Context" value="reports" />
        <Data key="Topic" value="tables_without_summaries" />
      </Link>
    </Navigation>
  </Entry>
  <Entry context="accessibility" type="missing-table-summary" severity="warning">
    <Description>Table is missing a table summary.</Description>
    <Navigation context="source">
      <Link protocol="adapter">
        <Data key="Path" value="C:\Documents and Settings\hadfielj\My Documents\CBIIT Projects\NBIA\NBIA 4.4 user guide and online help\Getting Started.fm" />
        <Data key="DocumentID" value="44322942C368F94" />
        <Data key="ID" value="1066478" />
      </Link>
    </Navigation>
    <Navigation context="output">
      <wwreport:Link protocol="uri" xmlns:wwreport="urn:WebWorks-Reports-Schema">
        <wwreport:Data key="URI" value="file:///C:/Documents%20and%20Settings/hadfielj/My%20Documents/ePublisher%20Pro%20Projects/NBIA%20Online%20Help/Output/WebWorks%20Help%205.0/NBIA%20Online%20Help/Getting%20Started.3.11.html#1066532" />
      </wwreport:Link>
    </Navigation>
    <Navigation context="details">
      <Link protocol="wwh5api">
        <Data key="BaseURI" value="file:///C:/Program%20Files/WebWorks/ePublisher%20Pro/Help/en" />
        <Data key="Context" value="reports" />
        <Data key="Topic" value="tables_without_summaries" />
      </Link>
    </Navigation>
  </Entry>
  <Entry context="accessibility" type="missing-table-summary" severity="warning">
    <Description>Table is missing a table summary.</Description>
    <Navigation context="source">
      <Link protocol="adapter">
        <Data key="Path" value="C:\Documents and Settings\hadfielj\My Documents\CBIIT Projects\NBIA\NBIA 4.4 user guide and online help\Getting Started.fm" />
        <Data key="DocumentID" value="44322942C368F94" />
        <Data key="ID" value="1090557" />
      </Link>
    </Navigation>
    <Navigation context="output">
      <wwreport:Link protocol="uri" xmlns:wwreport="urn:WebWorks-Reports-Schema">
        <wwreport:Data key="URI" value="file:///C:/Documents%20and%20Settings/hadfielj/My%20Documents/ePublisher%20Pro%20Projects/NBIA%20Online%20Help/Output/WebWorks%20Help%205.0/NBIA%20Online%20Help/Getting%20Started.3.13.html#1091907" />
      </wwreport:Link>
    </Navigation>
    <Navigation context="details">
      <Link protocol="wwh5api">
        <Data key="BaseURI" value="file:///C:/Program%20Files/WebWorks/ePublisher%20Pro/Help/en" />
        <Data key="Context" value="reports" />
        <Data key="Topic" value="tables_without_summaries" />
      </Link>
    </Navigation>
  </Entry>
  <Entry context="accessibility" type="missing-table-summary" severity="warning">
    <Description>Table is missing a table summary.</Description>
    <Navigation context="source">
      <Link protocol="adapter">
        <Data key="Path" value="C:\Documents and Settings\hadfielj\My Documents\CBIIT Projects\NBIA\NBIA 4.4 user guide and online help\Getting Started.fm" />
        <Data key="DocumentID" value="44322942C368F94" />
        <Data key="ID" value="1086241" />
      </Link>
    </Navigation>
    <Navigation context="output">
      <wwreport:Link protocol="uri" xmlns:wwreport="urn:WebWorks-Reports-Schema">
        <wwreport:Data key="URI" value="file:///C:/Documents%20and%20Settings/hadfielj/My%20Documents/ePublisher%20Pro%20Projects/NBIA%20Online%20Help/Output/WebWorks%20Help%205.0/NBIA%20Online%20Help/Getting%20Started.3.15.html#1086288" />
      </wwreport:Link>
    </Navigation>
    <Navigation context="details">
      <Link protocol="wwh5api">
        <Data key="BaseURI" value="file:///C:/Program%20Files/WebWorks/ePublisher%20Pro/Help/en" />
        <Data key="Context" value="reports" />
        <Data key="Topic" value="tables_without_summaries" />
      </Link>
    </Navigation>
  </Entry>
  <Entry context="accessibility" type="missing-image-long-description" severity="warning">
    <Description>Image is missing a long description.</Description>
    <Navigation context="source">
      <Link protocol="adapter">
        <Data key="Path" value="C:\Documents and Settings\hadfielj\My Documents\CBIIT Projects\NBIA\NBIA 4.4 user guide and online help\Getting Started.fm" />
        <Data key="DocumentID" value="44322942C368F94" />
        <Data key="ID" value="1158292" />
      </Link>
    </Navigation>
    <Navigation context="output">
      <wwreport:Link protocol="uri" xmlns:wwreport="urn:WebWorks-Reports-Schema">
        <wwreport:Data key="URI" value="file:///C:/Documents%20and%20Settings/hadfielj/My%20Documents/ePublisher%20Pro%20Projects/NBIA%20Online%20Help/Output/WebWorks%20Help%205.0/NBIA%20Online%20Help/Getting%20Started.3.17.html#1158290" />
      </wwreport:Link>
    </Navigation>
    <Navigation context="details">
      <Link protocol="wwh5api">
        <Data key="BaseURI" value="file:///C:/Program%20Files/WebWorks/ePublisher%20Pro/Help/en" />
        <Data key="Context" value="reports" />
        <Data key="Topic" value="images_without_long_desc" />
      </Link>
    </Navigation>
  </Entry>
  <Entry context="accessibility" type="missing-table-summary" severity="warning">
    <Description>Table is missing a table summary.</Description>
    <Navigation context="source">
      <Link protocol="adapter">
        <Data key="Path" value="C:\Documents and Settings\hadfielj\My Documents\CBIIT Projects\NBIA\NBIA 4.4 user guide and online help\Searching NBIA.fm" />
        <Data key="DocumentID" value="1828CEDCEA21F4" />
        <Data key="ID" value="1095940" />
      </Link>
    </Navigation>
    <Navigation context="output">
      <wwreport:Link protocol="uri" xmlns:wwreport="urn:WebWorks-Reports-Schema">
        <wwreport:Data key="URI" value="file:///C:/Documents%20and%20Settings/hadfielj/My%20Documents/ePublisher%20Pro%20Projects/NBIA%20Online%20Help/Output/WebWorks%20Help%205.0/NBIA%20Online%20Help/Searching%20NBIA.4.2.html#1095943" />
      </wwreport:Link>
    </Navigation>
    <Navigation context="details">
      <Link protocol="wwh5api">
        <Data key="BaseURI" value="file:///C:/Program%20Files/WebWorks/ePublisher%20Pro/Help/en" />
        <Data key="Context" value="reports" />
        <Data key="Topic" value="tables_without_summaries" />
      </Link>
    </Navigation>
  </Entry>
  <Entry context="accessibility" type="missing-table-summary" severity="warning">
    <Description>Table is missing a table summary.</Description>
    <Navigation context="source">
      <Link protocol="adapter">
        <Data key="Path" value="C:\Documents and Settings\hadfielj\My Documents\CBIIT Projects\NBIA\NBIA 4.4 user guide and online help\Searching NBIA.fm" />
        <Data key="DocumentID" value="1828CEDCEA21F4" />
        <Data key="ID" value="1066744" />
      </Link>
    </Navigation>
    <Navigation context="output">
      <wwreport:Link protocol="uri" xmlns:wwreport="urn:WebWorks-Reports-Schema">
        <wwreport:Data key="URI" value="file:///C:/Documents%20and%20Settings/hadfielj/My%20Documents/ePublisher%20Pro%20Projects/NBIA%20Online%20Help/Output/WebWorks%20Help%205.0/NBIA%20Online%20Help/Searching%20NBIA.4.3.html#1066833" />
      </wwreport:Link>
    </Navigation>
    <Navigation context="details">
      <Link protocol="wwh5api">
        <Data key="BaseURI" value="file:///C:/Program%20Files/WebWorks/ePublisher%20Pro/Help/en" />
        <Data key="Context" value="reports" />
        <Data key="Topic" value="tables_without_summaries" />
      </Link>
    </Navigation>
  </Entry>
  <Entry context="accessibility" type="missing-image-long-description" severity="warning">
    <Description>Image is missing a long description.</Description>
    <Navigation context="source">
      <Link protocol="adapter">
        <Data key="Path" value="C:\Documents and Settings\hadfielj\My Documents\CBIIT Projects\NBIA\NBIA 4.4 user guide and online help\Searching NBIA.fm" />
        <Data key="DocumentID" value="1828CEDCEA21F4" />
        <Data key="ID" value="1067324" />
      </Link>
    </Navigation>
    <Navigation context="output">
      <wwreport:Link protocol="uri" xmlns:wwreport="urn:WebWorks-Reports-Schema">
        <wwreport:Data key="URI" value="file:///C:/Documents%20and%20Settings/hadfielj/My%20Documents/ePublisher%20Pro%20Projects/NBIA%20Online%20Help/Output/WebWorks%20Help%205.0/NBIA%20Online%20Help/Searching%20NBIA.4.3.html#1067306" />
      </wwreport:Link>
    </Navigation>
    <Navigation context="details">
      <Link protocol="wwh5api">
        <Data key="BaseURI" value="file:///C:/Program%20Files/WebWorks/ePublisher%20Pro/Help/en" />
        <Data key="Context" value="reports" />
        <Data key="Topic" value="images_without_long_desc" />
      </Link>
    </Navigation>
  </Entry>
  <Entry context="accessibility" type="missing-image-long-description" severity="warning">
    <Description>Image is missing a long description.</Description>
    <Navigation context="source">
      <Link protocol="adapter">
        <Data key="Path" value="C:\Documents and Settings\hadfielj\My Documents\CBIIT Projects\NBIA\NBIA 4.4 user guide and online help\Searching NBIA.fm" />
        <Data key="DocumentID" value="1828CEDCEA21F4" />
        <Data key="ID" value="1067351" />
      </Link>
    </Navigation>
    <Navigation context="output">
      <wwreport:Link protocol="uri" xmlns:wwreport="urn:WebWorks-Reports-Schema">
        <wwreport:Data key="URI" value="file:///C:/Documents%20and%20Settings/hadfielj/My%20Documents/ePublisher%20Pro%20Projects/NBIA%20Online%20Help/Output/WebWorks%20Help%205.0/NBIA%20Online%20Help/Searching%20NBIA.4.3.html#1067311" />
      </wwreport:Link>
    </Navigation>
    <Navigation context="details">
      <Link protocol="wwh5api">
        <Data key="BaseURI" value="file:///C:/Program%20Files/WebWorks/ePublisher%20Pro/Help/en" />
        <Data key="Context" value="reports" />
        <Data key="Topic" value="images_without_long_desc" />
      </Link>
    </Navigation>
  </Entry>
  <Entry context="accessibility" type="missing-table-summary" severity="warning">
    <Description>Table is missing a table summary.</Description>
    <Navigation context="source">
      <Link protocol="adapter">
        <Data key="Path" value="C:\Documents and Settings\hadfielj\My Documents\CBIIT Projects\NBIA\NBIA 4.4 user guide and online help\Searching NBIA.fm" />
        <Data key="DocumentID" value="1828CEDCEA21F4" />
        <Data key="ID" value="1208011" />
      </Link>
    </Navigation>
    <Navigation context="output">
      <wwreport:Link protocol="uri" xmlns:wwreport="urn:WebWorks-Reports-Schema">
        <wwreport:Data key="URI" value="file:///C:/Documents%20and%20Settings/hadfielj/My%20Documents/ePublisher%20Pro%20Projects/NBIA%20Online%20Help/Output/WebWorks%20Help%205.0/NBIA%20Online%20Help/Searching%20NBIA.4.4.html#1208098" />
      </wwreport:Link>
    </Navigation>
    <Navigation context="details">
      <Link protocol="wwh5api">
        <Data key="BaseURI" value="file:///C:/Program%20Files/WebWorks/ePublisher%20Pro/Help/en" />
        <Data key="Context" value="reports" />
        <Data key="Topic" value="tables_without_summaries" />
      </Link>
    </Navigation>
  </Entry>
  <Entry context="accessibility" type="missing-image-long-description" severity="warning">
    <Description>Image is missing a long description.</Description>
    <Navigation context="source">
      <Link protocol="adapter">
        <Data key="Path" value="C:\Documents and Settings\hadfielj\My Documents\CBIIT Projects\NBIA\NBIA 4.4 user guide and online help\Searching NBIA.fm" />
        <Data key="DocumentID" value="1828CEDCEA21F4" />
        <Data key="ID" value="1208043" />
      </Link>
    </Navigation>
    <Navigation context="output">
      <wwreport:Link protocol="uri" xmlns:wwreport="urn:WebWorks-Reports-Schema">
        <wwreport:Data key="URI" value="file:///C:/Documents%20and%20Settings/hadfielj/My%20Documents/ePublisher%20Pro%20Projects/NBIA%20Online%20Help/Output/WebWorks%20Help%205.0/NBIA%20Online%20Help/Searching%20NBIA.4.4.html#1208041" />
      </wwreport:Link>
    </Navigation>
    <Navigation context="details">
      <Link protocol="wwh5api">
        <Data key="BaseURI" value="file:///C:/Program%20Files/WebWorks/ePublisher%20Pro/Help/en" />
        <Data key="Context" value="reports" />
        <Data key="Topic" value="images_without_long_desc" />
      </Link>
    </Navigation>
  </Entry>
  <Entry context="accessibility" type="missing-image-long-description" severity="warning">
    <Description>Image is missing a long description.</Description>
    <Navigation context="source">
      <Link protocol="adapter">
        <Data key="Path" value="C:\Documents and Settings\hadfielj\My Documents\CBIIT Projects\NBIA\NBIA 4.4 user guide and online help\Searching NBIA.fm" />
        <Data key="DocumentID" value="1828CEDCEA21F4" />
        <Data key="ID" value="1208047" />
      </Link>
    </Navigation>
    <Navigation context="output">
      <wwreport:Link protocol="uri" xmlns:wwreport="urn:WebWorks-Reports-Schema">
        <wwreport:Data key="URI" value="file:///C:/Documents%20and%20Settings/hadfielj/My%20Documents/ePublisher%20Pro%20Projects/NBIA%20Online%20Help/Output/WebWorks%20Help%205.0/NBIA%20Online%20Help/Searching%20NBIA.4.4.html#1208045" />
      </wwreport:Link>
    </Navigation>
    <Navigation context="details">
      <Link protocol="wwh5api">
        <Data key="BaseURI" value="file:///C:/Program%20Files/WebWorks/ePublisher%20Pro/Help/en" />
        <Data key="Context" value="reports" />
        <Data key="Topic" value="images_without_long_desc" />
      </Link>
    </Navigation>
  </Entry>
  <Entry context="accessibility" type="missing-table-summary" severity="warning">
    <Description>Table is missing a table summary.</Description>
    <Navigation context="source">
      <Link protocol="adapter">
        <Data key="Path" value="C:\Documents and Settings\hadfielj\My Documents\CBIIT Projects\NBIA\NBIA 4.4 user guide and online help\Searching NBIA.fm" />
        <Data key="DocumentID" value="1828CEDCEA21F4" />
        <Data key="ID" value="1208116" />
      </Link>
    </Navigation>
    <Navigation context="output">
      <wwreport:Link protocol="uri" xmlns:wwreport="urn:WebWorks-Reports-Schema">
        <wwreport:Data key="URI" value="file:///C:/Documents%20and%20Settings/hadfielj/My%20Documents/ePublisher%20Pro%20Projects/NBIA%20Online%20Help/Output/WebWorks%20Help%205.0/NBIA%20Online%20Help/Searching%20NBIA.4.4.html#1208132" />
      </wwreport:Link>
    </Navigation>
    <Navigation context="details">
      <Link protocol="wwh5api">
        <Data key="BaseURI" value="file:///C:/Program%20Files/WebWorks/ePublisher%20Pro/Help/en" />
        <Data key="Context" value="reports" />
        <Data key="Topic" value="tables_without_summaries" />
      </Link>
    </Navigation>
  </Entry>
  <Entry context="accessibility" type="missing-table-summary" severity="warning">
    <Description>Table is missing a table summary.</Description>
    <Navigation context="source">
      <Link protocol="adapter">
        <Data key="Path" value="C:\Documents and Settings\hadfielj\My Documents\CBIIT Projects\NBIA\NBIA 4.4 user guide and online help\Searching NBIA.fm" />
        <Data key="DocumentID" value="1828CEDCEA21F4" />
        <Data key="ID" value="1208152" />
      </Link>
    </Navigation>
    <Navigation context="output">
      <wwreport:Link protocol="uri" xmlns:wwreport="urn:WebWorks-Reports-Schema">
        <wwreport:Data key="URI" value="file:///C:/Documents%20and%20Settings/hadfielj/My%20Documents/ePublisher%20Pro%20Projects/NBIA%20Online%20Help/Output/WebWorks%20Help%205.0/NBIA%20Online%20Help/Searching%20NBIA.4.4.html#1208177" />
      </wwreport:Link>
    </Navigation>
    <Navigation context="details">
      <Link protocol="wwh5api">
        <Data key="BaseURI" value="file:///C:/Program%20Files/WebWorks/ePublisher%20Pro/Help/en" />
        <Data key="Context" value="reports" />
        <Data key="Topic" value="tables_without_summaries" />
      </Link>
    </Navigation>
  </Entry>
  <Entry context="accessibility" type="missing-image-long-description" severity="warning">
    <Description>Image is missing a long description.</Description>
    <Navigation context="source">
      <Link protocol="adapter">
        <Data key="Path" value="C:\Documents and Settings\hadfielj\My Documents\CBIIT Projects\NBIA\NBIA 4.4 user guide and online help\Searching NBIA.fm" />
        <Data key="DocumentID" value="1828CEDCEA21F4" />
        <Data key="ID" value="1209420" />
      </Link>
    </Navigation>
    <Navigation context="output">
      <wwreport:Link protocol="uri" xmlns:wwreport="urn:WebWorks-Reports-Schema">
        <wwreport:Data key="URI" value="file:///C:/Documents%20and%20Settings/hadfielj/My%20Documents/ePublisher%20Pro%20Projects/NBIA%20Online%20Help/Output/WebWorks%20Help%205.0/NBIA%20Online%20Help/Searching%20NBIA.4.5.html#1208503" />
      </wwreport:Link>
    </Navigation>
    <Navigation context="details">
      <Link protocol="wwh5api">
        <Data key="BaseURI" value="file:///C:/Program%20Files/WebWorks/ePublisher%20Pro/Help/en" />
        <Data key="Context" value="reports" />
        <Data key="Topic" value="images_without_long_desc" />
      </Link>
    </Navigation>
  </Entry>
  <Entry context="accessibility" type="missing-image-long-description" severity="warning">
    <Description>Image is missing a long description.</Description>
    <Navigation context="source">
      <Link protocol="adapter">
        <Data key="Path" value="C:\Documents and Settings\hadfielj\My Documents\CBIIT Projects\NBIA\NBIA 4.4 user guide and online help\Searching NBIA.fm" />
        <Data key="DocumentID" value="1828CEDCEA21F4" />
        <Data key="ID" value="1209513" />
      </Link>
    </Navigation>
    <Navigation context="output">
      <wwreport:Link protocol="uri" xmlns:wwreport="urn:WebWorks-Reports-Schema">
        <wwreport:Data key="URI" value="file:///C:/Documents%20and%20Settings/hadfielj/My%20Documents/ePublisher%20Pro%20Projects/NBIA%20Online%20Help/Output/WebWorks%20Help%205.0/NBIA%20Online%20Help/Searching%20NBIA.4.5.html#1209476" />
      </wwreport:Link>
    </Navigation>
    <Navigation context="details">
      <Link protocol="wwh5api">
        <Data key="BaseURI" value="file:///C:/Program%20Files/WebWorks/ePublisher%20Pro/Help/en" />
        <Data key="Context" value="reports" />
        <Data key="Topic" value="images_without_long_desc" />
      </Link>
    </Navigation>
  </Entry>
  <Entry context="accessibility" type="missing-table-summary" severity="warning">
    <Description>Table is missing a table summary.</Description>
    <Navigation context="source">
      <Link protocol="adapter">
        <Data key="Path" value="C:\Documents and Settings\hadfielj\My Documents\CBIIT Projects\NBIA\NBIA 4.4 user guide and online help\Searching NBIA.fm" />
        <Data key="DocumentID" value="1828CEDCEA21F4" />
        <Data key="ID" value="1068238" />
      </Link>
    </Navigation>
    <Navigation context="output">
      <wwreport:Link protocol="uri" xmlns:wwreport="urn:WebWorks-Reports-Schema">
        <wwreport:Data key="URI" value="file:///C:/Documents%20and%20Settings/hadfielj/My%20Documents/ePublisher%20Pro%20Projects/NBIA%20Online%20Help/Output/WebWorks%20Help%205.0/NBIA%20Online%20Help/Searching%20NBIA.4.10.html#1068478" />
      </wwreport:Link>
    </Navigation>
    <Navigation context="details">
      <Link protocol="wwh5api">
        <Data key="BaseURI" value="file:///C:/Program%20Files/WebWorks/ePublisher%20Pro/Help/en" />
        <Data key="Context" value="reports" />
        <Data key="Topic" value="tables_without_summaries" />
      </Link>
    </Navigation>
  </Entry>
  <Entry context="accessibility" type="missing-table-summary" severity="warning">
    <Description>Table is missing a table summary.</Description>
    <Navigation context="source">
      <Link protocol="adapter">
        <Data key="Path" value="C:\Documents and Settings\hadfielj\My Documents\CBIIT Projects\NBIA\NBIA 4.4 user guide and online help\Searching NBIA.fm" />
        <Data key="DocumentID" value="1828CEDCEA21F4" />
        <Data key="ID" value="1116250" />
      </Link>
    </Navigation>
    <Navigation context="output">
      <wwreport:Link protocol="uri" xmlns:wwreport="urn:WebWorks-Reports-Schema">
        <wwreport:Data key="URI" value="file:///C:/Documents%20and%20Settings/hadfielj/My%20Documents/ePublisher%20Pro%20Projects/NBIA%20Online%20Help/Output/WebWorks%20Help%205.0/NBIA%20Online%20Help/Searching%20NBIA.4.12.html#1116275" />
      </wwreport:Link>
    </Navigation>
    <Navigation context="details">
      <Link protocol="wwh5api">
        <Data key="BaseURI" value="file:///C:/Program%20Files/WebWorks/ePublisher%20Pro/Help/en" />
        <Data key="Context" value="reports" />
        <Data key="Topic" value="tables_without_summaries" />
      </Link>
    </Navigation>
  </Entry>
  <Entry context="accessibility" type="missing-table-summary" severity="warning">
    <Description>Table is missing a table summary.</Description>
    <Navigation context="source">
      <Link protocol="adapter">
        <Data key="Path" value="C:\Documents and Settings\hadfielj\My Documents\CBIIT Projects\NBIA\NBIA 4.4 user guide and online help\Viewing Search Results.fm" />
        <Data key="DocumentID" value="38190B58851C520" />
        <Data key="ID" value="1096152" />
      </Link>
    </Navigation>
    <Navigation context="output">
      <wwreport:Link protocol="uri" xmlns:wwreport="urn:WebWorks-Reports-Schema">
        <wwreport:Data key="URI" value="file:///C:/Documents%20and%20Settings/hadfielj/My%20Documents/ePublisher%20Pro%20Projects/NBIA%20Online%20Help/Output/WebWorks%20Help%205.0/NBIA%20Online%20Help/Viewing%20Search%20Results.5.2.html#1096155" />
      </wwreport:Link>
    </Navigation>
    <Navigation context="details">
      <Link protocol="wwh5api">
        <Data key="BaseURI" value="file:///C:/Program%20Files/WebWorks/ePublisher%20Pro/Help/en" />
        <Data key="Context" value="reports" />
        <Data key="Topic" value="tables_without_summaries" />
      </Link>
    </Navigation>
  </Entry>
  <Entry context="accessibility" type="missing-table-summary" severity="warning">
    <Description>Table is missing a table summary.</Description>
    <Navigation context="source">
      <Link protocol="adapter">
        <Data key="Path" value="C:\Documents and Settings\hadfielj\My Documents\CBIIT Projects\NBIA\NBIA 4.4 user guide and online help\Viewing Search Results.fm" />
        <Data key="DocumentID" value="38190B58851C520" />
        <Data key="ID" value="1069031" />
      </Link>
    </Navigation>
    <Navigation context="output">
      <wwreport:Link protocol="uri" xmlns:wwreport="urn:WebWorks-Reports-Schema">
        <wwreport:Data key="URI" value="file:///C:/Documents%20and%20Settings/hadfielj/My%20Documents/ePublisher%20Pro%20Projects/NBIA%20Online%20Help/Output/WebWorks%20Help%205.0/NBIA%20Online%20Help/Viewing%20Search%20Results.5.3.html#1069083" />
      </wwreport:Link>
    </Navigation>
    <Navigation context="details">
      <Link protocol="wwh5api">
        <Data key="BaseURI" value="file:///C:/Program%20Files/WebWorks/ePublisher%20Pro/Help/en" />
        <Data key="Context" value="reports" />
        <Data key="Topic" value="tables_without_summaries" />
      </Link>
    </Navigation>
  </Entry>
  <Entry context="accessibility" type="missing-table-summary" severity="warning">
    <Description>Table is missing a table summary.</Description>
    <Navigation context="source">
      <Link protocol="adapter">
        <Data key="Path" value="C:\Documents and Settings\hadfielj\My Documents\CBIIT Projects\NBIA\NBIA 4.4 user guide and online help\Viewing Search Results.fm" />
        <Data key="DocumentID" value="38190B58851C520" />
        <Data key="ID" value="1069975" />
      </Link>
    </Navigation>
    <Navigation context="output">
      <wwreport:Link protocol="uri" xmlns:wwreport="urn:WebWorks-Reports-Schema">
        <wwreport:Data key="URI" value="file:///C:/Documents%20and%20Settings/hadfielj/My%20Documents/ePublisher%20Pro%20Projects/NBIA%20Online%20Help/Output/WebWorks%20Help%205.0/NBIA%20Online%20Help/Viewing%20Search%20Results.5.4.html#1070014" />
      </wwreport:Link>
    </Navigation>
    <Navigation context="details">
      <Link protocol="wwh5api">
        <Data key="BaseURI" value="file:///C:/Program%20Files/WebWorks/ePublisher%20Pro/Help/en" />
        <Data key="Context" value="reports" />
        <Data key="Topic" value="tables_without_summaries" />
      </Link>
    </Navigation>
  </Entry>
  <Entry context="accessibility" type="missing-table-summary" severity="warning">
    <Description>Table is missing a table summary.</Description>
    <Navigation context="source">
      <Link protocol="adapter">
        <Data key="Path" value="C:\Documents and Settings\hadfielj\My Documents\CBIIT Projects\NBIA\NBIA 4.4 user guide and online help\Viewing Search Results.fm" />
        <Data key="DocumentID" value="38190B58851C520" />
        <Data key="ID" value="1094115" />
      </Link>
    </Navigation>
    <Navigation context="output">
      <wwreport:Link protocol="uri" xmlns:wwreport="urn:WebWorks-Reports-Schema">
        <wwreport:Data key="URI" value="file:///C:/Documents%20and%20Settings/hadfielj/My%20Documents/ePublisher%20Pro%20Projects/NBIA%20Online%20Help/Output/WebWorks%20Help%205.0/NBIA%20Online%20Help/Viewing%20Search%20Results.5.5.html#1094155" />
      </wwreport:Link>
    </Navigation>
    <Navigation context="details">
      <Link protocol="wwh5api">
        <Data key="BaseURI" value="file:///C:/Program%20Files/WebWorks/ePublisher%20Pro/Help/en" />
        <Data key="Context" value="reports" />
        <Data key="Topic" value="tables_without_summaries" />
      </Link>
    </Navigation>
  </Entry>
  <Entry context="accessibility" type="missing-image-long-description" severity="warning">
    <Description>Image is missing a long description.</Description>
    <Navigation context="source">
      <Link protocol="adapter">
        <Data key="Path" value="C:\Documents and Settings\hadfielj\My Documents\CBIIT Projects\NBIA\NBIA 4.4 user guide and online help\Viewing Search Results.fm" />
        <Data key="DocumentID" value="38190B58851C520" />
        <Data key="ID" value="1193517" />
      </Link>
    </Navigation>
    <Navigation context="output">
      <wwreport:Link protocol="uri" xmlns:wwreport="urn:WebWorks-Reports-Schema">
        <wwreport:Data key="URI" value="file:///C:/Documents%20and%20Settings/hadfielj/My%20Documents/ePublisher%20Pro%20Projects/NBIA%20Online%20Help/Output/WebWorks%20Help%205.0/NBIA%20Online%20Help/Viewing%20Search%20Results.5.6.html#1193513" />
      </wwreport:Link>
    </Navigation>
    <Navigation context="details">
      <Link protocol="wwh5api">
        <Data key="BaseURI" value="file:///C:/Program%20Files/WebWorks/ePublisher%20Pro/Help/en" />
        <Data key="Context" value="reports" />
        <Data key="Topic" value="images_without_long_desc" />
      </Link>
    </Navigation>
  </Entry>
  <Entry context="accessibility" type="missing-image-long-description" severity="warning">
    <Description>Image is missing a long description.</Description>
    <Navigation context="source">
      <Link protocol="adapter">
        <Data key="Path" value="C:\Documents and Settings\hadfielj\My Documents\CBIIT Projects\NBIA\NBIA 4.4 user guide and online help\Viewing Search Results.fm" />
        <Data key="DocumentID" value="38190B58851C520" />
        <Data key="ID" value="1169441" />
      </Link>
    </Navigation>
    <Navigation context="output">
      <wwreport:Link protocol="uri" xmlns:wwreport="urn:WebWorks-Reports-Schema">
        <wwreport:Data key="URI" value="file:///C:/Documents%20and%20Settings/hadfielj/My%20Documents/ePublisher%20Pro%20Projects/NBIA%20Online%20Help/Output/WebWorks%20Help%205.0/NBIA%20Online%20Help/Viewing%20Search%20Results.5.6.html#1183566" />
      </wwreport:Link>
    </Navigation>
    <Navigation context="details">
      <Link protocol="wwh5api">
        <Data key="BaseURI" value="file:///C:/Program%20Files/WebWorks/ePublisher%20Pro/Help/en" />
        <Data key="Context" value="reports" />
        <Data key="Topic" value="images_without_long_desc" />
      </Link>
    </Navigation>
  </Entry>
  <Entry context="accessibility" type="missing-table-summary" severity="warning">
    <Description>Table is missing a table summary.</Description>
    <Navigation context="source">
      <Link protocol="adapter">
        <Data key="Path" value="C:\Documents and Settings\hadfielj\My Documents\CBIIT Projects\NBIA\NBIA 4.4 user guide and online help\Viewing Search Results.fm" />
        <Data key="DocumentID" value="38190B58851C520" />
        <Data key="ID" value="1169767" />
      </Link>
    </Navigation>
    <Navigation context="output">
      <wwreport:Link protocol="uri" xmlns:wwreport="urn:WebWorks-Reports-Schema">
        <wwreport:Data key="URI" value="file:///C:/Documents%20and%20Settings/hadfielj/My%20Documents/ePublisher%20Pro%20Projects/NBIA%20Online%20Help/Output/WebWorks%20Help%205.0/NBIA%20Online%20Help/Viewing%20Search%20Results.5.6.html#1198400" />
      </wwreport:Link>
    </Navigation>
    <Navigation context="details">
      <Link protocol="wwh5api">
        <Data key="BaseURI" value="file:///C:/Program%20Files/WebWorks/ePublisher%20Pro/Help/en" />
        <Data key="Context" value="reports" />
        <Data key="Topic" value="tables_without_summaries" />
      </Link>
    </Navigation>
  </Entry>
  <Entry context="accessibility" type="missing-image-long-description" severity="warning">
    <Description>Image is missing a long description.</Description>
    <Navigation context="source">
      <Link protocol="adapter">
        <Data key="Path" value="C:\Documents and Settings\hadfielj\My Documents\CBIIT Projects\NBIA\NBIA 4.4 user guide and online help\Viewing Search Results.fm" />
        <Data key="DocumentID" value="38190B58851C520" />
        <Data key="ID" value="1198335" />
      </Link>
    </Navigation>
    <Navigation context="output">
      <wwreport:Link protocol="uri" xmlns:wwreport="urn:WebWorks-Reports-Schema">
        <wwreport:Data key="URI" value="file:///C:/Documents%20and%20Settings/hadfielj/My%20Documents/ePublisher%20Pro%20Projects/NBIA%20Online%20Help/Output/WebWorks%20Help%205.0/NBIA%20Online%20Help/Viewing%20Search%20Results.5.6.html#1198337" />
      </wwreport:Link>
    </Navigation>
    <Navigation context="details">
      <Link protocol="wwh5api">
        <Data key="BaseURI" value="file:///C:/Program%20Files/WebWorks/ePublisher%20Pro/Help/en" />
        <Data key="Context" value="reports" />
        <Data key="Topic" value="images_without_long_desc" />
      </Link>
    </Navigation>
  </Entry>
  <Entry context="accessibility" type="missing-image-long-description" severity="warning">
    <Description>Image is missing a long description.</Description>
    <Navigation context="source">
      <Link protocol="adapter">
        <Data key="Path" value="C:\Documents and Settings\hadfielj\My Documents\CBIIT Projects\NBIA\NBIA 4.4 user guide and online help\Viewing Search Results.fm" />
        <Data key="DocumentID" value="38190B58851C520" />
        <Data key="ID" value="1198344" />
      </Link>
    </Navigation>
    <Navigation context="output">
      <wwreport:Link protocol="uri" xmlns:wwreport="urn:WebWorks-Reports-Schema">
        <wwreport:Data key="URI" value="file:///C:/Documents%20and%20Settings/hadfielj/My%20Documents/ePublisher%20Pro%20Projects/NBIA%20Online%20Help/Output/WebWorks%20Help%205.0/NBIA%20Online%20Help/Viewing%20Search%20Results.5.6.html#1198346" />
      </wwreport:Link>
    </Navigation>
    <Navigation context="details">
      <Link protocol="wwh5api">
        <Data key="BaseURI" value="file:///C:/Program%20Files/WebWorks/ePublisher%20Pro/Help/en" />
        <Data key="Context" value="reports" />
        <Data key="Topic" value="images_without_long_desc" />
      </Link>
    </Navigation>
  </Entry>
  <Entry context="accessibility" type="missing-image-long-description" severity="warning">
    <Description>Image is missing a long description.</Description>
    <Navigation context="source">
      <Link protocol="adapter">
        <Data key="Path" value="C:\Documents and Settings\hadfielj\My Documents\CBIIT Projects\NBIA\NBIA 4.4 user guide and online help\Viewing Search Results.fm" />
        <Data key="DocumentID" value="38190B58851C520" />
        <Data key="ID" value="1198353" />
      </Link>
    </Navigation>
    <Navigation context="output">
      <wwreport:Link protocol="uri" xmlns:wwreport="urn:WebWorks-Reports-Schema">
        <wwreport:Data key="URI" value="file:///C:/Documents%20and%20Settings/hadfielj/My%20Documents/ePublisher%20Pro%20Projects/NBIA%20Online%20Help/Output/WebWorks%20Help%205.0/NBIA%20Online%20Help/Viewing%20Search%20Results.5.6.html#1198355" />
      </wwreport:Link>
    </Navigation>
    <Navigation context="details">
      <Link protocol="wwh5api">
        <Data key="BaseURI" value="file:///C:/Program%20Files/WebWorks/ePublisher%20Pro/Help/en" />
        <Data key="Context" value="reports" />
        <Data key="Topic" value="images_without_long_desc" />
      </Link>
    </Navigation>
  </Entry>
  <Entry context="accessibility" type="missing-image-long-description" severity="warning">
    <Description>Image is missing a long description.</Description>
    <Navigation context="source">
      <Link protocol="adapter">
        <Data key="Path" value="C:\Documents and Settings\hadfielj\My Documents\CBIIT Projects\NBIA\NBIA 4.4 user guide and online help\Viewing Search Results.fm" />
        <Data key="DocumentID" value="38190B58851C520" />
        <Data key="ID" value="1198358" />
      </Link>
    </Navigation>
    <Navigation context="output">
      <wwreport:Link protocol="uri" xmlns:wwreport="urn:WebWorks-Reports-Schema">
        <wwreport:Data key="URI" value="file:///C:/Documents%20and%20Settings/hadfielj/My%20Documents/ePublisher%20Pro%20Projects/NBIA%20Online%20Help/Output/WebWorks%20Help%205.0/NBIA%20Online%20Help/Viewing%20Search%20Results.5.6.html#1198360" />
      </wwreport:Link>
    </Navigation>
    <Navigation context="details">
      <Link protocol="wwh5api">
        <Data key="BaseURI" value="file:///C:/Program%20Files/WebWorks/ePublisher%20Pro/Help/en" />
        <Data key="Context" value="reports" />
        <Data key="Topic" value="images_without_long_desc" />
      </Link>
    </Navigation>
  </Entry>
  <Entry context="accessibility" type="missing-image-long-description" severity="warning">
    <Description>Image is missing a long description.</Description>
    <Navigation context="source">
      <Link protocol="adapter">
        <Data key="Path" value="C:\Documents and Settings\hadfielj\My Documents\CBIIT Projects\NBIA\NBIA 4.4 user guide and online help\Viewing Search Results.fm" />
        <Data key="DocumentID" value="38190B58851C520" />
        <Data key="ID" value="1198366" />
      </Link>
    </Navigation>
    <Navigation context="output">
      <wwreport:Link protocol="uri" xmlns:wwreport="urn:WebWorks-Reports-Schema">
        <wwreport:Data key="URI" value="file:///C:/Documents%20and%20Settings/hadfielj/My%20Documents/ePublisher%20Pro%20Projects/NBIA%20Online%20Help/Output/WebWorks%20Help%205.0/NBIA%20Online%20Help/Viewing%20Search%20Results.5.6.html#1198368" />
      </wwreport:Link>
    </Navigation>
    <Navigation context="details">
      <Link protocol="wwh5api">
        <Data key="BaseURI" value="file:///C:/Program%20Files/WebWorks/ePublisher%20Pro/Help/en" />
        <Data key="Context" value="reports" />
        <Data key="Topic" value="images_without_long_desc" />
      </Link>
    </Navigation>
  </Entry>
  <Entry context="accessibility" type="missing-image-long-description" severity="warning">
    <Description>Image is missing a long description.</Description>
    <Navigation context="source">
      <Link protocol="adapter">
        <Data key="Path" value="C:\Documents and Settings\hadfielj\My Documents\CBIIT Projects\NBIA\NBIA 4.4 user guide and online help\Viewing Search Results.fm" />
        <Data key="DocumentID" value="38190B58851C520" />
        <Data key="ID" value="1198371" />
      </Link>
    </Navigation>
    <Navigation context="output">
      <wwreport:Link protocol="uri" xmlns:wwreport="urn:WebWorks-Reports-Schema">
        <wwreport:Data key="URI" value="file:///C:/Documents%20and%20Settings/hadfielj/My%20Documents/ePublisher%20Pro%20Projects/NBIA%20Online%20Help/Output/WebWorks%20Help%205.0/NBIA%20Online%20Help/Viewing%20Search%20Results.5.6.html#1198373" />
      </wwreport:Link>
    </Navigation>
    <Navigation context="details">
      <Link protocol="wwh5api">
        <Data key="BaseURI" value="file:///C:/Program%20Files/WebWorks/ePublisher%20Pro/Help/en" />
        <Data key="Context" value="reports" />
        <Data key="Topic" value="images_without_long_desc" />
      </Link>
    </Navigation>
  </Entry>
  <Entry context="accessibility" type="missing-image-long-description" severity="warning">
    <Description>Image is missing a long description.</Description>
    <Navigation context="source">
      <Link protocol="adapter">
        <Data key="Path" value="C:\Documents and Settings\hadfielj\My Documents\CBIIT Projects\NBIA\NBIA 4.4 user guide and online help\Viewing Search Results.fm" />
        <Data key="DocumentID" value="38190B58851C520" />
        <Data key="ID" value="1198379" />
      </Link>
    </Navigation>
    <Navigation context="output">
      <wwreport:Link protocol="uri" xmlns:wwreport="urn:WebWorks-Reports-Schema">
        <wwreport:Data key="URI" value="file:///C:/Documents%20and%20Settings/hadfielj/My%20Documents/ePublisher%20Pro%20Projects/NBIA%20Online%20Help/Output/WebWorks%20Help%205.0/NBIA%20Online%20Help/Viewing%20Search%20Results.5.6.html#1198381" />
      </wwreport:Link>
    </Navigation>
    <Navigation context="details">
      <Link protocol="wwh5api">
        <Data key="BaseURI" value="file:///C:/Program%20Files/WebWorks/ePublisher%20Pro/Help/en" />
        <Data key="Context" value="reports" />
        <Data key="Topic" value="images_without_long_desc" />
      </Link>
    </Navigation>
  </Entry>
  <Entry context="accessibility" type="missing-image-long-description" severity="warning">
    <Description>Image is missing a long description.</Description>
    <Navigation context="source">
      <Link protocol="adapter">
        <Data key="Path" value="C:\Documents and Settings\hadfielj\My Documents\CBIIT Projects\NBIA\NBIA 4.4 user guide and online help\Viewing Search Results.fm" />
        <Data key="DocumentID" value="38190B58851C520" />
        <Data key="ID" value="1198384" />
      </Link>
    </Navigation>
    <Navigation context="output">
      <wwreport:Link protocol="uri" xmlns:wwreport="urn:WebWorks-Reports-Schema">
        <wwreport:Data key="URI" value="file:///C:/Documents%20and%20Settings/hadfielj/My%20Documents/ePublisher%20Pro%20Projects/NBIA%20Online%20Help/Output/WebWorks%20Help%205.0/NBIA%20Online%20Help/Viewing%20Search%20Results.5.6.html#1198386" />
      </wwreport:Link>
    </Navigation>
    <Navigation context="details">
      <Link protocol="wwh5api">
        <Data key="BaseURI" value="file:///C:/Program%20Files/WebWorks/ePublisher%20Pro/Help/en" />
        <Data key="Context" value="reports" />
        <Data key="Topic" value="images_without_long_desc" />
      </Link>
    </Navigation>
  </Entry>
  <Entry context="accessibility" type="missing-image-long-description" severity="warning">
    <Description>Image is missing a long description.</Description>
    <Navigation context="source">
      <Link protocol="adapter">
        <Data key="Path" value="C:\Documents and Settings\hadfielj\My Documents\CBIIT Projects\NBIA\NBIA 4.4 user guide and online help\Viewing Search Results.fm" />
        <Data key="DocumentID" value="38190B58851C520" />
        <Data key="ID" value="1204291" />
      </Link>
    </Navigation>
    <Navigation context="output">
      <wwreport:Link protocol="uri" xmlns:wwreport="urn:WebWorks-Reports-Schema">
        <wwreport:Data key="URI" value="file:///C:/Documents%20and%20Settings/hadfielj/My%20Documents/ePublisher%20Pro%20Projects/NBIA%20Online%20Help/Output/WebWorks%20Help%205.0/NBIA%20Online%20Help/Viewing%20Search%20Results.5.6.html#1198394" />
      </wwreport:Link>
    </Navigation>
    <Navigation context="details">
      <Link protocol="wwh5api">
        <Data key="BaseURI" value="file:///C:/Program%20Files/WebWorks/ePublisher%20Pro/Help/en" />
        <Data key="Context" value="reports" />
        <Data key="Topic" value="images_without_long_desc" />
      </Link>
    </Navigation>
  </Entry>
  <Entry context="accessibility" type="missing-table-summary" severity="warning">
    <Description>Table is missing a table summary.</Description>
    <Navigation context="source">
      <Link protocol="adapter">
        <Data key="Path" value="C:\Documents and Settings\hadfielj\My Documents\CBIIT Projects\NBIA\NBIA 4.4 user guide and online help\Viewing Search Results.fm" />
        <Data key="DocumentID" value="38190B58851C520" />
        <Data key="ID" value="1070301" />
      </Link>
    </Navigation>
    <Navigation context="output">
      <wwreport:Link protocol="uri" xmlns:wwreport="urn:WebWorks-Reports-Schema">
        <wwreport:Data key="URI" value="file:///C:/Documents%20and%20Settings/hadfielj/My%20Documents/ePublisher%20Pro%20Projects/NBIA%20Online%20Help/Output/WebWorks%20Help%205.0/NBIA%20Online%20Help/Viewing%20Search%20Results.5.9.html#1070407" />
      </wwreport:Link>
    </Navigation>
    <Navigation context="details">
      <Link protocol="wwh5api">
        <Data key="BaseURI" value="file:///C:/Program%20Files/WebWorks/ePublisher%20Pro/Help/en" />
        <Data key="Context" value="reports" />
        <Data key="Topic" value="tables_without_summaries" />
      </Link>
    </Navigation>
  </Entry>
  <Entry context="accessibility" type="missing-table-summary" severity="warning">
    <Description>Table is missing a table summary.</Description>
    <Navigation context="source">
      <Link protocol="adapter">
        <Data key="Path" value="C:\Documents and Settings\hadfielj\My Documents\CBIIT Projects\NBIA\NBIA 4.4 user guide and online help\Viewing Search Results.fm" />
        <Data key="DocumentID" value="38190B58851C520" />
        <Data key="ID" value="1212361" />
      </Link>
    </Navigation>
    <Navigation context="output">
      <wwreport:Link protocol="uri" xmlns:wwreport="urn:WebWorks-Reports-Schema">
        <wwreport:Data key="URI" value="file:///C:/Documents%20and%20Settings/hadfielj/My%20Documents/ePublisher%20Pro%20Projects/NBIA%20Online%20Help/Output/WebWorks%20Help%205.0/NBIA%20Online%20Help/Viewing%20Search%20Results.5.17.html#1212365" />
      </wwreport:Link>
    </Navigation>
    <Navigation context="details">
      <Link protocol="wwh5api">
        <Data key="BaseURI" value="file:///C:/Program%20Files/WebWorks/ePublisher%20Pro/Help/en" />
        <Data key="Context" value="reports" />
        <Data key="Topic" value="tables_without_summaries" />
      </Link>
    </Navigation>
  </Entry>
  <Entry context="accessibility" type="missing-image-long-description" severity="warning">
    <Description>Image is missing a long description.</Description>
    <Navigation context="source">
      <Link protocol="adapter">
        <Data key="Path" value="C:\Documents and Settings\hadfielj\My Documents\CBIIT Projects\NBIA\NBIA 4.4 user guide and online help\Submitting Images.fm" />
        <Data key="DocumentID" value="D3BEF6622B923112" />
        <Data key="ID" value="1187575" />
      </Link>
    </Navigation>
    <Navigation context="output">
      <wwreport:Link protocol="uri" xmlns:wwreport="urn:WebWorks-Reports-Schema">
        <wwreport:Data key="URI" value="file:///C:/Documents%20and%20Settings/hadfielj/My%20Documents/ePublisher%20Pro%20Projects/NBIA%20Online%20Help/Output/WebWorks%20Help%205.0/NBIA%20Online%20Help/Submitting%20Images.6.2.html#1187566" />
      </wwreport:Link>
    </Navigation>
    <Navigation context="details">
      <Link protocol="wwh5api">
        <Data key="BaseURI" value="file:///C:/Program%20Files/WebWorks/ePublisher%20Pro/Help/en" />
        <Data key="Context" value="reports" />
        <Data key="Topic" value="images_without_long_desc" />
      </Link>
    </Navigation>
  </Entry>
  <Entry context="accessibility" type="missing-table-summary" severity="warning">
    <Description>Table is missing a table summary.</Description>
    <Navigation context="source">
      <Link protocol="adapter">
        <Data key="Path" value="C:\Documents and Settings\hadfielj\My Documents\CBIIT Projects\NBIA\NBIA 4.4 user guide and online help\Submitting Images.fm" />
        <Data key="DocumentID" value="D3BEF6622B923112" />
        <Data key="ID" value="1188629" />
      </Link>
    </Navigation>
    <Navigation context="output">
      <wwreport:Link protocol="uri" xmlns:wwreport="urn:WebWorks-Reports-Schema">
        <wwreport:Data key="URI" value="file:///C:/Documents%20and%20Settings/hadfielj/My%20Documents/ePublisher%20Pro%20Projects/NBIA%20Online%20Help/Output/WebWorks%20Help%205.0/NBIA%20Online%20Help/Submitting%20Images.6.3.html#1188635" />
      </wwreport:Link>
    </Navigation>
    <Navigation context="details">
      <Link protocol="wwh5api">
        <Data key="BaseURI" value="file:///C:/Program%20Files/WebWorks/ePublisher%20Pro/Help/en" />
        <Data key="Context" value="reports" />
        <Data key="Topic" value="tables_without_summaries" />
      </Link>
    </Navigation>
  </Entry>
  <Entry context="accessibility" type="missing-table-summary" severity="warning">
    <Description>Table is missing a table summary.</Description>
    <Navigation context="source">
      <Link protocol="adapter">
        <Data key="Path" value="C:\Documents and Settings\hadfielj\My Documents\CBIIT Projects\NBIA\NBIA 4.4 user guide and online help\Submitting Images.fm" />
        <Data key="DocumentID" value="D3BEF6622B923112" />
        <Data key="ID" value="1196602" />
      </Link>
    </Navigation>
    <Navigation context="output">
      <wwreport:Link protocol="uri" xmlns:wwreport="urn:WebWorks-Reports-Schema">
        <wwreport:Data key="URI" value="file:///C:/Documents%20and%20Settings/hadfielj/My%20Documents/ePublisher%20Pro%20Projects/NBIA%20Online%20Help/Output/WebWorks%20Help%205.0/NBIA%20Online%20Help/Submitting%20Images.6.8.html#1196633" />
      </wwreport:Link>
    </Navigation>
    <Navigation context="details">
      <Link protocol="wwh5api">
        <Data key="BaseURI" value="file:///C:/Program%20Files/WebWorks/ePublisher%20Pro/Help/en" />
        <Data key="Context" value="reports" />
        <Data key="Topic" value="tables_without_summaries" />
      </Link>
    </Navigation>
  </Entry>
  <Entry context="accessibility" type="missing-table-summary" severity="warning">
    <Description>Table is missing a table summary.</Description>
    <Navigation context="source">
      <Link protocol="adapter">
        <Data key="Path" value="C:\Documents and Settings\hadfielj\My Documents\CBIIT Projects\NBIA\NBIA 4.4 user guide and online help\Submitting Images.fm" />
        <Data key="DocumentID" value="D3BEF6622B923112" />
        <Data key="ID" value="1197002" />
      </Link>
    </Navigation>
    <Navigation context="output">
      <wwreport:Link protocol="uri" xmlns:wwreport="urn:WebWorks-Reports-Schema">
        <wwreport:Data key="URI" value="file:///C:/Documents%20and%20Settings/hadfielj/My%20Documents/ePublisher%20Pro%20Projects/NBIA%20Online%20Help/Output/WebWorks%20Help%205.0/NBIA%20Online%20Help/Submitting%20Images.6.9.html#1197034" />
      </wwreport:Link>
    </Navigation>
    <Navigation context="details">
      <Link protocol="wwh5api">
        <Data key="BaseURI" value="file:///C:/Program%20Files/WebWorks/ePublisher%20Pro/Help/en" />
        <Data key="Context" value="reports" />
        <Data key="Topic" value="tables_without_summaries" />
      </Link>
    </Navigation>
  </Entry>
  <Entry context="accessibility" type="missing-table-summary" severity="warning">
    <Description>Table is missing a table summary.</Description>
    <Navigation context="source">
      <Link protocol="adapter">
        <Data key="Path" value="C:\Documents and Settings\hadfielj\My Documents\CBIIT Projects\NBIA\NBIA 4.4 user guide and online help\Submitting Images.fm" />
        <Data key="DocumentID" value="D3BEF6622B923112" />
        <Data key="ID" value="1197288" />
      </Link>
    </Navigation>
    <Navigation context="output">
      <wwreport:Link protocol="uri" xmlns:wwreport="urn:WebWorks-Reports-Schema">
        <wwreport:Data key="URI" value="file:///C:/Documents%20and%20Settings/hadfielj/My%20Documents/ePublisher%20Pro%20Projects/NBIA%20Online%20Help/Output/WebWorks%20Help%205.0/NBIA%20Online%20Help/Submitting%20Images.6.10.html#1197318" />
      </wwreport:Link>
    </Navigation>
    <Navigation context="details">
      <Link protocol="wwh5api">
        <Data key="BaseURI" value="file:///C:/Program%20Files/WebWorks/ePublisher%20Pro/Help/en" />
        <Data key="Context" value="reports" />
        <Data key="Topic" value="tables_without_summaries" />
      </Link>
    </Navigation>
  </Entry>
  <Entry context="accessibility" type="missing-table-summary" severity="warning">
    <Description>Table is missing a table summary.</Description>
    <Navigation context="source">
      <Link protocol="adapter">
        <Data key="Path" value="C:\Documents and Settings\hadfielj\My Documents\CBIIT Projects\NBIA\NBIA 4.4 user guide and online help\Submitting Images.fm" />
        <Data key="DocumentID" value="D3BEF6622B923112" />
        <Data key="ID" value="1196389" />
      </Link>
    </Navigation>
    <Navigation context="output">
      <wwreport:Link protocol="uri" xmlns:wwreport="urn:WebWorks-Reports-Schema">
        <wwreport:Data key="URI" value="file:///C:/Documents%20and%20Settings/hadfielj/My%20Documents/ePublisher%20Pro%20Projects/NBIA%20Online%20Help/Output/WebWorks%20Help%205.0/NBIA%20Online%20Help/Submitting%20Images.6.12.html#1196412" />
      </wwreport:Link>
    </Navigation>
    <Navigation context="details">
      <Link protocol="wwh5api">
        <Data key="BaseURI" value="file:///C:/Program%20Files/WebWorks/ePublisher%20Pro/Help/en" />
        <Data key="Context" value="reports" />
        <Data key="Topic" value="tables_without_summaries" />
      </Link>
    </Navigation>
  </Entry>
  <Entry context="accessibility" type="missing-table-summary" severity="warning">
    <Description>Table is missing a table summary.</Description>
    <Navigation context="source">
      <Link protocol="adapter">
        <Data key="Path" value="C:\Documents and Settings\hadfielj\My Documents\CBIIT Projects\NBIA\NBIA 4.4 user guide and online help\NBIA admin.fm" />
        <Data key="DocumentID" value="A08CFBCCB3736CA" />
        <Data key="ID" value="1108743" />
      </Link>
    </Navigation>
    <Navigation context="output">
      <wwreport:Link protocol="uri" xmlns:wwreport="urn:WebWorks-Reports-Schema">
        <wwreport:Data key="URI" value="file:///C:/Documents%20and%20Settings/hadfielj/My%20Documents/ePublisher%20Pro%20Projects/NBIA%20Online%20Help/Output/WebWorks%20Help%205.0/NBIA%20Online%20Help/NBIA%20admin.7.3.html#1108848" />
      </wwreport:Link>
    </Navigation>
    <Navigation context="details">
      <Link protocol="wwh5api">
        <Data key="BaseURI" value="file:///C:/Program%20Files/WebWorks/ePublisher%20Pro/Help/en" />
        <Data key="Context" value="reports" />
        <Data key="Topic" value="tables_without_summaries" />
      </Link>
    </Navigation>
  </Entry>
  <Entry context="accessibility" type="missing-table-summary" severity="warning">
    <Description>Table is missing a table summary.</Description>
    <Navigation context="source">
      <Link protocol="adapter">
        <Data key="Path" value="C:\Documents and Settings\hadfielj\My Documents\CBIIT Projects\NBIA\NBIA 4.4 user guide and online help\NBIA admin.fm" />
        <Data key="DocumentID" value="A08CFBCCB3736CA" />
        <Data key="ID" value="1125796" />
      </Link>
    </Navigation>
    <Navigation context="output">
      <wwreport:Link protocol="uri" xmlns:wwreport="urn:WebWorks-Reports-Schema">
        <wwreport:Data key="URI" value="file:///C:/Documents%20and%20Settings/hadfielj/My%20Documents/ePublisher%20Pro%20Projects/NBIA%20Online%20Help/Output/WebWorks%20Help%205.0/NBIA%20Online%20Help/NBIA%20admin.7.5.html#1125819" />
      </wwreport:Link>
    </Navigation>
    <Navigation context="details">
      <Link protocol="wwh5api">
        <Data key="BaseURI" value="file:///C:/Program%20Files/WebWorks/ePublisher%20Pro/Help/en" />
        <Data key="Context" value="reports" />
        <Data key="Topic" value="tables_without_summaries" />
      </Link>
    </Navigation>
  </Entry>
  <Entry context="accessibility" type="missing-image-long-description" severity="warning">
    <Description>Image is missing a long description.</Description>
    <Navigation context="source">
      <Link protocol="adapter">
        <Data key="Path" value="C:\Documents and Settings\hadfielj\My Documents\CBIIT Projects\NBIA\NBIA 4.4 user guide and online help\NBIA admin.fm" />
        <Data key="DocumentID" value="A08CFBCCB3736CA" />
        <Data key="ID" value="1121727" />
      </Link>
    </Navigation>
    <Navigation context="output">
      <wwreport:Link protocol="uri" xmlns:wwreport="urn:WebWorks-Reports-Schema">
        <wwreport:Data key="URI" value="file:///C:/Documents%20and%20Settings/hadfielj/My%20Documents/ePublisher%20Pro%20Projects/NBIA%20Online%20Help/Output/WebWorks%20Help%205.0/NBIA%20Online%20Help/NBIA%20admin.7.10.html#1121714" />
      </wwreport:Link>
    </Navigation>
    <Navigation context="details">
      <Link protocol="wwh5api">
        <Data key="BaseURI" value="file:///C:/Program%20Files/WebWorks/ePublisher%20Pro/Help/en" />
        <Data key="Context" value="reports" />
        <Data key="Topic" value="images_without_long_desc" />
      </Link>
    </Navigation>
  </Entry>
  <Entry context="accessibility" type="missing-image-long-description" severity="warning">
    <Description>Image is missing a long description.</Description>
    <Navigation context="source">
      <Link protocol="adapter">
        <Data key="Path" value="C:\Documents and Settings\hadfielj\My Documents\CBIIT Projects\NBIA\NBIA 4.4 user guide and online help\NBIA admin.fm" />
        <Data key="DocumentID" value="A08CFBCCB3736CA" />
        <Data key="ID" value="1121719" />
      </Link>
    </Navigation>
    <Navigation context="output">
      <wwreport:Link protocol="uri" xmlns:wwreport="urn:WebWorks-Reports-Schema">
        <wwreport:Data key="URI" value="file:///C:/Documents%20and%20Settings/hadfielj/My%20Documents/ePublisher%20Pro%20Projects/NBIA%20Online%20Help/Output/WebWorks%20Help%205.0/NBIA%20Online%20Help/NBIA%20admin.7.10.html#1121721" />
      </wwreport:Link>
    </Navigation>
    <Navigation context="details">
      <Link protocol="wwh5api">
        <Data key="BaseURI" value="file:///C:/Program%20Files/WebWorks/ePublisher%20Pro/Help/en" />
        <Data key="Context" value="reports" />
        <Data key="Topic" value="images_without_long_desc" />
      </Link>
    </Navigation>
  </Entry>
  <Entry context="accessibility" type="missing-image-long-description" severity="warning">
    <Description>Image is missing a long description.</Description>
    <Navigation context="source">
      <Link protocol="adapter">
        <Data key="Path" value="C:\Documents and Settings\hadfielj\My Documents\CBIIT Projects\NBIA\NBIA 4.4 user guide and online help\NBIA admin.fm" />
        <Data key="DocumentID" value="A08CFBCCB3736CA" />
        <Data key="ID" value="1118092" />
      </Link>
    </Navigation>
    <Navigation context="output">
      <wwreport:Link protocol="uri" xmlns:wwreport="urn:WebWorks-Reports-Schema">
        <wwreport:Data key="URI" value="file:///C:/Documents%20and%20Settings/hadfielj/My%20Documents/ePublisher%20Pro%20Projects/NBIA%20Online%20Help/Output/WebWorks%20Help%205.0/NBIA%20Online%20Help/NBIA%20admin.7.10.html#1118090" />
      </wwreport:Link>
    </Navigation>
    <Navigation context="details">
      <Link protocol="wwh5api">
        <Data key="BaseURI" value="file:///C:/Program%20Files/WebWorks/ePublisher%20Pro/Help/en" />
        <Data key="Context" value="reports" />
        <Data key="Topic" value="images_without_long_desc" />
      </Link>
    </Navigation>
  </Entry>
  <Entry context="accessibility" type="missing-table-summary" severity="warning">
    <Description>Table is missing a table summary.</Description>
    <Navigation context="source">
      <Link protocol="adapter">
        <Data key="Path" value="C:\Documents and Settings\hadfielj\My Documents\CBIIT Projects\NBIA\NBIA 4.4 user guide and online help\NBIA admin.fm" />
        <Data key="DocumentID" value="A08CFBCCB3736CA" />
        <Data key="ID" value="1116836" />
      </Link>
    </Navigation>
    <Navigation context="output">
      <wwreport:Link protocol="uri" xmlns:wwreport="urn:WebWorks-Reports-Schema">
        <wwreport:Data key="URI" value="file:///C:/Documents%20and%20Settings/hadfielj/My%20Documents/ePublisher%20Pro%20Projects/NBIA%20Online%20Help/Output/WebWorks%20Help%205.0/NBIA%20Online%20Help/NBIA%20admin.7.11.html#1117794" />
      </wwreport:Link>
    </Navigation>
    <Navigation context="details">
      <Link protocol="wwh5api">
        <Data key="BaseURI" value="file:///C:/Program%20Files/WebWorks/ePublisher%20Pro/Help/en" />
        <Data key="Context" value="reports" />
        <Data key="Topic" value="tables_without_summaries" />
      </Link>
    </Navigation>
  </Entry>
  <Entry context="accessibility" type="missing-table-summary" severity="warning">
    <Description>Table is missing a table summary.</Description>
    <Navigation context="source">
      <Link protocol="adapter">
        <Data key="Path" value="C:\Documents and Settings\hadfielj\My Documents\CBIIT Projects\NBIA\NBIA 4.4 user guide and online help\NBIA admin.fm" />
        <Data key="DocumentID" value="A08CFBCCB3736CA" />
        <Data key="ID" value="1117240" />
      </Link>
    </Navigation>
    <Navigation context="output">
      <wwreport:Link protocol="uri" xmlns:wwreport="urn:WebWorks-Reports-Schema">
        <wwreport:Data key="URI" value="file:///C:/Documents%20and%20Settings/hadfielj/My%20Documents/ePublisher%20Pro%20Projects/NBIA%20Online%20Help/Output/WebWorks%20Help%205.0/NBIA%20Online%20Help/NBIA%20admin.7.12.html#1117353" />
      </wwreport:Link>
    </Navigation>
    <Navigation context="details">
      <Link protocol="wwh5api">
        <Data key="BaseURI" value="file:///C:/Program%20Files/WebWorks/ePublisher%20Pro/Help/en" />
        <Data key="Context" value="reports" />
        <Data key="Topic" value="tables_without_summaries" />
      </Link>
    </Navigation>
  </Entry>
  <Entry context="accessibility" type="missing-table-summary" severity="warning">
    <Description>Table is missing a table summary.</Description>
    <Navigation context="source">
      <Link protocol="adapter">
        <Data key="Path" value="C:\Documents and Settings\hadfielj\My Documents\CBIIT Projects\NBIA\NBIA 4.4 user guide and online help\NBIA admin.fm" />
        <Data key="DocumentID" value="A08CFBCCB3736CA" />
        <Data key="ID" value="1117452" />
      </Link>
    </Navigation>
    <Navigation context="output">
      <wwreport:Link protocol="uri" xmlns:wwreport="urn:WebWorks-Reports-Schema">
        <wwreport:Data key="URI" value="file:///C:/Documents%20and%20Settings/hadfielj/My%20Documents/ePublisher%20Pro%20Projects/NBIA%20Online%20Help/Output/WebWorks%20Help%205.0/NBIA%20Online%20Help/NBIA%20admin.7.13.html#1117474" />
      </wwreport:Link>
    </Navigation>
    <Navigation context="details">
      <Link protocol="wwh5api">
        <Data key="BaseURI" value="file:///C:/Program%20Files/WebWorks/ePublisher%20Pro/Help/en" />
        <Data key="Context" value="reports" />
        <Data key="Topic" value="tables_without_summaries" />
      </Link>
    </Navigation>
  </Entry>
  <Entry context="accessibility" type="missing-table-summary" severity="warning">
    <Description>Table is missing a table summary.</Description>
    <Navigation context="source">
      <Link protocol="adapter">
        <Data key="Path" value="C:\Documents and Settings\hadfielj\My Documents\CBIIT Projects\NBIA\NBIA 4.4 user guide and online help\appdix glossary.fm" />
        <Data key="DocumentID" value="5A7A2AF4CBF7616" />
        <Data key="ID" value="1065600" />
      </Link>
    </Navigation>
    <Navigation context="output">
      <wwreport:Link protocol="uri" xmlns:wwreport="urn:WebWorks-Reports-Schema">
        <wwreport:Data key="URI" value="file:///C:/Documents%20and%20Settings/hadfielj/My%20Documents/ePublisher%20Pro%20Projects/NBIA%20Online%20Help/Output/WebWorks%20Help%205.0/NBIA%20Online%20Help/appdix%20glossary.8.1.html#1065602" />
      </wwreport:Link>
    </Navigation>
    <Navigation context="details">
      <Link protocol="wwh5api">
        <Data key="BaseURI" value="file:///C:/Program%20Files/WebWorks/ePublisher%20Pro/Help/en" />
        <Data key="Context" value="reports" />
        <Data key="Topic" value="tables_without_summaries" />
      </Link>
    </Navigation>
  </Entry>
  <Entry context="accessibility" type="missing-table-summary" severity="warning">
    <Description>Table is missing a table summary.</Description>
    <Navigation context="source">
      <Link protocol="adapter">
        <Data key="Path" value="C:\Documents and Settings\hadfielj\My Documents\CBIIT Projects\NBIA\NBIA 4.4 user guide and online help\Application Support.fm" />
        <Data key="DocumentID" value="8859C48B21EAD48E" />
        <Data key="ID" value="998297" />
      </Link>
    </Navigation>
    <Navigation context="output">
      <wwreport:Link protocol="uri" xmlns:wwreport="urn:WebWorks-Reports-Schema">
        <wwreport:Data key="URI" value="file:///C:/Documents%20and%20Settings/hadfielj/My%20Documents/ePublisher%20Pro%20Projects/NBIA%20Online%20Help/Output/WebWorks%20Help%205.0/NBIA%20Online%20Help/Application%20Support.10.1.html#999197" />
      </wwreport:Link>
    </Navigation>
    <Navigation context="details">
      <Link protocol="wwh5api">
        <Data key="BaseURI" value="file:///C:/Program%20Files/WebWorks/ePublisher%20Pro/Help/en" />
        <Data key="Context" value="reports" />
        <Data key="Topic" value="tables_without_summaries" />
      </Link>
    </Navigation>
  </Entry>
</Report>