<?xml version="1.0" encoding="utf-8"?>
<Index version="1.0" xmlns="urn:WebWorks-Index-Schema">
  <Entry name="imaging archive, purpose" sort="imaging archive, purpose" sectionposition="2">
    <Content xmlns="urn:WebWorks-Document-Schema">
      <TextRun>
        <Text value="imaging archive, purpose" />
      </TextRun>
    </Content>
    <Link href="C:\Documents and Settings\hadfielj\My Documents\ePublisher Pro Projects\NCIA Online Help\Output\WebWorks Help 5.0\NCIA Online Help\Getting Started.2.2.html" anchor="1106719" fileposition="3" first="false" />
  </Entry>
  <Entry name="overview" sort="overview" sectionposition="2">
    <Content xmlns="urn:WebWorks-Document-Schema">
      <TextRun>
        <Text value="overview" />
      </TextRun>
    </Content>
    <Entry name="NCIA" sort="NCIA">
      <Content xmlns="urn:WebWorks-Document-Schema">
        <TextRun>
          <Text value="NCIA" />
        </TextRun>
      </Content>
      <Link href="C:\Documents and Settings\hadfielj\My Documents\ePublisher Pro Projects\NCIA Online Help\Output\WebWorks Help 5.0\NCIA Online Help\Getting Started.2.2.html" anchor="1106719" fileposition="3" first="false" />
    </Entry>
  </Entry>
  <Entry name="archive, purpose" sort="archive, purpose" sectionposition="2">
    <Content xmlns="urn:WebWorks-Document-Schema">
      <TextRun>
        <Text value="archive, purpose" />
      </TextRun>
    </Content>
    <Link href="C:\Documents and Settings\hadfielj\My Documents\ePublisher Pro Projects\NCIA Online Help\Output\WebWorks Help 5.0\NCIA Online Help\Getting Started.2.2.html" anchor="1084030" fileposition="3" first="false" />
  </Entry>
  <Entry name="NCIA" sort="NCIA" sectionposition="2">
    <Content xmlns="urn:WebWorks-Document-Schema">
      <TextRun>
        <Text value="NCIA" />
      </TextRun>
    </Content>
    <Entry name="purpose" sort="purpose">
      <Content xmlns="urn:WebWorks-Document-Schema">
        <TextRun>
          <Text value="purpose" />
        </TextRun>
      </Content>
      <Link href="C:\Documents and Settings\hadfielj\My Documents\ePublisher Pro Projects\NCIA Online Help\Output\WebWorks Help 5.0\NCIA Online Help\Getting Started.2.2.html" anchor="1084030" fileposition="3" first="false" />
    </Entry>
  </Entry>
  <Entry name="DICOM" sort="DICOM" sectionposition="2">
    <Content xmlns="urn:WebWorks-Document-Schema">
      <TextRun>
        <Text value="DICOM" />
      </TextRun>
    </Content>
    <Entry name="introduction" sort="introduction">
      <Content xmlns="urn:WebWorks-Document-Schema">
        <TextRun>
          <Text value="introduction" />
        </TextRun>
      </Content>
      <Link href="C:\Documents and Settings\hadfielj\My Documents\ePublisher Pro Projects\NCIA Online Help\Output\WebWorks Help 5.0\NCIA Online Help\Getting Started.2.2.html" anchor="1084099" fileposition="3" first="false" />
    </Entry>
  </Entry>
  <Entry name="digital image" sort="digital image" sectionposition="2">
    <Content xmlns="urn:WebWorks-Document-Schema">
      <TextRun>
        <Text value="digital image" />
      </TextRun>
    </Content>
    <Entry name="DICOM" sort="DICOM">
      <Content xmlns="urn:WebWorks-Document-Schema">
        <TextRun>
          <Text value="DICOM" />
        </TextRun>
      </Content>
      <Link href="C:\Documents and Settings\hadfielj\My Documents\ePublisher Pro Projects\NCIA Online Help\Output\WebWorks Help 5.0\NCIA Online Help\Getting Started.2.2.html" anchor="1084099" fileposition="3" first="false" />
    </Entry>
  </Entry>
  <Entry name="NCIA" sort="NCIA" sectionposition="2">
    <Content xmlns="urn:WebWorks-Document-Schema">
      <TextRun>
        <Text value="NCIA" />
      </TextRun>
    </Content>
    <Entry name="pre-login options" sort="pre-login options">
      <Content xmlns="urn:WebWorks-Document-Schema">
        <TextRun>
          <Text value="pre-login options" />
        </TextRun>
      </Content>
      <Link href="C:\Documents and Settings\hadfielj\My Documents\ePublisher Pro Projects\NCIA Online Help\Output\WebWorks Help 5.0\NCIA Online Help\Getting Started.2.2.html" anchor="1084980" fileposition="3" first="false" />
    </Entry>
  </Entry>
  <Entry name="user" sort="user" sectionposition="2">
    <Content xmlns="urn:WebWorks-Document-Schema">
      <TextRun>
        <Text value="user" />
      </TextRun>
    </Content>
    <Entry name="creating account" sort="creating account">
      <Content xmlns="urn:WebWorks-Document-Schema">
        <TextRun>
          <Text value="creating account" />
        </TextRun>
      </Content>
      <Link href="C:\Documents and Settings\hadfielj\My Documents\ePublisher Pro Projects\NCIA Online Help\Output\WebWorks Help 5.0\NCIA Online Help\Getting Started.2.3.html" anchor="1084810" fileposition="4" first="false" />
    </Entry>
  </Entry>
  <Entry name="registering new user" sort="registering new user" sectionposition="2">
    <Content xmlns="urn:WebWorks-Document-Schema">
      <TextRun>
        <Text value="registering new user" />
      </TextRun>
    </Content>
    <Link href="C:\Documents and Settings\hadfielj\My Documents\ePublisher Pro Projects\NCIA Online Help\Output\WebWorks Help 5.0\NCIA Online Help\Getting Started.2.3.html" anchor="1084811" fileposition="4" first="false" />
  </Entry>
  <Entry name="user" sort="user" sectionposition="2">
    <Content xmlns="urn:WebWorks-Document-Schema">
      <TextRun>
        <Text value="user" />
      </TextRun>
    </Content>
    <Entry name="login" sort="login">
      <Content xmlns="urn:WebWorks-Document-Schema">
        <TextRun>
          <Text value="login" />
        </TextRun>
      </Content>
      <Link href="C:\Documents and Settings\hadfielj\My Documents\ePublisher Pro Projects\NCIA Online Help\Output\WebWorks Help 5.0\NCIA Online Help\Getting Started.2.4.html" anchor="1084683" fileposition="5" first="false" />
    </Entry>
  </Entry>
  <Entry name="NCIA" sort="NCIA" sectionposition="2">
    <Content xmlns="urn:WebWorks-Document-Schema">
      <TextRun>
        <Text value="NCIA" />
      </TextRun>
    </Content>
    <Entry name="login" sort="login">
      <Content xmlns="urn:WebWorks-Document-Schema">
        <TextRun>
          <Text value="login" />
        </TextRun>
      </Content>
      <Link href="C:\Documents and Settings\hadfielj\My Documents\ePublisher Pro Projects\NCIA Online Help\Output\WebWorks Help 5.0\NCIA Online Help\Getting Started.2.4.html" anchor="1084683" fileposition="5" first="false" />
    </Entry>
  </Entry>
  <Entry name="login" sort="login" sectionposition="2">
    <Content xmlns="urn:WebWorks-Document-Schema">
      <TextRun>
        <Text value="login" />
      </TextRun>
    </Content>
    <Link href="C:\Documents and Settings\hadfielj\My Documents\ePublisher Pro Projects\NCIA Online Help\Output\WebWorks Help 5.0\NCIA Online Help\Getting Started.2.4.html" anchor="1084683" fileposition="5" first="false" />
  </Entry>
  <Entry name="Quick Links" sort="Quick Links" sectionposition="2">
    <Content xmlns="urn:WebWorks-Document-Schema">
      <TextRun>
        <Text value="Quick Links" />
      </TextRun>
    </Content>
    <Link href="C:\Documents and Settings\hadfielj\My Documents\ePublisher Pro Projects\NCIA Online Help\Output\WebWorks Help 5.0\NCIA Online Help\Getting Started.2.8.html" anchor="1090524" fileposition="9" first="false" />
  </Entry>
  <Entry name="NCIA" sort="NCIA" sectionposition="2">
    <Content xmlns="urn:WebWorks-Document-Schema">
      <TextRun>
        <Text value="NCIA" />
      </TextRun>
    </Content>
    <Entry name="Quick Links" sort="Quick Links">
      <Content xmlns="urn:WebWorks-Document-Schema">
        <TextRun>
          <Text value="Quick Links" />
        </TextRun>
      </Content>
      <Link href="C:\Documents and Settings\hadfielj\My Documents\ePublisher Pro Projects\NCIA Online Help\Output\WebWorks Help 5.0\NCIA Online Help\Getting Started.2.8.html" anchor="1090524" fileposition="9" first="false" />
    </Entry>
  </Entry>
  <Entry name="Site Map" sort="Site Map" sectionposition="2">
    <Content xmlns="urn:WebWorks-Document-Schema">
      <TextRun>
        <Text value="Site Map" />
      </TextRun>
    </Content>
    <Link href="C:\Documents and Settings\hadfielj\My Documents\ePublisher Pro Projects\NCIA Online Help\Output\WebWorks Help 5.0\NCIA Online Help\Getting Started.2.12.html" anchor="1090633" fileposition="13" first="false" />
  </Entry>
  <Entry name="NCIA" sort="NCIA" sectionposition="2">
    <Content xmlns="urn:WebWorks-Document-Schema">
      <TextRun>
        <Text value="NCIA" />
      </TextRun>
    </Content>
    <Entry name="News page Site Map" sort="News page Site Map">
      <Content xmlns="urn:WebWorks-Document-Schema">
        <TextRun>
          <Text value="News page Site Map" />
        </TextRun>
      </Content>
      <Link href="C:\Documents and Settings\hadfielj\My Documents\ePublisher Pro Projects\NCIA Online Help\Output\WebWorks Help 5.0\NCIA Online Help\Getting Started.2.12.html" anchor="1090633" fileposition="13" first="false" />
    </Entry>
  </Entry>
  <Entry name="CIP, link" sort="CIP, link" sectionposition="2">
    <Content xmlns="urn:WebWorks-Document-Schema">
      <TextRun>
        <Text value="CIP, link" />
      </TextRun>
    </Content>
    <Link href="C:\Documents and Settings\hadfielj\My Documents\ePublisher Pro Projects\NCIA Online Help\Output\WebWorks Help 5.0\NCIA Online Help\Getting Started.2.13.html" anchor="1130440" fileposition="14" first="false" />
  </Entry>
  <Entry name="CTEP, link" sort="CTEP, link" sectionposition="2">
    <Content xmlns="urn:WebWorks-Document-Schema">
      <TextRun>
        <Text value="CTEP, link" />
      </TextRun>
    </Content>
    <Link href="C:\Documents and Settings\hadfielj\My Documents\ePublisher Pro Projects\NCIA Online Help\Output\WebWorks Help 5.0\NCIA Online Help\Getting Started.2.13.html" anchor="1130445" fileposition="14" first="false" />
  </Entry>
  <Entry name="DCP, link" sort="DCP, link" sectionposition="2">
    <Content xmlns="urn:WebWorks-Document-Schema">
      <TextRun>
        <Text value="DCP, link" />
      </TextRun>
    </Content>
    <Link href="C:\Documents and Settings\hadfielj\My Documents\ePublisher Pro Projects\NCIA Online Help\Output\WebWorks Help 5.0\NCIA Online Help\Getting Started.2.13.html" anchor="1130450" fileposition="14" first="false" />
  </Entry>
  <Entry name="NCIA" sort="NCIA" sectionposition="2">
    <Content xmlns="urn:WebWorks-Document-Schema">
      <TextRun>
        <Text value="NCIA" />
      </TextRun>
    </Content>
    <Entry name="online help methods" sort="online help methods">
      <Content xmlns="urn:WebWorks-Document-Schema">
        <TextRun>
          <Text value="online help methods" />
        </TextRun>
      </Content>
      <Link href="C:\Documents and Settings\hadfielj\My Documents\ePublisher Pro Projects\NCIA Online Help\Output\WebWorks Help 5.0\NCIA Online Help\Getting Started.2.14.html" anchor="1130465" fileposition="15" first="false" />
    </Entry>
  </Entry>
  <Entry name="online help" sort="online help" sectionposition="2">
    <Content xmlns="urn:WebWorks-Document-Schema">
      <TextRun>
        <Text value="online help" />
      </TextRun>
    </Content>
    <Link href="C:\Documents and Settings\hadfielj\My Documents\ePublisher Pro Projects\NCIA Online Help\Output\WebWorks Help 5.0\NCIA Online Help\Getting Started.2.14.html" anchor="1130465" fileposition="15" first="false" />
  </Entry>
  <Entry name="online tutorial" sort="online tutorial" sectionposition="2">
    <Content xmlns="urn:WebWorks-Document-Schema">
      <TextRun>
        <Text value="online tutorial" />
      </TextRun>
    </Content>
    <Link href="C:\Documents and Settings\hadfielj\My Documents\ePublisher Pro Projects\NCIA Online Help\Output\WebWorks Help 5.0\NCIA Online Help\Getting Started.2.14.html" anchor="1087920" fileposition="15" first="false" />
  </Entry>
  <Entry name="guided tour" sort="guided tour" sectionposition="2">
    <Content xmlns="urn:WebWorks-Document-Schema">
      <TextRun>
        <Text value="guided tour" />
      </TextRun>
    </Content>
    <Link href="C:\Documents and Settings\hadfielj\My Documents\ePublisher Pro Projects\NCIA Online Help\Output\WebWorks Help 5.0\NCIA Online Help\Getting Started.2.14.html" anchor="1087889" fileposition="15" first="false" />
  </Entry>
  <Entry name="NCIA" sort="NCIA" sectionposition="2">
    <Content xmlns="urn:WebWorks-Document-Schema">
      <TextRun>
        <Text value="NCIA" />
      </TextRun>
    </Content>
    <Entry name="launching from another application" sort="launching from another application">
      <Content xmlns="urn:WebWorks-Document-Schema">
        <TextRun>
          <Text value="launching from another application" />
        </TextRun>
      </Content>
      <Link href="C:\Documents and Settings\hadfielj\My Documents\ePublisher Pro Projects\NCIA Online Help\Output\WebWorks Help 5.0\NCIA Online Help\Getting Started.2.15.html" anchor="1087647" fileposition="16" first="true" />
    </Entry>
  </Entry>
  <Entry name="launching NCIA from another application" sort="launching NCIA from another application" sectionposition="2">
    <Content xmlns="urn:WebWorks-Document-Schema">
      <TextRun>
        <Text value="launching NCIA from another application" />
      </TextRun>
    </Content>
    <Link href="C:\Documents and Settings\hadfielj\My Documents\ePublisher Pro Projects\NCIA Online Help\Output\WebWorks Help 5.0\NCIA Online Help\Getting Started.2.15.html" anchor="1087647" fileposition="16" first="true" />
  </Entry>
  <Entry name="accessing" sort="accessing" sectionposition="2">
    <Content xmlns="urn:WebWorks-Document-Schema">
      <TextRun>
        <Text value="accessing" />
      </TextRun>
    </Content>
    <Entry name="NCIA from other application" sort="NCIA from other application">
      <Content xmlns="urn:WebWorks-Document-Schema">
        <TextRun>
          <Text value="NCIA from other application" />
        </TextRun>
      </Content>
      <Link href="C:\Documents and Settings\hadfielj\My Documents\ePublisher Pro Projects\NCIA Online Help\Output\WebWorks Help 5.0\NCIA Online Help\Getting Started.2.15.html" anchor="1087647" fileposition="16" first="true" />
    </Entry>
  </Entry>
  <Entry name="NCICB Application Support" sort="NCICB Application Support" sectionposition="2">
    <Content xmlns="urn:WebWorks-Document-Schema">
      <TextRun>
        <Text value="NCICB Application Support" />
      </TextRun>
    </Content>
    <Link href="C:\Documents and Settings\hadfielj\My Documents\ePublisher Pro Projects\NCIA Online Help\Output\WebWorks Help 5.0\NCIA Online Help\Getting Started.2.16.html" anchor="1084578" fileposition="17" first="false" />
  </Entry>
  <Entry name="Application Support" sort="Application Support" sectionposition="2">
    <Content xmlns="urn:WebWorks-Document-Schema">
      <TextRun>
        <Text value="Application Support" />
      </TextRun>
    </Content>
    <Link href="C:\Documents and Settings\hadfielj\My Documents\ePublisher Pro Projects\NCIA Online Help\Output\WebWorks Help 5.0\NCIA Online Help\Getting Started.2.16.html" anchor="1084578" fileposition="17" first="false" />
  </Entry>
</Index>