<?xml version="1.0" encoding="utf-8"?>
<Report version="1.0" xmlns="urn:WebWorks-Reports-Schema">
  <Entry context="links" type="external-url" severity="message">
    <Description>External URL link 'http://prdownloads.sourceforge.net/filezilla/FileZilla_2_2_16_setup.exe?download'.</Description>
    <Navigation context="source">
      <Link protocol="adapter">
        <Data key="Path" value="C:\Documents and Settings\hadfielj\My Documents\CBIIT Projects\NBIA\NBIA 4.2 user guide and online help\appdix references.fm" />
        <Data key="DocumentID" value="3C14662AC8169FC9" />
        <Data key="ID" value="1058212" />
      </Link>
    </Navigation>
    <Navigation context="output">
      <wwreport:Link protocol="uri" xmlns:wwreport="urn:WebWorks-Reports-Schema">
        <wwreport:Data key="URI" value="file:///C:/Documents%20and%20Settings/hadfielj/My%20Documents/ePublisher%20Pro%20Projects/NBIA%20Online%20Help/Output/WebWorks%20Help%205.0/NBIA%20Online%20Help/appdix%20references.7.2.html#1058212" />
      </wwreport:Link>
    </Navigation>
    <Navigation context="output">
      <Link protocol="uri">
        <Data key="URI" value="http://prdownloads.sourceforge.net/filezilla/FileZilla_2_2_16_setup.exe?download" />
      </Link>
    </Navigation>
    <Navigation context="details">
      <Link protocol="wwh5api">
        <Data key="BaseURI" value="file:///C:/Program%20Files/WebWorks/ePublisher%20Pro/Help/en" />
        <Data key="Context" value="reports" />
        <Data key="Topic" value="external_URLs" />
      </Link>
    </Navigation>
  </Entry>
  <Entry context="links" type="external-url" severity="message">
    <Description>External URL link 'http://www.versiontracker.com/dyn/moreinfo/macosx/3107'.</Description>
    <Navigation context="source">
      <Link protocol="adapter">
        <Data key="Path" value="C:\Documents and Settings\hadfielj\My Documents\CBIIT Projects\NBIA\NBIA 4.2 user guide and online help\appdix references.fm" />
        <Data key="DocumentID" value="3C14662AC8169FC9" />
        <Data key="ID" value="1058215" />
      </Link>
    </Navigation>
    <Navigation context="output">
      <wwreport:Link protocol="uri" xmlns:wwreport="urn:WebWorks-Reports-Schema">
        <wwreport:Data key="URI" value="file:///C:/Documents%20and%20Settings/hadfielj/My%20Documents/ePublisher%20Pro%20Projects/NBIA%20Online%20Help/Output/WebWorks%20Help%205.0/NBIA%20Online%20Help/appdix%20references.7.2.html#1058215" />
      </wwreport:Link>
    </Navigation>
    <Navigation context="output">
      <Link protocol="uri">
        <Data key="URI" value="http://www.versiontracker.com/dyn/moreinfo/macosx/3107" />
      </Link>
    </Navigation>
    <Navigation context="details">
      <Link protocol="wwh5api">
        <Data key="BaseURI" value="file:///C:/Program%20Files/WebWorks/ePublisher%20Pro/Help/en" />
        <Data key="Context" value="reports" />
        <Data key="Topic" value="external_URLs" />
      </Link>
    </Navigation>
  </Entry>
  <Entry context="links" type="external-url" severity="message">
    <Description>External URL link 'http://www.versiontracker.com/dyn/moreinfo/macosx/3107'.</Description>
    <Navigation context="source">
      <Link protocol="adapter">
        <Data key="Path" value="C:\Documents and Settings\hadfielj\My Documents\CBIIT Projects\NBIA\NBIA 4.2 user guide and online help\appdix references.fm" />
        <Data key="DocumentID" value="3C14662AC8169FC9" />
        <Data key="ID" value="1058215" />
      </Link>
    </Navigation>
    <Navigation context="output">
      <wwreport:Link protocol="uri" xmlns:wwreport="urn:WebWorks-Reports-Schema">
        <wwreport:Data key="URI" value="file:///C:/Documents%20and%20Settings/hadfielj/My%20Documents/ePublisher%20Pro%20Projects/NBIA%20Online%20Help/Output/WebWorks%20Help%205.0/NBIA%20Online%20Help/appdix%20references.7.2.html#1058215" />
      </wwreport:Link>
    </Navigation>
    <Navigation context="output">
      <Link protocol="uri">
        <Data key="URI" value="http://www.versiontracker.com/dyn/moreinfo/macosx/3107" />
      </Link>
    </Navigation>
    <Navigation context="details">
      <Link protocol="wwh5api">
        <Data key="BaseURI" value="file:///C:/Program%20Files/WebWorks/ePublisher%20Pro/Help/en" />
        <Data key="Context" value="reports" />
        <Data key="Topic" value="external_URLs" />
      </Link>
    </Navigation>
  </Entry>
  <Entry context="links" type="external-url" severity="message">
    <Description>External URL link 'http://fetchsoftworks.com/'.</Description>
    <Navigation context="source">
      <Link protocol="adapter">
        <Data key="Path" value="C:\Documents and Settings\hadfielj\My Documents\CBIIT Projects\NBIA\NBIA 4.2 user guide and online help\appdix references.fm" />
        <Data key="DocumentID" value="3C14662AC8169FC9" />
        <Data key="ID" value="1058217" />
      </Link>
    </Navigation>
    <Navigation context="output">
      <wwreport:Link protocol="uri" xmlns:wwreport="urn:WebWorks-Reports-Schema">
        <wwreport:Data key="URI" value="file:///C:/Documents%20and%20Settings/hadfielj/My%20Documents/ePublisher%20Pro%20Projects/NBIA%20Online%20Help/Output/WebWorks%20Help%205.0/NBIA%20Online%20Help/appdix%20references.7.2.html#1058217" />
      </wwreport:Link>
    </Navigation>
    <Navigation context="output">
      <Link protocol="uri">
        <Data key="URI" value="http://fetchsoftworks.com/" />
      </Link>
    </Navigation>
    <Navigation context="details">
      <Link protocol="wwh5api">
        <Data key="BaseURI" value="file:///C:/Program%20Files/WebWorks/ePublisher%20Pro/Help/en" />
        <Data key="Context" value="reports" />
        <Data key="Topic" value="external_URLs" />
      </Link>
    </Navigation>
  </Entry>
  <Entry context="links" type="external-url" severity="message">
    <Description>External URL link 'http://fetchsoftworks.com/'.</Description>
    <Navigation context="source">
      <Link protocol="adapter">
        <Data key="Path" value="C:\Documents and Settings\hadfielj\My Documents\CBIIT Projects\NBIA\NBIA 4.2 user guide and online help\appdix references.fm" />
        <Data key="DocumentID" value="3C14662AC8169FC9" />
        <Data key="ID" value="1058217" />
      </Link>
    </Navigation>
    <Navigation context="output">
      <wwreport:Link protocol="uri" xmlns:wwreport="urn:WebWorks-Reports-Schema">
        <wwreport:Data key="URI" value="file:///C:/Documents%20and%20Settings/hadfielj/My%20Documents/ePublisher%20Pro%20Projects/NBIA%20Online%20Help/Output/WebWorks%20Help%205.0/NBIA%20Online%20Help/appdix%20references.7.2.html#1058217" />
      </wwreport:Link>
    </Navigation>
    <Navigation context="output">
      <Link protocol="uri">
        <Data key="URI" value="http://fetchsoftworks.com/" />
      </Link>
    </Navigation>
    <Navigation context="details">
      <Link protocol="wwh5api">
        <Data key="BaseURI" value="file:///C:/Program%20Files/WebWorks/ePublisher%20Pro/Help/en" />
        <Data key="Context" value="reports" />
        <Data key="Topic" value="external_URLs" />
      </Link>
    </Navigation>
  </Entry>
  <Entry context="links" type="external-url" severity="message">
    <Description>External URL link 'http://medical.nema.org/'.</Description>
    <Navigation context="source">
      <Link protocol="adapter">
        <Data key="Path" value="C:\Documents and Settings\hadfielj\My Documents\CBIIT Projects\NBIA\NBIA 4.2 user guide and online help\appdix references.fm" />
        <Data key="DocumentID" value="3C14662AC8169FC9" />
        <Data key="ID" value="1058306" />
      </Link>
    </Navigation>
    <Navigation context="output">
      <wwreport:Link protocol="uri" xmlns:wwreport="urn:WebWorks-Reports-Schema">
        <wwreport:Data key="URI" value="file:///C:/Documents%20and%20Settings/hadfielj/My%20Documents/ePublisher%20Pro%20Projects/NBIA%20Online%20Help/Output/WebWorks%20Help%205.0/NBIA%20Online%20Help/appdix%20references.7.3.html#1058306" />
      </wwreport:Link>
    </Navigation>
    <Navigation context="output">
      <Link protocol="uri">
        <Data key="URI" value="http://medical.nema.org/" />
      </Link>
    </Navigation>
    <Navigation context="details">
      <Link protocol="wwh5api">
        <Data key="BaseURI" value="file:///C:/Program%20Files/WebWorks/ePublisher%20Pro/Help/en" />
        <Data key="Context" value="reports" />
        <Data key="Topic" value="external_URLs" />
      </Link>
    </Navigation>
  </Entry>
  <Entry context="links" type="external-url" severity="message">
    <Description>External URL link 'http://rsb.info.nih.gov/ij/'.</Description>
    <Navigation context="source">
      <Link protocol="adapter">
        <Data key="Path" value="C:\Documents and Settings\hadfielj\My Documents\CBIIT Projects\NBIA\NBIA 4.2 user guide and online help\appdix references.fm" />
        <Data key="DocumentID" value="3C14662AC8169FC9" />
        <Data key="ID" value="1058221" />
      </Link>
    </Navigation>
    <Navigation context="output">
      <wwreport:Link protocol="uri" xmlns:wwreport="urn:WebWorks-Reports-Schema">
        <wwreport:Data key="URI" value="file:///C:/Documents%20and%20Settings/hadfielj/My%20Documents/ePublisher%20Pro%20Projects/NBIA%20Online%20Help/Output/WebWorks%20Help%205.0/NBIA%20Online%20Help/appdix%20references.7.3.html#1058221" />
      </wwreport:Link>
    </Navigation>
    <Navigation context="output">
      <Link protocol="uri">
        <Data key="URI" value="http://rsb.info.nih.gov/ij/" />
      </Link>
    </Navigation>
    <Navigation context="details">
      <Link protocol="wwh5api">
        <Data key="BaseURI" value="file:///C:/Program%20Files/WebWorks/ePublisher%20Pro/Help/en" />
        <Data key="Context" value="reports" />
        <Data key="Topic" value="external_URLs" />
      </Link>
    </Navigation>
  </Entry>
  <Entry context="links" type="external-url" severity="message">
    <Description>External URL link 'http://rsb.info.nih.gov/ij/'.</Description>
    <Navigation context="source">
      <Link protocol="adapter">
        <Data key="Path" value="C:\Documents and Settings\hadfielj\My Documents\CBIIT Projects\NBIA\NBIA 4.2 user guide and online help\appdix references.fm" />
        <Data key="DocumentID" value="3C14662AC8169FC9" />
        <Data key="ID" value="1058221" />
      </Link>
    </Navigation>
    <Navigation context="output">
      <wwreport:Link protocol="uri" xmlns:wwreport="urn:WebWorks-Reports-Schema">
        <wwreport:Data key="URI" value="file:///C:/Documents%20and%20Settings/hadfielj/My%20Documents/ePublisher%20Pro%20Projects/NBIA%20Online%20Help/Output/WebWorks%20Help%205.0/NBIA%20Online%20Help/appdix%20references.7.3.html#1058221" />
      </wwreport:Link>
    </Navigation>
    <Navigation context="output">
      <Link protocol="uri">
        <Data key="URI" value="http://rsb.info.nih.gov/ij/" />
      </Link>
    </Navigation>
    <Navigation context="details">
      <Link protocol="wwh5api">
        <Data key="BaseURI" value="file:///C:/Program%20Files/WebWorks/ePublisher%20Pro/Help/en" />
        <Data key="Context" value="reports" />
        <Data key="Topic" value="external_URLs" />
      </Link>
    </Navigation>
  </Entry>
  <Entry context="links" type="external-url" severity="message">
    <Description>External URL link 'http://homepage.mac.com/rossetantoine/osirix/'.</Description>
    <Navigation context="source">
      <Link protocol="adapter">
        <Data key="Path" value="C:\Documents and Settings\hadfielj\My Documents\CBIIT Projects\NBIA\NBIA 4.2 user guide and online help\appdix references.fm" />
        <Data key="DocumentID" value="3C14662AC8169FC9" />
        <Data key="ID" value="1058403" />
      </Link>
    </Navigation>
    <Navigation context="output">
      <wwreport:Link protocol="uri" xmlns:wwreport="urn:WebWorks-Reports-Schema">
        <wwreport:Data key="URI" value="file:///C:/Documents%20and%20Settings/hadfielj/My%20Documents/ePublisher%20Pro%20Projects/NBIA%20Online%20Help/Output/WebWorks%20Help%205.0/NBIA%20Online%20Help/appdix%20references.7.3.html#1058403" />
      </wwreport:Link>
    </Navigation>
    <Navigation context="output">
      <Link protocol="uri">
        <Data key="URI" value="http://homepage.mac.com/rossetantoine/osirix/" />
      </Link>
    </Navigation>
    <Navigation context="details">
      <Link protocol="wwh5api">
        <Data key="BaseURI" value="file:///C:/Program%20Files/WebWorks/ePublisher%20Pro/Help/en" />
        <Data key="Context" value="reports" />
        <Data key="Topic" value="external_URLs" />
      </Link>
    </Navigation>
  </Entry>
  <Entry context="links" type="external-url" severity="message">
    <Description>External URL link 'http://www.osirix-viewer.com/'.</Description>
    <Navigation context="source">
      <Link protocol="adapter">
        <Data key="Path" value="C:\Documents and Settings\hadfielj\My Documents\CBIIT Projects\NBIA\NBIA 4.2 user guide and online help\appdix references.fm" />
        <Data key="DocumentID" value="3C14662AC8169FC9" />
        <Data key="ID" value="1058403" />
      </Link>
    </Navigation>
    <Navigation context="output">
      <wwreport:Link protocol="uri" xmlns:wwreport="urn:WebWorks-Reports-Schema">
        <wwreport:Data key="URI" value="file:///C:/Documents%20and%20Settings/hadfielj/My%20Documents/ePublisher%20Pro%20Projects/NBIA%20Online%20Help/Output/WebWorks%20Help%205.0/NBIA%20Online%20Help/appdix%20references.7.3.html#1058403" />
      </wwreport:Link>
    </Navigation>
    <Navigation context="output">
      <Link protocol="uri">
        <Data key="URI" value="http://www.osirix-viewer.com/" />
      </Link>
    </Navigation>
    <Navigation context="details">
      <Link protocol="wwh5api">
        <Data key="BaseURI" value="file:///C:/Program%20Files/WebWorks/ePublisher%20Pro/Help/en" />
        <Data key="Context" value="reports" />
        <Data key="Topic" value="external_URLs" />
      </Link>
    </Navigation>
  </Entry>
  <Entry context="links" type="external-url" severity="message">
    <Description>External URL link 'http://www.clearcanvas.ca/dnn/'.</Description>
    <Navigation context="source">
      <Link protocol="adapter">
        <Data key="Path" value="C:\Documents and Settings\hadfielj\My Documents\CBIIT Projects\NBIA\NBIA 4.2 user guide and online help\appdix references.fm" />
        <Data key="DocumentID" value="3C14662AC8169FC9" />
        <Data key="ID" value="1064616" />
      </Link>
    </Navigation>
    <Navigation context="output">
      <wwreport:Link protocol="uri" xmlns:wwreport="urn:WebWorks-Reports-Schema">
        <wwreport:Data key="URI" value="file:///C:/Documents%20and%20Settings/hadfielj/My%20Documents/ePublisher%20Pro%20Projects/NBIA%20Online%20Help/Output/WebWorks%20Help%205.0/NBIA%20Online%20Help/appdix%20references.7.3.html#1064616" />
      </wwreport:Link>
    </Navigation>
    <Navigation context="output">
      <Link protocol="uri">
        <Data key="URI" value="http://www.clearcanvas.ca/dnn/" />
      </Link>
    </Navigation>
    <Navigation context="details">
      <Link protocol="wwh5api">
        <Data key="BaseURI" value="file:///C:/Program%20Files/WebWorks/ePublisher%20Pro/Help/en" />
        <Data key="Context" value="reports" />
        <Data key="Topic" value="external_URLs" />
      </Link>
    </Navigation>
  </Entry>
  <Entry context="links" type="external-url" severity="message">
    <Description>External URL link 'https://gforge.nci.nih.gov/frs/?group_id=312'.</Description>
    <Navigation context="source">
      <Link protocol="adapter">
        <Data key="Path" value="C:\Documents and Settings\hadfielj\My Documents\CBIIT Projects\NBIA\NBIA 4.2 user guide and online help\appdix references.fm" />
        <Data key="DocumentID" value="3C14662AC8169FC9" />
        <Data key="ID" value="1059697" />
      </Link>
    </Navigation>
    <Navigation context="output">
      <wwreport:Link protocol="uri" xmlns:wwreport="urn:WebWorks-Reports-Schema">
        <wwreport:Data key="URI" value="file:///C:/Documents%20and%20Settings/hadfielj/My%20Documents/ePublisher%20Pro%20Projects/NBIA%20Online%20Help/Output/WebWorks%20Help%205.0/NBIA%20Online%20Help/appdix%20references.7.4.html#1059697" />
      </wwreport:Link>
    </Navigation>
    <Navigation context="output">
      <Link protocol="uri">
        <Data key="URI" value="https://gforge.nci.nih.gov/frs/?group_id=312" />
      </Link>
    </Navigation>
    <Navigation context="details">
      <Link protocol="wwh5api">
        <Data key="BaseURI" value="file:///C:/Program%20Files/WebWorks/ePublisher%20Pro/Help/en" />
        <Data key="Context" value="reports" />
        <Data key="Topic" value="external_URLs" />
      </Link>
    </Navigation>
  </Entry>
  <Entry context="links" type="external-url" severity="message">
    <Description>External URL link 'http://imaging.nci.nih.gov'.</Description>
    <Navigation context="source">
      <Link protocol="adapter">
        <Data key="Path" value="C:\Documents and Settings\hadfielj\My Documents\CBIIT Projects\NBIA\NBIA 4.2 user guide and online help\appdix references.fm" />
        <Data key="DocumentID" value="3C14662AC8169FC9" />
        <Data key="ID" value="1059622" />
      </Link>
    </Navigation>
    <Navigation context="output">
      <wwreport:Link protocol="uri" xmlns:wwreport="urn:WebWorks-Reports-Schema">
        <wwreport:Data key="URI" value="file:///C:/Documents%20and%20Settings/hadfielj/My%20Documents/ePublisher%20Pro%20Projects/NBIA%20Online%20Help/Output/WebWorks%20Help%205.0/NBIA%20Online%20Help/appdix%20references.7.5.html#1059622" />
      </wwreport:Link>
    </Navigation>
    <Navigation context="output">
      <Link protocol="uri">
        <Data key="URI" value="http://imaging.nci.nih.gov" />
      </Link>
    </Navigation>
    <Navigation context="details">
      <Link protocol="wwh5api">
        <Data key="BaseURI" value="file:///C:/Program%20Files/WebWorks/ePublisher%20Pro/Help/en" />
        <Data key="Context" value="reports" />
        <Data key="Topic" value="external_URLs" />
      </Link>
    </Navigation>
  </Entry>
  <Entry context="links" type="external-url" severity="message">
    <Description>External URL link 'http://imaging.nci.nih.gov'.</Description>
    <Navigation context="source">
      <Link protocol="adapter">
        <Data key="Path" value="C:\Documents and Settings\hadfielj\My Documents\CBIIT Projects\NBIA\NBIA 4.2 user guide and online help\appdix references.fm" />
        <Data key="DocumentID" value="3C14662AC8169FC9" />
        <Data key="ID" value="1059622" />
      </Link>
    </Navigation>
    <Navigation context="output">
      <wwreport:Link protocol="uri" xmlns:wwreport="urn:WebWorks-Reports-Schema">
        <wwreport:Data key="URI" value="file:///C:/Documents%20and%20Settings/hadfielj/My%20Documents/ePublisher%20Pro%20Projects/NBIA%20Online%20Help/Output/WebWorks%20Help%205.0/NBIA%20Online%20Help/appdix%20references.7.5.html#1059622" />
      </wwreport:Link>
    </Navigation>
    <Navigation context="output">
      <Link protocol="uri">
        <Data key="URI" value="http://imaging.nci.nih.gov" />
      </Link>
    </Navigation>
    <Navigation context="details">
      <Link protocol="wwh5api">
        <Data key="BaseURI" value="file:///C:/Program%20Files/WebWorks/ePublisher%20Pro/Help/en" />
        <Data key="Context" value="reports" />
        <Data key="Topic" value="external_URLs" />
      </Link>
    </Navigation>
  </Entry>
  <Entry context="links" type="external-url" severity="message">
    <Description>External URL link 'http://ncia.nci.nih.gov'.</Description>
    <Navigation context="source">
      <Link protocol="adapter">
        <Data key="Path" value="C:\Documents and Settings\hadfielj\My Documents\CBIIT Projects\NBIA\NBIA 4.2 user guide and online help\appdix references.fm" />
        <Data key="DocumentID" value="3C14662AC8169FC9" />
        <Data key="ID" value="1059741" />
      </Link>
    </Navigation>
    <Navigation context="output">
      <wwreport:Link protocol="uri" xmlns:wwreport="urn:WebWorks-Reports-Schema">
        <wwreport:Data key="URI" value="file:///C:/Documents%20and%20Settings/hadfielj/My%20Documents/ePublisher%20Pro%20Projects/NBIA%20Online%20Help/Output/WebWorks%20Help%205.0/NBIA%20Online%20Help/appdix%20references.7.5.html#1059741" />
      </wwreport:Link>
    </Navigation>
    <Navigation context="output">
      <Link protocol="uri">
        <Data key="URI" value="http://ncia.nci.nih.gov" />
      </Link>
    </Navigation>
    <Navigation context="details">
      <Link protocol="wwh5api">
        <Data key="BaseURI" value="file:///C:/Program%20Files/WebWorks/ePublisher%20Pro/Help/en" />
        <Data key="Context" value="reports" />
        <Data key="Topic" value="external_URLs" />
      </Link>
    </Navigation>
  </Entry>
  <Entry context="links" type="external-url" severity="message">
    <Description>External URL link 'http://ncia.nci.nih.gov'.</Description>
    <Navigation context="source">
      <Link protocol="adapter">
        <Data key="Path" value="C:\Documents and Settings\hadfielj\My Documents\CBIIT Projects\NBIA\NBIA 4.2 user guide and online help\appdix references.fm" />
        <Data key="DocumentID" value="3C14662AC8169FC9" />
        <Data key="ID" value="1059741" />
      </Link>
    </Navigation>
    <Navigation context="output">
      <wwreport:Link protocol="uri" xmlns:wwreport="urn:WebWorks-Reports-Schema">
        <wwreport:Data key="URI" value="file:///C:/Documents%20and%20Settings/hadfielj/My%20Documents/ePublisher%20Pro%20Projects/NBIA%20Online%20Help/Output/WebWorks%20Help%205.0/NBIA%20Online%20Help/appdix%20references.7.5.html#1059741" />
      </wwreport:Link>
    </Navigation>
    <Navigation context="output">
      <Link protocol="uri">
        <Data key="URI" value="http://ncia.nci.nih.gov" />
      </Link>
    </Navigation>
    <Navigation context="details">
      <Link protocol="wwh5api">
        <Data key="BaseURI" value="file:///C:/Program%20Files/WebWorks/ePublisher%20Pro/Help/en" />
        <Data key="Context" value="reports" />
        <Data key="Topic" value="external_URLs" />
      </Link>
    </Navigation>
  </Entry>
</Report>