<?xml version="1.0" encoding="utf-8"?>
<Behaviors version="1.0" xmlns="urn:WebWorks-Behaviors-Schema">
  <Split id="1065598" documentposition="3">
    <Paragraph id="1065598" documentposition="3" splitpriority="none" />
    <Paragraph id="1065599" documentposition="4" splitpriority="none" />
    <Table id="1065600" documentposition="5" splitpriority="none">
      <TableCell>
        <Paragraph id="1065602" />
      </TableCell>
      <TableCell>
        <Paragraph id="1065604" />
      </TableCell>
      <TableCell>
        <Paragraph id="1066174" />
      </TableCell>
      <TableCell>
        <Paragraph id="1066176" />
      </TableCell>
      <TableCell>
        <Paragraph id="1066162" />
      </TableCell>
      <TableCell>
        <Paragraph id="1066164" />
      </TableCell>
      <TableCell>
        <Paragraph id="1066182" />
      </TableCell>
      <TableCell>
        <Paragraph id="1066184" />
      </TableCell>
      <TableCell>
        <Paragraph id="1066194" />
      </TableCell>
      <TableCell>
        <Paragraph id="1066196" />
      </TableCell>
      <TableCell>
        <Paragraph id="1066198" />
      </TableCell>
      <TableCell>
        <Paragraph id="1066200" />
      </TableCell>
      <TableCell>
        <Paragraph id="1066219" />
      </TableCell>
      <TableCell>
        <Paragraph id="1066221" />
      </TableCell>
      <TableCell>
        <Paragraph id="1066235" />
      </TableCell>
      <TableCell>
        <Paragraph id="1066237" />
      </TableCell>
      <TableCell>
        <Paragraph id="1066231" />
      </TableCell>
      <TableCell>
        <Paragraph id="1066233" />
      </TableCell>
      <TableCell>
        <Paragraph id="1066331" />
      </TableCell>
      <TableCell>
        <Paragraph id="1066333" />
      </TableCell>
    </Table>
    <Paragraph id="1058163" documentposition="6" splitpriority="none" />
  </Split>
</Behaviors>