<?xml version="1.0" encoding="utf-8"?>
<TableOfContents version="1.0" xmlns="urn:WebWorks-Engine-TOC-Schema">
 <Entry id="1052621" documentID="A62E692FC3C8747" level="1" documentposition="1">
 </Entry>
 <Entry id="1104591" documentID="E51F84D3374EA714" level="1" documentposition="3">
  <Entry id="1064696" documentID="E51F84D3374EA714" level="2" documentposition="12">
  </Entry>
  <Entry id="1084793" documentID="E51F84D3374EA714" level="2" documentposition="27">
  </Entry>
  <Entry id="1149673" documentID="E51F84D3374EA714" level="2" documentposition="35">
  </Entry>
  <Entry id="1149786" documentID="E51F84D3374EA714" level="2" documentposition="44">
  </Entry>
  <Entry id="1109695" documentID="E51F84D3374EA714" level="2" documentposition="57">
  </Entry>
  <Entry id="1155561" documentID="E51F84D3374EA714" level="2" documentposition="68">
   <Entry id="1102231" documentID="E51F84D3374EA714" level="3" documentposition="73">
   </Entry>
   <Entry id="1094519" documentID="E51F84D3374EA714" level="3" documentposition="79">
    <Entry id="1094546" documentID="E51F84D3374EA714" level="4" documentposition="85">
    </Entry>
   </Entry>
   <Entry id="1089122" documentID="E51F84D3374EA714" level="3" documentposition="94">
   </Entry>
  </Entry>
  <Entry id="1091593" documentID="E51F84D3374EA714" level="2" documentposition="100">
   <Entry id="1090544" documentID="E51F84D3374EA714" level="3" documentposition="106">
   </Entry>
   <Entry id="1094701" documentID="E51F84D3374EA714" level="3" documentposition="112">
   </Entry>
   <Entry id="1090692" documentID="E51F84D3374EA714" level="3" documentposition="119">
   </Entry>
  </Entry>
  <Entry id="1087647" documentID="E51F84D3374EA714" level="2" documentposition="125">
  </Entry>
  <Entry id="1158282" documentID="E51F84D3374EA714" level="2" documentposition="134">
  </Entry>
 </Entry>
 <Entry id="1060244" documentID="DC3845D1CA44D369" level="1" documentposition="3">
  <Entry id="1066291" documentID="DC3845D1CA44D369" level="2" documentposition="11">
   <Entry id="1066741" documentID="DC3845D1CA44D369" level="3" documentposition="41">
   </Entry>
   <Entry id="1207980" documentID="DC3845D1CA44D369" level="3" documentposition="64">
   </Entry>
   <Entry id="1208463" documentID="DC3845D1CA44D369" level="3" documentposition="92">
   </Entry>
   <Entry id="1212337" documentID="DC3845D1CA44D369" level="3" documentposition="116">
   </Entry>
  </Entry>
  <Entry id="1095060" documentID="DC3845D1CA44D369" level="2" documentposition="119">
   <Entry id="1102496" documentID="DC3845D1CA44D369" level="3" documentposition="127">
   </Entry>
  </Entry>
  <Entry id="1205557" documentID="DC3845D1CA44D369" level="2" documentposition="153">
  </Entry>
  <Entry id="1067999" documentID="DC3845D1CA44D369" level="2" documentposition="169">
   <Entry id="1091711" documentID="DC3845D1CA44D369" level="3" documentposition="177">
   </Entry>
   <Entry id="1066885" documentID="DC3845D1CA44D369" level="3" documentposition="186">
   </Entry>
   <Entry id="1153808" documentID="DC3845D1CA44D369" level="3" documentposition="204">
   </Entry>
   <Entry id="1092117" documentID="DC3845D1CA44D369" level="3" documentposition="220">
   </Entry>
  </Entry>
  <Entry id="1086036" documentID="DC3845D1CA44D369" level="2" documentposition="230">
  </Entry>
 </Entry>
 <Entry id="1060244" documentID="67FC8BC25B98DD1F" level="1" documentposition="3">
  <Entry id="1095790" documentID="67FC8BC25B98DD1F" level="2" documentposition="9">
   <Entry id="1085991" documentID="67FC8BC25B98DD1F" level="3" documentposition="15">
   </Entry>
   <Entry id="1069240" documentID="67FC8BC25B98DD1F" level="3" documentposition="27">
   </Entry>
   <Entry id="1069282" documentID="67FC8BC25B98DD1F" level="3" documentposition="41">
   </Entry>
   <Entry id="1169054" documentID="67FC8BC25B98DD1F" level="3" documentposition="51">
   </Entry>
  </Entry>
  <Entry id="1169851" documentID="67FC8BC25B98DD1F" level="2" documentposition="60">
   <Entry id="1090594" documentID="67FC8BC25B98DD1F" level="3" documentposition="65">
   </Entry>
   <Entry id="1070197" documentID="67FC8BC25B98DD1F" level="3" documentposition="74">
   </Entry>
   <Entry id="1090496" documentID="67FC8BC25B98DD1F" level="3" documentposition="83">
    <Entry id="1204354" documentID="67FC8BC25B98DD1F" level="4" documentposition="89">
    </Entry>
    <Entry id="1204360" documentID="67FC8BC25B98DD1F" level="4" documentposition="95">
    </Entry>
   </Entry>
  </Entry>
  <Entry id="1070597" documentID="67FC8BC25B98DD1F" level="2" documentposition="115">
  </Entry>
 </Entry>
 <Entry id="1060244" documentID="B76342D0B38E613E" level="1" documentposition="3">
  <Entry id="1185434" documentID="B76342D0B38E613E" level="2" documentposition="9">
   <Entry id="1185456" documentID="B76342D0B38E613E" level="3" documentposition="20">
   </Entry>
   <Entry id="1189447" documentID="B76342D0B38E613E" level="3" documentposition="61">
   </Entry>
   <Entry id="1187206" documentID="B76342D0B38E613E" level="3" documentposition="76">
   </Entry>
  </Entry>
  <Entry id="1183853" documentID="B76342D0B38E613E" level="2" documentposition="94">
   <Entry id="1184357" documentID="B76342D0B38E613E" level="3" documentposition="101">
    <Entry id="1196342" documentID="B76342D0B38E613E" level="4" documentposition="105">
    </Entry>
    <Entry id="1192202" documentID="B76342D0B38E613E" level="4" documentposition="116">
    </Entry>
   </Entry>
   <Entry id="1184346" documentID="B76342D0B38E613E" level="3" documentposition="127">
   </Entry>
   <Entry id="1186237" documentID="B76342D0B38E613E" level="3" documentposition="139">
   </Entry>
   <Entry id="1192950" documentID="B76342D0B38E613E" level="3" documentposition="154">
   </Entry>
   <Entry id="1199077" documentID="B76342D0B38E613E" level="3" documentposition="179">
   </Entry>
  </Entry>
  <Entry id="1197885" documentID="B76342D0B38E613E" level="2" documentposition="197">
  </Entry>
 </Entry>
 <Entry id="1064739" documentID="6B8D7D2585F713DF" level="1" documentposition="3">
  <Entry id="1084083" documentID="6B8D7D2585F713DF" level="2" documentposition="10">
  </Entry>
  <Entry id="1104462" documentID="6B8D7D2585F713DF" level="2" documentposition="17">
  </Entry>
  <Entry id="1084993" documentID="6B8D7D2585F713DF" level="2" documentposition="28">
  </Entry>
  <Entry id="1092076" documentID="6B8D7D2585F713DF" level="2" documentposition="50">
  </Entry>
  <Entry id="1110661" documentID="6B8D7D2585F713DF" level="2" documentposition="58">
   <Entry id="1102760" documentID="6B8D7D2585F713DF" level="3" documentposition="74">
    <Entry id="1111037" documentID="6B8D7D2585F713DF" level="4" documentposition="76">
    </Entry>
   </Entry>
  </Entry>
  <Entry id="1112366" documentID="6B8D7D2585F713DF" level="2" documentposition="90">
  </Entry>
 </Entry>
 <Entry id="1056918" documentID="3C14662AC8169FC9" level="1" documentposition="3">
  <Entry id="1056911" documentID="3C14662AC8169FC9" level="2" documentposition="9">
  </Entry>
  <Entry id="1058243" documentID="3C14662AC8169FC9" level="2" documentposition="13">
  </Entry>
  <Entry id="1059694" documentID="3C14662AC8169FC9" level="2" documentposition="18">
  </Entry>
  <Entry id="1059619" documentID="3C14662AC8169FC9" level="2" documentposition="21">
  </Entry>
 </Entry>
 <Entry id="1065598" documentID="21BB813D56D3814" level="1" documentposition="3">
 </Entry>
 <Entry id="998294" documentID="11FC1A5CBB4563FC" level="1" documentposition="1">
 </Entry>
</TableOfContents>