<?xml version="1.0" encoding="utf-8"?>
<Splits version="1.0" xmlns="urn:WebWorks-Engine-Splits-Schema">
  <Split id="1064739" documentposition="3" />
  <Split id="1084083" documentposition="10" />
  <Split id="1104462" documentposition="17" />
  <Split id="1135457" documentposition="27" />
  <Split id="1084993" documentposition="39" />
  <Split id="1125720" documentposition="64" />
  <Split id="1125100" documentposition="68" />
  <Split id="1125522" documentposition="70" />
  <Split id="1124476" documentposition="86" />
  <Split id="1110661" documentposition="95" />
  <Split id="1121485" documentposition="113" />
  <Split id="1117084" documentposition="121" />
  <Split id="1110744" documentposition="129" />
  <Split id="1124704" documentposition="135" />
</Splits>