<?xml version="1.0" encoding="utf-8"?>
<Index version="1.0" xmlns="urn:WebWorks-Index-Schema">
  <Section position="2">
<Group id="2_0" name="Default" sort=" ">
</Group>

<Group id="2_1" name="A" sort="A">
<Entry id="2_2" name="access to an image collection" sort="access to an image collection"><Content xmlns="urn:WebWorks-Document-Schema"><TextRun><Text value="access to an image collection" /></TextRun></Content><Link href="C:\Documents and Settings\hadfielj\My Documents\ePublisher Pro Projects\NCIA Online Help\Output\WebWorks Help 5.0\NCIA Online Help\Searching NCIA.3.16.html" anchor="1093261" fileposition="35" first="false" /></Entry>
<Entry id="2_3" name="accessing NCIA from other application" sort="accessing NCIA from other application"><Content xmlns="urn:WebWorks-Document-Schema"><TextRun><Text value="accessing NCIA from other application" /></TextRun></Content><Link href="C:\Documents and Settings\hadfielj\My Documents\ePublisher Pro Projects\NCIA Online Help\Output\WebWorks Help 5.0\NCIA Online Help\Getting Started.2.17.html" anchor="1087647" fileposition="18" first="true" /></Entry>
<Entry id="2_4" name="adding to Data Basket" sort="adding to Data Basket"><Content xmlns="urn:WebWorks-Document-Schema"><TextRun><Text value="adding to Data Basket" /></TextRun></Content><Link href="C:\Documents and Settings\hadfielj\My Documents\ePublisher Pro Projects\NCIA Online Help\Output\WebWorks Help 5.0\NCIA Online Help\Searching NCIA.3.20.html" anchor="1169851" fileposition="39" first="true" /></Entry>
<Entry id="2_5" name="Administration" sort="Administration"><Content xmlns="urn:WebWorks-Document-Schema"><TextRun><Text value="Administration" /></TextRun></Content><Entry name="overview" sort="overview"><Content xmlns="urn:WebWorks-Document-Schema"><TextRun><Text value="overview" /></TextRun></Content><Link href="C:\Documents and Settings\hadfielj\My Documents\ePublisher Pro Projects\NCIA Online Help\Output\WebWorks Help 5.0\NCIA Online Help\NCIA admin.4.2.html" anchor="1071966" fileposition="46" first="false" /></Entry><Entry name="privileges" sort="privileges"><Content xmlns="urn:WebWorks-Document-Schema"><TextRun><Text value="privileges" /></TextRun></Content><Link href="C:\Documents and Settings\hadfielj\My Documents\ePublisher Pro Projects\NCIA Online Help\Output\WebWorks Help 5.0\NCIA Online Help\NCIA admin.4.2.html" anchor="1071966" fileposition="46" first="false" /></Entry><Entry name="uploading, parsing spreadsheet" sort="uploading, parsing spreadsheet"><Content xmlns="urn:WebWorks-Document-Schema"><TextRun><Text value="uploading, parsing spreadsheet" /></TextRun></Content><Link href="C:\Documents and Settings\hadfielj\My Documents\ePublisher Pro Projects\NCIA Online Help\Output\WebWorks Help 5.0\NCIA Online Help\NCIA admin.4.5.html" anchor="1092079" fileposition="49" first="false" /></Entry><Entry name="using QA tools" sort="using QA tools"><Content xmlns="urn:WebWorks-Document-Schema"><TextRun><Text value="using QA tools" /></TextRun></Content><Link href="C:\Documents and Settings\hadfielj\My Documents\ePublisher Pro Projects\NCIA Online Help\Output\WebWorks Help 5.0\NCIA Online Help\NCIA admin.4.3.html" anchor="1084996" fileposition="47" first="false" /><Link href="C:\Documents and Settings\hadfielj\My Documents\ePublisher Pro Projects\NCIA Online Help\Output\WebWorks Help 5.0\NCIA Online Help\NCIA admin.4.4.html" anchor="1092022" fileposition="48" first="false" /></Entry><Entry name="verifying submitted files" sort="verifying submitted files"><Content xmlns="urn:WebWorks-Document-Schema"><TextRun><Text value="verifying submitted files" /></TextRun></Content><Link href="C:\Documents and Settings\hadfielj\My Documents\ePublisher Pro Projects\NCIA Online Help\Output\WebWorks Help 5.0\NCIA Online Help\NCIA admin.4.6.html" anchor="1084918" fileposition="50" first="false" /></Entry></Entry>
<Entry id="2_6" name="advanced search" sort="advanced search"><Content xmlns="urn:WebWorks-Document-Schema"><TextRun><Text value="advanced search" /></TextRun></Content><Link href="C:\Documents and Settings\hadfielj\My Documents\ePublisher Pro Projects\NCIA Online Help\Output\WebWorks Help 5.0\NCIA Online Help\Searching NCIA.3.8.html" anchor="1067129" fileposition="27" first="false" /></Entry>
<Entry id="2_7" name="animating images" sort="animating images"><Content xmlns="urn:WebWorks-Document-Schema"><TextRun><Text value="animating images" /></TextRun></Content><Link href="C:\Documents and Settings\hadfielj\My Documents\ePublisher Pro Projects\NCIA Online Help\Output\WebWorks Help 5.0\NCIA Online Help\Searching NCIA.3.19.html" anchor="1169061" fileposition="38" first="false" /></Entry>
<Entry id="2_8" name="annotation keyword search" sort="annotation keyword search"><Content xmlns="urn:WebWorks-Document-Schema"><TextRun><Text value="annotation keyword search" /></TextRun></Content><Link href="C:\Documents and Settings\hadfielj\My Documents\ePublisher Pro Projects\NCIA Online Help\Output\WebWorks Help 5.0\NCIA Online Help\Searching NCIA.3.7.html" anchor="1087312" fileposition="26" first="false" /></Entry>
<Entry id="2_9" name="annotations" sort="annotations"><Content xmlns="urn:WebWorks-Document-Schema"><TextRun><Text value="annotations" /></TextRun></Content><Entry name="downloading files" sort="downloading files"><Content xmlns="urn:WebWorks-Document-Schema"><TextRun><Text value="downloading files" /></TextRun></Content><Link href="C:\Documents and Settings\hadfielj\My Documents\ePublisher Pro Projects\NCIA Online Help\Output\WebWorks Help 5.0\NCIA Online Help\Searching NCIA.3.3.html" anchor="1091001" fileposition="22" first="false" /></Entry><Entry name="file(s) associated with image" sort="file(s) associated with image"><Content xmlns="urn:WebWorks-Document-Schema"><TextRun><Text value="file(s) associated with image" /></TextRun></Content><Link href="C:\Documents and Settings\hadfielj\My Documents\ePublisher Pro Projects\NCIA Online Help\Output\WebWorks Help 5.0\NCIA Online Help\Searching NCIA.3.17.html" anchor="1070005" fileposition="36" first="false" /></Entry><Entry name="files with described" sort="files with described"><Content xmlns="urn:WebWorks-Document-Schema"><TextRun><Text value="files with described" /></TextRun></Content><Link href="C:\Documents and Settings\hadfielj\My Documents\ePublisher Pro Projects\NCIA Online Help\Output\WebWorks Help 5.0\NCIA Online Help\Searching NCIA.3.6.html" anchor="1095061" fileposition="25" first="false" /></Entry><Entry name="finding only series with" sort="finding only series with"><Content xmlns="urn:WebWorks-Document-Schema"><TextRun><Text value="finding only series with" /></TextRun></Content><Link href="C:\Documents and Settings\hadfielj\My Documents\ePublisher Pro Projects\NCIA Online Help\Output\WebWorks Help 5.0\NCIA Online Help\Searching NCIA.3.4.html" anchor="1066784" fileposition="23" first="false" /><Link href="C:\Documents and Settings\hadfielj\My Documents\ePublisher Pro Projects\NCIA Online Help\Output\WebWorks Help 5.0\NCIA Online Help\Searching NCIA.3.8.html" anchor="1155002" fileposition="27" first="false" /></Entry><Entry name="keyword search" sort="keyword search"><Content xmlns="urn:WebWorks-Document-Schema"><TextRun><Text value="keyword search" /></TextRun></Content><Link href="C:\Documents and Settings\hadfielj\My Documents\ePublisher Pro Projects\NCIA Online Help\Output\WebWorks Help 5.0\NCIA Online Help\Searching NCIA.3.3.html" anchor="1086978" fileposition="22" first="false" /></Entry><Entry name="keywords in source collections" sort="keywords in source collections"><Content xmlns="urn:WebWorks-Document-Schema"><TextRun><Text value="keywords in source collections" /></TextRun></Content><Link href="C:\Documents and Settings\hadfielj\My Documents\ePublisher Pro Projects\NCIA Online Help\Output\WebWorks Help 5.0\NCIA Online Help\Searching NCIA.3.7.html" anchor="1087312" fileposition="26" first="false" /></Entry><Entry name="searching curation files" sort="searching curation files"><Content xmlns="urn:WebWorks-Document-Schema"><TextRun><Text value="searching curation files" /></TextRun></Content><Link href="C:\Documents and Settings\hadfielj\My Documents\ePublisher Pro Projects\NCIA Online Help\Output\WebWorks Help 5.0\NCIA Online Help\Searching NCIA.3.7.html" anchor="1087312" fileposition="26" first="false" /></Entry></Entry>
<Entry id="2_10" name="Application Support" sort="Application Support"><Content xmlns="urn:WebWorks-Document-Schema"><TextRun><Text value="Application Support" /></TextRun></Content><Link href="C:\Documents and Settings\hadfielj\My Documents\ePublisher Pro Projects\NCIA Online Help\Output\WebWorks Help 5.0\NCIA Online Help\Getting Started.2.18.html" anchor="1084578" fileposition="19" first="false" /><Link href="C:\Documents and Settings\hadfielj\My Documents\ePublisher Pro Projects\NCIA Online Help\Output\WebWorks Help 5.0\NCIA Online Help\Application Support.7.1.html" anchor="998295" fileposition="58" first="false" /></Entry>
<Entry id="2_11" name="archive, purpose" sort="archive, purpose"><Content xmlns="urn:WebWorks-Document-Schema"><TextRun><Text value="archive, purpose" /></TextRun></Content><Link href="C:\Documents and Settings\hadfielj\My Documents\ePublisher Pro Projects\NCIA Online Help\Output\WebWorks Help 5.0\NCIA Online Help\Getting Started.2.2.html" anchor="1084030" fileposition="3" first="false" /></Entry>
</Group>

<Group id="2_12" name="B" sort="B">
<Entry id="2_13" name="browser, supported for NCIA" sort="browser, supported for NCIA"><Content xmlns="urn:WebWorks-Document-Schema"><TextRun><Text value="browser, supported for NCIA" /></TextRun></Content><Link href="C:\Documents and Settings\hadfielj\My Documents\ePublisher Pro Projects\NCIA Online Help\Output\WebWorks Help 5.0\NCIA Online Help\Getting Started.2.3.html" anchor="1133571" fileposition="4" first="false" /></Entry>
</Group>

<Group id="2_14" name="C" sort="C">
<Entry id="2_15" name="Cedara I-Response Workstation (IRW)" sort="Cedara I-Response Workstation (IRW)"><Content xmlns="urn:WebWorks-Document-Schema"><TextRun><Text value="Cedara I-Response Workstation (IRW)" /></TextRun></Content><Entry name="URL references" sort="URL references"><Content xmlns="urn:WebWorks-Document-Schema"><TextRun><Text value="URL references" /></TextRun></Content><Link href="C:\Documents and Settings\hadfielj\My Documents\ePublisher Pro Projects\NCIA Online Help\Output\WebWorks Help 5.0\NCIA Online Help\appdix references.5.4.html" anchor="1059694" fileposition="55" first="true" /></Entry><Entry name="visualizing images in Data Basket" sort="visualizing images in Data Basket"><Content xmlns="urn:WebWorks-Document-Schema"><TextRun><Text value="visualizing images in Data Basket" /></TextRun></Content><Link href="C:\Documents and Settings\hadfielj\My Documents\ePublisher Pro Projects\NCIA Online Help\Output\WebWorks Help 5.0\NCIA Online Help\Searching NCIA.3.17.html" anchor="1146622" fileposition="36" first="false" /></Entry></Entry>
<Entry id="2_16" name="changing password" sort="changing password"><Content xmlns="urn:WebWorks-Document-Schema"><TextRun><Text value="changing password" /></TextRun></Content><Link href="C:\Documents and Settings\hadfielj\My Documents\ePublisher Pro Projects\NCIA Online Help\Output\WebWorks Help 5.0\NCIA Online Help\Getting Started.2.6.html" anchor="1124467" fileposition="7" first="false" /></Entry>
<Entry id="2_17" name="CIP, link" sort="CIP, link"><Content xmlns="urn:WebWorks-Document-Schema"><TextRun><Text value="CIP, link" /></TextRun></Content><Link href="C:\Documents and Settings\hadfielj\My Documents\ePublisher Pro Projects\NCIA Online Help\Output\WebWorks Help 5.0\NCIA Online Help\Getting Started.2.15.html" anchor="1086254" fileposition="16" first="false" /></Entry>
<Entry id="2_18" name="collection access" sort="collection access"><Content xmlns="urn:WebWorks-Document-Schema"><TextRun><Text value="collection access" /></TextRun></Content><Link href="C:\Documents and Settings\hadfielj\My Documents\ePublisher Pro Projects\NCIA Online Help\Output\WebWorks Help 5.0\NCIA Online Help\Searching NCIA.3.16.html" anchor="1093261" fileposition="35" first="false" /></Entry>
<Entry id="2_19" name="convolution kernel" sort="convolution kernel"><Content xmlns="urn:WebWorks-Document-Schema"><TextRun><Text value="convolution kernel" /></TextRun></Content><Link href="C:\Documents and Settings\hadfielj\My Documents\ePublisher Pro Projects\NCIA Online Help\Output\WebWorks Help 5.0\NCIA Online Help\Searching NCIA.3.8.html" anchor="1160491" fileposition="27" first="false" /></Entry>
<Entry id="2_20" name="criteria" sort="criteria"><Content xmlns="urn:WebWorks-Document-Schema"><TextRun><Text value="criteria" /></TextRun></Content><Entry name="advanced search" sort="advanced search"><Content xmlns="urn:WebWorks-Document-Schema"><TextRun><Text value="advanced search" /></TextRun></Content><Link href="C:\Documents and Settings\hadfielj\My Documents\ePublisher Pro Projects\NCIA Online Help\Output\WebWorks Help 5.0\NCIA Online Help\Searching NCIA.3.8.html" anchor="1088794" fileposition="27" first="false" /></Entry><Entry name="format of search page" sort="format of search page"><Content xmlns="urn:WebWorks-Document-Schema"><TextRun><Text value="format of search page" /></TextRun></Content><Link href="C:\Documents and Settings\hadfielj\My Documents\ePublisher Pro Projects\NCIA Online Help\Output\WebWorks Help 5.0\NCIA Online Help\Searching NCIA.3.3.html" anchor="1066371" fileposition="22" first="false" /></Entry><Entry name="simple search" sort="simple search"><Content xmlns="urn:WebWorks-Document-Schema"><TextRun><Text value="simple search" /></TextRun></Content><Link href="C:\Documents and Settings\hadfielj\My Documents\ePublisher Pro Projects\NCIA Online Help\Output\WebWorks Help 5.0\NCIA Online Help\Searching NCIA.3.4.html" anchor="1066743" fileposition="23" first="false" /></Entry><Entry name="summary" sort="summary"><Content xmlns="urn:WebWorks-Document-Schema"><TextRun><Text value="summary" /></TextRun></Content><Link href="C:\Documents and Settings\hadfielj\My Documents\ePublisher Pro Projects\NCIA Online Help\Output\WebWorks Help 5.0\NCIA Online Help\Searching NCIA.3.5.html" anchor="1091214" fileposition="24" first="false" /></Entry></Entry>
<Entry id="2_21" name="CTEP, link" sort="CTEP, link"><Content xmlns="urn:WebWorks-Document-Schema"><TextRun><Text value="CTEP, link" /></TextRun></Content><Link href="C:\Documents and Settings\hadfielj\My Documents\ePublisher Pro Projects\NCIA Online Help\Output\WebWorks Help 5.0\NCIA Online Help\Getting Started.2.15.html" anchor="1086259" fileposition="16" first="false" /></Entry>
<Entry id="2_22" name="curation" sort="curation"><Content xmlns="urn:WebWorks-Document-Schema"><TextRun><Text value="curation" /></TextRun></Content><Entry name="data search" sort="data search"><Content xmlns="urn:WebWorks-Document-Schema"><TextRun><Text value="data search" /></TextRun></Content><Link href="C:\Documents and Settings\hadfielj\My Documents\ePublisher Pro Projects\NCIA Online Help\Output\WebWorks Help 5.0\NCIA Online Help\Searching NCIA.3.6.html" anchor="1167184" fileposition="25" first="false" /></Entry><Entry name="files with ... data" sort="files with ... data"><Content xmlns="urn:WebWorks-Document-Schema"><TextRun><Text value="files with ... data" /></TextRun></Content><Link href="C:\Documents and Settings\hadfielj\My Documents\ePublisher Pro Projects\NCIA Online Help\Output\WebWorks Help 5.0\NCIA Online Help\Searching NCIA.3.6.html" anchor="1095061" fileposition="25" first="false" /></Entry></Entry>
<Entry id="2_23" name="curator" sort="curator"><Content xmlns="urn:WebWorks-Document-Schema"><TextRun><Text value="curator" /></TextRun></Content><Entry name="assigning curation data" sort="assigning curation data"><Content xmlns="urn:WebWorks-Document-Schema"><TextRun><Text value="assigning curation data" /></TextRun></Content><Link href="C:\Documents and Settings\hadfielj\My Documents\ePublisher Pro Projects\NCIA Online Help\Output\WebWorks Help 5.0\NCIA Online Help\Searching NCIA.3.6.html" anchor="1167184" fileposition="25" first="false" /></Entry><Entry name="assigning image status" sort="assigning image status"><Content xmlns="urn:WebWorks-Document-Schema"><TextRun><Text value="assigning image status" /></TextRun></Content><Link href="C:\Documents and Settings\hadfielj\My Documents\ePublisher Pro Projects\NCIA Online Help\Output\WebWorks Help 5.0\NCIA Online Help\NCIA admin.4.3.html" anchor="1084996" fileposition="47" first="false" /><Link href="C:\Documents and Settings\hadfielj\My Documents\ePublisher Pro Projects\NCIA Online Help\Output\WebWorks Help 5.0\NCIA Online Help\NCIA admin.4.4.html" anchor="1092022" fileposition="48" first="false" /></Entry><Entry name="using QA tools" sort="using QA tools"><Content xmlns="urn:WebWorks-Document-Schema"><TextRun><Text value="using QA tools" /></TextRun></Content><Link href="C:\Documents and Settings\hadfielj\My Documents\ePublisher Pro Projects\NCIA Online Help\Output\WebWorks Help 5.0\NCIA Online Help\NCIA admin.4.3.html" anchor="1084996" fileposition="47" first="false" /><Link href="C:\Documents and Settings\hadfielj\My Documents\ePublisher Pro Projects\NCIA Online Help\Output\WebWorks Help 5.0\NCIA Online Help\NCIA admin.4.4.html" anchor="1092022" fileposition="48" first="false" /></Entry></Entry>
</Group>

<Group id="2_24" name="D" sort="D">
<Entry id="2_25" name="Data Basket" sort="Data Basket"><Content xmlns="urn:WebWorks-Document-Schema"><TextRun><Text value="Data Basket" /></TextRun></Content><Entry name="adding items" sort="adding items"><Content xmlns="urn:WebWorks-Document-Schema"><TextRun><Text value="adding items" /></TextRun></Content><Link href="C:\Documents and Settings\hadfielj\My Documents\ePublisher Pro Projects\NCIA Online Help\Output\WebWorks Help 5.0\NCIA Online Help\Searching NCIA.3.20.html" anchor="1169851" fileposition="39" first="true" /></Entry><Entry name="deleting items" sort="deleting items"><Content xmlns="urn:WebWorks-Document-Schema"><TextRun><Text value="deleting items" /></TextRun></Content><Link href="C:\Documents and Settings\hadfielj\My Documents\ePublisher Pro Projects\NCIA Online Help\Output\WebWorks Help 5.0\NCIA Online Help\Searching NCIA.3.22.html" anchor="1070234" fileposition="41" first="false" /></Entry><Entry name="downloading" sort="downloading"><Content xmlns="urn:WebWorks-Document-Schema"><TextRun><Text value="downloading" /></TextRun></Content><Link href="C:\Documents and Settings\hadfielj\My Documents\ePublisher Pro Projects\NCIA Online Help\Output\WebWorks Help 5.0\NCIA Online Help\Searching NCIA.3.23.html" anchor="1090496" fileposition="42" first="true" /></Entry><Entry name="estimated download time" sort="estimated download time"><Content xmlns="urn:WebWorks-Document-Schema"><TextRun><Text value="estimated download time" /></TextRun></Content><Link href="C:\Documents and Settings\hadfielj\My Documents\ePublisher Pro Projects\NCIA Online Help\Output\WebWorks Help 5.0\NCIA Online Help\Searching NCIA.3.22.html" anchor="1070233" fileposition="41" first="false" /></Entry><Entry name="managing" sort="managing"><Content xmlns="urn:WebWorks-Document-Schema"><TextRun><Text value="managing" /></TextRun></Content><Link href="C:\Documents and Settings\hadfielj\My Documents\ePublisher Pro Projects\NCIA Online Help\Output\WebWorks Help 5.0\NCIA Online Help\Searching NCIA.3.22.html" anchor="1070298" fileposition="41" first="false" /></Entry></Entry>
<Entry id="2_26" name="DCP, link" sort="DCP, link"><Content xmlns="urn:WebWorks-Document-Schema"><TextRun><Text value="DCP, link" /></TextRun></Content><Link href="C:\Documents and Settings\hadfielj\My Documents\ePublisher Pro Projects\NCIA Online Help\Output\WebWorks Help 5.0\NCIA Online Help\Getting Started.2.15.html" anchor="1086264" fileposition="16" first="false" /></Entry>
<Entry id="2_27" name="deleting" sort="deleting"><Content xmlns="urn:WebWorks-Document-Schema"><TextRun><Text value="deleting" /></TextRun></Content><Entry name="items from basket" sort="items from basket"><Content xmlns="urn:WebWorks-Document-Schema"><TextRun><Text value="items from basket" /></TextRun></Content><Link href="C:\Documents and Settings\hadfielj\My Documents\ePublisher Pro Projects\NCIA Online Help\Output\WebWorks Help 5.0\NCIA Online Help\Searching NCIA.3.22.html" anchor="1070234" fileposition="41" first="false" /></Entry><Entry name="saved query" sort="saved query"><Content xmlns="urn:WebWorks-Document-Schema"><TextRun><Text value="saved query" /></TextRun></Content><Link href="C:\Documents and Settings\hadfielj\My Documents\ePublisher Pro Projects\NCIA Online Help\Output\WebWorks Help 5.0\NCIA Online Help\Searching NCIA.3.11.html" anchor="1089387" fileposition="30" first="false" /></Entry></Entry>
<Entry id="2_28" name="DICOM" sort="DICOM"><Content xmlns="urn:WebWorks-Document-Schema"><TextRun><Text value="DICOM" /></TextRun></Content><Entry name="DICOMWorks viewer" sort="DICOMWorks viewer"><Content xmlns="urn:WebWorks-Document-Schema"><TextRun><Text value="DICOMWorks viewer" /></TextRun></Content><Link href="C:\Documents and Settings\hadfielj\My Documents\ePublisher Pro Projects\NCIA Online Help\Output\WebWorks Help 5.0\NCIA Online Help\Searching NCIA.3.24.html" anchor="1070602" fileposition="43" first="false" /></Entry><Entry name="image viewers" sort="image viewers"><Content xmlns="urn:WebWorks-Document-Schema"><TextRun><Text value="image viewers" /></TextRun></Content><Link href="C:\Documents and Settings\hadfielj\My Documents\ePublisher Pro Projects\NCIA Online Help\Output\WebWorks Help 5.0\NCIA Online Help\Searching NCIA.3.24.html" anchor="1083314" fileposition="43" first="false" /></Entry><Entry name="ImageJ viewer" sort="ImageJ viewer"><Content xmlns="urn:WebWorks-Document-Schema"><TextRun><Text value="ImageJ viewer" /></TextRun></Content><Link href="C:\Documents and Settings\hadfielj\My Documents\ePublisher Pro Projects\NCIA Online Help\Output\WebWorks Help 5.0\NCIA Online Help\Searching NCIA.3.24.html" anchor="1070600" fileposition="43" first="false" /></Entry><Entry name="introduction" sort="introduction"><Content xmlns="urn:WebWorks-Document-Schema"><TextRun><Text value="introduction" /></TextRun></Content><Link href="C:\Documents and Settings\hadfielj\My Documents\ePublisher Pro Projects\NCIA Online Help\Output\WebWorks Help 5.0\NCIA Online Help\Getting Started.2.2.html" anchor="1084099" fileposition="3" first="false" /><Link href="C:\Documents and Settings\hadfielj\My Documents\ePublisher Pro Projects\NCIA Online Help\Output\WebWorks Help 5.0\NCIA Online Help\Searching NCIA.3.24.html" anchor="1070599" fileposition="43" first="false" /></Entry><Entry name="mappings for search fields" sort="mappings for search fields"><Content xmlns="urn:WebWorks-Document-Schema"><TextRun><Text value="mappings for search fields" /></TextRun></Content><Link href="C:\Documents and Settings\hadfielj\My Documents\ePublisher Pro Projects\NCIA Online Help\Output\WebWorks Help 5.0\NCIA Online Help\Searching NCIA.3.4.html" anchor="1145811" fileposition="23" first="false" /></Entry><Entry name="OSIRIX viewer" sort="OSIRIX viewer"><Content xmlns="urn:WebWorks-Document-Schema"><TextRun><Text value="OSIRIX viewer" /></TextRun></Content><Link href="C:\Documents and Settings\hadfielj\My Documents\ePublisher Pro Projects\NCIA Online Help\Output\WebWorks Help 5.0\NCIA Online Help\Searching NCIA.3.24.html" anchor="1070601" fileposition="43" first="false" /></Entry><Entry name="references" sort="references"><Content xmlns="urn:WebWorks-Document-Schema"><TextRun><Text value="references" /></TextRun></Content><Link href="C:\Documents and Settings\hadfielj\My Documents\ePublisher Pro Projects\NCIA Online Help\Output\WebWorks Help 5.0\NCIA Online Help\appdix references.5.3.html" anchor="1058243" fileposition="54" first="true" /></Entry></Entry>
<Entry id="2_29" name="digital image" sort="digital image"><Content xmlns="urn:WebWorks-Document-Schema"><TextRun><Text value="digital image" /></TextRun></Content><Entry name="DICOM" sort="DICOM"><Content xmlns="urn:WebWorks-Document-Schema"><TextRun><Text value="DICOM" /></TextRun></Content><Link href="C:\Documents and Settings\hadfielj\My Documents\ePublisher Pro Projects\NCIA Online Help\Output\WebWorks Help 5.0\NCIA Online Help\Getting Started.2.2.html" anchor="1084099" fileposition="3" first="false" /><Link href="C:\Documents and Settings\hadfielj\My Documents\ePublisher Pro Projects\NCIA Online Help\Output\WebWorks Help 5.0\NCIA Online Help\Searching NCIA.3.24.html" anchor="1070599" fileposition="43" first="false" /></Entry></Entry>
<Entry id="2_30" name="downloading Data Basket" sort="downloading Data Basket"><Content xmlns="urn:WebWorks-Document-Schema"><TextRun><Text value="downloading Data Basket" /></TextRun></Content><Link href="C:\Documents and Settings\hadfielj\My Documents\ePublisher Pro Projects\NCIA Online Help\Output\WebWorks Help 5.0\NCIA Online Help\Searching NCIA.3.23.html" anchor="1090496" fileposition="42" first="true" /></Entry>
</Group>

<Group id="2_31" name="E" sort="E">
<Entry id="2_32" name="editing a query" sort="editing a query"><Content xmlns="urn:WebWorks-Document-Schema"><TextRun><Text value="editing a query" /></TextRun></Content><Link href="C:\Documents and Settings\hadfielj\My Documents\ePublisher Pro Projects\NCIA Online Help\Output\WebWorks Help 5.0\NCIA Online Help\Searching NCIA.3.13.html" anchor="1068627" fileposition="32" first="false" /></Entry>
<Entry id="2_33" name="Email, FTP mail" sort="Email, FTP mail"><Content xmlns="urn:WebWorks-Document-Schema"><TextRun><Text value="Email, FTP mail" /></TextRun></Content><Link href="C:\Documents and Settings\hadfielj\My Documents\ePublisher Pro Projects\NCIA Online Help\Output\WebWorks Help 5.0\NCIA Online Help\Searching NCIA.3.23.html" anchor="1070240" fileposition="42" first="false" /></Entry>
</Group>

<Group id="2_34" name="F" sort="F">
<Entry id="2_35" name="Fetch FTP client software" sort="Fetch FTP client software"><Content xmlns="urn:WebWorks-Document-Schema"><TextRun><Text value="Fetch FTP client software" /></TextRun></Content><Link href="C:\Documents and Settings\hadfielj\My Documents\ePublisher Pro Projects\NCIA Online Help\Output\WebWorks Help 5.0\NCIA Online Help\Searching NCIA.3.23.html" anchor="1085096" fileposition="42" first="false" /></Entry>
<Entry id="2_36" name="Filezilla FTP client software" sort="Filezilla FTP client software"><Content xmlns="urn:WebWorks-Document-Schema"><TextRun><Text value="Filezilla FTP client software" /></TextRun></Content><Link href="C:\Documents and Settings\hadfielj\My Documents\ePublisher Pro Projects\NCIA Online Help\Output\WebWorks Help 5.0\NCIA Online Help\Searching NCIA.3.23.html" anchor="1070242" fileposition="42" first="false" /></Entry>
<Entry id="2_37" name="FTP" sort="FTP"><Content xmlns="urn:WebWorks-Document-Schema"><TextRun><Text value="FTP" /></TextRun></Content><Entry name="client software" sort="client software"><Content xmlns="urn:WebWorks-Document-Schema"><TextRun><Text value="client software" /></TextRun></Content><Link href="C:\Documents and Settings\hadfielj\My Documents\ePublisher Pro Projects\NCIA Online Help\Output\WebWorks Help 5.0\NCIA Online Help\Searching NCIA.3.23.html" anchor="1070240" fileposition="42" first="false" /></Entry><Entry name="client software products" sort="client software products"><Content xmlns="urn:WebWorks-Document-Schema"><TextRun><Text value="client software products" /></TextRun></Content><Link href="C:\Documents and Settings\hadfielj\My Documents\ePublisher Pro Projects\NCIA Online Help\Output\WebWorks Help 5.0\NCIA Online Help\appdix references.5.2.html" anchor="1056911" fileposition="53" first="true" /></Entry><Entry name="download threshold" sort="download threshold"><Content xmlns="urn:WebWorks-Document-Schema"><TextRun><Text value="download threshold" /></TextRun></Content><Link href="C:\Documents and Settings\hadfielj\My Documents\ePublisher Pro Projects\NCIA Online Help\Output\WebWorks Help 5.0\NCIA Online Help\Searching NCIA.3.23.html" anchor="1070239" fileposition="42" first="false" /></Entry><Entry name="site" sort="site"><Content xmlns="urn:WebWorks-Document-Schema"><TextRun><Text value="site" /></TextRun></Content><Link href="C:\Documents and Settings\hadfielj\My Documents\ePublisher Pro Projects\NCIA Online Help\Output\WebWorks Help 5.0\NCIA Online Help\Searching NCIA.3.23.html" anchor="1070240" fileposition="42" first="false" /></Entry></Entry>
</Group>

<Group id="2_38" name="G" sort="G">
<Entry id="2_39" name="glossary" sort="glossary"><Content xmlns="urn:WebWorks-Document-Schema"><TextRun><Text value="glossary" /></TextRun></Content><Link href="C:\Documents and Settings\hadfielj\My Documents\ePublisher Pro Projects\NCIA Online Help\Output\WebWorks Help 5.0\NCIA Online Help\appdix glossary.6.1.html" anchor="1065599" fileposition="57" first="false" /></Entry>
<Entry id="2_40" name="guided tour" sort="guided tour"><Content xmlns="urn:WebWorks-Document-Schema"><TextRun><Text value="guided tour" /></TextRun></Content><Link href="C:\Documents and Settings\hadfielj\My Documents\ePublisher Pro Projects\NCIA Online Help\Output\WebWorks Help 5.0\NCIA Online Help\Getting Started.2.16.html" anchor="1087889" fileposition="17" first="false" /></Entry>
</Group>

<Group id="2_41" name="H" sort="H">
<Entry id="2_42" name="hierarchy of objects, NCIA" sort="hierarchy of objects, NCIA"><Content xmlns="urn:WebWorks-Document-Schema"><TextRun><Text value="hierarchy of objects, NCIA" /></TextRun></Content><Link href="C:\Documents and Settings\hadfielj\My Documents\ePublisher Pro Projects\NCIA Online Help\Output\WebWorks Help 5.0\NCIA Online Help\Searching NCIA.3.3.html" anchor="1095943" fileposition="22" first="false" /><Link href="C:\Documents and Settings\hadfielj\My Documents\ePublisher Pro Projects\NCIA Online Help\Output\WebWorks Help 5.0\NCIA Online Help\Searching NCIA.3.15.html" anchor="1096155" fileposition="34" first="false" /></Entry>
<Entry id="2_43" name="HTTP download threshold" sort="HTTP download threshold"><Content xmlns="urn:WebWorks-Document-Schema"><TextRun><Text value="HTTP download threshold" /></TextRun></Content><Link href="C:\Documents and Settings\hadfielj\My Documents\ePublisher Pro Projects\NCIA Online Help\Output\WebWorks Help 5.0\NCIA Online Help\Searching NCIA.3.23.html" anchor="1070517" fileposition="42" first="false" /></Entry>
</Group>

<Group id="2_44" name="I" sort="I">
<Entry id="2_45" name="image" sort="image"><Content xmlns="urn:WebWorks-Document-Schema"><TextRun><Text value="image" /></TextRun></Content><Entry name="Modality(ies)" sort="Modality(ies)"><Content xmlns="urn:WebWorks-Document-Schema"><TextRun><Text value="Modality(ies)" /></TextRun></Content><Link href="C:\Documents and Settings\hadfielj\My Documents\ePublisher Pro Projects\NCIA Online Help\Output\WebWorks Help 5.0\NCIA Online Help\Searching NCIA.3.8.html" anchor="1154957" fileposition="27" first="false" /></Entry><Entry name="movie" sort="movie"><Content xmlns="urn:WebWorks-Document-Schema"><TextRun><Text value="movie" /></TextRun></Content><Link href="C:\Documents and Settings\hadfielj\My Documents\ePublisher Pro Projects\NCIA Online Help\Output\WebWorks Help 5.0\NCIA Online Help\Searching NCIA.3.19.html" anchor="1169061" fileposition="38" first="false" /></Entry><Entry name="Slice Thickness" sort="Slice Thickness"><Content xmlns="urn:WebWorks-Document-Schema"><TextRun><Text value="Slice Thickness" /></TextRun></Content><Link href="C:\Documents and Settings\hadfielj\My Documents\ePublisher Pro Projects\NCIA Online Help\Output\WebWorks Help 5.0\NCIA Online Help\Searching NCIA.3.4.html" anchor="1066765" fileposition="23" first="false" /></Entry><Entry name="thumbnails" sort="thumbnails"><Content xmlns="urn:WebWorks-Document-Schema"><TextRun><Text value="thumbnails" /></TextRun></Content><Link href="C:\Documents and Settings\hadfielj\My Documents\ePublisher Pro Projects\NCIA Online Help\Output\WebWorks Help 5.0\NCIA Online Help\Searching NCIA.3.18.html" anchor="1169002" fileposition="37" first="false" /></Entry></Entry>
<Entry id="2_46" name="images" sort="images"><Content xmlns="urn:WebWorks-Document-Schema"><TextRun><Text value="images" /></TextRun></Content><Entry name="animation" sort="animation"><Content xmlns="urn:WebWorks-Document-Schema"><TextRun><Text value="animation" /></TextRun></Content><Link href="C:\Documents and Settings\hadfielj\My Documents\ePublisher Pro Projects\NCIA Online Help\Output\WebWorks Help 5.0\NCIA Online Help\Searching NCIA.3.19.html" anchor="1169061" fileposition="38" first="false" /></Entry><Entry name="annotations, uploading" sort="annotations, uploading"><Content xmlns="urn:WebWorks-Document-Schema"><TextRun><Text value="annotations, uploading" /></TextRun></Content><Link href="C:\Documents and Settings\hadfielj\My Documents\ePublisher Pro Projects\NCIA Online Help\Output\WebWorks Help 5.0\NCIA Online Help\NCIA admin.4.5.html" anchor="1092079" fileposition="49" first="false" /></Entry><Entry name="for Series, search results" sort="for Series, search results"><Content xmlns="urn:WebWorks-Document-Schema"><TextRun><Text value="for Series, search results" /></TextRun></Content><Link href="C:\Documents and Settings\hadfielj\My Documents\ePublisher Pro Projects\NCIA Online Help\Output\WebWorks Help 5.0\NCIA Online Help\Searching NCIA.3.18.html" anchor="1173049" fileposition="37" first="false" /></Entry><Entry name="interpreting corresponding numbers" sort="interpreting corresponding numbers"><Content xmlns="urn:WebWorks-Document-Schema"><TextRun><Text value="interpreting corresponding numbers" /></TextRun></Content><Link href="C:\Documents and Settings\hadfielj\My Documents\ePublisher Pro Projects\NCIA Online Help\Output\WebWorks Help 5.0\NCIA Online Help\Searching NCIA.3.22.html" anchor="1070323" fileposition="41" first="false" /></Entry><Entry name="status assignment" sort="status assignment"><Content xmlns="urn:WebWorks-Document-Schema"><TextRun><Text value="status assignment" /></TextRun></Content><Link href="C:\Documents and Settings\hadfielj\My Documents\ePublisher Pro Projects\NCIA Online Help\Output\WebWorks Help 5.0\NCIA Online Help\NCIA admin.4.3.html" anchor="1084996" fileposition="47" first="false" /><Link href="C:\Documents and Settings\hadfielj\My Documents\ePublisher Pro Projects\NCIA Online Help\Output\WebWorks Help 5.0\NCIA Online Help\NCIA admin.4.4.html" anchor="1092022" fileposition="48" first="false" /></Entry><Entry name="verifying submitted" sort="verifying submitted"><Content xmlns="urn:WebWorks-Document-Schema"><TextRun><Text value="verifying submitted" /></TextRun></Content><Link href="C:\Documents and Settings\hadfielj\My Documents\ePublisher Pro Projects\NCIA Online Help\Output\WebWorks Help 5.0\NCIA Online Help\NCIA admin.4.6.html" anchor="1084918" fileposition="50" first="false" /></Entry></Entry>
<Entry id="2_47" name="imaging archive, purpose" sort="imaging archive, purpose"><Content xmlns="urn:WebWorks-Document-Schema"><TextRun><Text value="imaging archive, purpose" /></TextRun></Content><Link href="C:\Documents and Settings\hadfielj\My Documents\ePublisher Pro Projects\NCIA Online Help\Output\WebWorks Help 5.0\NCIA Online Help\Getting Started.2.2.html" anchor="1084024" fileposition="3" first="false" /></Entry>
<Entry id="2_48" name="IRW" sort="IRW"><Content xmlns="urn:WebWorks-Document-Schema"><TextRun><Text value="IRW" /></TextRun></Content><Entry name="Cedara I-Response Workstation URL" sort="Cedara I-Response Workstation URL"><Content xmlns="urn:WebWorks-Document-Schema"><TextRun><Text value="Cedara I-Response Workstation URL" /></TextRun></Content><Link href="C:\Documents and Settings\hadfielj\My Documents\ePublisher Pro Projects\NCIA Online Help\Output\WebWorks Help 5.0\NCIA Online Help\appdix references.5.4.html" anchor="1059694" fileposition="55" first="true" /></Entry></Entry>
</Group>

<Group id="2_49" name="J" sort="J">
</Group>

<Group id="2_50" name="K" sort="K">
<Entry id="2_51" name="keyword, annotation search" sort="keyword, annotation search"><Content xmlns="urn:WebWorks-Document-Schema"><TextRun><Text value="keyword, annotation search" /></TextRun></Content><Link href="C:\Documents and Settings\hadfielj\My Documents\ePublisher Pro Projects\NCIA Online Help\Output\WebWorks Help 5.0\NCIA Online Help\Searching NCIA.3.7.html" anchor="1087312" fileposition="26" first="false" /></Entry>
<Entry id="2_52" name="Kilovoltage Peak Distribution" sort="Kilovoltage Peak Distribution"><Content xmlns="urn:WebWorks-Document-Schema"><TextRun><Text value="Kilovoltage Peak Distribution" /></TextRun></Content><Link href="C:\Documents and Settings\hadfielj\My Documents\ePublisher Pro Projects\NCIA Online Help\Output\WebWorks Help 5.0\NCIA Online Help\Searching NCIA.3.8.html" anchor="1160494" fileposition="27" first="false" /></Entry>
</Group>

<Group id="2_53" name="L" sort="L">
<Entry id="2_54" name="launching NCIA from another application" sort="launching NCIA from another application"><Content xmlns="urn:WebWorks-Document-Schema"><TextRun><Text value="launching NCIA from another application" /></TextRun></Content><Link href="C:\Documents and Settings\hadfielj\My Documents\ePublisher Pro Projects\NCIA Online Help\Output\WebWorks Help 5.0\NCIA Online Help\Getting Started.2.17.html" anchor="1087647" fileposition="18" first="true" /></Entry>
<Entry id="2_55" name="login" sort="login"><Content xmlns="urn:WebWorks-Document-Schema"><TextRun><Text value="login" /></TextRun></Content><Link href="C:\Documents and Settings\hadfielj\My Documents\ePublisher Pro Projects\NCIA Online Help\Output\WebWorks Help 5.0\NCIA Online Help\Getting Started.2.5.html" anchor="1084683" fileposition="6" first="false" /></Entry>
</Group>

<Group id="2_56" name="M" sort="M">
<Entry id="2_57" name="managing Data Basket" sort="managing Data Basket"><Content xmlns="urn:WebWorks-Document-Schema"><TextRun><Text value="managing Data Basket" /></TextRun></Content><Link href="C:\Documents and Settings\hadfielj\My Documents\ePublisher Pro Projects\NCIA Online Help\Output\WebWorks Help 5.0\NCIA Online Help\Searching NCIA.3.22.html" anchor="1070298" fileposition="41" first="false" /></Entry>
<Entry id="2_58" name="manufacturer search criteria" sort="manufacturer search criteria"><Content xmlns="urn:WebWorks-Document-Schema"><TextRun><Text value="manufacturer search criteria" /></TextRun></Content><Link href="C:\Documents and Settings\hadfielj\My Documents\ePublisher Pro Projects\NCIA Online Help\Output\WebWorks Help 5.0\NCIA Online Help\Searching NCIA.3.8.html" anchor="1146524" fileposition="27" first="false" /></Entry>
<Entry id="2_59" name="Modality manufacturer" sort="Modality manufacturer"><Content xmlns="urn:WebWorks-Document-Schema"><TextRun><Text value="Modality manufacturer" /></TextRun></Content><Link href="C:\Documents and Settings\hadfielj\My Documents\ePublisher Pro Projects\NCIA Online Help\Output\WebWorks Help 5.0\NCIA Online Help\Searching NCIA.3.8.html" anchor="1146524" fileposition="27" first="false" /></Entry>
<Entry id="2_60" name="movie of sequential images" sort="movie of sequential images"><Content xmlns="urn:WebWorks-Document-Schema"><TextRun><Text value="movie of sequential images" /></TextRun></Content><Link href="C:\Documents and Settings\hadfielj\My Documents\ePublisher Pro Projects\NCIA Online Help\Output\WebWorks Help 5.0\NCIA Online Help\Searching NCIA.3.19.html" anchor="1169061" fileposition="38" first="false" /></Entry>
</Group>

<Group id="2_61" name="N" sort="N">
<Entry id="2_62" name="NCIA" sort="NCIA"><Content xmlns="urn:WebWorks-Document-Schema"><TextRun><Text value="NCIA" /></TextRun></Content><Entry name="database search, introduction" sort="database search, introduction"><Content xmlns="urn:WebWorks-Document-Schema"><TextRun><Text value="database search, introduction" /></TextRun></Content><Link href="C:\Documents and Settings\hadfielj\My Documents\ePublisher Pro Projects\NCIA Online Help\Output\WebWorks Help 5.0\NCIA Online Help\Searching NCIA.3.3.html" anchor="1087111" fileposition="22" first="false" /><Link href="C:\Documents and Settings\hadfielj\My Documents\ePublisher Pro Projects\NCIA Online Help\Output\WebWorks Help 5.0\NCIA Online Help\Searching NCIA.3.3.html" anchor="1145035" fileposition="22" first="false" /></Entry><Entry name="launching from another application" sort="launching from another application"><Content xmlns="urn:WebWorks-Document-Schema"><TextRun><Text value="launching from another application" /></TextRun></Content><Link href="C:\Documents and Settings\hadfielj\My Documents\ePublisher Pro Projects\NCIA Online Help\Output\WebWorks Help 5.0\NCIA Online Help\Getting Started.2.17.html" anchor="1087647" fileposition="18" first="true" /></Entry><Entry name="login" sort="login"><Content xmlns="urn:WebWorks-Document-Schema"><TextRun><Text value="login" /></TextRun></Content><Link href="C:\Documents and Settings\hadfielj\My Documents\ePublisher Pro Projects\NCIA Online Help\Output\WebWorks Help 5.0\NCIA Online Help\Getting Started.2.5.html" anchor="1084683" fileposition="6" first="false" /></Entry><Entry name="News page site map" sort="News page site map"><Content xmlns="urn:WebWorks-Document-Schema"><TextRun><Text value="News page site map" /></TextRun></Content><Link href="C:\Documents and Settings\hadfielj\My Documents\ePublisher Pro Projects\NCIA Online Help\Output\WebWorks Help 5.0\NCIA Online Help\Getting Started.2.14.html" anchor="1090633" fileposition="15" first="false" /></Entry><Entry name="online help methods" sort="online help methods"><Content xmlns="urn:WebWorks-Document-Schema"><TextRun><Text value="online help methods" /></TextRun></Content><Link href="C:\Documents and Settings\hadfielj\My Documents\ePublisher Pro Projects\NCIA Online Help\Output\WebWorks Help 5.0\NCIA Online Help\Getting Started.2.16.html" anchor="1084162" fileposition="17" first="false" /></Entry><Entry name="pre-login options" sort="pre-login options"><Content xmlns="urn:WebWorks-Document-Schema"><TextRun><Text value="pre-login options" /></TextRun></Content><Link href="C:\Documents and Settings\hadfielj\My Documents\ePublisher Pro Projects\NCIA Online Help\Output\WebWorks Help 5.0\NCIA Online Help\Getting Started.2.2.html" anchor="1084980" fileposition="3" first="false" /></Entry><Entry name="purpose" sort="purpose"><Content xmlns="urn:WebWorks-Document-Schema"><TextRun><Text value="purpose" /></TextRun></Content><Link href="C:\Documents and Settings\hadfielj\My Documents\ePublisher Pro Projects\NCIA Online Help\Output\WebWorks Help 5.0\NCIA Online Help\Getting Started.2.2.html" anchor="1084030" fileposition="3" first="false" /></Entry><Entry name="Quick Links" sort="Quick Links"><Content xmlns="urn:WebWorks-Document-Schema"><TextRun><Text value="Quick Links" /></TextRun></Content><Link href="C:\Documents and Settings\hadfielj\My Documents\ePublisher Pro Projects\NCIA Online Help\Output\WebWorks Help 5.0\NCIA Online Help\Getting Started.2.10.html" anchor="1090524" fileposition="11" first="false" /></Entry><Entry name="supported browser" sort="supported browser"><Content xmlns="urn:WebWorks-Document-Schema"><TextRun><Text value="supported browser" /></TextRun></Content><Link href="C:\Documents and Settings\hadfielj\My Documents\ePublisher Pro Projects\NCIA Online Help\Output\WebWorks Help 5.0\NCIA Online Help\Getting Started.2.3.html" anchor="1133571" fileposition="4" first="false" /></Entry><Entry name="URL references" sort="URL references"><Content xmlns="urn:WebWorks-Document-Schema"><TextRun><Text value="URL references" /></TextRun></Content><Link href="C:\Documents and Settings\hadfielj\My Documents\ePublisher Pro Projects\NCIA Online Help\Output\WebWorks Help 5.0\NCIA Online Help\appdix references.5.4.html" anchor="1059694" fileposition="55" first="true" /></Entry></Entry>
<Entry id="2_63" name="NCIA News Page" sort="NCIA News Page"><Content xmlns="urn:WebWorks-Document-Schema"><TextRun><Text value="NCIA News Page" /></TextRun></Content><Link href="C:\Documents and Settings\hadfielj\My Documents\ePublisher Pro Projects\NCIA Online Help\Output\WebWorks Help 5.0\NCIA Online Help\Getting Started.2.12.html" anchor="1084367" fileposition="13" first="false" /></Entry>
<Entry id="2_64" name="NCICB Application Support" sort="NCICB Application Support"><Content xmlns="urn:WebWorks-Document-Schema"><TextRun><Text value="NCICB Application Support" /></TextRun></Content><Link href="C:\Documents and Settings\hadfielj\My Documents\ePublisher Pro Projects\NCIA Online Help\Output\WebWorks Help 5.0\NCIA Online Help\Getting Started.2.18.html" anchor="1084578" fileposition="19" first="false" /><Link href="C:\Documents and Settings\hadfielj\My Documents\ePublisher Pro Projects\NCIA Online Help\Output\WebWorks Help 5.0\NCIA Online Help\Application Support.7.1.html" anchor="998295" fileposition="58" first="false" /></Entry>
<Entry id="2_65" name="NetFinder FTP client software" sort="NetFinder FTP client software"><Content xmlns="urn:WebWorks-Document-Schema"><TextRun><Text value="NetFinder FTP client software" /></TextRun></Content><Link href="C:\Documents and Settings\hadfielj\My Documents\ePublisher Pro Projects\NCIA Online Help\Output\WebWorks Help 5.0\NCIA Online Help\Searching NCIA.3.23.html" anchor="1070244" fileposition="42" first="false" /></Entry>
</Group>

<Group id="2_66" name="O" sort="O">
<Entry id="2_67" name="objects in NCIA, hierarchy of" sort="objects in NCIA, hierarchy of"><Content xmlns="urn:WebWorks-Document-Schema"><TextRun><Text value="objects in NCIA, hierarchy of" /></TextRun></Content><Link href="C:\Documents and Settings\hadfielj\My Documents\ePublisher Pro Projects\NCIA Online Help\Output\WebWorks Help 5.0\NCIA Online Help\Searching NCIA.3.3.html" anchor="1095943" fileposition="22" first="false" /><Link href="C:\Documents and Settings\hadfielj\My Documents\ePublisher Pro Projects\NCIA Online Help\Output\WebWorks Help 5.0\NCIA Online Help\Searching NCIA.3.15.html" anchor="1096155" fileposition="34" first="false" /></Entry>
<Entry id="2_68" name="online help" sort="online help"><Content xmlns="urn:WebWorks-Document-Schema"><TextRun><Text value="online help" /></TextRun></Content><Link href="C:\Documents and Settings\hadfielj\My Documents\ePublisher Pro Projects\NCIA Online Help\Output\WebWorks Help 5.0\NCIA Online Help\Getting Started.2.16.html" anchor="1084162" fileposition="17" first="false" /></Entry>
<Entry id="2_69" name="online tutorial" sort="online tutorial"><Content xmlns="urn:WebWorks-Document-Schema"><TextRun><Text value="online tutorial" /></TextRun></Content><Link href="C:\Documents and Settings\hadfielj\My Documents\ePublisher Pro Projects\NCIA Online Help\Output\WebWorks Help 5.0\NCIA Online Help\Getting Started.2.16.html" anchor="1087920" fileposition="17" first="false" /></Entry>
<Entry id="2_70" name="OSIRIX DICOM viewer" sort="OSIRIX DICOM viewer"><Content xmlns="urn:WebWorks-Document-Schema"><TextRun><Text value="OSIRIX DICOM viewer" /></TextRun></Content><Link href="C:\Documents and Settings\hadfielj\My Documents\ePublisher Pro Projects\NCIA Online Help\Output\WebWorks Help 5.0\NCIA Online Help\Searching NCIA.3.24.html" anchor="1070601" fileposition="43" first="false" /></Entry>
<Entry id="2_71" name="overview" sort="overview"><Content xmlns="urn:WebWorks-Document-Schema"><TextRun><Text value="overview" /></TextRun></Content><Entry name="NCIA" sort="NCIA"><Content xmlns="urn:WebWorks-Document-Schema"><TextRun><Text value="NCIA" /></TextRun></Content><Link href="C:\Documents and Settings\hadfielj\My Documents\ePublisher Pro Projects\NCIA Online Help\Output\WebWorks Help 5.0\NCIA Online Help\Getting Started.2.2.html" anchor="1084024" fileposition="3" first="false" /></Entry></Entry>
</Group>

<Group id="2_72" name="P" sort="P">
<Entry id="2_73" name="parsing annotation spreadsheet" sort="parsing annotation spreadsheet"><Content xmlns="urn:WebWorks-Document-Schema"><TextRun><Text value="parsing annotation spreadsheet" /></TextRun></Content><Link href="C:\Documents and Settings\hadfielj\My Documents\ePublisher Pro Projects\NCIA Online Help\Output\WebWorks Help 5.0\NCIA Online Help\NCIA admin.4.5.html" anchor="1092079" fileposition="49" first="false" /></Entry>
<Entry id="2_74" name="password, changing" sort="password, changing"><Content xmlns="urn:WebWorks-Document-Schema"><TextRun><Text value="password, changing" /></TextRun></Content><Link href="C:\Documents and Settings\hadfielj\My Documents\ePublisher Pro Projects\NCIA Online Help\Output\WebWorks Help 5.0\NCIA Online Help\Getting Started.2.6.html" anchor="1124467" fileposition="7" first="false" /></Entry>
<Entry id="2_75" name="performing" sort="performing"><Content xmlns="urn:WebWorks-Document-Schema"><TextRun><Text value="performing" /></TextRun></Content><Entry name="advanced search" sort="advanced search"><Content xmlns="urn:WebWorks-Document-Schema"><TextRun><Text value="advanced search" /></TextRun></Content><Link href="C:\Documents and Settings\hadfielj\My Documents\ePublisher Pro Projects\NCIA Online Help\Output\WebWorks Help 5.0\NCIA Online Help\Searching NCIA.3.8.html" anchor="1067129" fileposition="27" first="false" /></Entry><Entry name="simple search" sort="simple search"><Content xmlns="urn:WebWorks-Document-Schema"><TextRun><Text value="simple search" /></TextRun></Content><Link href="C:\Documents and Settings\hadfielj\My Documents\ePublisher Pro Projects\NCIA Online Help\Output\WebWorks Help 5.0\NCIA Online Help\Searching NCIA.3.4.html" anchor="1066742" fileposition="23" first="false" /></Entry></Entry>
</Group>

<Group id="2_76" name="Q" sort="Q">
<Entry id="2_77" name="QA tools, using" sort="QA tools, using"><Content xmlns="urn:WebWorks-Document-Schema"><TextRun><Text value="QA tools, using" /></TextRun></Content><Link href="C:\Documents and Settings\hadfielj\My Documents\ePublisher Pro Projects\NCIA Online Help\Output\WebWorks Help 5.0\NCIA Online Help\NCIA admin.4.3.html" anchor="1084996" fileposition="47" first="false" /><Link href="C:\Documents and Settings\hadfielj\My Documents\ePublisher Pro Projects\NCIA Online Help\Output\WebWorks Help 5.0\NCIA Online Help\NCIA admin.4.4.html" anchor="1092022" fileposition="48" first="false" /></Entry>
<Entry id="2_78" name="quarantined files" sort="quarantined files"><Content xmlns="urn:WebWorks-Document-Schema"><TextRun><Text value="quarantined files" /></TextRun></Content><Link href="C:\Documents and Settings\hadfielj\My Documents\ePublisher Pro Projects\NCIA Online Help\Output\WebWorks Help 5.0\NCIA Online Help\NCIA admin.4.7.html" anchor="1092160" fileposition="51" first="false" /></Entry>
<Entry id="2_79" name="Query History, viewing" sort="Query History, viewing"><Content xmlns="urn:WebWorks-Document-Schema"><TextRun><Text value="Query History, viewing" /></TextRun></Content><Link href="C:\Documents and Settings\hadfielj\My Documents\ePublisher Pro Projects\NCIA Online Help\Output\WebWorks Help 5.0\NCIA Online Help\Searching NCIA.3.14.html" anchor="1116238" fileposition="33" first="false" /></Entry>
<Entry id="2_80" name="query, based on dates" sort="query, based on dates"><Content xmlns="urn:WebWorks-Document-Schema"><TextRun><Text value="query, based on dates" /></TextRun></Content><Link href="C:\Documents and Settings\hadfielj\My Documents\ePublisher Pro Projects\NCIA Online Help\Output\WebWorks Help 5.0\NCIA Online Help\Searching NCIA.3.12.html" anchor="1153815" fileposition="31" first="false" /></Entry>
<Entry id="2_81" name="Quick Links" sort="Quick Links"><Content xmlns="urn:WebWorks-Document-Schema"><TextRun><Text value="Quick Links" /></TextRun></Content><Link href="C:\Documents and Settings\hadfielj\My Documents\ePublisher Pro Projects\NCIA Online Help\Output\WebWorks Help 5.0\NCIA Online Help\Getting Started.2.10.html" anchor="1090524" fileposition="11" first="false" /></Entry>
</Group>

<Group id="2_82" name="R" sort="R">
<Entry id="2_83" name="Remote Search" sort="Remote Search"><Content xmlns="urn:WebWorks-Document-Schema"><TextRun><Text value="Remote Search" /></TextRun></Content><Link href="C:\Documents and Settings\hadfielj\My Documents\ePublisher Pro Projects\NCIA Online Help\Output\WebWorks Help 5.0\NCIA Online Help\Searching NCIA.3.2.html" anchor="1144910" fileposition="21" first="false" /></Entry>
<Entry id="2_84" name="results" sort="results"><Content xmlns="urn:WebWorks-Document-Schema"><TextRun><Text value="results" /></TextRun></Content><Entry name="by subject" sort="by subject"><Content xmlns="urn:WebWorks-Document-Schema"><TextRun><Text value="by subject" /></TextRun></Content><Link href="C:\Documents and Settings\hadfielj\My Documents\ePublisher Pro Projects\NCIA Online Help\Output\WebWorks Help 5.0\NCIA Online Help\Searching NCIA.3.16.html" anchor="1069030" fileposition="35" first="false" /></Entry><Entry name="Images for Series" sort="Images for Series"><Content xmlns="urn:WebWorks-Document-Schema"><TextRun><Text value="Images for Series" /></TextRun></Content><Link href="C:\Documents and Settings\hadfielj\My Documents\ePublisher Pro Projects\NCIA Online Help\Output\WebWorks Help 5.0\NCIA Online Help\Searching NCIA.3.18.html" anchor="1173049" fileposition="37" first="false" /></Entry><Entry name="Studies for Subject" sort="Studies for Subject"><Content xmlns="urn:WebWorks-Document-Schema"><TextRun><Text value="Studies for Subject" /></TextRun></Content><Link href="C:\Documents and Settings\hadfielj\My Documents\ePublisher Pro Projects\NCIA Online Help\Output\WebWorks Help 5.0\NCIA Online Help\Searching NCIA.3.17.html" anchor="1069368" fileposition="36" first="false" /><Link href="C:\Documents and Settings\hadfielj\My Documents\ePublisher Pro Projects\NCIA Online Help\Output\WebWorks Help 5.0\NCIA Online Help\Searching NCIA.3.17.html" anchor="1146620" fileposition="36" first="false" /></Entry></Entry>
</Group>

<Group id="2_85" name="S" sort="S">
<Entry id="2_86" name="saved queries" sort="saved queries"><Content xmlns="urn:WebWorks-Document-Schema"><TextRun><Text value="saved queries" /></TextRun></Content><Entry name="Query History" sort="Query History"><Content xmlns="urn:WebWorks-Document-Schema"><TextRun><Text value="Query History" /></TextRun></Content><Link href="C:\Documents and Settings\hadfielj\My Documents\ePublisher Pro Projects\NCIA Online Help\Output\WebWorks Help 5.0\NCIA Online Help\Searching NCIA.3.14.html" anchor="1116238" fileposition="33" first="false" /></Entry><Entry name="table" sort="table"><Content xmlns="urn:WebWorks-Document-Schema"><TextRun><Text value="table" /></TextRun></Content><Link href="C:\Documents and Settings\hadfielj\My Documents\ePublisher Pro Projects\NCIA Online Help\Output\WebWorks Help 5.0\NCIA Online Help\Searching NCIA.3.11.html" anchor="1095013" fileposition="30" first="false" /></Entry><Entry name="viewing" sort="viewing"><Content xmlns="urn:WebWorks-Document-Schema"><TextRun><Text value="viewing" /></TextRun></Content><Link href="C:\Documents and Settings\hadfielj\My Documents\ePublisher Pro Projects\NCIA Online Help\Output\WebWorks Help 5.0\NCIA Online Help\Searching NCIA.3.11.html" anchor="1095013" fileposition="30" first="false" /></Entry></Entry>
<Entry id="2_87" name="saved query" sort="saved query"><Content xmlns="urn:WebWorks-Document-Schema"><TextRun><Text value="saved query" /></TextRun></Content><Entry name="deleting" sort="deleting"><Content xmlns="urn:WebWorks-Document-Schema"><TextRun><Text value="deleting" /></TextRun></Content><Link href="C:\Documents and Settings\hadfielj\My Documents\ePublisher Pro Projects\NCIA Online Help\Output\WebWorks Help 5.0\NCIA Online Help\Searching NCIA.3.11.html" anchor="1089387" fileposition="30" first="false" /></Entry><Entry name="editing" sort="editing"><Content xmlns="urn:WebWorks-Document-Schema"><TextRun><Text value="editing" /></TextRun></Content><Link href="C:\Documents and Settings\hadfielj\My Documents\ePublisher Pro Projects\NCIA Online Help\Output\WebWorks Help 5.0\NCIA Online Help\Searching NCIA.3.13.html" anchor="1068627" fileposition="32" first="false" /></Entry></Entry>
<Entry id="2_88" name="search" sort="search"><Content xmlns="urn:WebWorks-Document-Schema"><TextRun><Text value="search" /></TextRun></Content><Entry name="advanced" sort="advanced"><Content xmlns="urn:WebWorks-Document-Schema"><TextRun><Text value="advanced" /></TextRun></Content><Link href="C:\Documents and Settings\hadfielj\My Documents\ePublisher Pro Projects\NCIA Online Help\Output\WebWorks Help 5.0\NCIA Online Help\Searching NCIA.3.8.html" anchor="1066935" fileposition="27" first="true" /></Entry><Entry name="annotation keywords" sort="annotation keywords"><Content xmlns="urn:WebWorks-Document-Schema"><TextRun><Text value="annotation keywords" /></TextRun></Content><Link href="C:\Documents and Settings\hadfielj\My Documents\ePublisher Pro Projects\NCIA Online Help\Output\WebWorks Help 5.0\NCIA Online Help\Searching NCIA.3.7.html" anchor="1087312" fileposition="26" first="false" /></Entry><Entry name="curation data" sort="curation data"><Content xmlns="urn:WebWorks-Document-Schema"><TextRun><Text value="curation data" /></TextRun></Content><Link href="C:\Documents and Settings\hadfielj\My Documents\ePublisher Pro Projects\NCIA Online Help\Output\WebWorks Help 5.0\NCIA Online Help\Searching NCIA.3.6.html" anchor="1095061" fileposition="25" first="false" /><Link href="C:\Documents and Settings\hadfielj\My Documents\ePublisher Pro Projects\NCIA Online Help\Output\WebWorks Help 5.0\NCIA Online Help\Searching NCIA.3.6.html" anchor="1167184" fileposition="25" first="false" /></Entry><Entry name="date range criteria" sort="date range criteria"><Content xmlns="urn:WebWorks-Document-Schema"><TextRun><Text value="date range criteria" /></TextRun></Content><Link href="C:\Documents and Settings\hadfielj\My Documents\ePublisher Pro Projects\NCIA Online Help\Output\WebWorks Help 5.0\NCIA Online Help\Searching NCIA.3.12.html" anchor="1153815" fileposition="31" first="false" /></Entry><Entry name="introduction" sort="introduction"><Content xmlns="urn:WebWorks-Document-Schema"><TextRun><Text value="introduction" /></TextRun></Content><Link href="C:\Documents and Settings\hadfielj\My Documents\ePublisher Pro Projects\NCIA Online Help\Output\WebWorks Help 5.0\NCIA Online Help\Searching NCIA.3.3.html" anchor="1087111" fileposition="22" first="false" /><Link href="C:\Documents and Settings\hadfielj\My Documents\ePublisher Pro Projects\NCIA Online Help\Output\WebWorks Help 5.0\NCIA Online Help\Searching NCIA.3.3.html" anchor="1145035" fileposition="22" first="false" /></Entry><Entry name="page criteria" sort="page criteria"><Content xmlns="urn:WebWorks-Document-Schema"><TextRun><Text value="page criteria" /></TextRun></Content><Link href="C:\Documents and Settings\hadfielj\My Documents\ePublisher Pro Projects\NCIA Online Help\Output\WebWorks Help 5.0\NCIA Online Help\Searching NCIA.3.3.html" anchor="1066371" fileposition="22" first="false" /></Entry><Entry name="query, saving" sort="query, saving"><Content xmlns="urn:WebWorks-Document-Schema"><TextRun><Text value="query, saving" /></TextRun></Content><Link href="C:\Documents and Settings\hadfielj\My Documents\ePublisher Pro Projects\NCIA Online Help\Output\WebWorks Help 5.0\NCIA Online Help\Searching NCIA.3.10.html" anchor="1088868" fileposition="29" first="false" /></Entry><Entry name="simple" sort="simple"><Content xmlns="urn:WebWorks-Document-Schema"><TextRun><Text value="simple" /></TextRun></Content><Link href="C:\Documents and Settings\hadfielj\My Documents\ePublisher Pro Projects\NCIA Online Help\Output\WebWorks Help 5.0\NCIA Online Help\Searching NCIA.3.4.html" anchor="1066742" fileposition="23" first="false" /></Entry></Entry>
<Entry id="2_89" name="search criteria" sort="search criteria"><Content xmlns="urn:WebWorks-Document-Schema"><TextRun><Text value="search criteria" /></TextRun></Content><Entry name="advanced search" sort="advanced search"><Content xmlns="urn:WebWorks-Document-Schema"><TextRun><Text value="advanced search" /></TextRun></Content><Link href="C:\Documents and Settings\hadfielj\My Documents\ePublisher Pro Projects\NCIA Online Help\Output\WebWorks Help 5.0\NCIA Online Help\Searching NCIA.3.8.html" anchor="1088794" fileposition="27" first="false" /></Entry><Entry name="modality manufacturer" sort="modality manufacturer"><Content xmlns="urn:WebWorks-Document-Schema"><TextRun><Text value="modality manufacturer" /></TextRun></Content><Link href="C:\Documents and Settings\hadfielj\My Documents\ePublisher Pro Projects\NCIA Online Help\Output\WebWorks Help 5.0\NCIA Online Help\Searching NCIA.3.8.html" anchor="1146524" fileposition="27" first="false" /></Entry><Entry name="simple search" sort="simple search"><Content xmlns="urn:WebWorks-Document-Schema"><TextRun><Text value="simple search" /></TextRun></Content><Link href="C:\Documents and Settings\hadfielj\My Documents\ePublisher Pro Projects\NCIA Online Help\Output\WebWorks Help 5.0\NCIA Online Help\Searching NCIA.3.4.html" anchor="1066743" fileposition="23" first="false" /></Entry><Entry name="summary page" sort="summary page"><Content xmlns="urn:WebWorks-Document-Schema"><TextRun><Text value="summary page" /></TextRun></Content><Link href="C:\Documents and Settings\hadfielj\My Documents\ePublisher Pro Projects\NCIA Online Help\Output\WebWorks Help 5.0\NCIA Online Help\Searching NCIA.3.9.html" anchor="1068000" fileposition="28" first="false" /></Entry></Entry>
<Entry id="2_90" name="search page" sort="search page"><Content xmlns="urn:WebWorks-Document-Schema"><TextRun><Text value="search page" /></TextRun></Content><Entry name="drop-down lists" sort="drop-down lists"><Content xmlns="urn:WebWorks-Document-Schema"><TextRun><Text value="drop-down lists" /></TextRun></Content><Link href="C:\Documents and Settings\hadfielj\My Documents\ePublisher Pro Projects\NCIA Online Help\Output\WebWorks Help 5.0\NCIA Online Help\Searching NCIA.3.3.html" anchor="1096502" fileposition="22" first="false" /></Entry><Entry name="selection boxes" sort="selection boxes"><Content xmlns="urn:WebWorks-Document-Schema"><TextRun><Text value="selection boxes" /></TextRun></Content><Link href="C:\Documents and Settings\hadfielj\My Documents\ePublisher Pro Projects\NCIA Online Help\Output\WebWorks Help 5.0\NCIA Online Help\Searching NCIA.3.3.html" anchor="1096502" fileposition="22" first="false" /></Entry><Entry name="text fields" sort="text fields"><Content xmlns="urn:WebWorks-Document-Schema"><TextRun><Text value="text fields" /></TextRun></Content><Link href="C:\Documents and Settings\hadfielj\My Documents\ePublisher Pro Projects\NCIA Online Help\Output\WebWorks Help 5.0\NCIA Online Help\Searching NCIA.3.3.html" anchor="1096502" fileposition="22" first="false" /></Entry></Entry>
<Entry id="2_91" name="search results" sort="search results"><Content xmlns="urn:WebWorks-Document-Schema"><TextRun><Text value="search results" /></TextRun></Content><Entry name="By Subject" sort="By Subject"><Content xmlns="urn:WebWorks-Document-Schema"><TextRun><Text value="By Subject" /></TextRun></Content><Link href="C:\Documents and Settings\hadfielj\My Documents\ePublisher Pro Projects\NCIA Online Help\Output\WebWorks Help 5.0\NCIA Online Help\Searching NCIA.3.16.html" anchor="1069030" fileposition="35" first="false" /></Entry><Entry name="Images for Series" sort="Images for Series"><Content xmlns="urn:WebWorks-Document-Schema"><TextRun><Text value="Images for Series" /></TextRun></Content><Link href="C:\Documents and Settings\hadfielj\My Documents\ePublisher Pro Projects\NCIA Online Help\Output\WebWorks Help 5.0\NCIA Online Help\Searching NCIA.3.18.html" anchor="1173049" fileposition="37" first="false" /></Entry><Entry name="Studies for Subject" sort="Studies for Subject"><Content xmlns="urn:WebWorks-Document-Schema"><TextRun><Text value="Studies for Subject" /></TextRun></Content><Link href="C:\Documents and Settings\hadfielj\My Documents\ePublisher Pro Projects\NCIA Online Help\Output\WebWorks Help 5.0\NCIA Online Help\Searching NCIA.3.17.html" anchor="1069368" fileposition="36" first="false" /><Link href="C:\Documents and Settings\hadfielj\My Documents\ePublisher Pro Projects\NCIA Online Help\Output\WebWorks Help 5.0\NCIA Online Help\Searching NCIA.3.17.html" anchor="1146620" fileposition="36" first="false" /></Entry></Entry>
<Entry id="2_92" name="series, number of" sort="series, number of"><Content xmlns="urn:WebWorks-Document-Schema"><TextRun><Text value="series, number of" /></TextRun></Content><Link href="C:\Documents and Settings\hadfielj\My Documents\ePublisher Pro Projects\NCIA Online Help\Output\WebWorks Help 5.0\NCIA Online Help\Searching NCIA.3.16.html" anchor="1069053" fileposition="35" first="false" /></Entry>
<Entry id="2_93" name="simple search" sort="simple search"><Content xmlns="urn:WebWorks-Document-Schema"><TextRun><Text value="simple search" /></TextRun></Content><Link href="C:\Documents and Settings\hadfielj\My Documents\ePublisher Pro Projects\NCIA Online Help\Output\WebWorks Help 5.0\NCIA Online Help\Searching NCIA.3.4.html" anchor="1066742" fileposition="23" first="false" /></Entry>
<Entry id="2_94" name="site map" sort="site map"><Content xmlns="urn:WebWorks-Document-Schema"><TextRun><Text value="site map" /></TextRun></Content><Link href="C:\Documents and Settings\hadfielj\My Documents\ePublisher Pro Projects\NCIA Online Help\Output\WebWorks Help 5.0\NCIA Online Help\Getting Started.2.14.html" anchor="1090633" fileposition="15" first="false" /></Entry>
<Entry id="2_95" name="spreadsheet, annotations upload" sort="spreadsheet, annotations upload"><Content xmlns="urn:WebWorks-Document-Schema"><TextRun><Text value="spreadsheet, annotations upload" /></TextRun></Content><Link href="C:\Documents and Settings\hadfielj\My Documents\ePublisher Pro Projects\NCIA Online Help\Output\WebWorks Help 5.0\NCIA Online Help\NCIA admin.4.5.html" anchor="1092079" fileposition="49" first="false" /></Entry>
<Entry id="2_96" name="Studies for Subject search results" sort="Studies for Subject search results"><Content xmlns="urn:WebWorks-Document-Schema"><TextRun><Text value="Studies for Subject search results" /></TextRun></Content><Link href="C:\Documents and Settings\hadfielj\My Documents\ePublisher Pro Projects\NCIA Online Help\Output\WebWorks Help 5.0\NCIA Online Help\Searching NCIA.3.17.html" anchor="1069368" fileposition="36" first="false" /><Link href="C:\Documents and Settings\hadfielj\My Documents\ePublisher Pro Projects\NCIA Online Help\Output\WebWorks Help 5.0\NCIA Online Help\Searching NCIA.3.17.html" anchor="1146620" fileposition="36" first="false" /></Entry>
<Entry id="2_97" name="studies, number of" sort="studies, number of"><Content xmlns="urn:WebWorks-Document-Schema"><TextRun><Text value="studies, number of" /></TextRun></Content><Link href="C:\Documents and Settings\hadfielj\My Documents\ePublisher Pro Projects\NCIA Online Help\Output\WebWorks Help 5.0\NCIA Online Help\Searching NCIA.3.16.html" anchor="1069049" fileposition="35" first="false" /></Entry>
</Group>

<Group id="2_98" name="T" sort="T">
<Entry id="2_99" name="transferring FTP file" sort="transferring FTP file"><Content xmlns="urn:WebWorks-Document-Schema"><TextRun><Text value="transferring FTP file" /></TextRun></Content><Link href="C:\Documents and Settings\hadfielj\My Documents\ePublisher Pro Projects\NCIA Online Help\Output\WebWorks Help 5.0\NCIA Online Help\Searching NCIA.3.23.html" anchor="1095032" fileposition="42" first="false" /></Entry>
</Group>

<Group id="2_100" name="U" sort="U">
<Entry id="2_101" name="uploading annotation spreadsheet" sort="uploading annotation spreadsheet"><Content xmlns="urn:WebWorks-Document-Schema"><TextRun><Text value="uploading annotation spreadsheet" /></TextRun></Content><Link href="C:\Documents and Settings\hadfielj\My Documents\ePublisher Pro Projects\NCIA Online Help\Output\WebWorks Help 5.0\NCIA Online Help\NCIA admin.4.5.html" anchor="1092079" fileposition="49" first="false" /></Entry>
<Entry id="2_102" name="user" sort="user"><Content xmlns="urn:WebWorks-Document-Schema"><TextRun><Text value="user" /></TextRun></Content><Entry name="creating account" sort="creating account"><Content xmlns="urn:WebWorks-Document-Schema"><TextRun><Text value="creating account" /></TextRun></Content><Link href="C:\Documents and Settings\hadfielj\My Documents\ePublisher Pro Projects\NCIA Online Help\Output\WebWorks Help 5.0\NCIA Online Help\Getting Started.2.4.html" anchor="1084810" fileposition="5" first="false" /></Entry><Entry name="login" sort="login"><Content xmlns="urn:WebWorks-Document-Schema"><TextRun><Text value="login" /></TextRun></Content><Link href="C:\Documents and Settings\hadfielj\My Documents\ePublisher Pro Projects\NCIA Online Help\Output\WebWorks Help 5.0\NCIA Online Help\Getting Started.2.5.html" anchor="1084683" fileposition="6" first="false" /></Entry></Entry>
</Group>

<Group id="2_103" name="V" sort="V">
<Entry id="2_104" name="verifying submitted images" sort="verifying submitted images"><Content xmlns="urn:WebWorks-Document-Schema"><TextRun><Text value="verifying submitted images" /></TextRun></Content><Link href="C:\Documents and Settings\hadfielj\My Documents\ePublisher Pro Projects\NCIA Online Help\Output\WebWorks Help 5.0\NCIA Online Help\NCIA admin.4.6.html" anchor="1084918" fileposition="50" first="false" /></Entry>
<Entry id="2_105" name="viewing" sort="viewing"><Content xmlns="urn:WebWorks-Document-Schema"><TextRun><Text value="viewing" /></TextRun></Content><Entry name="Query History" sort="Query History"><Content xmlns="urn:WebWorks-Document-Schema"><TextRun><Text value="Query History" /></TextRun></Content><Link href="C:\Documents and Settings\hadfielj\My Documents\ePublisher Pro Projects\NCIA Online Help\Output\WebWorks Help 5.0\NCIA Online Help\Searching NCIA.3.14.html" anchor="1116238" fileposition="33" first="false" /></Entry><Entry name="saved queries" sort="saved queries"><Content xmlns="urn:WebWorks-Document-Schema"><TextRun><Text value="saved queries" /></TextRun></Content><Link href="C:\Documents and Settings\hadfielj\My Documents\ePublisher Pro Projects\NCIA Online Help\Output\WebWorks Help 5.0\NCIA Online Help\Searching NCIA.3.11.html" anchor="1095013" fileposition="30" first="false" /></Entry></Entry>
<Entry id="2_106" name="Visualize Images button" sort="Visualize Images button"><Content xmlns="urn:WebWorks-Document-Schema"><TextRun><Text value="Visualize Images button" /></TextRun></Content><Link href="C:\Documents and Settings\hadfielj\My Documents\ePublisher Pro Projects\NCIA Online Help\Output\WebWorks Help 5.0\NCIA Online Help\Searching NCIA.3.17.html" anchor="1146620" fileposition="36" first="false" /></Entry>
<Entry id="2_107" name="visualizing images, (Studies for Subject)" sort="visualizing images, (Studies for Subject)"><Content xmlns="urn:WebWorks-Document-Schema"><TextRun><Text value="visualizing images, (Studies for Subject)" /></TextRun></Content><Link href="C:\Documents and Settings\hadfielj\My Documents\ePublisher Pro Projects\NCIA Online Help\Output\WebWorks Help 5.0\NCIA Online Help\Searching NCIA.3.17.html" anchor="1146620" fileposition="36" first="false" /></Entry>
</Group>

<Group id="2_108" name="W" sort="W">
</Group>

<Group id="2_109" name="X" sort="X">
</Group>

<Group id="2_110" name="Y" sort="Y">
</Group>

<Group id="2_111" name="Z" sort="Z">
</Group>
</Section>
</Index>