<?xml version="1.0" encoding="utf-8"?>
<Report version="1.0" xmlns="urn:WebWorks-Reports-Schema">
  <Entry context="topics" type="topic-link" severity="message">
    <Description>Topic 'user_registration_help' resolves to the file 'Getting Started.2.4.html'.</Description>
    <Navigation context="source">
      <Link protocol="adapter">
        <Data key="Path" value="C:\Documents and Settings\hadfielj\My Documents\CBIIT Projects\NCIA\NCIA 4.0 user guide and online help\Getting Started.fm" />
        <Data key="DocumentID" value="958C2E46356A66E2" />
        <Data key="ID" value="1084793" />
      </Link>
    </Navigation>
    <Navigation context="output">
      <wwreport:Link protocol="wwh5api" xmlns:wwreport="urn:WebWorks-Reports-Schema">
        <wwreport:Data key="BaseURI" value="file:///C:/Documents%20and%20Settings/hadfielj/My%20Documents/ePublisher%20Pro%20Projects/NCIA%20Online%20Help/Output/WebWorks%20Help%205.0/NCIA%20Online%20Help" />
        <wwreport:Data key="Context" value="NCIA_Online_Help" />
        <wwreport:Data key="Topic" value="user_registration_help" />
      </wwreport:Link>
    </Navigation>
    <Navigation context="details">
      <Link protocol="wwh5api">
        <Data key="BaseURI" value="file:///C:/Program%20Files/WebWorks/ePublisher%20Pro/Help/en" />
        <Data key="Context" value="reports" />
        <Data key="Topic" value="topic_links" />
      </Link>
    </Navigation>
  </Entry>
  <Entry context="topics" type="topic-link" severity="message">
    <Description>Topic 'welcome_login_help' resolves to the file 'Getting Started.2.5.html'.</Description>
    <Navigation context="source">
      <Link protocol="adapter">
        <Data key="Path" value="C:\Documents and Settings\hadfielj\My Documents\CBIIT Projects\NCIA\NCIA 4.0 user guide and online help\Getting Started.fm" />
        <Data key="DocumentID" value="958C2E46356A66E2" />
        <Data key="ID" value="1084015" />
      </Link>
    </Navigation>
    <Navigation context="output">
      <wwreport:Link protocol="wwh5api" xmlns:wwreport="urn:WebWorks-Reports-Schema">
        <wwreport:Data key="BaseURI" value="file:///C:/Documents%20and%20Settings/hadfielj/My%20Documents/ePublisher%20Pro%20Projects/NCIA%20Online%20Help/Output/WebWorks%20Help%205.0/NCIA%20Online%20Help" />
        <wwreport:Data key="Context" value="NCIA_Online_Help" />
        <wwreport:Data key="Topic" value="welcome_login_help" />
      </wwreport:Link>
    </Navigation>
    <Navigation context="details">
      <Link protocol="wwh5api">
        <Data key="BaseURI" value="file:///C:/Program%20Files/WebWorks/ePublisher%20Pro/Help/en" />
        <Data key="Context" value="reports" />
        <Data key="Topic" value="topic_links" />
      </Link>
    </Navigation>
  </Entry>
  <Entry context="topics" type="topic-link" severity="message">
    <Description>Topic 'change_password_help' resolves to the file 'Getting Started.2.6.html'.</Description>
    <Navigation context="source">
      <Link protocol="adapter">
        <Data key="Path" value="C:\Documents and Settings\hadfielj\My Documents\CBIIT Projects\NCIA\NCIA 4.0 user guide and online help\Getting Started.fm" />
        <Data key="DocumentID" value="958C2E46356A66E2" />
        <Data key="ID" value="1109695" />
      </Link>
    </Navigation>
    <Navigation context="output">
      <wwreport:Link protocol="wwh5api" xmlns:wwreport="urn:WebWorks-Reports-Schema">
        <wwreport:Data key="BaseURI" value="file:///C:/Documents%20and%20Settings/hadfielj/My%20Documents/ePublisher%20Pro%20Projects/NCIA%20Online%20Help/Output/WebWorks%20Help%205.0/NCIA%20Online%20Help" />
        <wwreport:Data key="Context" value="NCIA_Online_Help" />
        <wwreport:Data key="Topic" value="change_password_help" />
      </wwreport:Link>
    </Navigation>
    <Navigation context="details">
      <Link protocol="wwh5api">
        <Data key="BaseURI" value="file:///C:/Program%20Files/WebWorks/ePublisher%20Pro/Help/en" />
        <Data key="Context" value="reports" />
        <Data key="Topic" value="topic_links" />
      </Link>
    </Navigation>
  </Entry>
  <Entry context="topics" type="topic-link" severity="message">
    <Description>Topic 'welcome_post_login_help' resolves to the file 'Getting Started.2.7.html'.</Description>
    <Navigation context="source">
      <Link protocol="adapter">
        <Data key="Path" value="C:\Documents and Settings\hadfielj\My Documents\CBIIT Projects\NCIA\NCIA 4.0 user guide and online help\Getting Started.fm" />
        <Data key="DocumentID" value="958C2E46356A66E2" />
        <Data key="ID" value="1110298" />
      </Link>
    </Navigation>
    <Navigation context="output">
      <wwreport:Link protocol="wwh5api" xmlns:wwreport="urn:WebWorks-Reports-Schema">
        <wwreport:Data key="BaseURI" value="file:///C:/Documents%20and%20Settings/hadfielj/My%20Documents/ePublisher%20Pro%20Projects/NCIA%20Online%20Help/Output/WebWorks%20Help%205.0/NCIA%20Online%20Help" />
        <wwreport:Data key="Context" value="NCIA_Online_Help" />
        <wwreport:Data key="Topic" value="welcome_post_login_help" />
      </wwreport:Link>
    </Navigation>
    <Navigation context="details">
      <Link protocol="wwh5api">
        <Data key="BaseURI" value="file:///C:/Program%20Files/WebWorks/ePublisher%20Pro/Help/en" />
        <Data key="Context" value="reports" />
        <Data key="Topic" value="topic_links" />
      </Link>
    </Navigation>
  </Entry>
  <Entry context="topics" type="topic-link" severity="message">
    <Description>Topic 'news_page_help' resolves to the file 'Getting Started.2.12.html'.</Description>
    <Navigation context="source">
      <Link protocol="adapter">
        <Data key="Path" value="C:\Documents and Settings\hadfielj\My Documents\CBIIT Projects\NCIA\NCIA 4.0 user guide and online help\Getting Started.fm" />
        <Data key="DocumentID" value="958C2E46356A66E2" />
        <Data key="ID" value="1091593" />
      </Link>
    </Navigation>
    <Navigation context="output">
      <wwreport:Link protocol="wwh5api" xmlns:wwreport="urn:WebWorks-Reports-Schema">
        <wwreport:Data key="BaseURI" value="file:///C:/Documents%20and%20Settings/hadfielj/My%20Documents/ePublisher%20Pro%20Projects/NCIA%20Online%20Help/Output/WebWorks%20Help%205.0/NCIA%20Online%20Help" />
        <wwreport:Data key="Context" value="NCIA_Online_Help" />
        <wwreport:Data key="Topic" value="news_page_help" />
      </wwreport:Link>
    </Navigation>
    <Navigation context="details">
      <Link protocol="wwh5api">
        <Data key="BaseURI" value="file:///C:/Program%20Files/WebWorks/ePublisher%20Pro/Help/en" />
        <Data key="Context" value="reports" />
        <Data key="Topic" value="topic_links" />
      </Link>
    </Navigation>
  </Entry>
  <Entry context="topics" type="topic-link" severity="message">
    <Description>Topic 'online_help_help' resolves to the file 'Getting Started.2.16.html'.</Description>
    <Navigation context="source">
      <Link protocol="adapter">
        <Data key="Path" value="C:\Documents and Settings\hadfielj\My Documents\CBIIT Projects\NCIA\NCIA 4.0 user guide and online help\Getting Started.fm" />
        <Data key="DocumentID" value="958C2E46356A66E2" />
        <Data key="ID" value="1087847" />
      </Link>
    </Navigation>
    <Navigation context="output">
      <wwreport:Link protocol="wwh5api" xmlns:wwreport="urn:WebWorks-Reports-Schema">
        <wwreport:Data key="BaseURI" value="file:///C:/Documents%20and%20Settings/hadfielj/My%20Documents/ePublisher%20Pro%20Projects/NCIA%20Online%20Help/Output/WebWorks%20Help%205.0/NCIA%20Online%20Help" />
        <wwreport:Data key="Context" value="NCIA_Online_Help" />
        <wwreport:Data key="Topic" value="online_help_help" />
      </wwreport:Link>
    </Navigation>
    <Navigation context="details">
      <Link protocol="wwh5api">
        <Data key="BaseURI" value="file:///C:/Program%20Files/WebWorks/ePublisher%20Pro/Help/en" />
        <Data key="Context" value="reports" />
        <Data key="Topic" value="topic_links" />
      </Link>
    </Navigation>
  </Entry>
  <Entry context="topics" type="topic-link" severity="message">
    <Description>Topic 'remote_site_help' resolves to the file 'Searching NCIA.3.2.html'.</Description>
    <Navigation context="source">
      <Link protocol="adapter">
        <Data key="Path" value="C:\Documents and Settings\hadfielj\My Documents\CBIIT Projects\NCIA\NCIA 4.0 user guide and online help\Searching NCIA.fm" />
        <Data key="DocumentID" value="ADAB656448BED80" />
        <Data key="ID" value="1144908" />
      </Link>
    </Navigation>
    <Navigation context="output">
      <wwreport:Link protocol="wwh5api" xmlns:wwreport="urn:WebWorks-Reports-Schema">
        <wwreport:Data key="BaseURI" value="file:///C:/Documents%20and%20Settings/hadfielj/My%20Documents/ePublisher%20Pro%20Projects/NCIA%20Online%20Help/Output/WebWorks%20Help%205.0/NCIA%20Online%20Help" />
        <wwreport:Data key="Context" value="NCIA_Online_Help" />
        <wwreport:Data key="Topic" value="remote_site_help" />
      </wwreport:Link>
    </Navigation>
    <Navigation context="details">
      <Link protocol="wwh5api">
        <Data key="BaseURI" value="file:///C:/Program%20Files/WebWorks/ePublisher%20Pro/Help/en" />
        <Data key="Context" value="reports" />
        <Data key="Topic" value="topic_links" />
      </Link>
    </Navigation>
  </Entry>
  <Entry context="topics" type="topic-link" severity="message">
    <Description>Topic 'simple_search_help' resolves to the file 'Searching NCIA.3.4.html'.</Description>
    <Navigation context="source">
      <Link protocol="adapter">
        <Data key="Path" value="C:\Documents and Settings\hadfielj\My Documents\CBIIT Projects\NCIA\NCIA 4.0 user guide and online help\Searching NCIA.fm" />
        <Data key="DocumentID" value="ADAB656448BED80" />
        <Data key="ID" value="1066741" />
      </Link>
    </Navigation>
    <Navigation context="output">
      <wwreport:Link protocol="wwh5api" xmlns:wwreport="urn:WebWorks-Reports-Schema">
        <wwreport:Data key="BaseURI" value="file:///C:/Documents%20and%20Settings/hadfielj/My%20Documents/ePublisher%20Pro%20Projects/NCIA%20Online%20Help/Output/WebWorks%20Help%205.0/NCIA%20Online%20Help" />
        <wwreport:Data key="Context" value="NCIA_Online_Help" />
        <wwreport:Data key="Topic" value="simple_search_help" />
      </wwreport:Link>
    </Navigation>
    <Navigation context="details">
      <Link protocol="wwh5api">
        <Data key="BaseURI" value="file:///C:/Program%20Files/WebWorks/ePublisher%20Pro/Help/en" />
        <Data key="Context" value="reports" />
        <Data key="Topic" value="topic_links" />
      </Link>
    </Navigation>
  </Entry>
  <Entry context="topics" type="topic-link" severity="message">
    <Description>Topic 'criteria_selected_help' resolves to the file 'Searching NCIA.3.5.html'.</Description>
    <Navigation context="source">
      <Link protocol="adapter">
        <Data key="Path" value="C:\Documents and Settings\hadfielj\My Documents\CBIIT Projects\NCIA\NCIA 4.0 user guide and online help\Searching NCIA.fm" />
        <Data key="DocumentID" value="ADAB656448BED80" />
        <Data key="ID" value="1185331" />
      </Link>
    </Navigation>
    <Navigation context="output">
      <wwreport:Link protocol="wwh5api" xmlns:wwreport="urn:WebWorks-Reports-Schema">
        <wwreport:Data key="BaseURI" value="file:///C:/Documents%20and%20Settings/hadfielj/My%20Documents/ePublisher%20Pro%20Projects/NCIA%20Online%20Help/Output/WebWorks%20Help%205.0/NCIA%20Online%20Help" />
        <wwreport:Data key="Context" value="NCIA_Online_Help" />
        <wwreport:Data key="Topic" value="criteria_selected_help" />
      </wwreport:Link>
    </Navigation>
    <Navigation context="details">
      <Link protocol="wwh5api">
        <Data key="BaseURI" value="file:///C:/Program%20Files/WebWorks/ePublisher%20Pro/Help/en" />
        <Data key="Context" value="reports" />
        <Data key="Topic" value="topic_links" />
      </Link>
    </Navigation>
  </Entry>
  <Entry context="topics" type="topic-link" severity="message">
    <Description>Topic 'annotation_keyword_search_help' resolves to the file 'Searching NCIA.3.6.html'.</Description>
    <Navigation context="source">
      <Link protocol="adapter">
        <Data key="Path" value="C:\Documents and Settings\hadfielj\My Documents\CBIIT Projects\NCIA\NCIA 4.0 user guide and online help\Searching NCIA.fm" />
        <Data key="DocumentID" value="ADAB656448BED80" />
        <Data key="ID" value="1095060" />
      </Link>
    </Navigation>
    <Navigation context="output">
      <wwreport:Link protocol="wwh5api" xmlns:wwreport="urn:WebWorks-Reports-Schema">
        <wwreport:Data key="BaseURI" value="file:///C:/Documents%20and%20Settings/hadfielj/My%20Documents/ePublisher%20Pro%20Projects/NCIA%20Online%20Help/Output/WebWorks%20Help%205.0/NCIA%20Online%20Help" />
        <wwreport:Data key="Context" value="NCIA_Online_Help" />
        <wwreport:Data key="Topic" value="annotation_keyword_search_help" />
      </wwreport:Link>
    </Navigation>
    <Navigation context="details">
      <Link protocol="wwh5api">
        <Data key="BaseURI" value="file:///C:/Program%20Files/WebWorks/ePublisher%20Pro/Help/en" />
        <Data key="Context" value="reports" />
        <Data key="Topic" value="topic_links" />
      </Link>
    </Navigation>
  </Entry>
  <Entry context="topics" type="topic-link" severity="message">
    <Description>Topic 'advanced_search_help' resolves to the file 'Searching NCIA.3.8.html'.</Description>
    <Navigation context="source">
      <Link protocol="adapter">
        <Data key="Path" value="C:\Documents and Settings\hadfielj\My Documents\CBIIT Projects\NCIA\NCIA 4.0 user guide and online help\Searching NCIA.fm" />
        <Data key="DocumentID" value="ADAB656448BED80" />
        <Data key="ID" value="1066935" />
      </Link>
    </Navigation>
    <Navigation context="output">
      <wwreport:Link protocol="wwh5api" xmlns:wwreport="urn:WebWorks-Reports-Schema">
        <wwreport:Data key="BaseURI" value="file:///C:/Documents%20and%20Settings/hadfielj/My%20Documents/ePublisher%20Pro%20Projects/NCIA%20Online%20Help/Output/WebWorks%20Help%205.0/NCIA%20Online%20Help" />
        <wwreport:Data key="Context" value="NCIA_Online_Help" />
        <wwreport:Data key="Topic" value="advanced_search_help" />
      </wwreport:Link>
    </Navigation>
    <Navigation context="details">
      <Link protocol="wwh5api">
        <Data key="BaseURI" value="file:///C:/Program%20Files/WebWorks/ePublisher%20Pro/Help/en" />
        <Data key="Context" value="reports" />
        <Data key="Topic" value="topic_links" />
      </Link>
    </Navigation>
  </Entry>
  <Entry context="topics" type="topic-link" severity="message">
    <Description>Topic 'saved_queries_help' resolves to the file 'Searching NCIA.3.11.html'.</Description>
    <Navigation context="source">
      <Link protocol="adapter">
        <Data key="Path" value="C:\Documents and Settings\hadfielj\My Documents\CBIIT Projects\NCIA\NCIA 4.0 user guide and online help\Searching NCIA.fm" />
        <Data key="DocumentID" value="ADAB656448BED80" />
        <Data key="ID" value="1066885" />
      </Link>
    </Navigation>
    <Navigation context="output">
      <wwreport:Link protocol="wwh5api" xmlns:wwreport="urn:WebWorks-Reports-Schema">
        <wwreport:Data key="BaseURI" value="file:///C:/Documents%20and%20Settings/hadfielj/My%20Documents/ePublisher%20Pro%20Projects/NCIA%20Online%20Help/Output/WebWorks%20Help%205.0/NCIA%20Online%20Help" />
        <wwreport:Data key="Context" value="NCIA_Online_Help" />
        <wwreport:Data key="Topic" value="saved_queries_help" />
      </wwreport:Link>
    </Navigation>
    <Navigation context="details">
      <Link protocol="wwh5api">
        <Data key="BaseURI" value="file:///C:/Program%20Files/WebWorks/ePublisher%20Pro/Help/en" />
        <Data key="Context" value="reports" />
        <Data key="Topic" value="topic_links" />
      </Link>
    </Navigation>
  </Entry>
  <Entry context="topics" type="topic-link" severity="message">
    <Description>Topic 'save_edited_query_help' resolves to the file 'Searching NCIA.3.13.html'.</Description>
    <Navigation context="source">
      <Link protocol="adapter">
        <Data key="Path" value="C:\Documents and Settings\hadfielj\My Documents\CBIIT Projects\NCIA\NCIA 4.0 user guide and online help\Searching NCIA.fm" />
        <Data key="DocumentID" value="ADAB656448BED80" />
        <Data key="ID" value="1153808" />
      </Link>
    </Navigation>
    <Navigation context="output">
      <wwreport:Link protocol="wwh5api" xmlns:wwreport="urn:WebWorks-Reports-Schema">
        <wwreport:Data key="BaseURI" value="file:///C:/Documents%20and%20Settings/hadfielj/My%20Documents/ePublisher%20Pro%20Projects/NCIA%20Online%20Help/Output/WebWorks%20Help%205.0/NCIA%20Online%20Help" />
        <wwreport:Data key="Context" value="NCIA_Online_Help" />
        <wwreport:Data key="Topic" value="save_edited_query_help" />
      </wwreport:Link>
    </Navigation>
    <Navigation context="details">
      <Link protocol="wwh5api">
        <Data key="BaseURI" value="file:///C:/Program%20Files/WebWorks/ePublisher%20Pro/Help/en" />
        <Data key="Context" value="reports" />
        <Data key="Topic" value="topic_links" />
      </Link>
    </Navigation>
  </Entry>
  <Entry context="topics" type="topic-link" severity="message">
    <Description>Topic 'query_history_help' resolves to the file 'Searching NCIA.3.14.html'.</Description>
    <Navigation context="source">
      <Link protocol="adapter">
        <Data key="Path" value="C:\Documents and Settings\hadfielj\My Documents\CBIIT Projects\NCIA\NCIA 4.0 user guide and online help\Searching NCIA.fm" />
        <Data key="DocumentID" value="ADAB656448BED80" />
        <Data key="ID" value="1092117" />
      </Link>
    </Navigation>
    <Navigation context="output">
      <wwreport:Link protocol="wwh5api" xmlns:wwreport="urn:WebWorks-Reports-Schema">
        <wwreport:Data key="BaseURI" value="file:///C:/Documents%20and%20Settings/hadfielj/My%20Documents/ePublisher%20Pro%20Projects/NCIA%20Online%20Help/Output/WebWorks%20Help%205.0/NCIA%20Online%20Help" />
        <wwreport:Data key="Context" value="NCIA_Online_Help" />
        <wwreport:Data key="Topic" value="query_history_help" />
      </wwreport:Link>
    </Navigation>
    <Navigation context="details">
      <Link protocol="wwh5api">
        <Data key="BaseURI" value="file:///C:/Program%20Files/WebWorks/ePublisher%20Pro/Help/en" />
        <Data key="Context" value="reports" />
        <Data key="Topic" value="topic_links" />
      </Link>
    </Navigation>
  </Entry>
  <Entry context="topics" type="topic-link" severity="message">
    <Description>Topic 'search_results_by_subject_help' resolves to the file 'Searching NCIA.3.16.html'.</Description>
    <Navigation context="source">
      <Link protocol="adapter">
        <Data key="Path" value="C:\Documents and Settings\hadfielj\My Documents\CBIIT Projects\NCIA\NCIA 4.0 user guide and online help\Searching NCIA.fm" />
        <Data key="DocumentID" value="ADAB656448BED80" />
        <Data key="ID" value="1085991" />
      </Link>
    </Navigation>
    <Navigation context="output">
      <wwreport:Link protocol="wwh5api" xmlns:wwreport="urn:WebWorks-Reports-Schema">
        <wwreport:Data key="BaseURI" value="file:///C:/Documents%20and%20Settings/hadfielj/My%20Documents/ePublisher%20Pro%20Projects/NCIA%20Online%20Help/Output/WebWorks%20Help%205.0/NCIA%20Online%20Help" />
        <wwreport:Data key="Context" value="NCIA_Online_Help" />
        <wwreport:Data key="Topic" value="search_results_by_subject_help" />
      </wwreport:Link>
    </Navigation>
    <Navigation context="details">
      <Link protocol="wwh5api">
        <Data key="BaseURI" value="file:///C:/Program%20Files/WebWorks/ePublisher%20Pro/Help/en" />
        <Data key="Context" value="reports" />
        <Data key="Topic" value="topic_links" />
      </Link>
    </Navigation>
  </Entry>
  <Entry context="topics" type="topic-link" severity="message">
    <Description>Topic 'search_results_studies_for_subject_help' resolves to the file 'Searching NCIA.3.17.html'.</Description>
    <Navigation context="source">
      <Link protocol="adapter">
        <Data key="Path" value="C:\Documents and Settings\hadfielj\My Documents\CBIIT Projects\NCIA\NCIA 4.0 user guide and online help\Searching NCIA.fm" />
        <Data key="DocumentID" value="ADAB656448BED80" />
        <Data key="ID" value="1069240" />
      </Link>
    </Navigation>
    <Navigation context="output">
      <wwreport:Link protocol="wwh5api" xmlns:wwreport="urn:WebWorks-Reports-Schema">
        <wwreport:Data key="BaseURI" value="file:///C:/Documents%20and%20Settings/hadfielj/My%20Documents/ePublisher%20Pro%20Projects/NCIA%20Online%20Help/Output/WebWorks%20Help%205.0/NCIA%20Online%20Help" />
        <wwreport:Data key="Context" value="NCIA_Online_Help" />
        <wwreport:Data key="Topic" value="search_results_studies_for_subject_help" />
      </wwreport:Link>
    </Navigation>
    <Navigation context="details">
      <Link protocol="wwh5api">
        <Data key="BaseURI" value="file:///C:/Program%20Files/WebWorks/ePublisher%20Pro/Help/en" />
        <Data key="Context" value="reports" />
        <Data key="Topic" value="topic_links" />
      </Link>
    </Navigation>
  </Entry>
  <Entry context="topics" type="topic-link" severity="message">
    <Description>Topic 'search_results_images_for series_help' resolves to the file 'Searching NCIA.3.18.html'.</Description>
    <Navigation context="source">
      <Link protocol="adapter">
        <Data key="Path" value="C:\Documents and Settings\hadfielj\My Documents\CBIIT Projects\NCIA\NCIA 4.0 user guide and online help\Searching NCIA.fm" />
        <Data key="DocumentID" value="ADAB656448BED80" />
        <Data key="ID" value="1069282" />
      </Link>
    </Navigation>
    <Navigation context="output">
      <wwreport:Link protocol="wwh5api" xmlns:wwreport="urn:WebWorks-Reports-Schema">
        <wwreport:Data key="BaseURI" value="file:///C:/Documents%20and%20Settings/hadfielj/My%20Documents/ePublisher%20Pro%20Projects/NCIA%20Online%20Help/Output/WebWorks%20Help%205.0/NCIA%20Online%20Help" />
        <wwreport:Data key="Context" value="NCIA_Online_Help" />
        <wwreport:Data key="Topic" value="search_results_images_for series_help" />
      </wwreport:Link>
    </Navigation>
    <Navigation context="details">
      <Link protocol="wwh5api">
        <Data key="BaseURI" value="file:///C:/Program%20Files/WebWorks/ePublisher%20Pro/Help/en" />
        <Data key="Context" value="reports" />
        <Data key="Topic" value="topic_links" />
      </Link>
    </Navigation>
  </Entry>
  <Entry context="topics" type="topic-link" severity="message">
    <Description>Topic 'data_basket_help' resolves to the file 'Searching NCIA.3.22.html'.</Description>
    <Navigation context="source">
      <Link protocol="adapter">
        <Data key="Path" value="C:\Documents and Settings\hadfielj\My Documents\CBIIT Projects\NCIA\NCIA 4.0 user guide and online help\Searching NCIA.fm" />
        <Data key="DocumentID" value="ADAB656448BED80" />
        <Data key="ID" value="1070197" />
      </Link>
    </Navigation>
    <Navigation context="output">
      <wwreport:Link protocol="wwh5api" xmlns:wwreport="urn:WebWorks-Reports-Schema">
        <wwreport:Data key="BaseURI" value="file:///C:/Documents%20and%20Settings/hadfielj/My%20Documents/ePublisher%20Pro%20Projects/NCIA%20Online%20Help/Output/WebWorks%20Help%205.0/NCIA%20Online%20Help" />
        <wwreport:Data key="Context" value="NCIA_Online_Help" />
        <wwreport:Data key="Topic" value="data_basket_help" />
      </wwreport:Link>
    </Navigation>
    <Navigation context="details">
      <Link protocol="wwh5api">
        <Data key="BaseURI" value="file:///C:/Program%20Files/WebWorks/ePublisher%20Pro/Help/en" />
        <Data key="Context" value="reports" />
        <Data key="Topic" value="topic_links" />
      </Link>
    </Navigation>
  </Entry>
  <Entry context="topics" type="topic-link" severity="message">
    <Description>Topic 'QA_tool_help' resolves to the file 'NCIA admin.4.3.html'.</Description>
    <Navigation context="source">
      <Link protocol="adapter">
        <Data key="Path" value="C:\Documents and Settings\hadfielj\My Documents\CBIIT Projects\NCIA\NCIA 4.0 user guide and online help\NCIA admin.fm" />
        <Data key="DocumentID" value="10DF3999ED8F082" />
        <Data key="ID" value="1084993" />
      </Link>
    </Navigation>
    <Navigation context="output">
      <wwreport:Link protocol="wwh5api" xmlns:wwreport="urn:WebWorks-Reports-Schema">
        <wwreport:Data key="BaseURI" value="file:///C:/Documents%20and%20Settings/hadfielj/My%20Documents/ePublisher%20Pro%20Projects/NCIA%20Online%20Help/Output/WebWorks%20Help%205.0/NCIA%20Online%20Help" />
        <wwreport:Data key="Context" value="NCIA_Online_Help" />
        <wwreport:Data key="Topic" value="QA_tool_help" />
      </wwreport:Link>
    </Navigation>
    <Navigation context="details">
      <Link protocol="wwh5api">
        <Data key="BaseURI" value="file:///C:/Program%20Files/WebWorks/ePublisher%20Pro/Help/en" />
        <Data key="Context" value="reports" />
        <Data key="Topic" value="topic_links" />
      </Link>
    </Navigation>
  </Entry>
  <Entry context="topics" type="topic-link" severity="message">
    <Description>Topic 'upload_spreadsheet_help' resolves to the file 'NCIA admin.4.5.html'.</Description>
    <Navigation context="source">
      <Link protocol="adapter">
        <Data key="Path" value="C:\Documents and Settings\hadfielj\My Documents\CBIIT Projects\NCIA\NCIA 4.0 user guide and online help\NCIA admin.fm" />
        <Data key="DocumentID" value="10DF3999ED8F082" />
        <Data key="ID" value="1092076" />
      </Link>
    </Navigation>
    <Navigation context="output">
      <wwreport:Link protocol="wwh5api" xmlns:wwreport="urn:WebWorks-Reports-Schema">
        <wwreport:Data key="BaseURI" value="file:///C:/Documents%20and%20Settings/hadfielj/My%20Documents/ePublisher%20Pro%20Projects/NCIA%20Online%20Help/Output/WebWorks%20Help%205.0/NCIA%20Online%20Help" />
        <wwreport:Data key="Context" value="NCIA_Online_Help" />
        <wwreport:Data key="Topic" value="upload_spreadsheet_help" />
      </wwreport:Link>
    </Navigation>
    <Navigation context="details">
      <Link protocol="wwh5api">
        <Data key="BaseURI" value="file:///C:/Program%20Files/WebWorks/ePublisher%20Pro/Help/en" />
        <Data key="Context" value="reports" />
        <Data key="Topic" value="topic_links" />
      </Link>
    </Navigation>
  </Entry>
  <Entry context="topics" type="topic-link" severity="message">
    <Description>Topic 'verify_submitted_files_help' resolves to the file 'NCIA admin.4.6.html'.</Description>
    <Navigation context="source">
      <Link protocol="adapter">
        <Data key="Path" value="C:\Documents and Settings\hadfielj\My Documents\CBIIT Projects\NCIA\NCIA 4.0 user guide and online help\NCIA admin.fm" />
        <Data key="DocumentID" value="10DF3999ED8F082" />
        <Data key="ID" value="1084915" />
      </Link>
    </Navigation>
    <Navigation context="output">
      <wwreport:Link protocol="wwh5api" xmlns:wwreport="urn:WebWorks-Reports-Schema">
        <wwreport:Data key="BaseURI" value="file:///C:/Documents%20and%20Settings/hadfielj/My%20Documents/ePublisher%20Pro%20Projects/NCIA%20Online%20Help/Output/WebWorks%20Help%205.0/NCIA%20Online%20Help" />
        <wwreport:Data key="Context" value="NCIA_Online_Help" />
        <wwreport:Data key="Topic" value="verify_submitted_files_help" />
      </wwreport:Link>
    </Navigation>
    <Navigation context="details">
      <Link protocol="wwh5api">
        <Data key="BaseURI" value="file:///C:/Program%20Files/WebWorks/ePublisher%20Pro/Help/en" />
        <Data key="Context" value="reports" />
        <Data key="Topic" value="topic_links" />
      </Link>
    </Navigation>
  </Entry>
</Report>