<?xml version="1.0" encoding="utf-8"?>
<TableOfContents version="1.0" xmlns="urn:WebWorks-Engine-TOC-Schema">
  <Entry id="1064739" documentID="10DF3999ED8F082" level="1" documentposition="3">
    <Paragraph xmlns="urn:WebWorks-Document-Schema">
      <Style>
        <Attribute name="text-align" value="Right" />
        <Attribute name="text-indent" value="0pt" />
        <Attribute name="margin-left" value="0pt" />
        <Attribute name="margin-right" value="0pt" />
        <Attribute name="margin-top" value="0.0pt" />
        <Attribute name="margin-bottom" value="13.0pt" />
        <Attribute name="line-spacing" value="0pt" />
        <Attribute name="color" value="#515186" />
        <Attribute name="font-family" value="Palatino Linotype" />
        <Attribute name="font-size" value="27.0pt" />
        <Attribute name="font-weight" value="bold" />
        <Attribute name="font-style" value="normal" />
        <Attribute name="font-variant" value="" />
        <Attribute name="text-transform" value="none" />
        <Attribute name="text-decoration-underline" value="none" />
        <Attribute name="text-decoration-line-through" value="none" />
        <Attribute name="vertical-align" value="baseline" />
      </Style>
      <TextRun id="tr1064739-1">
        <Text value="NCIA Administration" />
      </TextRun>
    </Paragraph>
    <Paragraph id="1064739" documentposition="3" splitpriority="1" xmlns="urn:WebWorks-Behaviors-Schema" />
  </Entry>
  <Entry id="1084083" documentID="10DF3999ED8F082" level="2" documentposition="11">
    <Paragraph xmlns="urn:WebWorks-Document-Schema">
      <Style>
        <Attribute name="text-align" value="Left" />
        <Attribute name="text-indent" value="0pt" />
        <Attribute name="margin-left" value="0pt" />
        <Attribute name="margin-right" value="0pt" />
        <Attribute name="margin-top" value="15.0pt" />
        <Attribute name="margin-bottom" value="0.0pt" />
        <Attribute name="line-spacing" value="0pt" />
        <Attribute name="color" value="#515186" />
        <Attribute name="font-family" value="Palatino Linotype" />
        <Attribute name="font-size" value="16.0pt" />
        <Attribute name="font-weight" value="bold" />
        <Attribute name="font-style" value="normal" />
        <Attribute name="font-variant" value="normal" />
        <Attribute name="text-transform" value="none" />
        <Attribute name="text-decoration-underline" value="none" />
        <Attribute name="text-decoration-line-through" value="none" />
        <Attribute name="vertical-align" value="baseline" />
      </Style>
      <TextRun id="tr1084083-1">
        <Text value="Administration Functions Overview" />
      </TextRun>
    </Paragraph>
    <Paragraph id="1084083" documentposition="11" splitpriority="2" xmlns="urn:WebWorks-Behaviors-Schema" />
  </Entry>
  <Entry id="1084993" documentID="10DF3999ED8F082" level="2" documentposition="17">
    <Paragraph xmlns="urn:WebWorks-Document-Schema">
      <Style>
        <Attribute name="text-align" value="Left" />
        <Attribute name="text-indent" value="0pt" />
        <Attribute name="margin-left" value="0pt" />
        <Attribute name="margin-right" value="0pt" />
        <Attribute name="margin-top" value="15.0pt" />
        <Attribute name="margin-bottom" value="0.0pt" />
        <Attribute name="line-spacing" value="0pt" />
        <Attribute name="color" value="#515186" />
        <Attribute name="font-family" value="Palatino Linotype" />
        <Attribute name="font-size" value="16.0pt" />
        <Attribute name="font-weight" value="bold" />
        <Attribute name="font-style" value="normal" />
        <Attribute name="font-variant" value="normal" />
        <Attribute name="text-transform" value="none" />
        <Attribute name="text-decoration-underline" value="none" />
        <Attribute name="text-decoration-line-through" value="none" />
        <Attribute name="vertical-align" value="baseline" />
      </Style>
      <TextRun id="tr1084993-1" />
      <TextRun id="tr1084993-2" />
      <TextRun id="tr1084993-3">
        <Style>
          <Attribute name="color" value="#000000" />
          <Attribute name="font-weight" value="normal" />
          <Attribute name="font-size" value="11.0pt" />
        </Style>
        <Text value=" " />
      </TextRun>
      <TextRun id="tr1084993-4">
        <Text value="U" />
        <Text value="sing the Quality Control (QC) Tool" />
      </TextRun>
    </Paragraph>
    <Paragraph id="1084993" documentposition="17" splitpriority="2" xmlns="urn:WebWorks-Behaviors-Schema">
      <Marker behavior="topic" id="1084992">
        <Marker id="1084992" name="TopicAlias" xmlns="urn:WebWorks-Document-Schema">
          <TextRun id="tr1084992-1">
            <Text value="QA_tool_help" />
          </TextRun>
        </Marker>
      </Marker>
    </Paragraph>
  </Entry>
  <Entry id="1092019" documentID="10DF3999ED8F082" level="2" documentposition="39">
    <Paragraph xmlns="urn:WebWorks-Document-Schema">
      <Style>
        <Attribute name="text-align" value="Left" />
        <Attribute name="text-indent" value="0pt" />
        <Attribute name="margin-left" value="0pt" />
        <Attribute name="margin-right" value="0pt" />
        <Attribute name="margin-top" value="15.0pt" />
        <Attribute name="margin-bottom" value="0.0pt" />
        <Attribute name="line-spacing" value="0pt" />
        <Attribute name="color" value="#515186" />
        <Attribute name="font-family" value="Palatino Linotype" />
        <Attribute name="font-size" value="16.0pt" />
        <Attribute name="font-weight" value="bold" />
        <Attribute name="font-style" value="normal" />
        <Attribute name="font-variant" value="normal" />
        <Attribute name="text-transform" value="none" />
        <Attribute name="text-decoration-underline" value="none" />
        <Attribute name="text-decoration-line-through" value="none" />
        <Attribute name="vertical-align" value="baseline" />
      </Style>
      <TextRun id="tr1092019-1" />
      <TextRun id="tr1092019-2">
        <Text value="Updating Curation Status" />
      </TextRun>
    </Paragraph>
    <Paragraph id="1092019" documentposition="39" splitpriority="2" xmlns="urn:WebWorks-Behaviors-Schema" />
  </Entry>
  <Entry id="1092076" documentID="10DF3999ED8F082" level="2" documentposition="54">
    <Paragraph xmlns="urn:WebWorks-Document-Schema">
      <Style>
        <Attribute name="text-align" value="Left" />
        <Attribute name="text-indent" value="0pt" />
        <Attribute name="margin-left" value="0pt" />
        <Attribute name="margin-right" value="0pt" />
        <Attribute name="margin-top" value="15.0pt" />
        <Attribute name="margin-bottom" value="0.0pt" />
        <Attribute name="line-spacing" value="0pt" />
        <Attribute name="color" value="#515186" />
        <Attribute name="font-family" value="Palatino Linotype" />
        <Attribute name="font-size" value="16.0pt" />
        <Attribute name="font-weight" value="bold" />
        <Attribute name="font-style" value="normal" />
        <Attribute name="font-variant" value="normal" />
        <Attribute name="text-transform" value="none" />
        <Attribute name="text-decoration-underline" value="none" />
        <Attribute name="text-decoration-line-through" value="none" />
        <Attribute name="vertical-align" value="baseline" />
      </Style>
      <TextRun id="tr1092076-1" />
      <TextRun id="tr1092076-2">
        <Text value="U" />
        <Text value="ploading and Parsing the Curation Spreadsheet" />
      </TextRun>
    </Paragraph>
    <Paragraph id="1092076" documentposition="54" splitpriority="2" xmlns="urn:WebWorks-Behaviors-Schema">
      <Marker behavior="topic" id="1092075">
        <Marker id="1092075" name="TopicAlias" xmlns="urn:WebWorks-Document-Schema">
          <TextRun id="tr1092075-1">
            <Text value="upload_spreadsheet_help" />
          </TextRun>
        </Marker>
      </Marker>
    </Paragraph>
  </Entry>
  <Entry id="1084915" documentID="10DF3999ED8F082" level="2" documentposition="63">
    <Paragraph xmlns="urn:WebWorks-Document-Schema">
      <Style>
        <Attribute name="text-align" value="Left" />
        <Attribute name="text-indent" value="0pt" />
        <Attribute name="margin-left" value="0pt" />
        <Attribute name="margin-right" value="0pt" />
        <Attribute name="margin-top" value="15.0pt" />
        <Attribute name="margin-bottom" value="0.0pt" />
        <Attribute name="line-spacing" value="0pt" />
        <Attribute name="color" value="#515186" />
        <Attribute name="font-family" value="Palatino Linotype" />
        <Attribute name="font-size" value="16.0pt" />
        <Attribute name="font-weight" value="bold" />
        <Attribute name="font-style" value="normal" />
        <Attribute name="font-variant" value="normal" />
        <Attribute name="text-transform" value="none" />
        <Attribute name="text-decoration-underline" value="none" />
        <Attribute name="text-decoration-line-through" value="none" />
        <Attribute name="vertical-align" value="baseline" />
      </Style>
      <TextRun id="tr1084915-1" />
      <TextRun id="tr1084915-2">
        <Text value="V" />
        <Text value="erifying Submitted Files" />
      </TextRun>
    </Paragraph>
    <Paragraph id="1084915" documentposition="63" splitpriority="2" xmlns="urn:WebWorks-Behaviors-Schema">
      <Marker behavior="topic" id="1084914">
        <Marker id="1084914" name="TopicAlias" xmlns="urn:WebWorks-Document-Schema">
          <TextRun id="tr1084914-1">
            <Text value="verify_submitted_files_help" />
          </TextRun>
        </Marker>
      </Marker>
    </Paragraph>
  </Entry>
  <Entry id="1102751" documentID="10DF3999ED8F082" level="3" documentposition="75">
    <Paragraph xmlns="urn:WebWorks-Document-Schema">
      <Style>
        <Attribute name="text-align" value="Left" />
        <Attribute name="text-indent" value="0pt" />
        <Attribute name="margin-left" value="0pt" />
        <Attribute name="margin-right" value="0pt" />
        <Attribute name="margin-top" value="12.0pt" />
        <Attribute name="margin-bottom" value="0.0pt" />
        <Attribute name="line-spacing" value="0pt" />
        <Attribute name="color" value="#000000" />
        <Attribute name="font-family" value="Palatino Linotype" />
        <Attribute name="font-size" value="14.0pt" />
        <Attribute name="font-weight" value="normal" />
        <Attribute name="font-style" value="normal" />
        <Attribute name="font-variant" value="normal" />
        <Attribute name="text-transform" value="none" />
        <Attribute name="text-decoration-underline" value="none" />
        <Attribute name="text-decoration-line-through" value="none" />
        <Attribute name="vertical-align" value="baseline" />
      </Style>
      <TextRun id="tr1102751-1">
        <Text value="Verifying Submitted Files Results" />
      </TextRun>
    </Paragraph>
    <Paragraph id="1102751" documentposition="75" splitpriority="3" xmlns="urn:WebWorks-Behaviors-Schema" />
  </Entry>
</TableOfContents>