<?xml version="1.0" encoding="utf-8"?>
<Behaviors version="1.0" xmlns="urn:WebWorks-Behaviors-Schema">
  <Split id="1064739" documentposition="3">
    <Paragraph id="1064739" documentposition="3" splitpriority="1" dropdown="continue" popup="none" popup-page-rule="" />
    <Paragraph id="1071925" documentposition="4" splitpriority="none" dropdown="continue" popup="none" popup-page-rule="" />
    <Paragraph id="1084099" documentposition="5" splitpriority="none" dropdown="continue" popup="none" popup-page-rule="" />
    <Paragraph id="1125470" documentposition="6" splitpriority="none" dropdown="continue" popup="none" popup-page-rule="" />
    <Paragraph id="1125474" documentposition="7" splitpriority="none" dropdown="continue" popup="none" popup-page-rule="" />
    <Paragraph id="1125493" documentposition="8" splitpriority="none" dropdown="continue" popup="none" popup-page-rule="" />
    <Paragraph id="1125478" documentposition="9" splitpriority="none" popup="none" popup-page-rule="" dropdown="end" />
  </Split>
  <Split id="1084083" documentposition="10">
    <Paragraph id="1084083" documentposition="10" splitpriority="2" dropdown="continue" popup="none" popup-page-rule="" />
    <Paragraph id="1071966" documentposition="11" splitpriority="none" dropdown="continue" popup="none" popup-page-rule="" />
    <Paragraph id="1105129" documentposition="12" splitpriority="none" relatedtopic="define-no-output" dropdown="continue" popup="none" popup-page-rule="" />
    <Paragraph id="1126745" documentposition="13" splitpriority="none" relatedtopic="define-no-output" dropdown="continue" popup="none" popup-page-rule="" />
    <Paragraph id="1126749" documentposition="14" splitpriority="none" relatedtopic="define-no-output" dropdown="continue" popup="none" popup-page-rule="" />
    <Paragraph id="1126753" documentposition="15" splitpriority="none" relatedtopic="define-no-output" dropdown="continue" popup="none" popup-page-rule="" />
    <Paragraph id="1126757" documentposition="16" splitpriority="none" relatedtopic="define-no-output" popup="none" popup-page-rule="" dropdown="end" />
  </Split>
  <Split id="1104462" documentposition="17">
    <Paragraph id="1104462" documentposition="17" splitpriority="2" dropdown="continue" popup="none" popup-page-rule="" />
    <Paragraph id="1106199" documentposition="18" splitpriority="none" dropdown="continue" popup="none" popup-page-rule="" />
    <Paragraph id="1108322" documentposition="19" splitpriority="none" dropdown="continue" popup="none" popup-page-rule="" />
    <Paragraph id="1106305" documentposition="20" splitpriority="none" dropdown="continue" popup="none" popup-page-rule="" />
    <Table id="1108743" documentposition="21" splitpriority="none">
      <TableCell>
        <Paragraph id="1108745" dropdown="continue" popup="none" popup-page-rule="" />
      </TableCell>
      <TableCell>
        <Paragraph id="1108747" dropdown="continue" popup="none" popup-page-rule="" />
      </TableCell>
      <TableCell>
        <Paragraph id="1108749" dropdown="continue" popup="none" popup-page-rule="" />
      </TableCell>
      <TableCell>
        <Paragraph id="1108751" dropdown="continue" popup="none" popup-page-rule="" />
      </TableCell>
      <TableCell>
        <Paragraph id="1108753" dropdown="continue" popup="none" popup-page-rule="" />
      </TableCell>
      <TableCell>
        <Paragraph id="1108755" dropdown="continue" popup="none" popup-page-rule="" />
      </TableCell>
      <TableCell>
        <Paragraph id="1108757" dropdown="continue" popup="none" popup-page-rule="" />
      </TableCell>
      <TableCell>
        <Paragraph id="1108759" dropdown="continue" popup="none" popup-page-rule="" />
      </TableCell>
      <TableCell>
        <Paragraph id="1123296" dropdown="continue" popup="none" popup-page-rule="" />
      </TableCell>
      <TableCell>
        <Paragraph id="1123298" dropdown="continue" popup="none" popup-page-rule="" />
      </TableCell>
      <TableCell>
        <Paragraph id="1123308" dropdown="continue" popup="none" popup-page-rule="" />
      </TableCell>
      <TableCell>
        <Paragraph id="1123310" dropdown="continue" popup="none" popup-page-rule="" />
      </TableCell>
      <TableCell>
        <Paragraph id="1123319" dropdown="continue" popup="none" popup-page-rule="" />
      </TableCell>
      <TableCell>
        <Paragraph id="1123321" dropdown="continue" popup="none" popup-page-rule="" />
      </TableCell>
    </Table>
    <Paragraph id="1108788" documentposition="22" splitpriority="none" dropdown="continue" popup="none" popup-page-rule="" />
    <Paragraph id="1108375" documentposition="23" splitpriority="none" dropdown="continue" popup="none" popup-page-rule="" />
    <Paragraph id="1108403" documentposition="24" splitpriority="none" dropdown="continue" popup="none" popup-page-rule="" />
    <Paragraph id="1108411" documentposition="25" splitpriority="none" dropdown="continue" popup="none" popup-page-rule="" />
    <Paragraph id="1108404" documentposition="26" splitpriority="none" popup="none" popup-page-rule="" dropdown="end" />
  </Split>
  <Split id="1084993" documentposition="27">
    <Paragraph id="1084993" documentposition="27" splitpriority="2" dropdown="continue" popup="none" popup-page-rule="">
      <Marker behavior="topic" id="1084992">
        <Marker id="1084992" name="TopicAlias" xmlns="urn:WebWorks-Document-Schema">
          <TextRun id="tr1084992-1">
            <Text value="QA_tool_help" />
          </TextRun>
        </Marker>
      </Marker>
      <Marker behavior="topic" id="1125719">
        <Marker id="1125719" name="TopicAlias" xmlns="urn:WebWorks-Document-Schema">
          <TextRun id="tr1125719-1">
            <Text value="QC_tool_help" />
          </TextRun>
        </Marker>
      </Marker>
    </Paragraph>
    <Paragraph id="1084996" documentposition="28" splitpriority="none" dropdown="continue" popup="none" popup-page-rule="" />
    <Paragraph id="1084997" documentposition="29" splitpriority="none" dropdown="continue" popup="none" popup-page-rule="" />
    <Paragraph id="1091617" documentposition="30" splitpriority="none" dropdown="continue" popup="none" popup-page-rule="" />
    <Paragraph id="1091618" documentposition="31" splitpriority="none" dropdown="continue" popup="none" popup-page-rule="" />
    <Paragraph id="1091628" documentposition="33" splitpriority="none" dropdown="continue" popup="none" popup-page-rule="" />
    <Paragraph id="1125792" documentposition="34" splitpriority="none" dropdown="continue" popup="none" popup-page-rule="" />
    <Table id="1125796" documentposition="35" splitpriority="none">
      <TableCell>
        <Paragraph id="1125798" dropdown="continue" popup="none" popup-page-rule="" />
      </TableCell>
      <TableCell>
        <Paragraph id="1125800" dropdown="continue" popup="none" popup-page-rule="" />
      </TableCell>
      <TableCell>
        <Paragraph id="1125802" dropdown="continue" popup="none" popup-page-rule="" />
      </TableCell>
      <TableCell>
        <Paragraph id="1125804" dropdown="continue" popup="none" popup-page-rule="" />
      </TableCell>
      <TableCell>
        <Paragraph id="1125806" dropdown="continue" popup="none" popup-page-rule="" />
      </TableCell>
      <TableCell>
        <Paragraph id="1125808" dropdown="continue" popup="none" popup-page-rule="" />
      </TableCell>
      <TableCell>
        <Paragraph id="1125810" dropdown="continue" popup="none" popup-page-rule="" />
      </TableCell>
      <TableCell>
        <Paragraph id="1125812" dropdown="continue" popup="none" popup-page-rule="" />
      </TableCell>
      <TableCell>
        <Paragraph id="1125814" dropdown="continue" popup="none" popup-page-rule="" />
      </TableCell>
      <TableCell>
        <Paragraph id="1125816" dropdown="continue" popup="none" popup-page-rule="" />
      </TableCell>
    </Table>
    <Paragraph id="1123522" documentposition="36" splitpriority="none" dropdown="continue" popup="none" popup-page-rule="" />
    <Paragraph id="1124959" documentposition="37" splitpriority="none" dropdown="continue" popup="none" popup-page-rule="" />
    <Paragraph id="1123527" documentposition="38" splitpriority="none" dropdown="continue" popup="none" popup-page-rule="" />
    <Paragraph id="1123534" documentposition="39" splitpriority="none" dropdown="continue" popup="none" popup-page-rule="" />
    <Paragraph id="1125373" documentposition="40" splitpriority="none" dropdown="continue" popup="none" popup-page-rule="" />
    <Paragraph id="1091827" documentposition="41" splitpriority="none" dropdown="continue" popup="none" popup-page-rule="" />
    <Paragraph id="1123625" documentposition="42" splitpriority="none" dropdown="continue" popup="none" popup-page-rule="" />
    <Paragraph id="1123744" documentposition="43" splitpriority="none" dropdown="continue" popup="none" popup-page-rule="" />
    <Paragraph id="1125001" documentposition="44" splitpriority="none" dropdown="continue" popup="none" popup-page-rule="" />
    <Paragraph id="1124025" documentposition="45" splitpriority="none" dropdown="continue" popup="none" popup-page-rule="" />
    <Paragraph id="1124024" documentposition="46" splitpriority="none" dropdown="continue" popup="none" popup-page-rule="" />
    <Paragraph id="1125786" documentposition="47" splitpriority="none" dropdown="continue" popup="none" popup-page-rule="" />
    <Paragraph id="1125021" documentposition="48" splitpriority="none" dropdown="continue" popup="none" popup-page-rule="" />
    <Paragraph id="1124096" documentposition="49" splitpriority="none" dropdown="continue" popup="none" popup-page-rule="" />
    <Paragraph id="1123971" documentposition="50" splitpriority="none" dropdown="continue" popup="none" popup-page-rule="" />
    <Paragraph id="1091882" documentposition="51" splitpriority="none" popup="none" popup-page-rule="" dropdown="end" />
  </Split>
  <Split id="1125720" documentposition="52">
    <Paragraph id="1125720" documentposition="52" splitpriority="3" dropdown="continue" popup="none" popup-page-rule="">
      <Marker behavior="topic" id="1125732">
        <Marker id="1125732" name="TopicAlias" xmlns="urn:WebWorks-Document-Schema">
          <TextRun id="tr1125732-1">
            <Text value="QC_status_history_help" />
          </TextRun>
        </Marker>
      </Marker>
    </Paragraph>
    <Paragraph id="1128491" documentposition="53" splitpriority="none" dropdown="continue" popup="none" popup-page-rule="" />
    <Paragraph id="1133119" documentposition="54" splitpriority="none" dropdown="continue" popup="none" popup-page-rule="" />
    <Paragraph id="1126957" documentposition="55" splitpriority="none" popup="none" popup-page-rule="" dropdown="end" />
  </Split>
  <Split id="1125100" documentposition="56">
    <Paragraph id="1125100" documentposition="56" splitpriority="2" dropdown="continue" popup="none" popup-page-rule="" />
    <Paragraph id="1125532" documentposition="57" splitpriority="none" popup="none" popup-page-rule="" dropdown="end" />
  </Split>
  <Split id="1125522" documentposition="58">
    <Paragraph id="1125522" documentposition="58" splitpriority="3" dropdown="continue" popup="none" popup-page-rule="">
      <Marker behavior="topic" id="1125718">
        <Marker id="1125718" name="TopicAlias" xmlns="urn:WebWorks-Document-Schema">
          <TextRun id="tr1125718-1">
            <Text value="deletion_approval_help" />
          </TextRun>
        </Marker>
      </Marker>
    </Paragraph>
    <Paragraph id="1124264" documentposition="59" splitpriority="none" dropdown="continue" popup="none" popup-page-rule="" />
    <Paragraph id="1124307" documentposition="60" splitpriority="none" dropdown="continue" popup="none" popup-page-rule="" />
    <Paragraph id="1124294" documentposition="61" splitpriority="none" dropdown="continue" popup="none" popup-page-rule="" />
    <Paragraph id="1124320" documentposition="62" splitpriority="none" dropdown="continue" popup="none" popup-page-rule="" />
    <Paragraph id="1124327" documentposition="63" splitpriority="none" dropdown="continue" popup="none" popup-page-rule="" />
    <Paragraph id="1124336" documentposition="64" splitpriority="none" dropdown="continue" popup="none" popup-page-rule="" />
    <Paragraph id="1124363" documentposition="65" splitpriority="none" dropdown="continue" popup="none" popup-page-rule="" />
    <Paragraph id="1125316" documentposition="66" splitpriority="none" dropdown="continue" popup="none" popup-page-rule="" />
    <Paragraph id="1125322" documentposition="67" splitpriority="none" dropdown="continue" popup="none" popup-page-rule="" />
    <Paragraph id="1125317" documentposition="68" splitpriority="none" dropdown="continue" popup="none" popup-page-rule="" />
    <Paragraph id="1124443" documentposition="69" splitpriority="none" dropdown="continue" popup="none" popup-page-rule="" />
    <Paragraph id="1124431" documentposition="70" splitpriority="none" popup="none" popup-page-rule="" dropdown="end" />
  </Split>
  <Split id="1124476" documentposition="71">
    <Paragraph id="1124476" documentposition="71" splitpriority="3" dropdown="continue" popup="none" popup-page-rule="">
      <Marker behavior="topic" id="1125717">
        <Marker id="1125717" name="TopicAlias" xmlns="urn:WebWorks-Document-Schema">
          <TextRun id="tr1125717-1">
            <Text value="online_deletion_help" />
          </TextRun>
        </Marker>
      </Marker>
    </Paragraph>
    <Paragraph id="1124509" documentposition="72" splitpriority="none" dropdown="continue" popup="none" popup-page-rule="" />
    <Paragraph id="1124538" documentposition="73" splitpriority="none" dropdown="continue" popup="none" popup-page-rule="" />
    <Paragraph id="1124556" documentposition="74" splitpriority="none" dropdown="continue" popup="none" popup-page-rule="" />
    <Paragraph id="1124561" documentposition="75" splitpriority="none" dropdown="continue" popup="none" popup-page-rule="" />
    <Paragraph id="1124572" documentposition="76" splitpriority="none" dropdown="continue" popup="none" popup-page-rule="" />
    <Paragraph id="1124583" documentposition="77" splitpriority="none" dropdown="continue" popup="none" popup-page-rule="" />
    <Paragraph id="1124843" documentposition="78" splitpriority="none" dropdown="continue" popup="none" popup-page-rule="" />
    <Paragraph id="1126969" documentposition="79" splitpriority="none" popup="none" popup-page-rule="" dropdown="end" />
  </Split>
  <Split id="1110661" documentposition="80">
    <Paragraph id="1110661" documentposition="80" splitpriority="2" dropdown="continue" popup="none" popup-page-rule="">
      <Marker behavior="topic" id="1110658">
        <Marker id="1110658" name="TopicAlias" xmlns="urn:WebWorks-Document-Schema">
          <TextRun id="tr1110658-1">
            <Text value="verify_submitted_files_help" />
          </TextRun>
        </Marker>
      </Marker>
      <Marker behavior="topic" id="1116277">
        <Marker id="1116277" name="TopicAlias" xmlns="urn:WebWorks-Document-Schema">
          <TextRun id="tr1116277-1">
            <Text value="submission_report_help" />
          </TextRun>
        </Marker>
      </Marker>
    </Paragraph>
    <Paragraph id="1110666" documentposition="81" splitpriority="none" dropdown="continue" popup="none" popup-page-rule="" />
    <Paragraph id="1084919" documentposition="82" splitpriority="none" dropdown="continue" popup="none" popup-page-rule="" />
    <Paragraph id="1084920" documentposition="83" splitpriority="none" dropdown="continue" popup="none" popup-page-rule="" />
    <Paragraph id="1084921" documentposition="84" splitpriority="none" dropdown="continue" popup="none" popup-page-rule="" />
    <Paragraph id="1102147" documentposition="86" splitpriority="none" dropdown="continue" popup="none" popup-page-rule="" />
    <Paragraph id="1102162" documentposition="87" splitpriority="none" dropdown="continue" popup="none" popup-page-rule="" />
    <Paragraph id="1110738" documentposition="88" splitpriority="none" dropdown="continue" popup="none" popup-page-rule="" />
    <Paragraph id="1118126" documentposition="89" splitpriority="none" dropdown="continue" popup="none" popup-page-rule="" />
    <Paragraph id="1118130" documentposition="90" splitpriority="none" dropdown="continue" popup="none" popup-page-rule="" />
    <Paragraph id="1118134" documentposition="91" splitpriority="none" dropdown="continue" popup="none" popup-page-rule="" />
    <Paragraph id="1118115" documentposition="92" splitpriority="none" dropdown="continue" popup="none" popup-page-rule="" />
    <Paragraph id="1118081" documentposition="93" splitpriority="none" dropdown="continue" popup="none" popup-page-rule="" />
    <Paragraph id="1121714" documentposition="94" splitpriority="none" dropdown="continue" popup="none" popup-page-rule="">
      <Frame id="1121727">
        <Paragraph id="" dropdown="continue" popup="none" popup-page-rule="" />
      </Frame>
    </Paragraph>
    <Paragraph id="1121721" documentposition="95" splitpriority="none" dropdown="continue" popup="none" popup-page-rule="">
      <Frame id="1121719">
        <Paragraph id="" dropdown="continue" popup="none" popup-page-rule="" />
      </Frame>
    </Paragraph>
    <Paragraph id="1118090" documentposition="96" splitpriority="none" dropdown="continue" popup="none" popup-page-rule="">
      <Frame id="1118092">
        <Paragraph id="" dropdown="continue" popup="none" popup-page-rule="" />
      </Frame>
    </Paragraph>
    <Paragraph id="1118094" documentposition="97" splitpriority="none" popup="none" popup-page-rule="" dropdown="end" />
  </Split>
  <Split id="1121485" documentposition="98">
    <Paragraph id="1121485" documentposition="98" splitpriority="3" dropdown="continue" popup="none" popup-page-rule="">
      <Marker behavior="topic" id="1122909">
        <Marker id="1122909" name="TopicAlias" xmlns="urn:WebWorks-Document-Schema">
          <TextRun id="tr1122909-1">
            <Text value="accrual_report_help" />
          </TextRun>
        </Marker>
      </Marker>
    </Paragraph>
    <Paragraph id="1110739" documentposition="99" splitpriority="none" dropdown="continue" popup="none" popup-page-rule="" />
    <Paragraph id="1116827" documentposition="101" splitpriority="none" dropdown="continue" popup="none" popup-page-rule="" />
    <Table id="1116836" documentposition="102" splitpriority="none">
      <TableCell>
        <Paragraph id="1116838" dropdown="continue" popup="none" popup-page-rule="" />
      </TableCell>
      <TableCell>
        <Paragraph id="1116840" dropdown="continue" popup="none" popup-page-rule="" />
      </TableCell>
      <TableCell>
        <Paragraph id="1116842" dropdown="continue" popup="none" popup-page-rule="" />
      </TableCell>
      <TableCell>
        <Paragraph id="1116844" dropdown="continue" popup="none" popup-page-rule="" />
      </TableCell>
      <TableCell>
        <Paragraph id="1116846" dropdown="continue" popup="none" popup-page-rule="" />
      </TableCell>
      <TableCell>
        <Paragraph id="1116848" dropdown="continue" popup="none" popup-page-rule="" />
      </TableCell>
      <TableCell>
        <Paragraph id="1116850" dropdown="continue" popup="none" popup-page-rule="" />
      </TableCell>
      <TableCell>
        <Paragraph id="1116852" dropdown="continue" popup="none" popup-page-rule="" />
      </TableCell>
      <TableCell>
        <Paragraph id="1116854" dropdown="continue" popup="none" popup-page-rule="" />
      </TableCell>
      <TableCell>
        <Paragraph id="1116856" dropdown="continue" popup="none" popup-page-rule="" />
      </TableCell>
      <TableCell>
        <Paragraph id="1116858" dropdown="continue" popup="none" popup-page-rule="" />
      </TableCell>
      <TableCell>
        <Paragraph id="1116860" dropdown="continue" popup="none" popup-page-rule="" />
      </TableCell>
      <TableCell>
        <Paragraph id="1116862" dropdown="continue" popup="none" popup-page-rule="" />
      </TableCell>
      <TableCell>
        <Paragraph id="1116864" dropdown="continue" popup="none" popup-page-rule="" />
      </TableCell>
      <TableCell>
        <Paragraph id="1116866" dropdown="continue" popup="none" popup-page-rule="" />
      </TableCell>
      <TableCell>
        <Paragraph id="1116868" dropdown="continue" popup="none" popup-page-rule="" />
      </TableCell>
      <TableCell>
        <Paragraph id="1116870" dropdown="continue" popup="none" popup-page-rule="" />
      </TableCell>
      <TableCell>
        <Paragraph id="1116872" dropdown="continue" popup="none" popup-page-rule="" />
      </TableCell>
      <TableCell>
        <Paragraph id="1116874" dropdown="continue" popup="none" popup-page-rule="" />
      </TableCell>
      <TableCell>
        <Paragraph id="1116876" dropdown="continue" popup="none" popup-page-rule="" />
      </TableCell>
      <TableCell>
        <Paragraph id="1116878" dropdown="continue" popup="none" popup-page-rule="" />
      </TableCell>
      <TableCell>
        <Paragraph id="1116880" dropdown="continue" popup="none" popup-page-rule="" />
      </TableCell>
      <TableCell>
        <Paragraph id="1116882" dropdown="continue" popup="none" popup-page-rule="" />
      </TableCell>
      <TableCell>
        <Paragraph id="1116884" dropdown="continue" popup="none" popup-page-rule="" />
      </TableCell>
    </Table>
    <Paragraph id="1121532" documentposition="103" splitpriority="none" dropdown="continue" popup="none" popup-page-rule="" />
    <Paragraph id="1127067" documentposition="104" splitpriority="none" relatedtopic="define-no-output" dropdown="continue" popup="none" popup-page-rule="" />
    <Paragraph id="1127071" documentposition="105" splitpriority="none" relatedtopic="define-no-output" popup="none" popup-page-rule="" dropdown="end" />
  </Split>
  <Split id="1117084" documentposition="106">
    <Paragraph id="1117084" documentposition="106" splitpriority="3" dropdown="continue" popup="none" popup-page-rule="">
      <Marker behavior="topic" id="1122908">
        <Marker id="1122908" name="TopicAlias" xmlns="urn:WebWorks-Document-Schema">
          <TextRun id="tr1122908-1">
            <Text value="image_submission_report_help" />
          </TextRun>
        </Marker>
      </Marker>
    </Paragraph>
    <Paragraph id="1117089" documentposition="107" splitpriority="none" dropdown="continue" popup="none" popup-page-rule="" />
    <Paragraph id="1117093" documentposition="109" splitpriority="none" dropdown="continue" popup="none" popup-page-rule="" />
    <Table id="1117240" documentposition="110" splitpriority="none">
      <TableCell>
        <Paragraph id="1117242" dropdown="continue" popup="none" popup-page-rule="" />
      </TableCell>
      <TableCell>
        <Paragraph id="1117244" dropdown="continue" popup="none" popup-page-rule="" />
      </TableCell>
      <TableCell>
        <Paragraph id="1117246" dropdown="continue" popup="none" popup-page-rule="" />
      </TableCell>
      <TableCell>
        <Paragraph id="1117248" dropdown="continue" popup="none" popup-page-rule="" />
      </TableCell>
      <TableCell>
        <Paragraph id="1117250" dropdown="continue" popup="none" popup-page-rule="" />
      </TableCell>
      <TableCell>
        <Paragraph id="1117252" dropdown="continue" popup="none" popup-page-rule="" />
      </TableCell>
      <TableCell>
        <Paragraph id="1117254" dropdown="continue" popup="none" popup-page-rule="" />
      </TableCell>
      <TableCell>
        <Paragraph id="1117256" dropdown="continue" popup="none" popup-page-rule="" />
      </TableCell>
      <TableCell>
        <Paragraph id="1117258" dropdown="continue" popup="none" popup-page-rule="" />
      </TableCell>
      <TableCell>
        <Paragraph id="1117260" dropdown="continue" popup="none" popup-page-rule="" />
      </TableCell>
    </Table>
    <Paragraph id="1121600" documentposition="111" splitpriority="none" dropdown="continue" popup="none" popup-page-rule="" />
    <Paragraph id="1127124" documentposition="112" splitpriority="none" relatedtopic="define-no-output" dropdown="continue" popup="none" popup-page-rule="" />
    <Paragraph id="1127128" documentposition="113" splitpriority="none" relatedtopic="define-no-output" popup="none" popup-page-rule="" dropdown="end" />
  </Split>
  <Split id="1110744" documentposition="114">
    <Paragraph id="1110744" documentposition="114" splitpriority="3" dropdown="continue" popup="none" popup-page-rule="">
      <Marker behavior="topic" id="1122907">
        <Marker id="1122907" name="TopicAlias" xmlns="urn:WebWorks-Document-Schema">
          <TextRun id="tr1122907-1">
            <Text value="annotation_submission_report_help" />
          </TextRun>
        </Marker>
      </Marker>
    </Paragraph>
    <Paragraph id="1117399" documentposition="115" splitpriority="none" dropdown="continue" popup="none" popup-page-rule="" />
    <Paragraph id="1117477" documentposition="117" splitpriority="none" dropdown="continue" popup="none" popup-page-rule="" />
    <Table id="1117452" documentposition="118" splitpriority="none">
      <TableCell>
        <Paragraph id="1117454" dropdown="continue" popup="none" popup-page-rule="" />
      </TableCell>
      <TableCell>
        <Paragraph id="1117456" dropdown="continue" popup="none" popup-page-rule="" />
      </TableCell>
      <TableCell>
        <Paragraph id="1117458" dropdown="continue" popup="none" popup-page-rule="" />
      </TableCell>
      <TableCell>
        <Paragraph id="1117460" dropdown="continue" popup="none" popup-page-rule="" />
      </TableCell>
      <TableCell>
        <Paragraph id="1117462" dropdown="continue" popup="none" popup-page-rule="" />
      </TableCell>
      <TableCell>
        <Paragraph id="1117464" dropdown="continue" popup="none" popup-page-rule="" />
      </TableCell>
    </Table>
    <Paragraph id="1117964" documentposition="119" splitpriority="none" popup="none" popup-page-rule="" dropdown="end" />
  </Split>
  <Split id="1124704" documentposition="120">
    <Paragraph id="1124704" documentposition="120" splitpriority="2" dropdown="continue" popup="none" popup-page-rule="">
      <Marker behavior="topic" id="1125749">
        <Marker id="1125749" name="TopicAlias" xmlns="urn:WebWorks-Document-Schema">
          <TextRun id="tr1125749-1">
            <Text value="edit_collect_descrip_help" />
          </TextRun>
        </Marker>
      </Marker>
    </Paragraph>
    <Paragraph id="1124720" documentposition="121" splitpriority="none" dropdown="continue" popup="none" popup-page-rule="" />
    <Paragraph id="1124744" documentposition="122" splitpriority="none" dropdown="continue" popup="none" popup-page-rule="" />
    <Paragraph id="1124759" documentposition="123" splitpriority="none" dropdown="continue" popup="none" popup-page-rule="" />
    <Paragraph id="1124747" documentposition="124" splitpriority="none" dropdown="continue" popup="none" popup-page-rule="" />
    <Paragraph id="1124755" documentposition="125" splitpriority="none" dropdown="continue" popup="none" popup-page-rule="" />
    <Paragraph id="1124768" documentposition="126" splitpriority="none" dropdown="continue" popup="none" popup-page-rule="" />
    <Paragraph id="1124716" documentposition="127" splitpriority="none" dropdown="continue" popup="none" popup-page-rule="" />
    <Paragraph id="1127181" documentposition="128" splitpriority="none" relatedtopic="define-no-output" dropdown="continue" popup="none" popup-page-rule="" />
    <Paragraph id="1127185" documentposition="129" splitpriority="none" relatedtopic="define-no-output" dropdown="continue" popup="none" popup-page-rule="" />
    <Paragraph id="1084778" documentposition="130" splitpriority="none" popup="none" popup-page-rule="" dropdown="end" />
  </Split>
</Behaviors>