<?xml version="1.0" encoding="utf-8"?>
<Index version="1.0" xmlns="urn:WebWorks-Index-Schema">
  <Entry name="administration" sort="administration" sectionposition="2">
    <Content xmlns="urn:WebWorks-Document-Schema">
      <TextRun>
        <Text value="administration" />
      </TextRun>
    </Content>
    <Entry name="privileges" sort="privileges">
      <Content xmlns="urn:WebWorks-Document-Schema">
        <TextRun>
          <Text value="privileges" />
        </TextRun>
      </Content>
      <Link href="C:\Documents and Settings\hadfielj\My Documents\ePublisher Pro Projects\NBIA Online Help\Output\WebWorks Help 5.0\NBIA Online Help\NBIA admin.7.2.html" anchor="1071966" fileposition="66" first="false" />
    </Entry>
  </Entry>
  <Entry name="administration" sort="administration" sectionposition="2">
    <Content xmlns="urn:WebWorks-Document-Schema">
      <TextRun>
        <Text value="administration" />
      </TextRun>
    </Content>
    <Entry name="overview" sort="overview">
      <Content xmlns="urn:WebWorks-Document-Schema">
        <TextRun>
          <Text value="overview" />
        </TextRun>
      </Content>
      <Link href="C:\Documents and Settings\hadfielj\My Documents\ePublisher Pro Projects\NBIA Online Help\Output\WebWorks Help 5.0\NBIA Online Help\NBIA admin.7.2.html" anchor="1071966" fileposition="66" first="false" />
    </Entry>
  </Entry>
  <Entry name="user" sort="user" sectionposition="2">
    <Content xmlns="urn:WebWorks-Document-Schema">
      <TextRun>
        <Text value="user" />
      </TextRun>
    </Content>
    <Entry name="creating new" sort="creating new">
      <Content xmlns="urn:WebWorks-Document-Schema">
        <TextRun>
          <Text value="creating new" />
        </TextRun>
      </Content>
      <Link href="C:\Documents and Settings\hadfielj\My Documents\ePublisher Pro Projects\NBIA Online Help\Output\WebWorks Help 5.0\NBIA Online Help\NBIA admin.7.3.html" anchor="1106199" fileposition="67" first="false" />
    </Entry>
  </Entry>
  <Entry name="creating" sort="creating" sectionposition="2">
    <Content xmlns="urn:WebWorks-Document-Schema">
      <TextRun>
        <Text value="creating" />
      </TextRun>
    </Content>
    <Entry name="NBIA user" sort="NBIA user">
      <Content xmlns="urn:WebWorks-Document-Schema">
        <TextRun>
          <Text value="NBIA user" />
        </TextRun>
      </Content>
      <Link href="C:\Documents and Settings\hadfielj\My Documents\ePublisher Pro Projects\NBIA Online Help\Output\WebWorks Help 5.0\NBIA Online Help\NBIA admin.7.3.html" anchor="1106199" fileposition="67" first="false" />
    </Entry>
  </Entry>
  <Entry name="user roles" sort="user roles" sectionposition="2">
    <Content xmlns="urn:WebWorks-Document-Schema">
      <TextRun>
        <Text value="user roles" />
      </TextRun>
    </Content>
    <Link href="C:\Documents and Settings\hadfielj\My Documents\ePublisher Pro Projects\NBIA Online Help\Output\WebWorks Help 5.0\NBIA Online Help\NBIA admin.7.3.html" anchor="1106305" fileposition="67" first="false" />
  </Entry>
  <Entry name="roles, user" sort="roles, user" sectionposition="2">
    <Content xmlns="urn:WebWorks-Document-Schema">
      <TextRun>
        <Text value="roles, user" />
      </TextRun>
    </Content>
    <Link href="C:\Documents and Settings\hadfielj\My Documents\ePublisher Pro Projects\NBIA Online Help\Output\WebWorks Help 5.0\NBIA Online Help\NBIA admin.7.3.html" anchor="1106305" fileposition="67" first="false" />
  </Entry>
  <Entry name="roles, user group" sort="roles, user group" sectionposition="2">
    <Content xmlns="urn:WebWorks-Document-Schema">
      <TextRun>
        <Text value="roles, user group" />
      </TextRun>
    </Content>
    <Link href="C:\Documents and Settings\hadfielj\My Documents\ePublisher Pro Projects\NBIA Online Help\Output\WebWorks Help 5.0\NBIA Online Help\NBIA admin.7.3.html" anchor="1106305" fileposition="67" first="false" />
  </Entry>
  <Entry name="user group, roles" sort="user group, roles" sectionposition="2">
    <Content xmlns="urn:WebWorks-Document-Schema">
      <TextRun>
        <Text value="user group, roles" />
      </TextRun>
    </Content>
    <Link href="C:\Documents and Settings\hadfielj\My Documents\ePublisher Pro Projects\NBIA Online Help\Output\WebWorks Help 5.0\NBIA Online Help\NBIA admin.7.3.html" anchor="1106305" fileposition="67" first="false" />
  </Entry>
  <Entry name="administration" sort="administration" sectionposition="2">
    <Content xmlns="urn:WebWorks-Document-Schema">
      <TextRun>
        <Text value="administration" />
      </TextRun>
    </Content>
    <Entry name="using QC tools" sort="using QC tools">
      <Content xmlns="urn:WebWorks-Document-Schema">
        <TextRun>
          <Text value="using QC tools" />
        </TextRun>
      </Content>
      <Link href="C:\Documents and Settings\hadfielj\My Documents\ePublisher Pro Projects\NBIA Online Help\Output\WebWorks Help 5.0\NBIA Online Help\NBIA admin.7.4.html" anchor="1084996" fileposition="68" first="false" />
    </Entry>
  </Entry>
  <Entry name="QC tools, using" sort="QC tools, using" sectionposition="2">
    <Content xmlns="urn:WebWorks-Document-Schema">
      <TextRun>
        <Text value="QC tools, using" />
      </TextRun>
    </Content>
    <Link href="C:\Documents and Settings\hadfielj\My Documents\ePublisher Pro Projects\NBIA Online Help\Output\WebWorks Help 5.0\NBIA Online Help\NBIA admin.7.4.html" anchor="1084996" fileposition="68" first="false" />
  </Entry>
  <Entry name="curator" sort="curator" sectionposition="2">
    <Content xmlns="urn:WebWorks-Document-Schema">
      <TextRun>
        <Text value="curator" />
      </TextRun>
    </Content>
    <Entry name="using QC tools" sort="using QC tools">
      <Content xmlns="urn:WebWorks-Document-Schema">
        <TextRun>
          <Text value="using QC tools" />
        </TextRun>
      </Content>
      <Link href="C:\Documents and Settings\hadfielj\My Documents\ePublisher Pro Projects\NBIA Online Help\Output\WebWorks Help 5.0\NBIA Online Help\NBIA admin.7.4.html" anchor="1084996" fileposition="68" first="false" />
    </Entry>
  </Entry>
  <Entry name="curator" sort="curator" sectionposition="2">
    <Content xmlns="urn:WebWorks-Document-Schema">
      <TextRun>
        <Text value="curator" />
      </TextRun>
    </Content>
    <Entry name="assigning image status" sort="assigning image status">
      <Content xmlns="urn:WebWorks-Document-Schema">
        <TextRun>
          <Text value="assigning image status" />
        </TextRun>
      </Content>
      <Link href="C:\Documents and Settings\hadfielj\My Documents\ePublisher Pro Projects\NBIA Online Help\Output\WebWorks Help 5.0\NBIA Online Help\NBIA admin.7.4.html" anchor="1084996" fileposition="68" first="false" />
    </Entry>
  </Entry>
  <Entry name="images" sort="images" sectionposition="2">
    <Content xmlns="urn:WebWorks-Document-Schema">
      <TextRun>
        <Text value="images" />
      </TextRun>
    </Content>
    <Entry name="status assignment" sort="status assignment">
      <Content xmlns="urn:WebWorks-Document-Schema">
        <TextRun>
          <Text value="status assignment" />
        </TextRun>
      </Content>
      <Link href="C:\Documents and Settings\hadfielj\My Documents\ePublisher Pro Projects\NBIA Online Help\Output\WebWorks Help 5.0\NBIA Online Help\NBIA admin.7.4.html" anchor="1084996" fileposition="68" first="false" />
    </Entry>
  </Entry>
  <Entry name="administration" sort="administration" sectionposition="2">
    <Content xmlns="urn:WebWorks-Document-Schema">
      <TextRun>
        <Text value="administration" />
      </TextRun>
    </Content>
    <Entry name="deleting images" sort="deleting images">
      <Content xmlns="urn:WebWorks-Document-Schema">
        <TextRun>
          <Text value="deleting images" />
        </TextRun>
      </Content>
      <Link href="C:\Documents and Settings\hadfielj\My Documents\ePublisher Pro Projects\NBIA Online Help\Output\WebWorks Help 5.0\NBIA Online Help\NBIA admin.7.6.html" anchor="1125532" fileposition="70" first="false" />
    </Entry>
  </Entry>
  <Entry name="approving data deletions" sort="approving data deletions" sectionposition="2">
    <Content xmlns="urn:WebWorks-Document-Schema">
      <TextRun>
        <Text value="approving data deletions" />
      </TextRun>
    </Content>
    <Link href="C:\Documents and Settings\hadfielj\My Documents\ePublisher Pro Projects\NBIA Online Help\Output\WebWorks Help 5.0\NBIA Online Help\NBIA admin.7.7.html" anchor="1124264" fileposition="71" first="false" />
  </Entry>
  <Entry name="deleting" sort="deleting" sectionposition="2">
    <Content xmlns="urn:WebWorks-Document-Schema">
      <TextRun>
        <Text value="deleting" />
      </TextRun>
    </Content>
    <Entry name="approving deletions" sort="approving deletions">
      <Content xmlns="urn:WebWorks-Document-Schema">
        <TextRun>
          <Text value="approving deletions" />
        </TextRun>
      </Content>
      <Link href="C:\Documents and Settings\hadfielj\My Documents\ePublisher Pro Projects\NBIA Online Help\Output\WebWorks Help 5.0\NBIA Online Help\NBIA admin.7.7.html" anchor="1124264" fileposition="71" first="false" />
    </Entry>
  </Entry>
  <Entry name="administration" sort="administration" sectionposition="2">
    <Content xmlns="urn:WebWorks-Document-Schema">
      <TextRun>
        <Text value="administration" />
      </TextRun>
    </Content>
    <Entry name="approving data deletions" sort="approving data deletions">
      <Content xmlns="urn:WebWorks-Document-Schema">
        <TextRun>
          <Text value="approving data deletions" />
        </TextRun>
      </Content>
      <Link href="C:\Documents and Settings\hadfielj\My Documents\ePublisher Pro Projects\NBIA Online Help\Output\WebWorks Help 5.0\NBIA Online Help\NBIA admin.7.7.html" anchor="1124264" fileposition="71" first="false" />
    </Entry>
  </Entry>
  <Entry name="deleting" sort="deleting" sectionposition="2">
    <Content xmlns="urn:WebWorks-Document-Schema">
      <TextRun>
        <Text value="deleting" />
      </TextRun>
    </Content>
    <Entry name="manual deletions" sort="manual deletions">
      <Content xmlns="urn:WebWorks-Document-Schema">
        <TextRun>
          <Text value="manual deletions" />
        </TextRun>
      </Content>
      <Link href="C:\Documents and Settings\hadfielj\My Documents\ePublisher Pro Projects\NBIA Online Help\Output\WebWorks Help 5.0\NBIA Online Help\NBIA admin.7.8.html" anchor="1124509" fileposition="72" first="false" />
    </Entry>
  </Entry>
  <Entry name="deleting" sort="deleting" sectionposition="2">
    <Content xmlns="urn:WebWorks-Document-Schema">
      <TextRun>
        <Text value="deleting" />
      </TextRun>
    </Content>
    <Entry name="online deletions" sort="online deletions">
      <Content xmlns="urn:WebWorks-Document-Schema">
        <TextRun>
          <Text value="online deletions" />
        </TextRun>
      </Content>
      <Link href="C:\Documents and Settings\hadfielj\My Documents\ePublisher Pro Projects\NBIA Online Help\Output\WebWorks Help 5.0\NBIA Online Help\NBIA admin.7.8.html" anchor="1124509" fileposition="72" first="false" />
    </Entry>
  </Entry>
  <Entry name="administration" sort="administration" sectionposition="2">
    <Content xmlns="urn:WebWorks-Document-Schema">
      <TextRun>
        <Text value="administration" />
      </TextRun>
    </Content>
    <Entry name="online data deletions" sort="online data deletions">
      <Content xmlns="urn:WebWorks-Document-Schema">
        <TextRun>
          <Text value="online data deletions" />
        </TextRun>
      </Content>
      <Link href="C:\Documents and Settings\hadfielj\My Documents\ePublisher Pro Projects\NBIA Online Help\Output\WebWorks Help 5.0\NBIA Online Help\NBIA admin.7.8.html" anchor="1124509" fileposition="72" first="false" />
    </Entry>
  </Entry>
  <Entry name="administration" sort="administration" sectionposition="2">
    <Content xmlns="urn:WebWorks-Document-Schema">
      <TextRun>
        <Text value="administration" />
      </TextRun>
    </Content>
    <Entry name="viewing submitted files" sort="viewing submitted files">
      <Content xmlns="urn:WebWorks-Document-Schema">
        <TextRun>
          <Text value="viewing submitted files" />
        </TextRun>
      </Content>
      <Link href="C:\Documents and Settings\hadfielj\My Documents\ePublisher Pro Projects\NBIA Online Help\Output\WebWorks Help 5.0\NBIA Online Help\NBIA admin.7.9.html" anchor="1110666" fileposition="73" first="false" />
    </Entry>
  </Entry>
  <Entry name="images" sort="images" sectionposition="2">
    <Content xmlns="urn:WebWorks-Document-Schema">
      <TextRun>
        <Text value="images" />
      </TextRun>
    </Content>
    <Entry name="viewing submitted" sort="viewing submitted">
      <Content xmlns="urn:WebWorks-Document-Schema">
        <TextRun>
          <Text value="viewing submitted" />
        </TextRun>
      </Content>
      <Link href="C:\Documents and Settings\hadfielj\My Documents\ePublisher Pro Projects\NBIA Online Help\Output\WebWorks Help 5.0\NBIA Online Help\NBIA admin.7.9.html" anchor="1110666" fileposition="73" first="false" />
    </Entry>
  </Entry>
  <Entry name="viewing submitted images" sort="viewing submitted images" sectionposition="2">
    <Content xmlns="urn:WebWorks-Document-Schema">
      <TextRun>
        <Text value="viewing submitted images" />
      </TextRun>
    </Content>
    <Link href="C:\Documents and Settings\hadfielj\My Documents\ePublisher Pro Projects\NBIA Online Help\Output\WebWorks Help 5.0\NBIA Online Help\NBIA admin.7.9.html" anchor="1110666" fileposition="73" first="false" />
  </Entry>
  <Entry name="reports, viewing submitted files" sort="reports, viewing submitted files" sectionposition="2">
    <Content xmlns="urn:WebWorks-Document-Schema">
      <TextRun>
        <Text value="reports, viewing submitted files" />
      </TextRun>
    </Content>
    <Link href="C:\Documents and Settings\hadfielj\My Documents\ePublisher Pro Projects\NBIA Online Help\Output\WebWorks Help 5.0\NBIA Online Help\NBIA admin.7.9.html" anchor="1110666" fileposition="73" first="false" />
  </Entry>
  <Entry name="accrual report" sort="accrual report" sectionposition="2">
    <Content xmlns="urn:WebWorks-Document-Schema">
      <TextRun>
        <Text value="accrual report" />
      </TextRun>
    </Content>
    <Link href="C:\Documents and Settings\hadfielj\My Documents\ePublisher Pro Projects\NBIA Online Help\Output\WebWorks Help 5.0\NBIA Online Help\NBIA admin.7.10.html" anchor="1110739" fileposition="74" first="false" />
  </Entry>
  <Entry name="image" sort="image" sectionposition="2">
    <Content xmlns="urn:WebWorks-Document-Schema">
      <TextRun>
        <Text value="image" />
      </TextRun>
    </Content>
    <Entry name="submission report" sort="submission report">
      <Content xmlns="urn:WebWorks-Document-Schema">
        <TextRun>
          <Text value="submission report" />
        </TextRun>
      </Content>
      <Link href="C:\Documents and Settings\hadfielj\My Documents\ePublisher Pro Projects\NBIA Online Help\Output\WebWorks Help 5.0\NBIA Online Help\NBIA admin.7.11.html" anchor="1117089" fileposition="75" first="false" />
    </Entry>
  </Entry>
  <Entry name="editing" sort="editing" sectionposition="2">
    <Content xmlns="urn:WebWorks-Document-Schema">
      <TextRun>
        <Text value="editing" />
      </TextRun>
    </Content>
    <Entry name="collection description" sort="collection description">
      <Content xmlns="urn:WebWorks-Document-Schema">
        <TextRun>
          <Text value="collection description" />
        </TextRun>
      </Content>
      <Link href="C:\Documents and Settings\hadfielj\My Documents\ePublisher Pro Projects\NBIA Online Help\Output\WebWorks Help 5.0\NBIA Online Help\NBIA admin.7.13.html" anchor="1124720" fileposition="77" first="false" />
    </Entry>
  </Entry>
  <Entry name="collection description, editing" sort="collection description, editing" sectionposition="2">
    <Content xmlns="urn:WebWorks-Document-Schema">
      <TextRun>
        <Text value="collection description, editing" />
      </TextRun>
    </Content>
    <Link href="C:\Documents and Settings\hadfielj\My Documents\ePublisher Pro Projects\NBIA Online Help\Output\WebWorks Help 5.0\NBIA Online Help\NBIA admin.7.13.html" anchor="1124720" fileposition="77" first="false" />
  </Entry>
</Index>