<?xml version="1.0" encoding="utf-8"?>
<Index version="1.0" xmlns="urn:WebWorks-Index-Schema">
  <Section position="2">
<Group id="2_0" name="Default" sort=" ">
</Group>

<Group id="2_1" name="A" sort="A">
<Entry id="2_2" name="accessing NBIA from other application" sort="accessing NBIA from other application"><Content xmlns="urn:WebWorks-Document-Schema"><TextRun><Text value="accessing NBIA from other application" /></TextRun></Content><Link href="C:\Documents and Settings\hadfielj\My Documents\ePublisher Pro Projects\NBIA Online Help\Output\WebWorks Help 5.0\NBIA Online Help\Getting Started.2.16.html" anchor="1087647" fileposition="17" first="true" /></Entry>
<Entry id="2_3" name="adding to Data Basket" sort="adding to Data Basket"><Content xmlns="urn:WebWorks-Document-Schema"><TextRun><Text value="adding to Data Basket" /></TextRun></Content><Link href="C:\Documents and Settings\hadfielj\My Documents\ePublisher Pro Projects\NBIA Online Help\Output\WebWorks Help 5.0\NBIA Online Help\Viewing Search Results.4.7.html" anchor="1169851" fileposition="38" first="true" /></Entry>
<Entry id="2_4" name="Administration" sort="Administration"><Content xmlns="urn:WebWorks-Document-Schema"><TextRun><Text value="Administration" /></TextRun></Content><Entry name="overview" sort="overview"><Content xmlns="urn:WebWorks-Document-Schema"><TextRun><Text value="overview" /></TextRun></Content><Link href="C:\Documents and Settings\hadfielj\My Documents\ePublisher Pro Projects\NBIA Online Help\Output\WebWorks Help 5.0\NBIA Online Help\NBIA admin.6.2.html" anchor="1071966" fileposition="58" first="false" /></Entry><Entry name="privileges" sort="privileges"><Content xmlns="urn:WebWorks-Document-Schema"><TextRun><Text value="privileges" /></TextRun></Content><Link href="C:\Documents and Settings\hadfielj\My Documents\ePublisher Pro Projects\NBIA Online Help\Output\WebWorks Help 5.0\NBIA Online Help\NBIA admin.6.2.html" anchor="1071966" fileposition="58" first="false" /></Entry><Entry name="uploading, parsing spreadsheet" sort="uploading, parsing spreadsheet"><Content xmlns="urn:WebWorks-Document-Schema"><TextRun><Text value="uploading, parsing spreadsheet" /></TextRun></Content><Link href="C:\Documents and Settings\hadfielj\My Documents\ePublisher Pro Projects\NBIA Online Help\Output\WebWorks Help 5.0\NBIA Online Help\NBIA admin.6.5.html" anchor="1092079" fileposition="61" first="false" /></Entry><Entry name="using QA tools" sort="using QA tools"><Content xmlns="urn:WebWorks-Document-Schema"><TextRun><Text value="using QA tools" /></TextRun></Content><Link href="C:\Documents and Settings\hadfielj\My Documents\ePublisher Pro Projects\NBIA Online Help\Output\WebWorks Help 5.0\NBIA Online Help\NBIA admin.6.4.html" anchor="1084996" fileposition="60" first="false" /></Entry></Entry>
<Entry id="2_5" name="advanced search" sort="advanced search"><Content xmlns="urn:WebWorks-Document-Schema"><TextRun><Text value="advanced search" /></TextRun></Content><Link href="C:\Documents and Settings\hadfielj\My Documents\ePublisher Pro Projects\NBIA Online Help\Output\WebWorks Help 5.0\NBIA Online Help\Searching NBIA.3.4.html" anchor="1207982" fileposition="22" first="false" /></Entry>
<Entry id="2_6" name="animating images" sort="animating images"><Content xmlns="urn:WebWorks-Document-Schema"><TextRun><Text value="animating images" /></TextRun></Content><Link href="C:\Documents and Settings\hadfielj\My Documents\ePublisher Pro Projects\NBIA Online Help\Output\WebWorks Help 5.0\NBIA Online Help\Viewing Search Results.4.6.html" anchor="1169061" fileposition="37" first="false" /></Entry>
<Entry id="2_7" name="annotation keyword search" sort="annotation keyword search"><Content xmlns="urn:WebWorks-Document-Schema"><TextRun><Text value="annotation keyword search" /></TextRun></Content><Link href="C:\Documents and Settings\hadfielj\My Documents\ePublisher Pro Projects\NBIA Online Help\Output\WebWorks Help 5.0\NBIA Online Help\Searching NBIA.3.6.html" anchor="1087312" fileposition="24" first="false" /></Entry>
<Entry id="2_8" name="annotations" sort="annotations"><Content xmlns="urn:WebWorks-Document-Schema"><TextRun><Text value="annotations" /></TextRun></Content><Entry name="downloading files" sort="downloading files"><Content xmlns="urn:WebWorks-Document-Schema"><TextRun><Text value="downloading files" /></TextRun></Content><Link href="C:\Documents and Settings\hadfielj\My Documents\ePublisher Pro Projects\NBIA Online Help\Output\WebWorks Help 5.0\NBIA Online Help\Searching NBIA.3.2.html" anchor="1091001" fileposition="20" first="false" /></Entry><Entry name="file(s) associated with image" sort="file(s) associated with image"><Content xmlns="urn:WebWorks-Document-Schema"><TextRun><Text value="file(s) associated with image" /></TextRun></Content><Link href="C:\Documents and Settings\hadfielj\My Documents\ePublisher Pro Projects\NBIA Online Help\Output\WebWorks Help 5.0\NBIA Online Help\Viewing Search Results.4.4.html" anchor="1070005" fileposition="35" first="false" /></Entry><Entry name="files with described" sort="files with described"><Content xmlns="urn:WebWorks-Document-Schema"><TextRun><Text value="files with described" /></TextRun></Content><Link href="C:\Documents and Settings\hadfielj\My Documents\ePublisher Pro Projects\NBIA Online Help\Output\WebWorks Help 5.0\NBIA Online Help\Searching NBIA.3.5.html" anchor="1095061" fileposition="23" first="false" /></Entry><Entry name="finding only series with" sort="finding only series with"><Content xmlns="urn:WebWorks-Document-Schema"><TextRun><Text value="finding only series with" /></TextRun></Content><Link href="C:\Documents and Settings\hadfielj\My Documents\ePublisher Pro Projects\NBIA Online Help\Output\WebWorks Help 5.0\NBIA Online Help\Searching NBIA.3.3.html" anchor="1066784" fileposition="21" first="false" /><Link href="C:\Documents and Settings\hadfielj\My Documents\ePublisher Pro Projects\NBIA Online Help\Output\WebWorks Help 5.0\NBIA Online Help\Searching NBIA.3.4.html" anchor="1208067" fileposition="22" first="false" /></Entry><Entry name="keyword search" sort="keyword search"><Content xmlns="urn:WebWorks-Document-Schema"><TextRun><Text value="keyword search" /></TextRun></Content><Link href="C:\Documents and Settings\hadfielj\My Documents\ePublisher Pro Projects\NBIA Online Help\Output\WebWorks Help 5.0\NBIA Online Help\Searching NBIA.3.2.html" anchor="1086978" fileposition="20" first="false" /></Entry><Entry name="keywords in source collections" sort="keywords in source collections"><Content xmlns="urn:WebWorks-Document-Schema"><TextRun><Text value="keywords in source collections" /></TextRun></Content><Link href="C:\Documents and Settings\hadfielj\My Documents\ePublisher Pro Projects\NBIA Online Help\Output\WebWorks Help 5.0\NBIA Online Help\Searching NBIA.3.6.html" anchor="1087312" fileposition="24" first="false" /></Entry><Entry name="searching curation files" sort="searching curation files"><Content xmlns="urn:WebWorks-Document-Schema"><TextRun><Text value="searching curation files" /></TextRun></Content><Link href="C:\Documents and Settings\hadfielj\My Documents\ePublisher Pro Projects\NBIA Online Help\Output\WebWorks Help 5.0\NBIA Online Help\Searching NBIA.3.6.html" anchor="1087312" fileposition="24" first="false" /></Entry></Entry>
<Entry id="2_9" name="Application Support" sort="Application Support"><Content xmlns="urn:WebWorks-Document-Schema"><TextRun><Text value="Application Support" /></TextRun></Content><Link href="C:\Documents and Settings\hadfielj\My Documents\ePublisher Pro Projects\NBIA Online Help\Output\WebWorks Help 5.0\NBIA Online Help\Application Support.9.1.html" anchor="998295" fileposition="70" first="false" /></Entry>
<Entry id="2_10" name="archive, purpose" sort="archive, purpose"><Content xmlns="urn:WebWorks-Document-Schema"><TextRun><Text value="archive, purpose" /></TextRun></Content><Link href="C:\Documents and Settings\hadfielj\My Documents\ePublisher Pro Projects\NBIA Online Help\Output\WebWorks Help 5.0\NBIA Online Help\Getting Started.2.2.html" anchor="1084030" fileposition="3" first="false" /></Entry>
</Group>

<Group id="2_11" name="B" sort="B">
</Group>

<Group id="2_12" name="C" sort="C">
<Entry id="2_13" name="Cedara I-Response Workstation (IRW)" sort="Cedara I-Response Workstation (IRW)"><Content xmlns="urn:WebWorks-Document-Schema"><TextRun><Text value="Cedara I-Response Workstation (IRW)" /></TextRun></Content><Entry name="URL references" sort="URL references"><Content xmlns="urn:WebWorks-Document-Schema"><TextRun><Text value="URL references" /></TextRun></Content><Link href="C:\Documents and Settings\hadfielj\My Documents\ePublisher Pro Projects\NBIA Online Help\Output\WebWorks Help 5.0\NBIA Online Help\appdix references.7.4.html" anchor="1059694" fileposition="67" first="true" /></Entry><Entry name="visualizing images in Data Basket" sort="visualizing images in Data Basket"><Content xmlns="urn:WebWorks-Document-Schema"><TextRun><Text value="visualizing images in Data Basket" /></TextRun></Content><Link href="C:\Documents and Settings\hadfielj\My Documents\ePublisher Pro Projects\NBIA Online Help\Output\WebWorks Help 5.0\NBIA Online Help\Viewing Search Results.4.4.html" anchor="1146622" fileposition="35" first="false" /></Entry></Entry>
<Entry id="2_14" name="changing password" sort="changing password"><Content xmlns="urn:WebWorks-Document-Schema"><TextRun><Text value="changing password" /></TextRun></Content><Link href="C:\Documents and Settings\hadfielj\My Documents\ePublisher Pro Projects\NBIA Online Help\Output\WebWorks Help 5.0\NBIA Online Help\Getting Started.2.6.html" anchor="1124467" fileposition="7" first="false" /></Entry>
<Entry id="2_15" name="CIP, link" sort="CIP, link"><Content xmlns="urn:WebWorks-Document-Schema"><TextRun><Text value="CIP, link" /></TextRun></Content><Link href="C:\Documents and Settings\hadfielj\My Documents\ePublisher Pro Projects\NBIA Online Help\Output\WebWorks Help 5.0\NBIA Online Help\Getting Started.2.15.html" anchor="1086254" fileposition="16" first="false" /></Entry>
<Entry id="2_16" name="convolution kernel" sort="convolution kernel"><Content xmlns="urn:WebWorks-Document-Schema"><TextRun><Text value="convolution kernel" /></TextRun></Content><Link href="C:\Documents and Settings\hadfielj\My Documents\ePublisher Pro Projects\NBIA Online Help\Output\WebWorks Help 5.0\NBIA Online Help\Searching NBIA.3.4.html" anchor="1208165" fileposition="22" first="false" /></Entry>
<Entry id="2_17" name="creating NBIA user" sort="creating NBIA user"><Content xmlns="urn:WebWorks-Document-Schema"><TextRun><Text value="creating NBIA user" /></TextRun></Content><Link href="C:\Documents and Settings\hadfielj\My Documents\ePublisher Pro Projects\NBIA Online Help\Output\WebWorks Help 5.0\NBIA Online Help\NBIA admin.6.3.html" anchor="1106199" fileposition="59" first="false" /></Entry>
<Entry id="2_18" name="criteria" sort="criteria"><Content xmlns="urn:WebWorks-Document-Schema"><TextRun><Text value="criteria" /></TextRun></Content><Entry name="advanced search" sort="advanced search"><Content xmlns="urn:WebWorks-Document-Schema"><TextRun><Text value="advanced search" /></TextRun></Content><Link href="C:\Documents and Settings\hadfielj\My Documents\ePublisher Pro Projects\NBIA Online Help\Output\WebWorks Help 5.0\NBIA Online Help\Searching NBIA.3.4.html" anchor="1208101" fileposition="22" first="false" /></Entry><Entry name="format of search page" sort="format of search page"><Content xmlns="urn:WebWorks-Document-Schema"><TextRun><Text value="format of search page" /></TextRun></Content><Link href="C:\Documents and Settings\hadfielj\My Documents\ePublisher Pro Projects\NBIA Online Help\Output\WebWorks Help 5.0\NBIA Online Help\Searching NBIA.3.2.html" anchor="1066371" fileposition="20" first="false" /></Entry><Entry name="simple search" sort="simple search"><Content xmlns="urn:WebWorks-Document-Schema"><TextRun><Text value="simple search" /></TextRun></Content><Link href="C:\Documents and Settings\hadfielj\My Documents\ePublisher Pro Projects\NBIA Online Help\Output\WebWorks Help 5.0\NBIA Online Help\Searching NBIA.3.3.html" anchor="1066743" fileposition="21" first="false" /></Entry></Entry>
<Entry id="2_19" name="CTEP, link" sort="CTEP, link"><Content xmlns="urn:WebWorks-Document-Schema"><TextRun><Text value="CTEP, link" /></TextRun></Content><Link href="C:\Documents and Settings\hadfielj\My Documents\ePublisher Pro Projects\NBIA Online Help\Output\WebWorks Help 5.0\NBIA Online Help\Getting Started.2.15.html" anchor="1086259" fileposition="16" first="false" /></Entry>
<Entry id="2_20" name="CTP" sort="CTP"><Content xmlns="urn:WebWorks-Document-Schema"><TextRun><Text value="CTP" /></TextRun></Content><Entry name="configuring" sort="configuring"><Content xmlns="urn:WebWorks-Document-Schema"><TextRun><Text value="configuring" /></TextRun></Content><Link href="C:\Documents and Settings\hadfielj\My Documents\ePublisher Pro Projects\NBIA Online Help\Output\WebWorks Help 5.0\NBIA Online Help\Submitting Images.5.3.html" anchor="1184981" fileposition="45" first="false" /></Entry><Entry name="DICOM anonymizer configurator" sort="DICOM anonymizer configurator"><Content xmlns="urn:WebWorks-Document-Schema"><TextRun><Text value="DICOM anonymizer configurator" /></TextRun></Content><Link href="C:\Documents and Settings\hadfielj\My Documents\ePublisher Pro Projects\NBIA Online Help\Output\WebWorks Help 5.0\NBIA Online Help\Submitting Images.5.3.html" anchor="1187007" fileposition="45" first="false" /></Entry><Entry name="starting the client" sort="starting the client"><Content xmlns="urn:WebWorks-Document-Schema"><TextRun><Text value="starting the client" /></TextRun></Content><Link href="C:\Documents and Settings\hadfielj\My Documents\ePublisher Pro Projects\NBIA Online Help\Output\WebWorks Help 5.0\NBIA Online Help\Submitting Images.5.3.html" anchor="1186281" fileposition="45" first="false" /></Entry></Entry>
<Entry id="2_21" name="curation" sort="curation"><Content xmlns="urn:WebWorks-Document-Schema"><TextRun><Text value="curation" /></TextRun></Content><Entry name="data search" sort="data search"><Content xmlns="urn:WebWorks-Document-Schema"><TextRun><Text value="data search" /></TextRun></Content><Link href="C:\Documents and Settings\hadfielj\My Documents\ePublisher Pro Projects\NBIA Online Help\Output\WebWorks Help 5.0\NBIA Online Help\Searching NBIA.3.5.html" anchor="1202971" fileposition="23" first="false" /></Entry><Entry name="files with ... data" sort="files with ... data"><Content xmlns="urn:WebWorks-Document-Schema"><TextRun><Text value="files with ... data" /></TextRun></Content><Link href="C:\Documents and Settings\hadfielj\My Documents\ePublisher Pro Projects\NBIA Online Help\Output\WebWorks Help 5.0\NBIA Online Help\Searching NBIA.3.5.html" anchor="1095061" fileposition="23" first="false" /></Entry></Entry>
<Entry id="2_22" name="curator" sort="curator"><Content xmlns="urn:WebWorks-Document-Schema"><TextRun><Text value="curator" /></TextRun></Content><Entry name="assigning curation data" sort="assigning curation data"><Content xmlns="urn:WebWorks-Document-Schema"><TextRun><Text value="assigning curation data" /></TextRun></Content><Link href="C:\Documents and Settings\hadfielj\My Documents\ePublisher Pro Projects\NBIA Online Help\Output\WebWorks Help 5.0\NBIA Online Help\Searching NBIA.3.5.html" anchor="1202971" fileposition="23" first="false" /></Entry><Entry name="assigning image status" sort="assigning image status"><Content xmlns="urn:WebWorks-Document-Schema"><TextRun><Text value="assigning image status" /></TextRun></Content><Link href="C:\Documents and Settings\hadfielj\My Documents\ePublisher Pro Projects\NBIA Online Help\Output\WebWorks Help 5.0\NBIA Online Help\NBIA admin.6.4.html" anchor="1084996" fileposition="60" first="false" /></Entry><Entry name="using QA tools" sort="using QA tools"><Content xmlns="urn:WebWorks-Document-Schema"><TextRun><Text value="using QA tools" /></TextRun></Content><Link href="C:\Documents and Settings\hadfielj\My Documents\ePublisher Pro Projects\NBIA Online Help\Output\WebWorks Help 5.0\NBIA Online Help\NBIA admin.6.4.html" anchor="1084996" fileposition="60" first="false" /></Entry></Entry>
</Group>

<Group id="2_23" name="D" sort="D">
<Entry id="2_24" name="Data Basket" sort="Data Basket"><Content xmlns="urn:WebWorks-Document-Schema"><TextRun><Text value="Data Basket" /></TextRun></Content><Entry name="adding items" sort="adding items"><Content xmlns="urn:WebWorks-Document-Schema"><TextRun><Text value="adding items" /></TextRun></Content><Link href="C:\Documents and Settings\hadfielj\My Documents\ePublisher Pro Projects\NBIA Online Help\Output\WebWorks Help 5.0\NBIA Online Help\Viewing Search Results.4.7.html" anchor="1169851" fileposition="38" first="true" /></Entry><Entry name="deleting items" sort="deleting items"><Content xmlns="urn:WebWorks-Document-Schema"><TextRun><Text value="deleting items" /></TextRun></Content><Link href="C:\Documents and Settings\hadfielj\My Documents\ePublisher Pro Projects\NBIA Online Help\Output\WebWorks Help 5.0\NBIA Online Help\Viewing Search Results.4.9.html" anchor="1070234" fileposition="40" first="false" /></Entry><Entry name="downloading" sort="downloading"><Content xmlns="urn:WebWorks-Document-Schema"><TextRun><Text value="downloading" /></TextRun></Content><Link href="C:\Documents and Settings\hadfielj\My Documents\ePublisher Pro Projects\NBIA Online Help\Output\WebWorks Help 5.0\NBIA Online Help\Viewing Search Results.4.10.html" anchor="1090496" fileposition="41" first="true" /></Entry><Entry name="estimated download time" sort="estimated download time"><Content xmlns="urn:WebWorks-Document-Schema"><TextRun><Text value="estimated download time" /></TextRun></Content><Link href="C:\Documents and Settings\hadfielj\My Documents\ePublisher Pro Projects\NBIA Online Help\Output\WebWorks Help 5.0\NBIA Online Help\Viewing Search Results.4.9.html" anchor="1070233" fileposition="40" first="false" /></Entry><Entry name="managing" sort="managing"><Content xmlns="urn:WebWorks-Document-Schema"><TextRun><Text value="managing" /></TextRun></Content><Link href="C:\Documents and Settings\hadfielj\My Documents\ePublisher Pro Projects\NBIA Online Help\Output\WebWorks Help 5.0\NBIA Online Help\Viewing Search Results.4.9.html" anchor="1070298" fileposition="40" first="false" /></Entry></Entry>
<Entry id="2_25" name="DCP, link" sort="DCP, link"><Content xmlns="urn:WebWorks-Document-Schema"><TextRun><Text value="DCP, link" /></TextRun></Content><Link href="C:\Documents and Settings\hadfielj\My Documents\ePublisher Pro Projects\NBIA Online Help\Output\WebWorks Help 5.0\NBIA Online Help\Getting Started.2.15.html" anchor="1086264" fileposition="16" first="false" /></Entry>
<Entry id="2_26" name="deleting" sort="deleting"><Content xmlns="urn:WebWorks-Document-Schema"><TextRun><Text value="deleting" /></TextRun></Content><Entry name="items from basket" sort="items from basket"><Content xmlns="urn:WebWorks-Document-Schema"><TextRun><Text value="items from basket" /></TextRun></Content><Link href="C:\Documents and Settings\hadfielj\My Documents\ePublisher Pro Projects\NBIA Online Help\Output\WebWorks Help 5.0\NBIA Online Help\Viewing Search Results.4.9.html" anchor="1070234" fileposition="40" first="false" /></Entry><Entry name="saved queries" sort="saved queries"><Content xmlns="urn:WebWorks-Document-Schema"><TextRun><Text value="saved queries" /></TextRun></Content><Link href="C:\Documents and Settings\hadfielj\My Documents\ePublisher Pro Projects\NBIA Online Help\Output\WebWorks Help 5.0\NBIA Online Help\Searching NBIA.3.10.html" anchor="1089387" fileposition="28" first="false" /></Entry></Entry>
<Entry id="2_27" name="DICOM" sort="DICOM"><Content xmlns="urn:WebWorks-Document-Schema"><TextRun><Text value="DICOM" /></TextRun></Content><Entry name="image viewers" sort="image viewers"><Content xmlns="urn:WebWorks-Document-Schema"><TextRun><Text value="image viewers" /></TextRun></Content><Link href="C:\Documents and Settings\hadfielj\My Documents\ePublisher Pro Projects\NBIA Online Help\Output\WebWorks Help 5.0\NBIA Online Help\Viewing Search Results.4.11.html" anchor="1083314" fileposition="42" first="false" /></Entry><Entry name="ImageJ viewer" sort="ImageJ viewer"><Content xmlns="urn:WebWorks-Document-Schema"><TextRun><Text value="ImageJ viewer" /></TextRun></Content><Link href="C:\Documents and Settings\hadfielj\My Documents\ePublisher Pro Projects\NBIA Online Help\Output\WebWorks Help 5.0\NBIA Online Help\Viewing Search Results.4.11.html" anchor="1070600" fileposition="42" first="false" /></Entry><Entry name="introduction" sort="introduction"><Content xmlns="urn:WebWorks-Document-Schema"><TextRun><Text value="introduction" /></TextRun></Content><Link href="C:\Documents and Settings\hadfielj\My Documents\ePublisher Pro Projects\NBIA Online Help\Output\WebWorks Help 5.0\NBIA Online Help\Getting Started.2.2.html" anchor="1084099" fileposition="3" first="false" /><Link href="C:\Documents and Settings\hadfielj\My Documents\ePublisher Pro Projects\NBIA Online Help\Output\WebWorks Help 5.0\NBIA Online Help\Viewing Search Results.4.11.html" anchor="1070599" fileposition="42" first="false" /></Entry><Entry name="OSIRIX viewer" sort="OSIRIX viewer"><Content xmlns="urn:WebWorks-Document-Schema"><TextRun><Text value="OSIRIX viewer" /></TextRun></Content><Link href="C:\Documents and Settings\hadfielj\My Documents\ePublisher Pro Projects\NBIA Online Help\Output\WebWorks Help 5.0\NBIA Online Help\Viewing Search Results.4.11.html" anchor="1070601" fileposition="42" first="false" /></Entry><Entry name="references" sort="references"><Content xmlns="urn:WebWorks-Document-Schema"><TextRun><Text value="references" /></TextRun></Content><Link href="C:\Documents and Settings\hadfielj\My Documents\ePublisher Pro Projects\NBIA Online Help\Output\WebWorks Help 5.0\NBIA Online Help\appdix references.7.3.html" anchor="1058243" fileposition="66" first="true" /></Entry></Entry>
<Entry id="2_28" name="digital image" sort="digital image"><Content xmlns="urn:WebWorks-Document-Schema"><TextRun><Text value="digital image" /></TextRun></Content><Entry name="DICOM" sort="DICOM"><Content xmlns="urn:WebWorks-Document-Schema"><TextRun><Text value="DICOM" /></TextRun></Content><Link href="C:\Documents and Settings\hadfielj\My Documents\ePublisher Pro Projects\NBIA Online Help\Output\WebWorks Help 5.0\NBIA Online Help\Getting Started.2.2.html" anchor="1084099" fileposition="3" first="false" /><Link href="C:\Documents and Settings\hadfielj\My Documents\ePublisher Pro Projects\NBIA Online Help\Output\WebWorks Help 5.0\NBIA Online Help\Viewing Search Results.4.11.html" anchor="1070599" fileposition="42" first="false" /></Entry></Entry>
<Entry id="2_29" name="downloading Data Basket" sort="downloading Data Basket"><Content xmlns="urn:WebWorks-Document-Schema"><TextRun><Text value="downloading Data Basket" /></TextRun></Content><Link href="C:\Documents and Settings\hadfielj\My Documents\ePublisher Pro Projects\NBIA Online Help\Output\WebWorks Help 5.0\NBIA Online Help\Viewing Search Results.4.10.html" anchor="1090496" fileposition="41" first="true" /></Entry>
</Group>

<Group id="2_30" name="E" sort="E">
<Entry id="2_31" name="editing a query" sort="editing a query"><Content xmlns="urn:WebWorks-Document-Schema"><TextRun><Text value="editing a query" /></TextRun></Content><Link href="C:\Documents and Settings\hadfielj\My Documents\ePublisher Pro Projects\NBIA Online Help\Output\WebWorks Help 5.0\NBIA Online Help\Searching NBIA.3.11.html" anchor="1068627" fileposition="29" first="false" /></Entry>
</Group>

<Group id="2_32" name="F" sort="F">
<Entry id="2_33" name="FileSender, submitting images" sort="FileSender, submitting images"><Content xmlns="urn:WebWorks-Document-Schema"><TextRun><Text value="FileSender, submitting images" /></TextRun></Content><Link href="C:\Documents and Settings\hadfielj\My Documents\ePublisher Pro Projects\NBIA Online Help\Output\WebWorks Help 5.0\NBIA Online Help\Submitting Images.5.4.html" anchor="1186739" fileposition="46" first="false" /></Entry>
<Entry id="2_34" name="FTP" sort="FTP"><Content xmlns="urn:WebWorks-Document-Schema"><TextRun><Text value="FTP" /></TextRun></Content><Entry name="client software products" sort="client software products"><Content xmlns="urn:WebWorks-Document-Schema"><TextRun><Text value="client software products" /></TextRun></Content><Link href="C:\Documents and Settings\hadfielj\My Documents\ePublisher Pro Projects\NBIA Online Help\Output\WebWorks Help 5.0\NBIA Online Help\appdix references.7.2.html" anchor="1056911" fileposition="65" first="true" /></Entry></Entry>
</Group>

<Group id="2_35" name="G" sort="G">
<Entry id="2_36" name="glossary" sort="glossary"><Content xmlns="urn:WebWorks-Document-Schema"><TextRun><Text value="glossary" /></TextRun></Content><Link href="C:\Documents and Settings\hadfielj\My Documents\ePublisher Pro Projects\NBIA Online Help\Output\WebWorks Help 5.0\NBIA Online Help\appdix glossary.8.1.html" anchor="1065599" fileposition="69" first="false" /></Entry>
<Entry id="2_37" name="group, assigning to protection group" sort="group, assigning to protection group"><Content xmlns="urn:WebWorks-Document-Schema"><TextRun><Text value="group, assigning to protection group" /></TextRun></Content><Link href="C:\Documents and Settings\hadfielj\My Documents\ePublisher Pro Projects\NBIA Online Help\Output\WebWorks Help 5.0\NBIA Online Help\Submitting Images.5.13.html" anchor="1197891" fileposition="55" first="false" /></Entry>
</Group>

<Group id="2_38" name="H" sort="H">
<Entry id="2_39" name="hierarchy of objects, NBIA" sort="hierarchy of objects, NBIA"><Content xmlns="urn:WebWorks-Document-Schema"><TextRun><Text value="hierarchy of objects, NBIA" /></TextRun></Content><Link href="C:\Documents and Settings\hadfielj\My Documents\ePublisher Pro Projects\NBIA Online Help\Output\WebWorks Help 5.0\NBIA Online Help\Searching NBIA.3.2.html" anchor="1095943" fileposition="20" first="false" /><Link href="C:\Documents and Settings\hadfielj\My Documents\ePublisher Pro Projects\NBIA Online Help\Output\WebWorks Help 5.0\NBIA Online Help\Viewing Search Results.4.2.html" anchor="1096155" fileposition="33" first="false" /></Entry>
<Entry id="2_40" name="HTTP download threshold" sort="HTTP download threshold"><Content xmlns="urn:WebWorks-Document-Schema"><TextRun><Text value="HTTP download threshold" /></TextRun></Content><Link href="C:\Documents and Settings\hadfielj\My Documents\ePublisher Pro Projects\NBIA Online Help\Output\WebWorks Help 5.0\NBIA Online Help\Viewing Search Results.4.10.html" anchor="1211318" fileposition="41" first="false" /></Entry>
</Group>

<Group id="2_41" name="I" sort="I">
<Entry id="2_42" name="image" sort="image"><Content xmlns="urn:WebWorks-Document-Schema"><TextRun><Text value="image" /></TextRun></Content><Entry name="Modality(ies)" sort="Modality(ies)"><Content xmlns="urn:WebWorks-Document-Schema"><TextRun><Text value="Modality(ies)" /></TextRun></Content><Link href="C:\Documents and Settings\hadfielj\My Documents\ePublisher Pro Projects\NBIA Online Help\Output\WebWorks Help 5.0\NBIA Online Help\Searching NBIA.3.4.html" anchor="1208018" fileposition="22" first="false" /></Entry><Entry name="movie" sort="movie"><Content xmlns="urn:WebWorks-Document-Schema"><TextRun><Text value="movie" /></TextRun></Content><Link href="C:\Documents and Settings\hadfielj\My Documents\ePublisher Pro Projects\NBIA Online Help\Output\WebWorks Help 5.0\NBIA Online Help\Viewing Search Results.4.6.html" anchor="1169061" fileposition="37" first="false" /></Entry><Entry name="Slice Thickness" sort="Slice Thickness"><Content xmlns="urn:WebWorks-Document-Schema"><TextRun><Text value="Slice Thickness" /></TextRun></Content><Link href="C:\Documents and Settings\hadfielj\My Documents\ePublisher Pro Projects\NBIA Online Help\Output\WebWorks Help 5.0\NBIA Online Help\Searching NBIA.3.3.html" anchor="1066765" fileposition="21" first="false" /></Entry><Entry name="thumbnails" sort="thumbnails"><Content xmlns="urn:WebWorks-Document-Schema"><TextRun><Text value="thumbnails" /></TextRun></Content><Link href="C:\Documents and Settings\hadfielj\My Documents\ePublisher Pro Projects\NBIA Online Help\Output\WebWorks Help 5.0\NBIA Online Help\Viewing Search Results.4.5.html" anchor="1169002" fileposition="36" first="false" /></Entry></Entry>
<Entry id="2_43" name="images" sort="images"><Content xmlns="urn:WebWorks-Document-Schema"><TextRun><Text value="images" /></TextRun></Content><Entry name="animation" sort="animation"><Content xmlns="urn:WebWorks-Document-Schema"><TextRun><Text value="animation" /></TextRun></Content><Link href="C:\Documents and Settings\hadfielj\My Documents\ePublisher Pro Projects\NBIA Online Help\Output\WebWorks Help 5.0\NBIA Online Help\Viewing Search Results.4.6.html" anchor="1169061" fileposition="37" first="false" /></Entry><Entry name="annotations, uploading" sort="annotations, uploading"><Content xmlns="urn:WebWorks-Document-Schema"><TextRun><Text value="annotations, uploading" /></TextRun></Content><Link href="C:\Documents and Settings\hadfielj\My Documents\ePublisher Pro Projects\NBIA Online Help\Output\WebWorks Help 5.0\NBIA Online Help\NBIA admin.6.5.html" anchor="1092079" fileposition="61" first="false" /></Entry><Entry name="configuring security" sort="configuring security"><Content xmlns="urn:WebWorks-Document-Schema"><TextRun><Text value="configuring security" /></TextRun></Content><Link href="C:\Documents and Settings\hadfielj\My Documents\ePublisher Pro Projects\NBIA Online Help\Output\WebWorks Help 5.0\NBIA Online Help\Submitting Images.5.6.html" anchor="1183928" fileposition="48" first="false" /></Entry><Entry name="for Series, search results" sort="for Series, search results"><Content xmlns="urn:WebWorks-Document-Schema"><TextRun><Text value="for Series, search results" /></TextRun></Content><Link href="C:\Documents and Settings\hadfielj\My Documents\ePublisher Pro Projects\NBIA Online Help\Output\WebWorks Help 5.0\NBIA Online Help\Viewing Search Results.4.5.html" anchor="1173049" fileposition="36" first="false" /></Entry><Entry name="interpreting corresponding numbers" sort="interpreting corresponding numbers"><Content xmlns="urn:WebWorks-Document-Schema"><TextRun><Text value="interpreting corresponding numbers" /></TextRun></Content><Link href="C:\Documents and Settings\hadfielj\My Documents\ePublisher Pro Projects\NBIA Online Help\Output\WebWorks Help 5.0\NBIA Online Help\Viewing Search Results.4.9.html" anchor="1070323" fileposition="40" first="false" /></Entry><Entry name="status assignment" sort="status assignment"><Content xmlns="urn:WebWorks-Document-Schema"><TextRun><Text value="status assignment" /></TextRun></Content><Link href="C:\Documents and Settings\hadfielj\My Documents\ePublisher Pro Projects\NBIA Online Help\Output\WebWorks Help 5.0\NBIA Online Help\NBIA admin.6.4.html" anchor="1084996" fileposition="60" first="false" /></Entry><Entry name="submitting in FileSender" sort="submitting in FileSender"><Content xmlns="urn:WebWorks-Document-Schema"><TextRun><Text value="submitting in FileSender" /></TextRun></Content><Link href="C:\Documents and Settings\hadfielj\My Documents\ePublisher Pro Projects\NBIA Online Help\Output\WebWorks Help 5.0\NBIA Online Help\Submitting Images.5.4.html" anchor="1186739" fileposition="46" first="false" /></Entry><Entry name="submitting, CTP client" sort="submitting, CTP client"><Content xmlns="urn:WebWorks-Document-Schema"><TextRun><Text value="submitting, CTP client" /></TextRun></Content><Link href="C:\Documents and Settings\hadfielj\My Documents\ePublisher Pro Projects\NBIA Online Help\Output\WebWorks Help 5.0\NBIA Online Help\Submitting Images.5.3.html" anchor="1184981" fileposition="45" first="false" /></Entry><Entry name="submitting, overview" sort="submitting, overview"><Content xmlns="urn:WebWorks-Document-Schema"><TextRun><Text value="submitting, overview" /></TextRun></Content><Link href="C:\Documents and Settings\hadfielj\My Documents\ePublisher Pro Projects\NBIA Online Help\Output\WebWorks Help 5.0\NBIA Online Help\Submitting Images.5.2.html" anchor="1187566" fileposition="44" first="false" /></Entry><Entry name="troubleshooting submissions" sort="troubleshooting submissions"><Content xmlns="urn:WebWorks-Document-Schema"><TextRun><Text value="troubleshooting submissions" /></TextRun></Content><Link href="C:\Documents and Settings\hadfielj\My Documents\ePublisher Pro Projects\NBIA Online Help\Output\WebWorks Help 5.0\NBIA Online Help\Submitting Images.5.5.html" anchor="1187202" fileposition="47" first="false" /></Entry><Entry name="verifying submitted" sort="verifying submitted"><Content xmlns="urn:WebWorks-Document-Schema"><TextRun><Text value="verifying submitted" /></TextRun></Content><Link href="C:\Documents and Settings\hadfielj\My Documents\ePublisher Pro Projects\NBIA Online Help\Output\WebWorks Help 5.0\NBIA Online Help\NBIA admin.6.6.html" anchor="1117983" fileposition="62" first="false" /></Entry></Entry>
<Entry id="2_44" name="imaging archive, purpose" sort="imaging archive, purpose"><Content xmlns="urn:WebWorks-Document-Schema"><TextRun><Text value="imaging archive, purpose" /></TextRun></Content><Link href="C:\Documents and Settings\hadfielj\My Documents\ePublisher Pro Projects\NBIA Online Help\Output\WebWorks Help 5.0\NBIA Online Help\Getting Started.2.2.html" anchor="1084024" fileposition="3" first="false" /></Entry>
<Entry id="2_45" name="IRW, Cedara I-Response Workstation URL" sort="IRW, Cedara I-Response Workstation URL"><Content xmlns="urn:WebWorks-Document-Schema"><TextRun><Text value="IRW, Cedara I-Response Workstation URL" /></TextRun></Content><Link href="C:\Documents and Settings\hadfielj\My Documents\ePublisher Pro Projects\NBIA Online Help\Output\WebWorks Help 5.0\NBIA Online Help\appdix references.7.4.html" anchor="1059694" fileposition="67" first="true" /></Entry>
</Group>

<Group id="2_46" name="J" sort="J">
</Group>

<Group id="2_47" name="K" sort="K">
<Entry id="2_48" name="keyword, annotation search" sort="keyword, annotation search"><Content xmlns="urn:WebWorks-Document-Schema"><TextRun><Text value="keyword, annotation search" /></TextRun></Content><Link href="C:\Documents and Settings\hadfielj\My Documents\ePublisher Pro Projects\NBIA Online Help\Output\WebWorks Help 5.0\NBIA Online Help\Searching NBIA.3.6.html" anchor="1087312" fileposition="24" first="false" /></Entry>
<Entry id="2_49" name="Kilovoltage Peak Distribution" sort="Kilovoltage Peak Distribution"><Content xmlns="urn:WebWorks-Document-Schema"><TextRun><Text value="Kilovoltage Peak Distribution" /></TextRun></Content><Link href="C:\Documents and Settings\hadfielj\My Documents\ePublisher Pro Projects\NBIA Online Help\Output\WebWorks Help 5.0\NBIA Online Help\Searching NBIA.3.4.html" anchor="1208168" fileposition="22" first="false" /></Entry>
</Group>

<Group id="2_50" name="L" sort="L">
<Entry id="2_51" name="launching NBIA from another application" sort="launching NBIA from another application"><Content xmlns="urn:WebWorks-Document-Schema"><TextRun><Text value="launching NBIA from another application" /></TextRun></Content><Link href="C:\Documents and Settings\hadfielj\My Documents\ePublisher Pro Projects\NBIA Online Help\Output\WebWorks Help 5.0\NBIA Online Help\Getting Started.2.16.html" anchor="1087647" fileposition="17" first="true" /></Entry>
<Entry id="2_52" name="login" sort="login"><Content xmlns="urn:WebWorks-Document-Schema"><TextRun><Text value="login" /></TextRun></Content><Link href="C:\Documents and Settings\hadfielj\My Documents\ePublisher Pro Projects\NBIA Online Help\Output\WebWorks Help 5.0\NBIA Online Help\Getting Started.2.5.html" anchor="1084683" fileposition="6" first="false" /></Entry>
</Group>

<Group id="2_53" name="M" sort="M">
<Entry id="2_54" name="managing Data Basket" sort="managing Data Basket"><Content xmlns="urn:WebWorks-Document-Schema"><TextRun><Text value="managing Data Basket" /></TextRun></Content><Link href="C:\Documents and Settings\hadfielj\My Documents\ePublisher Pro Projects\NBIA Online Help\Output\WebWorks Help 5.0\NBIA Online Help\Viewing Search Results.4.9.html" anchor="1070298" fileposition="40" first="false" /></Entry>
<Entry id="2_55" name="manufacturer search criteria" sort="manufacturer search criteria"><Content xmlns="urn:WebWorks-Document-Schema"><TextRun><Text value="manufacturer search criteria" /></TextRun></Content><Link href="C:\Documents and Settings\hadfielj\My Documents\ePublisher Pro Projects\NBIA Online Help\Output\WebWorks Help 5.0\NBIA Online Help\Searching NBIA.3.4.html" anchor="1208107" fileposition="22" first="false" /></Entry>
<Entry id="2_56" name="Modality manufacturer" sort="Modality manufacturer"><Content xmlns="urn:WebWorks-Document-Schema"><TextRun><Text value="Modality manufacturer" /></TextRun></Content><Link href="C:\Documents and Settings\hadfielj\My Documents\ePublisher Pro Projects\NBIA Online Help\Output\WebWorks Help 5.0\NBIA Online Help\Searching NBIA.3.4.html" anchor="1208107" fileposition="22" first="false" /></Entry>
<Entry id="2_57" name="movie of sequential images" sort="movie of sequential images"><Content xmlns="urn:WebWorks-Document-Schema"><TextRun><Text value="movie of sequential images" /></TextRun></Content><Link href="C:\Documents and Settings\hadfielj\My Documents\ePublisher Pro Projects\NBIA Online Help\Output\WebWorks Help 5.0\NBIA Online Help\Viewing Search Results.4.6.html" anchor="1169061" fileposition="37" first="false" /></Entry>
</Group>

<Group id="2_58" name="N" sort="N">
<Entry id="2_59" name="NBIA" sort="NBIA"><Content xmlns="urn:WebWorks-Document-Schema"><TextRun><Text value="NBIA" /></TextRun></Content><Entry name="database search, introduction" sort="database search, introduction"><Content xmlns="urn:WebWorks-Document-Schema"><TextRun><Text value="database search, introduction" /></TextRun></Content><Link href="C:\Documents and Settings\hadfielj\My Documents\ePublisher Pro Projects\NBIA Online Help\Output\WebWorks Help 5.0\NBIA Online Help\Searching NBIA.3.2.html" anchor="1087111" fileposition="20" first="false" /><Link href="C:\Documents and Settings\hadfielj\My Documents\ePublisher Pro Projects\NBIA Online Help\Output\WebWorks Help 5.0\NBIA Online Help\Searching NBIA.3.2.html" anchor="1145035" fileposition="20" first="false" /></Entry><Entry name="launching from another application" sort="launching from another application"><Content xmlns="urn:WebWorks-Document-Schema"><TextRun><Text value="launching from another application" /></TextRun></Content><Link href="C:\Documents and Settings\hadfielj\My Documents\ePublisher Pro Projects\NBIA Online Help\Output\WebWorks Help 5.0\NBIA Online Help\Getting Started.2.16.html" anchor="1087647" fileposition="17" first="true" /></Entry><Entry name="login" sort="login"><Content xmlns="urn:WebWorks-Document-Schema"><TextRun><Text value="login" /></TextRun></Content><Link href="C:\Documents and Settings\hadfielj\My Documents\ePublisher Pro Projects\NBIA Online Help\Output\WebWorks Help 5.0\NBIA Online Help\Getting Started.2.5.html" anchor="1084683" fileposition="6" first="false" /></Entry><Entry name="News page site map" sort="News page site map"><Content xmlns="urn:WebWorks-Document-Schema"><TextRun><Text value="News page site map" /></TextRun></Content><Link href="C:\Documents and Settings\hadfielj\My Documents\ePublisher Pro Projects\NBIA Online Help\Output\WebWorks Help 5.0\NBIA Online Help\Getting Started.2.14.html" anchor="1090633" fileposition="15" first="false" /></Entry><Entry name="online help methods" sort="online help methods"><Content xmlns="urn:WebWorks-Document-Schema"><TextRun><Text value="online help methods" /></TextRun></Content><Link href="C:\Documents and Settings\hadfielj\My Documents\ePublisher Pro Projects\NBIA Online Help\Output\WebWorks Help 5.0\NBIA Online Help\Getting Started.2.17.html" anchor="1158284" fileposition="18" first="false" /></Entry><Entry name="pre-login options" sort="pre-login options"><Content xmlns="urn:WebWorks-Document-Schema"><TextRun><Text value="pre-login options" /></TextRun></Content><Link href="C:\Documents and Settings\hadfielj\My Documents\ePublisher Pro Projects\NBIA Online Help\Output\WebWorks Help 5.0\NBIA Online Help\Getting Started.2.2.html" anchor="1084980" fileposition="3" first="false" /></Entry><Entry name="purpose" sort="purpose"><Content xmlns="urn:WebWorks-Document-Schema"><TextRun><Text value="purpose" /></TextRun></Content><Link href="C:\Documents and Settings\hadfielj\My Documents\ePublisher Pro Projects\NBIA Online Help\Output\WebWorks Help 5.0\NBIA Online Help\Getting Started.2.2.html" anchor="1084030" fileposition="3" first="false" /></Entry><Entry name="Quick Links" sort="Quick Links"><Content xmlns="urn:WebWorks-Document-Schema"><TextRun><Text value="Quick Links" /></TextRun></Content><Link href="C:\Documents and Settings\hadfielj\My Documents\ePublisher Pro Projects\NBIA Online Help\Output\WebWorks Help 5.0\NBIA Online Help\Getting Started.2.10.html" anchor="1090524" fileposition="11" first="false" /></Entry><Entry name="URL references" sort="URL references"><Content xmlns="urn:WebWorks-Document-Schema"><TextRun><Text value="URL references" /></TextRun></Content><Link href="C:\Documents and Settings\hadfielj\My Documents\ePublisher Pro Projects\NBIA Online Help\Output\WebWorks Help 5.0\NBIA Online Help\appdix references.7.4.html" anchor="1059694" fileposition="67" first="true" /></Entry></Entry>
<Entry id="2_60" name="NCICB Application Support" sort="NCICB Application Support"><Content xmlns="urn:WebWorks-Document-Schema"><TextRun><Text value="NCICB Application Support" /></TextRun></Content><Link href="C:\Documents and Settings\hadfielj\My Documents\ePublisher Pro Projects\NBIA Online Help\Output\WebWorks Help 5.0\NBIA Online Help\Application Support.9.1.html" anchor="998295" fileposition="70" first="false" /></Entry>
</Group>

<Group id="2_61" name="O" sort="O">
<Entry id="2_62" name="objects in NBIA, hierarchy of" sort="objects in NBIA, hierarchy of"><Content xmlns="urn:WebWorks-Document-Schema"><TextRun><Text value="objects in NBIA, hierarchy of" /></TextRun></Content><Link href="C:\Documents and Settings\hadfielj\My Documents\ePublisher Pro Projects\NBIA Online Help\Output\WebWorks Help 5.0\NBIA Online Help\Searching NBIA.3.2.html" anchor="1095943" fileposition="20" first="false" /><Link href="C:\Documents and Settings\hadfielj\My Documents\ePublisher Pro Projects\NBIA Online Help\Output\WebWorks Help 5.0\NBIA Online Help\Viewing Search Results.4.2.html" anchor="1096155" fileposition="33" first="false" /></Entry>
<Entry id="2_63" name="online help" sort="online help"><Content xmlns="urn:WebWorks-Document-Schema"><TextRun><Text value="online help" /></TextRun></Content><Link href="C:\Documents and Settings\hadfielj\My Documents\ePublisher Pro Projects\NBIA Online Help\Output\WebWorks Help 5.0\NBIA Online Help\Getting Started.2.17.html" anchor="1158284" fileposition="18" first="false" /></Entry>
<Entry id="2_64" name="OSIRIX DICOM viewer" sort="OSIRIX DICOM viewer"><Content xmlns="urn:WebWorks-Document-Schema"><TextRun><Text value="OSIRIX DICOM viewer" /></TextRun></Content><Link href="C:\Documents and Settings\hadfielj\My Documents\ePublisher Pro Projects\NBIA Online Help\Output\WebWorks Help 5.0\NBIA Online Help\Viewing Search Results.4.11.html" anchor="1070601" fileposition="42" first="false" /></Entry>
<Entry id="2_65" name="overview" sort="overview"><Content xmlns="urn:WebWorks-Document-Schema"><TextRun><Text value="overview" /></TextRun></Content><Entry name="NCIA" sort="NCIA"><Content xmlns="urn:WebWorks-Document-Schema"><TextRun><Text value="NCIA" /></TextRun></Content><Link href="C:\Documents and Settings\hadfielj\My Documents\ePublisher Pro Projects\NBIA Online Help\Output\WebWorks Help 5.0\NBIA Online Help\Getting Started.2.2.html" anchor="1084024" fileposition="3" first="false" /></Entry></Entry>
</Group>

<Group id="2_66" name="P" sort="P">
<Entry id="2_67" name="parsing annotation spreadsheet" sort="parsing annotation spreadsheet"><Content xmlns="urn:WebWorks-Document-Schema"><TextRun><Text value="parsing annotation spreadsheet" /></TextRun></Content><Link href="C:\Documents and Settings\hadfielj\My Documents\ePublisher Pro Projects\NBIA Online Help\Output\WebWorks Help 5.0\NBIA Online Help\NBIA admin.6.5.html" anchor="1092079" fileposition="61" first="false" /></Entry>
<Entry id="2_68" name="password, changing" sort="password, changing"><Content xmlns="urn:WebWorks-Document-Schema"><TextRun><Text value="password, changing" /></TextRun></Content><Link href="C:\Documents and Settings\hadfielj\My Documents\ePublisher Pro Projects\NBIA Online Help\Output\WebWorks Help 5.0\NBIA Online Help\Getting Started.2.6.html" anchor="1124467" fileposition="7" first="false" /></Entry>
<Entry id="2_69" name="performing" sort="performing"><Content xmlns="urn:WebWorks-Document-Schema"><TextRun><Text value="performing" /></TextRun></Content><Entry name="advanced search" sort="advanced search"><Content xmlns="urn:WebWorks-Document-Schema"><TextRun><Text value="advanced search" /></TextRun></Content><Link href="C:\Documents and Settings\hadfielj\My Documents\ePublisher Pro Projects\NBIA Online Help\Output\WebWorks Help 5.0\NBIA Online Help\Searching NBIA.3.4.html" anchor="1207982" fileposition="22" first="false" /></Entry><Entry name="simple search" sort="simple search"><Content xmlns="urn:WebWorks-Document-Schema"><TextRun><Text value="simple search" /></TextRun></Content><Link href="C:\Documents and Settings\hadfielj\My Documents\ePublisher Pro Projects\NBIA Online Help\Output\WebWorks Help 5.0\NBIA Online Help\Searching NBIA.3.3.html" anchor="1066742" fileposition="21" first="false" /></Entry></Entry>
<Entry id="2_70" name="protection element" sort="protection element"><Content xmlns="urn:WebWorks-Document-Schema"><TextRun><Text value="protection element" /></TextRun></Content><Entry name="assigning to protection group" sort="assigning to protection group"><Content xmlns="urn:WebWorks-Document-Schema"><TextRun><Text value="assigning to protection group" /></TextRun></Content><Link href="C:\Documents and Settings\hadfielj\My Documents\ePublisher Pro Projects\NBIA Online Help\Output\WebWorks Help 5.0\NBIA Online Help\Submitting Images.5.11.html" anchor="1184389" fileposition="53" first="false" /></Entry><Entry name="creating" sort="creating"><Content xmlns="urn:WebWorks-Document-Schema"><TextRun><Text value="creating" /></TextRun></Content><Link href="C:\Documents and Settings\hadfielj\My Documents\ePublisher Pro Projects\NBIA Online Help\Output\WebWorks Help 5.0\NBIA Online Help\Submitting Images.5.7.html" anchor="1183700" fileposition="49" first="false" /></Entry></Entry>
<Entry id="2_71" name="protection group" sort="protection group"><Content xmlns="urn:WebWorks-Document-Schema"><TextRun><Text value="protection group" /></TextRun></Content><Entry name="assigning group to" sort="assigning group to"><Content xmlns="urn:WebWorks-Document-Schema"><TextRun><Text value="assigning group to" /></TextRun></Content><Link href="C:\Documents and Settings\hadfielj\My Documents\ePublisher Pro Projects\NBIA Online Help\Output\WebWorks Help 5.0\NBIA Online Help\Submitting Images.5.13.html" anchor="1197891" fileposition="55" first="false" /></Entry><Entry name="assigning protection element to" sort="assigning protection element to"><Content xmlns="urn:WebWorks-Document-Schema"><TextRun><Text value="assigning protection element to" /></TextRun></Content><Link href="C:\Documents and Settings\hadfielj\My Documents\ePublisher Pro Projects\NBIA Online Help\Output\WebWorks Help 5.0\NBIA Online Help\Submitting Images.5.11.html" anchor="1184389" fileposition="53" first="false" /></Entry><Entry name="assigning user to" sort="assigning user to"><Content xmlns="urn:WebWorks-Document-Schema"><TextRun><Text value="assigning user to" /></TextRun></Content><Link href="C:\Documents and Settings\hadfielj\My Documents\ePublisher Pro Projects\NBIA Online Help\Output\WebWorks Help 5.0\NBIA Online Help\Submitting Images.5.12.html" anchor="1197654" fileposition="54" first="false" /></Entry><Entry name="creating" sort="creating"><Content xmlns="urn:WebWorks-Document-Schema"><TextRun><Text value="creating" /></TextRun></Content><Link href="C:\Documents and Settings\hadfielj\My Documents\ePublisher Pro Projects\NBIA Online Help\Output\WebWorks Help 5.0\NBIA Online Help\Submitting Images.5.10.html" anchor="1196354" fileposition="52" first="false" /></Entry></Entry>
</Group>

<Group id="2_72" name="Q" sort="Q">
<Entry id="2_73" name="QA tools, using" sort="QA tools, using"><Content xmlns="urn:WebWorks-Document-Schema"><TextRun><Text value="QA tools, using" /></TextRun></Content><Link href="C:\Documents and Settings\hadfielj\My Documents\ePublisher Pro Projects\NBIA Online Help\Output\WebWorks Help 5.0\NBIA Online Help\NBIA admin.6.4.html" anchor="1084996" fileposition="60" first="false" /></Entry>
<Entry id="2_74" name="Query History, viewing" sort="Query History, viewing"><Content xmlns="urn:WebWorks-Document-Schema"><TextRun><Text value="Query History, viewing" /></TextRun></Content><Link href="C:\Documents and Settings\hadfielj\My Documents\ePublisher Pro Projects\NBIA Online Help\Output\WebWorks Help 5.0\NBIA Online Help\Searching NBIA.3.12.html" anchor="1116238" fileposition="30" first="false" /></Entry>
<Entry id="2_75" name="Quick Links" sort="Quick Links"><Content xmlns="urn:WebWorks-Document-Schema"><TextRun><Text value="Quick Links" /></TextRun></Content><Link href="C:\Documents and Settings\hadfielj\My Documents\ePublisher Pro Projects\NBIA Online Help\Output\WebWorks Help 5.0\NBIA Online Help\Getting Started.2.10.html" anchor="1090524" fileposition="11" first="false" /></Entry>
</Group>

<Group id="2_76" name="R" sort="R">
<Entry id="2_77" name="remote node, configuring" sort="remote node, configuring"><Content xmlns="urn:WebWorks-Document-Schema"><TextRun><Text value="remote node, configuring" /></TextRun></Content><Link href="C:\Documents and Settings\hadfielj\My Documents\ePublisher Pro Projects\NBIA Online Help\Output\WebWorks Help 5.0\NBIA Online Help\NBIA admin.6.7.html" anchor="1108659" fileposition="63" first="false" /></Entry>
<Entry id="2_78" name="Remote Search" sort="Remote Search"><Content xmlns="urn:WebWorks-Document-Schema"><TextRun><Text value="Remote Search" /></TextRun></Content><Link href="C:\Documents and Settings\hadfielj\My Documents\ePublisher Pro Projects\NBIA Online Help\Output\WebWorks Help 5.0\NBIA Online Help\Searching NBIA.3.7.html" anchor="1197867" fileposition="25" first="false" /></Entry>
<Entry id="2_79" name="results" sort="results"><Content xmlns="urn:WebWorks-Document-Schema"><TextRun><Text value="results" /></TextRun></Content><Entry name="by subject" sort="by subject"><Content xmlns="urn:WebWorks-Document-Schema"><TextRun><Text value="by subject" /></TextRun></Content><Link href="C:\Documents and Settings\hadfielj\My Documents\ePublisher Pro Projects\NBIA Online Help\Output\WebWorks Help 5.0\NBIA Online Help\Viewing Search Results.4.3.html" anchor="1069030" fileposition="34" first="false" /></Entry><Entry name="Images for Series" sort="Images for Series"><Content xmlns="urn:WebWorks-Document-Schema"><TextRun><Text value="Images for Series" /></TextRun></Content><Link href="C:\Documents and Settings\hadfielj\My Documents\ePublisher Pro Projects\NBIA Online Help\Output\WebWorks Help 5.0\NBIA Online Help\Viewing Search Results.4.5.html" anchor="1173049" fileposition="36" first="false" /></Entry><Entry name="Studies for Subject" sort="Studies for Subject"><Content xmlns="urn:WebWorks-Document-Schema"><TextRun><Text value="Studies for Subject" /></TextRun></Content><Link href="C:\Documents and Settings\hadfielj\My Documents\ePublisher Pro Projects\NBIA Online Help\Output\WebWorks Help 5.0\NBIA Online Help\Viewing Search Results.4.4.html" anchor="1069368" fileposition="35" first="false" /><Link href="C:\Documents and Settings\hadfielj\My Documents\ePublisher Pro Projects\NBIA Online Help\Output\WebWorks Help 5.0\NBIA Online Help\Viewing Search Results.4.4.html" anchor="1198290" fileposition="35" first="false" /></Entry></Entry>
<Entry id="2_80" name="roles, user" sort="roles, user"><Content xmlns="urn:WebWorks-Document-Schema"><TextRun><Text value="roles, user" /></TextRun></Content><Link href="C:\Documents and Settings\hadfielj\My Documents\ePublisher Pro Projects\NBIA Online Help\Output\WebWorks Help 5.0\NBIA Online Help\NBIA admin.6.3.html" anchor="1106305" fileposition="59" first="false" /></Entry>
<Entry id="2_81" name="roles, user group" sort="roles, user group"><Content xmlns="urn:WebWorks-Document-Schema"><TextRun><Text value="roles, user group" /></TextRun></Content><Link href="C:\Documents and Settings\hadfielj\My Documents\ePublisher Pro Projects\NBIA Online Help\Output\WebWorks Help 5.0\NBIA Online Help\NBIA admin.6.3.html" anchor="1106305" fileposition="59" first="false" /></Entry>
</Group>

<Group id="2_82" name="S" sort="S">
<Entry id="2_83" name="saved queries" sort="saved queries"><Content xmlns="urn:WebWorks-Document-Schema"><TextRun><Text value="saved queries" /></TextRun></Content><Entry name="deleting" sort="deleting"><Content xmlns="urn:WebWorks-Document-Schema"><TextRun><Text value="deleting" /></TextRun></Content><Link href="C:\Documents and Settings\hadfielj\My Documents\ePublisher Pro Projects\NBIA Online Help\Output\WebWorks Help 5.0\NBIA Online Help\Searching NBIA.3.10.html" anchor="1089387" fileposition="28" first="false" /></Entry><Entry name="editing" sort="editing"><Content xmlns="urn:WebWorks-Document-Schema"><TextRun><Text value="editing" /></TextRun></Content><Link href="C:\Documents and Settings\hadfielj\My Documents\ePublisher Pro Projects\NBIA Online Help\Output\WebWorks Help 5.0\NBIA Online Help\Searching NBIA.3.11.html" anchor="1068627" fileposition="29" first="false" /></Entry><Entry name="Query History" sort="Query History"><Content xmlns="urn:WebWorks-Document-Schema"><TextRun><Text value="Query History" /></TextRun></Content><Link href="C:\Documents and Settings\hadfielj\My Documents\ePublisher Pro Projects\NBIA Online Help\Output\WebWorks Help 5.0\NBIA Online Help\Searching NBIA.3.12.html" anchor="1116238" fileposition="30" first="false" /></Entry><Entry name="table" sort="table"><Content xmlns="urn:WebWorks-Document-Schema"><TextRun><Text value="table" /></TextRun></Content><Link href="C:\Documents and Settings\hadfielj\My Documents\ePublisher Pro Projects\NBIA Online Help\Output\WebWorks Help 5.0\NBIA Online Help\Searching NBIA.3.10.html" anchor="1095013" fileposition="28" first="false" /></Entry><Entry name="viewing" sort="viewing"><Content xmlns="urn:WebWorks-Document-Schema"><TextRun><Text value="viewing" /></TextRun></Content><Link href="C:\Documents and Settings\hadfielj\My Documents\ePublisher Pro Projects\NBIA Online Help\Output\WebWorks Help 5.0\NBIA Online Help\Searching NBIA.3.10.html" anchor="1095013" fileposition="28" first="false" /></Entry></Entry>
<Entry id="2_84" name="search" sort="search"><Content xmlns="urn:WebWorks-Document-Schema"><TextRun><Text value="search" /></TextRun></Content><Entry name="advanced" sort="advanced"><Content xmlns="urn:WebWorks-Document-Schema"><TextRun><Text value="advanced" /></TextRun></Content><Link href="C:\Documents and Settings\hadfielj\My Documents\ePublisher Pro Projects\NBIA Online Help\Output\WebWorks Help 5.0\NBIA Online Help\Searching NBIA.3.4.html" anchor="1207980" fileposition="22" first="true" /></Entry><Entry name="annotation keywords" sort="annotation keywords"><Content xmlns="urn:WebWorks-Document-Schema"><TextRun><Text value="annotation keywords" /></TextRun></Content><Link href="C:\Documents and Settings\hadfielj\My Documents\ePublisher Pro Projects\NBIA Online Help\Output\WebWorks Help 5.0\NBIA Online Help\Searching NBIA.3.6.html" anchor="1087312" fileposition="24" first="false" /></Entry><Entry name="curation data" sort="curation data"><Content xmlns="urn:WebWorks-Document-Schema"><TextRun><Text value="curation data" /></TextRun></Content><Link href="C:\Documents and Settings\hadfielj\My Documents\ePublisher Pro Projects\NBIA Online Help\Output\WebWorks Help 5.0\NBIA Online Help\Searching NBIA.3.5.html" anchor="1095061" fileposition="23" first="false" /><Link href="C:\Documents and Settings\hadfielj\My Documents\ePublisher Pro Projects\NBIA Online Help\Output\WebWorks Help 5.0\NBIA Online Help\Searching NBIA.3.5.html" anchor="1202971" fileposition="23" first="false" /></Entry><Entry name="introduction" sort="introduction"><Content xmlns="urn:WebWorks-Document-Schema"><TextRun><Text value="introduction" /></TextRun></Content><Link href="C:\Documents and Settings\hadfielj\My Documents\ePublisher Pro Projects\NBIA Online Help\Output\WebWorks Help 5.0\NBIA Online Help\Searching NBIA.3.2.html" anchor="1087111" fileposition="20" first="false" /><Link href="C:\Documents and Settings\hadfielj\My Documents\ePublisher Pro Projects\NBIA Online Help\Output\WebWorks Help 5.0\NBIA Online Help\Searching NBIA.3.2.html" anchor="1145035" fileposition="20" first="false" /></Entry><Entry name="page criteria" sort="page criteria"><Content xmlns="urn:WebWorks-Document-Schema"><TextRun><Text value="page criteria" /></TextRun></Content><Link href="C:\Documents and Settings\hadfielj\My Documents\ePublisher Pro Projects\NBIA Online Help\Output\WebWorks Help 5.0\NBIA Online Help\Searching NBIA.3.2.html" anchor="1066371" fileposition="20" first="false" /></Entry><Entry name="query, saving" sort="query, saving"><Content xmlns="urn:WebWorks-Document-Schema"><TextRun><Text value="query, saving" /></TextRun></Content><Link href="C:\Documents and Settings\hadfielj\My Documents\ePublisher Pro Projects\NBIA Online Help\Output\WebWorks Help 5.0\NBIA Online Help\Searching NBIA.3.9.html" anchor="1088868" fileposition="27" first="false" /></Entry><Entry name="simple" sort="simple"><Content xmlns="urn:WebWorks-Document-Schema"><TextRun><Text value="simple" /></TextRun></Content><Link href="C:\Documents and Settings\hadfielj\My Documents\ePublisher Pro Projects\NBIA Online Help\Output\WebWorks Help 5.0\NBIA Online Help\Searching NBIA.3.3.html" anchor="1066742" fileposition="21" first="false" /></Entry></Entry>
<Entry id="2_85" name="search criteria" sort="search criteria"><Content xmlns="urn:WebWorks-Document-Schema"><TextRun><Text value="search criteria" /></TextRun></Content><Entry name="advanced search" sort="advanced search"><Content xmlns="urn:WebWorks-Document-Schema"><TextRun><Text value="advanced search" /></TextRun></Content><Link href="C:\Documents and Settings\hadfielj\My Documents\ePublisher Pro Projects\NBIA Online Help\Output\WebWorks Help 5.0\NBIA Online Help\Searching NBIA.3.4.html" anchor="1208101" fileposition="22" first="false" /></Entry><Entry name="modality manufacturer" sort="modality manufacturer"><Content xmlns="urn:WebWorks-Document-Schema"><TextRun><Text value="modality manufacturer" /></TextRun></Content><Link href="C:\Documents and Settings\hadfielj\My Documents\ePublisher Pro Projects\NBIA Online Help\Output\WebWorks Help 5.0\NBIA Online Help\Searching NBIA.3.4.html" anchor="1208107" fileposition="22" first="false" /></Entry><Entry name="simple search" sort="simple search"><Content xmlns="urn:WebWorks-Document-Schema"><TextRun><Text value="simple search" /></TextRun></Content><Link href="C:\Documents and Settings\hadfielj\My Documents\ePublisher Pro Projects\NBIA Online Help\Output\WebWorks Help 5.0\NBIA Online Help\Searching NBIA.3.3.html" anchor="1066743" fileposition="21" first="false" /></Entry><Entry name="summary page" sort="summary page"><Content xmlns="urn:WebWorks-Document-Schema"><TextRun><Text value="summary page" /></TextRun></Content><Link href="C:\Documents and Settings\hadfielj\My Documents\ePublisher Pro Projects\NBIA Online Help\Output\WebWorks Help 5.0\NBIA Online Help\Searching NBIA.3.8.html" anchor="1068000" fileposition="26" first="false" /></Entry></Entry>
<Entry id="2_86" name="search page" sort="search page"><Content xmlns="urn:WebWorks-Document-Schema"><TextRun><Text value="search page" /></TextRun></Content><Entry name="drop-down lists" sort="drop-down lists"><Content xmlns="urn:WebWorks-Document-Schema"><TextRun><Text value="drop-down lists" /></TextRun></Content><Link href="C:\Documents and Settings\hadfielj\My Documents\ePublisher Pro Projects\NBIA Online Help\Output\WebWorks Help 5.0\NBIA Online Help\Searching NBIA.3.2.html" anchor="1096502" fileposition="20" first="false" /></Entry><Entry name="selection boxes" sort="selection boxes"><Content xmlns="urn:WebWorks-Document-Schema"><TextRun><Text value="selection boxes" /></TextRun></Content><Link href="C:\Documents and Settings\hadfielj\My Documents\ePublisher Pro Projects\NBIA Online Help\Output\WebWorks Help 5.0\NBIA Online Help\Searching NBIA.3.2.html" anchor="1096502" fileposition="20" first="false" /></Entry><Entry name="text fields" sort="text fields"><Content xmlns="urn:WebWorks-Document-Schema"><TextRun><Text value="text fields" /></TextRun></Content><Link href="C:\Documents and Settings\hadfielj\My Documents\ePublisher Pro Projects\NBIA Online Help\Output\WebWorks Help 5.0\NBIA Online Help\Searching NBIA.3.2.html" anchor="1096502" fileposition="20" first="false" /></Entry></Entry>
<Entry id="2_87" name="search results" sort="search results"><Content xmlns="urn:WebWorks-Document-Schema"><TextRun><Text value="search results" /></TextRun></Content><Entry name="By Subject" sort="By Subject"><Content xmlns="urn:WebWorks-Document-Schema"><TextRun><Text value="By Subject" /></TextRun></Content><Link href="C:\Documents and Settings\hadfielj\My Documents\ePublisher Pro Projects\NBIA Online Help\Output\WebWorks Help 5.0\NBIA Online Help\Viewing Search Results.4.3.html" anchor="1069030" fileposition="34" first="false" /></Entry><Entry name="Images for Series" sort="Images for Series"><Content xmlns="urn:WebWorks-Document-Schema"><TextRun><Text value="Images for Series" /></TextRun></Content><Link href="C:\Documents and Settings\hadfielj\My Documents\ePublisher Pro Projects\NBIA Online Help\Output\WebWorks Help 5.0\NBIA Online Help\Viewing Search Results.4.5.html" anchor="1173049" fileposition="36" first="false" /></Entry><Entry name="Studies for Subject" sort="Studies for Subject"><Content xmlns="urn:WebWorks-Document-Schema"><TextRun><Text value="Studies for Subject" /></TextRun></Content><Link href="C:\Documents and Settings\hadfielj\My Documents\ePublisher Pro Projects\NBIA Online Help\Output\WebWorks Help 5.0\NBIA Online Help\Viewing Search Results.4.4.html" anchor="1069368" fileposition="35" first="false" /><Link href="C:\Documents and Settings\hadfielj\My Documents\ePublisher Pro Projects\NBIA Online Help\Output\WebWorks Help 5.0\NBIA Online Help\Viewing Search Results.4.4.html" anchor="1198290" fileposition="35" first="false" /></Entry></Entry>
<Entry id="2_88" name="series, number of" sort="series, number of"><Content xmlns="urn:WebWorks-Document-Schema"><TextRun><Text value="series, number of" /></TextRun></Content><Link href="C:\Documents and Settings\hadfielj\My Documents\ePublisher Pro Projects\NBIA Online Help\Output\WebWorks Help 5.0\NBIA Online Help\Viewing Search Results.4.3.html" anchor="1069053" fileposition="34" first="false" /></Entry>
<Entry id="2_89" name="simple search" sort="simple search"><Content xmlns="urn:WebWorks-Document-Schema"><TextRun><Text value="simple search" /></TextRun></Content><Link href="C:\Documents and Settings\hadfielj\My Documents\ePublisher Pro Projects\NBIA Online Help\Output\WebWorks Help 5.0\NBIA Online Help\Searching NBIA.3.3.html" anchor="1066742" fileposition="21" first="false" /></Entry>
<Entry id="2_90" name="site map" sort="site map"><Content xmlns="urn:WebWorks-Document-Schema"><TextRun><Text value="site map" /></TextRun></Content><Link href="C:\Documents and Settings\hadfielj\My Documents\ePublisher Pro Projects\NBIA Online Help\Output\WebWorks Help 5.0\NBIA Online Help\Getting Started.2.14.html" anchor="1090633" fileposition="15" first="false" /></Entry>
<Entry id="2_91" name="spreadsheet, annotations upload" sort="spreadsheet, annotations upload"><Content xmlns="urn:WebWorks-Document-Schema"><TextRun><Text value="spreadsheet, annotations upload" /></TextRun></Content><Link href="C:\Documents and Settings\hadfielj\My Documents\ePublisher Pro Projects\NBIA Online Help\Output\WebWorks Help 5.0\NBIA Online Help\NBIA admin.6.5.html" anchor="1092079" fileposition="61" first="false" /></Entry>
<Entry id="2_92" name="Studies for Subject search results" sort="Studies for Subject search results"><Content xmlns="urn:WebWorks-Document-Schema"><TextRun><Text value="Studies for Subject search results" /></TextRun></Content><Link href="C:\Documents and Settings\hadfielj\My Documents\ePublisher Pro Projects\NBIA Online Help\Output\WebWorks Help 5.0\NBIA Online Help\Viewing Search Results.4.4.html" anchor="1069368" fileposition="35" first="false" /><Link href="C:\Documents and Settings\hadfielj\My Documents\ePublisher Pro Projects\NBIA Online Help\Output\WebWorks Help 5.0\NBIA Online Help\Viewing Search Results.4.4.html" anchor="1198290" fileposition="35" first="false" /></Entry>
<Entry id="2_93" name="studies, number of" sort="studies, number of"><Content xmlns="urn:WebWorks-Document-Schema"><TextRun><Text value="studies, number of" /></TextRun></Content><Link href="C:\Documents and Settings\hadfielj\My Documents\ePublisher Pro Projects\NBIA Online Help\Output\WebWorks Help 5.0\NBIA Online Help\Viewing Search Results.4.3.html" anchor="1069049" fileposition="34" first="false" /></Entry>
<Entry id="2_94" name="submitting images" sort="submitting images"><Content xmlns="urn:WebWorks-Document-Schema"><TextRun><Text value="submitting images" /></TextRun></Content><Entry name="CTP client" sort="CTP client"><Content xmlns="urn:WebWorks-Document-Schema"><TextRun><Text value="CTP client" /></TextRun></Content><Link href="C:\Documents and Settings\hadfielj\My Documents\ePublisher Pro Projects\NBIA Online Help\Output\WebWorks Help 5.0\NBIA Online Help\Submitting Images.5.3.html" anchor="1184981" fileposition="45" first="false" /></Entry><Entry name="overview" sort="overview"><Content xmlns="urn:WebWorks-Document-Schema"><TextRun><Text value="overview" /></TextRun></Content><Link href="C:\Documents and Settings\hadfielj\My Documents\ePublisher Pro Projects\NBIA Online Help\Output\WebWorks Help 5.0\NBIA Online Help\Submitting Images.5.2.html" anchor="1187566" fileposition="44" first="false" /></Entry><Entry name="troubleshooting" sort="troubleshooting"><Content xmlns="urn:WebWorks-Document-Schema"><TextRun><Text value="troubleshooting" /></TextRun></Content><Link href="C:\Documents and Settings\hadfielj\My Documents\ePublisher Pro Projects\NBIA Online Help\Output\WebWorks Help 5.0\NBIA Online Help\Submitting Images.5.5.html" anchor="1187202" fileposition="47" first="false" /></Entry><Entry name="using FileSender" sort="using FileSender"><Content xmlns="urn:WebWorks-Document-Schema"><TextRun><Text value="using FileSender" /></TextRun></Content><Link href="C:\Documents and Settings\hadfielj\My Documents\ePublisher Pro Projects\NBIA Online Help\Output\WebWorks Help 5.0\NBIA Online Help\Submitting Images.5.4.html" anchor="1186739" fileposition="46" first="false" /></Entry></Entry>
<Entry id="2_95" name="submitting images   See also CTP" sort="submitting images   See also CTP"><Content xmlns="urn:WebWorks-Document-Schema"><TextRun><Text value="submitting images   See also CTP" /></TextRun></Content></Entry>
</Group>

<Group id="2_96" name="T" sort="T">
</Group>

<Group id="2_97" name="U" sort="U">
<Entry id="2_98" name="uploading annotation spreadsheet" sort="uploading annotation spreadsheet"><Content xmlns="urn:WebWorks-Document-Schema"><TextRun><Text value="uploading annotation spreadsheet" /></TextRun></Content><Link href="C:\Documents and Settings\hadfielj\My Documents\ePublisher Pro Projects\NBIA Online Help\Output\WebWorks Help 5.0\NBIA Online Help\NBIA admin.6.5.html" anchor="1092079" fileposition="61" first="false" /></Entry>
<Entry id="2_99" name="UPT" sort="UPT"><Content xmlns="urn:WebWorks-Document-Schema"><TextRun><Text value="UPT" /></TextRun></Content><Entry name="assigning user group to protection group" sort="assigning user group to protection group"><Content xmlns="urn:WebWorks-Document-Schema"><TextRun><Text value="assigning user group to protection group" /></TextRun></Content><Link href="C:\Documents and Settings\hadfielj\My Documents\ePublisher Pro Projects\NBIA Online Help\Output\WebWorks Help 5.0\NBIA Online Help\Submitting Images.5.13.html" anchor="1197891" fileposition="55" first="false" /></Entry><Entry name="assigning user to protection group" sort="assigning user to protection group"><Content xmlns="urn:WebWorks-Document-Schema"><TextRun><Text value="assigning user to protection group" /></TextRun></Content><Link href="C:\Documents and Settings\hadfielj\My Documents\ePublisher Pro Projects\NBIA Online Help\Output\WebWorks Help 5.0\NBIA Online Help\Submitting Images.5.12.html" anchor="1197654" fileposition="54" first="false" /></Entry><Entry name="creating protection element" sort="creating protection element"><Content xmlns="urn:WebWorks-Document-Schema"><TextRun><Text value="creating protection element" /></TextRun></Content><Link href="C:\Documents and Settings\hadfielj\My Documents\ePublisher Pro Projects\NBIA Online Help\Output\WebWorks Help 5.0\NBIA Online Help\Submitting Images.5.7.html" anchor="1183700" fileposition="49" first="false" /></Entry><Entry name="creating protection group" sort="creating protection group"><Content xmlns="urn:WebWorks-Document-Schema"><TextRun><Text value="creating protection group" /></TextRun></Content><Link href="C:\Documents and Settings\hadfielj\My Documents\ePublisher Pro Projects\NBIA Online Help\Output\WebWorks Help 5.0\NBIA Online Help\Submitting Images.5.10.html" anchor="1196354" fileposition="52" first="false" /></Entry><Entry name="security for submitted images" sort="security for submitted images"><Content xmlns="urn:WebWorks-Document-Schema"><TextRun><Text value="security for submitted images" /></TextRun></Content><Link href="C:\Documents and Settings\hadfielj\My Documents\ePublisher Pro Projects\NBIA Online Help\Output\WebWorks Help 5.0\NBIA Online Help\Submitting Images.5.6.html" anchor="1183928" fileposition="48" first="false" /></Entry></Entry>
<Entry id="2_100" name="user" sort="user"><Content xmlns="urn:WebWorks-Document-Schema"><TextRun><Text value="user" /></TextRun></Content><Entry name="creating account" sort="creating account"><Content xmlns="urn:WebWorks-Document-Schema"><TextRun><Text value="creating account" /></TextRun></Content><Link href="C:\Documents and Settings\hadfielj\My Documents\ePublisher Pro Projects\NBIA Online Help\Output\WebWorks Help 5.0\NBIA Online Help\Getting Started.2.3.html" anchor="1084810" fileposition="4" first="false" /></Entry><Entry name="creating new" sort="creating new"><Content xmlns="urn:WebWorks-Document-Schema"><TextRun><Text value="creating new" /></TextRun></Content><Link href="C:\Documents and Settings\hadfielj\My Documents\ePublisher Pro Projects\NBIA Online Help\Output\WebWorks Help 5.0\NBIA Online Help\NBIA admin.6.3.html" anchor="1106199" fileposition="59" first="false" /></Entry><Entry name="login" sort="login"><Content xmlns="urn:WebWorks-Document-Schema"><TextRun><Text value="login" /></TextRun></Content><Link href="C:\Documents and Settings\hadfielj\My Documents\ePublisher Pro Projects\NBIA Online Help\Output\WebWorks Help 5.0\NBIA Online Help\Getting Started.2.5.html" anchor="1084683" fileposition="6" first="false" /></Entry></Entry>
<Entry id="2_101" name="user group, roles" sort="user group, roles"><Content xmlns="urn:WebWorks-Document-Schema"><TextRun><Text value="user group, roles" /></TextRun></Content><Link href="C:\Documents and Settings\hadfielj\My Documents\ePublisher Pro Projects\NBIA Online Help\Output\WebWorks Help 5.0\NBIA Online Help\NBIA admin.6.3.html" anchor="1106305" fileposition="59" first="false" /></Entry>
<Entry id="2_102" name="user roles" sort="user roles"><Content xmlns="urn:WebWorks-Document-Schema"><TextRun><Text value="user roles" /></TextRun></Content><Link href="C:\Documents and Settings\hadfielj\My Documents\ePublisher Pro Projects\NBIA Online Help\Output\WebWorks Help 5.0\NBIA Online Help\NBIA admin.6.3.html" anchor="1106305" fileposition="59" first="false" /></Entry>
</Group>

<Group id="2_103" name="V" sort="V">
<Entry id="2_104" name="verifying submitted files" sort="verifying submitted files"><Content xmlns="urn:WebWorks-Document-Schema"><TextRun><Text value="verifying submitted files" /></TextRun></Content><Link href="C:\Documents and Settings\hadfielj\My Documents\ePublisher Pro Projects\NBIA Online Help\Output\WebWorks Help 5.0\NBIA Online Help\NBIA admin.6.6.html" anchor="1117983" fileposition="62" first="false" /></Entry>
<Entry id="2_105" name="viewing" sort="viewing"><Content xmlns="urn:WebWorks-Document-Schema"><TextRun><Text value="viewing" /></TextRun></Content><Entry name="Query History" sort="Query History"><Content xmlns="urn:WebWorks-Document-Schema"><TextRun><Text value="Query History" /></TextRun></Content><Link href="C:\Documents and Settings\hadfielj\My Documents\ePublisher Pro Projects\NBIA Online Help\Output\WebWorks Help 5.0\NBIA Online Help\Searching NBIA.3.12.html" anchor="1116238" fileposition="30" first="false" /></Entry><Entry name="saved queries" sort="saved queries"><Content xmlns="urn:WebWorks-Document-Schema"><TextRun><Text value="saved queries" /></TextRun></Content><Link href="C:\Documents and Settings\hadfielj\My Documents\ePublisher Pro Projects\NBIA Online Help\Output\WebWorks Help 5.0\NBIA Online Help\Searching NBIA.3.10.html" anchor="1095013" fileposition="28" first="false" /></Entry></Entry>
<Entry id="2_106" name="Visualize Images button" sort="Visualize Images button"><Content xmlns="urn:WebWorks-Document-Schema"><TextRun><Text value="Visualize Images button" /></TextRun></Content><Link href="C:\Documents and Settings\hadfielj\My Documents\ePublisher Pro Projects\NBIA Online Help\Output\WebWorks Help 5.0\NBIA Online Help\Viewing Search Results.4.4.html" anchor="1198290" fileposition="35" first="false" /></Entry>
<Entry id="2_107" name="visualizing images, (Studies for Subject)" sort="visualizing images, (Studies for Subject)"><Content xmlns="urn:WebWorks-Document-Schema"><TextRun><Text value="visualizing images, (Studies for Subject)" /></TextRun></Content><Link href="C:\Documents and Settings\hadfielj\My Documents\ePublisher Pro Projects\NBIA Online Help\Output\WebWorks Help 5.0\NBIA Online Help\Viewing Search Results.4.4.html" anchor="1198290" fileposition="35" first="false" /></Entry>
</Group>

<Group id="2_108" name="W" sort="W">
</Group>

<Group id="2_109" name="X" sort="X">
</Group>

<Group id="2_110" name="Y" sort="Y">
</Group>

<Group id="2_111" name="Z" sort="Z">
</Group>
</Section>
</Index>