<?xml version="1.0" encoding="utf-8"?>
<Report version="1.0" xmlns="urn:WebWorks-Reports-Schema">
  <Entry context="topics" type="topic-link" severity="message">
    <Description>Topic 'user_registration_help' resolves to the file 'Getting Started.2.3.html'.</Description>
    <Navigation context="source">
      <Link protocol="adapter">
        <Data key="Path" value="C:\Documents and Settings\hadfielj\My Documents\CBIIT Projects\NBIA\NBIA 4.2 user guide and online help\Getting Started.fm" />
        <Data key="DocumentID" value="E51F84D3374EA714" />
        <Data key="ID" value="1084793" />
      </Link>
    </Navigation>
    <Navigation context="output">
      <wwreport:Link protocol="wwh5api" xmlns:wwreport="urn:WebWorks-Reports-Schema">
        <wwreport:Data key="BaseURI" value="file:///C:/Documents%20and%20Settings/hadfielj/My%20Documents/ePublisher%20Pro%20Projects/NBIA%20Online%20Help/Output/WebWorks%20Help%205.0/NBIA%20Online%20Help" />
        <wwreport:Data key="Context" value="NBIA_Online_Help" />
        <wwreport:Data key="Topic" value="user_registration_help" />
      </wwreport:Link>
    </Navigation>
    <Navigation context="details">
      <Link protocol="wwh5api">
        <Data key="BaseURI" value="file:///C:/Program%20Files/WebWorks/ePublisher%20Pro/Help/en" />
        <Data key="Context" value="reports" />
        <Data key="Topic" value="topic_links" />
      </Link>
    </Navigation>
  </Entry>
  <Entry context="topics" type="topic-link" severity="message">
    <Description>Topic 'welcome_login_help' resolves to the file 'Getting Started.2.5.html'.</Description>
    <Navigation context="source">
      <Link protocol="adapter">
        <Data key="Path" value="C:\Documents and Settings\hadfielj\My Documents\CBIIT Projects\NBIA\NBIA 4.2 user guide and online help\Getting Started.fm" />
        <Data key="DocumentID" value="E51F84D3374EA714" />
        <Data key="ID" value="1149786" />
      </Link>
    </Navigation>
    <Navigation context="output">
      <wwreport:Link protocol="wwh5api" xmlns:wwreport="urn:WebWorks-Reports-Schema">
        <wwreport:Data key="BaseURI" value="file:///C:/Documents%20and%20Settings/hadfielj/My%20Documents/ePublisher%20Pro%20Projects/NBIA%20Online%20Help/Output/WebWorks%20Help%205.0/NBIA%20Online%20Help" />
        <wwreport:Data key="Context" value="NBIA_Online_Help" />
        <wwreport:Data key="Topic" value="welcome_login_help" />
      </wwreport:Link>
    </Navigation>
    <Navigation context="details">
      <Link protocol="wwh5api">
        <Data key="BaseURI" value="file:///C:/Program%20Files/WebWorks/ePublisher%20Pro/Help/en" />
        <Data key="Context" value="reports" />
        <Data key="Topic" value="topic_links" />
      </Link>
    </Navigation>
  </Entry>
  <Entry context="topics" type="topic-link" severity="message">
    <Description>Topic 'change_password_help' resolves to the file 'Getting Started.2.6.html'.</Description>
    <Navigation context="source">
      <Link protocol="adapter">
        <Data key="Path" value="C:\Documents and Settings\hadfielj\My Documents\CBIIT Projects\NBIA\NBIA 4.2 user guide and online help\Getting Started.fm" />
        <Data key="DocumentID" value="E51F84D3374EA714" />
        <Data key="ID" value="1109695" />
      </Link>
    </Navigation>
    <Navigation context="output">
      <wwreport:Link protocol="wwh5api" xmlns:wwreport="urn:WebWorks-Reports-Schema">
        <wwreport:Data key="BaseURI" value="file:///C:/Documents%20and%20Settings/hadfielj/My%20Documents/ePublisher%20Pro%20Projects/NBIA%20Online%20Help/Output/WebWorks%20Help%205.0/NBIA%20Online%20Help" />
        <wwreport:Data key="Context" value="NBIA_Online_Help" />
        <wwreport:Data key="Topic" value="change_password_help" />
      </wwreport:Link>
    </Navigation>
    <Navigation context="details">
      <Link protocol="wwh5api">
        <Data key="BaseURI" value="file:///C:/Program%20Files/WebWorks/ePublisher%20Pro/Help/en" />
        <Data key="Context" value="reports" />
        <Data key="Topic" value="topic_links" />
      </Link>
    </Navigation>
  </Entry>
  <Entry context="topics" type="topic-link" severity="message">
    <Description>Topic 'welcome_post_login_help' resolves to the file 'Getting Started.2.7.html'.</Description>
    <Navigation context="source">
      <Link protocol="adapter">
        <Data key="Path" value="C:\Documents and Settings\hadfielj\My Documents\CBIIT Projects\NBIA\NBIA 4.2 user guide and online help\Getting Started.fm" />
        <Data key="DocumentID" value="E51F84D3374EA714" />
        <Data key="ID" value="1155561" />
      </Link>
    </Navigation>
    <Navigation context="output">
      <wwreport:Link protocol="wwh5api" xmlns:wwreport="urn:WebWorks-Reports-Schema">
        <wwreport:Data key="BaseURI" value="file:///C:/Documents%20and%20Settings/hadfielj/My%20Documents/ePublisher%20Pro%20Projects/NBIA%20Online%20Help/Output/WebWorks%20Help%205.0/NBIA%20Online%20Help" />
        <wwreport:Data key="Context" value="NBIA_Online_Help" />
        <wwreport:Data key="Topic" value="welcome_post_login_help" />
      </wwreport:Link>
    </Navigation>
    <Navigation context="details">
      <Link protocol="wwh5api">
        <Data key="BaseURI" value="file:///C:/Program%20Files/WebWorks/ePublisher%20Pro/Help/en" />
        <Data key="Context" value="reports" />
        <Data key="Topic" value="topic_links" />
      </Link>
    </Navigation>
  </Entry>
  <Entry context="topics" type="topic-link" severity="message">
    <Description>Topic 'news_page_help' resolves to the file 'Getting Started.2.12.html'.</Description>
    <Navigation context="source">
      <Link protocol="adapter">
        <Data key="Path" value="C:\Documents and Settings\hadfielj\My Documents\CBIIT Projects\NBIA\NBIA 4.2 user guide and online help\Getting Started.fm" />
        <Data key="DocumentID" value="E51F84D3374EA714" />
        <Data key="ID" value="1091593" />
      </Link>
    </Navigation>
    <Navigation context="output">
      <wwreport:Link protocol="wwh5api" xmlns:wwreport="urn:WebWorks-Reports-Schema">
        <wwreport:Data key="BaseURI" value="file:///C:/Documents%20and%20Settings/hadfielj/My%20Documents/ePublisher%20Pro%20Projects/NBIA%20Online%20Help/Output/WebWorks%20Help%205.0/NBIA%20Online%20Help" />
        <wwreport:Data key="Context" value="NBIA_Online_Help" />
        <wwreport:Data key="Topic" value="news_page_help" />
      </wwreport:Link>
    </Navigation>
    <Navigation context="details">
      <Link protocol="wwh5api">
        <Data key="BaseURI" value="file:///C:/Program%20Files/WebWorks/ePublisher%20Pro/Help/en" />
        <Data key="Context" value="reports" />
        <Data key="Topic" value="topic_links" />
      </Link>
    </Navigation>
  </Entry>
  <Entry context="topics" type="topic-link" severity="message">
    <Description>Topic 'online_help_help' resolves to the file 'Getting Started.2.17.html'.</Description>
    <Navigation context="source">
      <Link protocol="adapter">
        <Data key="Path" value="C:\Documents and Settings\hadfielj\My Documents\CBIIT Projects\NBIA\NBIA 4.2 user guide and online help\Getting Started.fm" />
        <Data key="DocumentID" value="E51F84D3374EA714" />
        <Data key="ID" value="1158282" />
      </Link>
    </Navigation>
    <Navigation context="output">
      <wwreport:Link protocol="wwh5api" xmlns:wwreport="urn:WebWorks-Reports-Schema">
        <wwreport:Data key="BaseURI" value="file:///C:/Documents%20and%20Settings/hadfielj/My%20Documents/ePublisher%20Pro%20Projects/NBIA%20Online%20Help/Output/WebWorks%20Help%205.0/NBIA%20Online%20Help" />
        <wwreport:Data key="Context" value="NBIA_Online_Help" />
        <wwreport:Data key="Topic" value="online_help_help" />
      </wwreport:Link>
    </Navigation>
    <Navigation context="details">
      <Link protocol="wwh5api">
        <Data key="BaseURI" value="file:///C:/Program%20Files/WebWorks/ePublisher%20Pro/Help/en" />
        <Data key="Context" value="reports" />
        <Data key="Topic" value="topic_links" />
      </Link>
    </Navigation>
  </Entry>
  <Entry context="topics" type="topic-link" severity="message">
    <Description>Topic 'simple_search_help' resolves to the file 'Searching NBIA.3.3.html'.</Description>
    <Navigation context="source">
      <Link protocol="adapter">
        <Data key="Path" value="C:\Documents and Settings\hadfielj\My Documents\CBIIT Projects\NBIA\NBIA 4.2 user guide and online help\Searching NBIA.fm" />
        <Data key="DocumentID" value="DC3845D1CA44D369" />
        <Data key="ID" value="1066741" />
      </Link>
    </Navigation>
    <Navigation context="output">
      <wwreport:Link protocol="wwh5api" xmlns:wwreport="urn:WebWorks-Reports-Schema">
        <wwreport:Data key="BaseURI" value="file:///C:/Documents%20and%20Settings/hadfielj/My%20Documents/ePublisher%20Pro%20Projects/NBIA%20Online%20Help/Output/WebWorks%20Help%205.0/NBIA%20Online%20Help" />
        <wwreport:Data key="Context" value="NBIA_Online_Help" />
        <wwreport:Data key="Topic" value="simple_search_help" />
      </wwreport:Link>
    </Navigation>
    <Navigation context="details">
      <Link protocol="wwh5api">
        <Data key="BaseURI" value="file:///C:/Program%20Files/WebWorks/ePublisher%20Pro/Help/en" />
        <Data key="Context" value="reports" />
        <Data key="Topic" value="topic_links" />
      </Link>
    </Navigation>
  </Entry>
  <Entry context="topics" type="topic-link" severity="message">
    <Description>Topic 'advanced_search_help' resolves to the file 'Searching NBIA.3.4.html'.</Description>
    <Navigation context="source">
      <Link protocol="adapter">
        <Data key="Path" value="C:\Documents and Settings\hadfielj\My Documents\CBIIT Projects\NBIA\NBIA 4.2 user guide and online help\Searching NBIA.fm" />
        <Data key="DocumentID" value="DC3845D1CA44D369" />
        <Data key="ID" value="1207980" />
      </Link>
    </Navigation>
    <Navigation context="output">
      <wwreport:Link protocol="wwh5api" xmlns:wwreport="urn:WebWorks-Reports-Schema">
        <wwreport:Data key="BaseURI" value="file:///C:/Documents%20and%20Settings/hadfielj/My%20Documents/ePublisher%20Pro%20Projects/NBIA%20Online%20Help/Output/WebWorks%20Help%205.0/NBIA%20Online%20Help" />
        <wwreport:Data key="Context" value="NBIA_Online_Help" />
        <wwreport:Data key="Topic" value="advanced_search_help" />
      </wwreport:Link>
    </Navigation>
    <Navigation context="details">
      <Link protocol="wwh5api">
        <Data key="BaseURI" value="file:///C:/Program%20Files/WebWorks/ePublisher%20Pro/Help/en" />
        <Data key="Context" value="reports" />
        <Data key="Topic" value="topic_links" />
      </Link>
    </Navigation>
  </Entry>
  <Entry context="topics" type="topic-link" severity="message">
    <Description>Topic 'annotation_keyword_search_help' resolves to the file 'Searching NBIA.3.5.html'.</Description>
    <Navigation context="source">
      <Link protocol="adapter">
        <Data key="Path" value="C:\Documents and Settings\hadfielj\My Documents\CBIIT Projects\NBIA\NBIA 4.2 user guide and online help\Searching NBIA.fm" />
        <Data key="DocumentID" value="DC3845D1CA44D369" />
        <Data key="ID" value="1095060" />
      </Link>
    </Navigation>
    <Navigation context="output">
      <wwreport:Link protocol="wwh5api" xmlns:wwreport="urn:WebWorks-Reports-Schema">
        <wwreport:Data key="BaseURI" value="file:///C:/Documents%20and%20Settings/hadfielj/My%20Documents/ePublisher%20Pro%20Projects/NBIA%20Online%20Help/Output/WebWorks%20Help%205.0/NBIA%20Online%20Help" />
        <wwreport:Data key="Context" value="NBIA_Online_Help" />
        <wwreport:Data key="Topic" value="annotation_keyword_search_help" />
      </wwreport:Link>
    </Navigation>
    <Navigation context="details">
      <Link protocol="wwh5api">
        <Data key="BaseURI" value="file:///C:/Program%20Files/WebWorks/ePublisher%20Pro/Help/en" />
        <Data key="Context" value="reports" />
        <Data key="Topic" value="topic_links" />
      </Link>
    </Navigation>
  </Entry>
  <Entry context="topics" type="topic-link" severity="message">
    <Description>Topic 'remote_site_help' resolves to the file 'Searching NBIA.3.7.html'.</Description>
    <Navigation context="source">
      <Link protocol="adapter">
        <Data key="Path" value="C:\Documents and Settings\hadfielj\My Documents\CBIIT Projects\NBIA\NBIA 4.2 user guide and online help\Searching NBIA.fm" />
        <Data key="DocumentID" value="DC3845D1CA44D369" />
        <Data key="ID" value="1205557" />
      </Link>
    </Navigation>
    <Navigation context="output">
      <wwreport:Link protocol="wwh5api" xmlns:wwreport="urn:WebWorks-Reports-Schema">
        <wwreport:Data key="BaseURI" value="file:///C:/Documents%20and%20Settings/hadfielj/My%20Documents/ePublisher%20Pro%20Projects/NBIA%20Online%20Help/Output/WebWorks%20Help%205.0/NBIA%20Online%20Help" />
        <wwreport:Data key="Context" value="NBIA_Online_Help" />
        <wwreport:Data key="Topic" value="remote_site_help" />
      </wwreport:Link>
    </Navigation>
    <Navigation context="details">
      <Link protocol="wwh5api">
        <Data key="BaseURI" value="file:///C:/Program%20Files/WebWorks/ePublisher%20Pro/Help/en" />
        <Data key="Context" value="reports" />
        <Data key="Topic" value="topic_links" />
      </Link>
    </Navigation>
  </Entry>
  <Entry context="topics" type="topic-link" severity="message">
    <Description>Topic 'saved_queries_help' resolves to the file 'Searching NBIA.3.10.html'.</Description>
    <Navigation context="source">
      <Link protocol="adapter">
        <Data key="Path" value="C:\Documents and Settings\hadfielj\My Documents\CBIIT Projects\NBIA\NBIA 4.2 user guide and online help\Searching NBIA.fm" />
        <Data key="DocumentID" value="DC3845D1CA44D369" />
        <Data key="ID" value="1066885" />
      </Link>
    </Navigation>
    <Navigation context="output">
      <wwreport:Link protocol="wwh5api" xmlns:wwreport="urn:WebWorks-Reports-Schema">
        <wwreport:Data key="BaseURI" value="file:///C:/Documents%20and%20Settings/hadfielj/My%20Documents/ePublisher%20Pro%20Projects/NBIA%20Online%20Help/Output/WebWorks%20Help%205.0/NBIA%20Online%20Help" />
        <wwreport:Data key="Context" value="NBIA_Online_Help" />
        <wwreport:Data key="Topic" value="saved_queries_help" />
      </wwreport:Link>
    </Navigation>
    <Navigation context="details">
      <Link protocol="wwh5api">
        <Data key="BaseURI" value="file:///C:/Program%20Files/WebWorks/ePublisher%20Pro/Help/en" />
        <Data key="Context" value="reports" />
        <Data key="Topic" value="topic_links" />
      </Link>
    </Navigation>
  </Entry>
  <Entry context="topics" type="topic-link" severity="message">
    <Description>Topic 'save_edited_query_help' resolves to the file 'Searching NBIA.3.11.html'.</Description>
    <Navigation context="source">
      <Link protocol="adapter">
        <Data key="Path" value="C:\Documents and Settings\hadfielj\My Documents\CBIIT Projects\NBIA\NBIA 4.2 user guide and online help\Searching NBIA.fm" />
        <Data key="DocumentID" value="DC3845D1CA44D369" />
        <Data key="ID" value="1153808" />
      </Link>
    </Navigation>
    <Navigation context="output">
      <wwreport:Link protocol="wwh5api" xmlns:wwreport="urn:WebWorks-Reports-Schema">
        <wwreport:Data key="BaseURI" value="file:///C:/Documents%20and%20Settings/hadfielj/My%20Documents/ePublisher%20Pro%20Projects/NBIA%20Online%20Help/Output/WebWorks%20Help%205.0/NBIA%20Online%20Help" />
        <wwreport:Data key="Context" value="NBIA_Online_Help" />
        <wwreport:Data key="Topic" value="save_edited_query_help" />
      </wwreport:Link>
    </Navigation>
    <Navigation context="details">
      <Link protocol="wwh5api">
        <Data key="BaseURI" value="file:///C:/Program%20Files/WebWorks/ePublisher%20Pro/Help/en" />
        <Data key="Context" value="reports" />
        <Data key="Topic" value="topic_links" />
      </Link>
    </Navigation>
  </Entry>
  <Entry context="topics" type="topic-link" severity="message">
    <Description>Topic 'query_history_help' resolves to the file 'Searching NBIA.3.12.html'.</Description>
    <Navigation context="source">
      <Link protocol="adapter">
        <Data key="Path" value="C:\Documents and Settings\hadfielj\My Documents\CBIIT Projects\NBIA\NBIA 4.2 user guide and online help\Searching NBIA.fm" />
        <Data key="DocumentID" value="DC3845D1CA44D369" />
        <Data key="ID" value="1092117" />
      </Link>
    </Navigation>
    <Navigation context="output">
      <wwreport:Link protocol="wwh5api" xmlns:wwreport="urn:WebWorks-Reports-Schema">
        <wwreport:Data key="BaseURI" value="file:///C:/Documents%20and%20Settings/hadfielj/My%20Documents/ePublisher%20Pro%20Projects/NBIA%20Online%20Help/Output/WebWorks%20Help%205.0/NBIA%20Online%20Help" />
        <wwreport:Data key="Context" value="NBIA_Online_Help" />
        <wwreport:Data key="Topic" value="query_history_help" />
      </wwreport:Link>
    </Navigation>
    <Navigation context="details">
      <Link protocol="wwh5api">
        <Data key="BaseURI" value="file:///C:/Program%20Files/WebWorks/ePublisher%20Pro/Help/en" />
        <Data key="Context" value="reports" />
        <Data key="Topic" value="topic_links" />
      </Link>
    </Navigation>
  </Entry>
  <Entry context="topics" type="topic-link" severity="message">
    <Description>Topic 'search_results_by_subject_help' resolves to the file 'Viewing Search Results.4.3.html'.</Description>
    <Navigation context="source">
      <Link protocol="adapter">
        <Data key="Path" value="C:\Documents and Settings\hadfielj\My Documents\CBIIT Projects\NBIA\NBIA 4.2 user guide and online help\Viewing Search Results.fm" />
        <Data key="DocumentID" value="67FC8BC25B98DD1F" />
        <Data key="ID" value="1085991" />
      </Link>
    </Navigation>
    <Navigation context="output">
      <wwreport:Link protocol="wwh5api" xmlns:wwreport="urn:WebWorks-Reports-Schema">
        <wwreport:Data key="BaseURI" value="file:///C:/Documents%20and%20Settings/hadfielj/My%20Documents/ePublisher%20Pro%20Projects/NBIA%20Online%20Help/Output/WebWorks%20Help%205.0/NBIA%20Online%20Help" />
        <wwreport:Data key="Context" value="NBIA_Online_Help" />
        <wwreport:Data key="Topic" value="search_results_by_subject_help" />
      </wwreport:Link>
    </Navigation>
    <Navigation context="details">
      <Link protocol="wwh5api">
        <Data key="BaseURI" value="file:///C:/Program%20Files/WebWorks/ePublisher%20Pro/Help/en" />
        <Data key="Context" value="reports" />
        <Data key="Topic" value="topic_links" />
      </Link>
    </Navigation>
  </Entry>
  <Entry context="topics" type="topic-link" severity="message">
    <Description>Topic 'search_results_studies_for_subject_help' resolves to the file 'Viewing Search Results.4.4.html'.</Description>
    <Navigation context="source">
      <Link protocol="adapter">
        <Data key="Path" value="C:\Documents and Settings\hadfielj\My Documents\CBIIT Projects\NBIA\NBIA 4.2 user guide and online help\Viewing Search Results.fm" />
        <Data key="DocumentID" value="67FC8BC25B98DD1F" />
        <Data key="ID" value="1069240" />
      </Link>
    </Navigation>
    <Navigation context="output">
      <wwreport:Link protocol="wwh5api" xmlns:wwreport="urn:WebWorks-Reports-Schema">
        <wwreport:Data key="BaseURI" value="file:///C:/Documents%20and%20Settings/hadfielj/My%20Documents/ePublisher%20Pro%20Projects/NBIA%20Online%20Help/Output/WebWorks%20Help%205.0/NBIA%20Online%20Help" />
        <wwreport:Data key="Context" value="NBIA_Online_Help" />
        <wwreport:Data key="Topic" value="search_results_studies_for_subject_help" />
      </wwreport:Link>
    </Navigation>
    <Navigation context="details">
      <Link protocol="wwh5api">
        <Data key="BaseURI" value="file:///C:/Program%20Files/WebWorks/ePublisher%20Pro/Help/en" />
        <Data key="Context" value="reports" />
        <Data key="Topic" value="topic_links" />
      </Link>
    </Navigation>
  </Entry>
  <Entry context="topics" type="topic-link" severity="message">
    <Description>Topic 'search_results_images_for series_help' resolves to the file 'Viewing Search Results.4.5.html'.</Description>
    <Navigation context="source">
      <Link protocol="adapter">
        <Data key="Path" value="C:\Documents and Settings\hadfielj\My Documents\CBIIT Projects\NBIA\NBIA 4.2 user guide and online help\Viewing Search Results.fm" />
        <Data key="DocumentID" value="67FC8BC25B98DD1F" />
        <Data key="ID" value="1069282" />
      </Link>
    </Navigation>
    <Navigation context="output">
      <wwreport:Link protocol="wwh5api" xmlns:wwreport="urn:WebWorks-Reports-Schema">
        <wwreport:Data key="BaseURI" value="file:///C:/Documents%20and%20Settings/hadfielj/My%20Documents/ePublisher%20Pro%20Projects/NBIA%20Online%20Help/Output/WebWorks%20Help%205.0/NBIA%20Online%20Help" />
        <wwreport:Data key="Context" value="NBIA_Online_Help" />
        <wwreport:Data key="Topic" value="search_results_images_for series_help" />
      </wwreport:Link>
    </Navigation>
    <Navigation context="details">
      <Link protocol="wwh5api">
        <Data key="BaseURI" value="file:///C:/Program%20Files/WebWorks/ePublisher%20Pro/Help/en" />
        <Data key="Context" value="reports" />
        <Data key="Topic" value="topic_links" />
      </Link>
    </Navigation>
  </Entry>
  <Entry context="topics" type="topic-link" severity="message">
    <Description>Topic 'data_basket_help' resolves to the file 'Viewing Search Results.4.9.html'.</Description>
    <Navigation context="source">
      <Link protocol="adapter">
        <Data key="Path" value="C:\Documents and Settings\hadfielj\My Documents\CBIIT Projects\NBIA\NBIA 4.2 user guide and online help\Viewing Search Results.fm" />
        <Data key="DocumentID" value="67FC8BC25B98DD1F" />
        <Data key="ID" value="1070197" />
      </Link>
    </Navigation>
    <Navigation context="output">
      <wwreport:Link protocol="wwh5api" xmlns:wwreport="urn:WebWorks-Reports-Schema">
        <wwreport:Data key="BaseURI" value="file:///C:/Documents%20and%20Settings/hadfielj/My%20Documents/ePublisher%20Pro%20Projects/NBIA%20Online%20Help/Output/WebWorks%20Help%205.0/NBIA%20Online%20Help" />
        <wwreport:Data key="Context" value="NBIA_Online_Help" />
        <wwreport:Data key="Topic" value="data_basket_help" />
      </wwreport:Link>
    </Navigation>
    <Navigation context="details">
      <Link protocol="wwh5api">
        <Data key="BaseURI" value="file:///C:/Program%20Files/WebWorks/ePublisher%20Pro/Help/en" />
        <Data key="Context" value="reports" />
        <Data key="Topic" value="topic_links" />
      </Link>
    </Navigation>
  </Entry>
  <Entry context="topics" type="topic-link" severity="message">
    <Description>Topic 'QA_tool_help' resolves to the file 'NBIA admin.6.4.html'.</Description>
    <Navigation context="source">
      <Link protocol="adapter">
        <Data key="Path" value="C:\Documents and Settings\hadfielj\My Documents\CBIIT Projects\NBIA\NBIA 4.2 user guide and online help\NBIA admin.fm" />
        <Data key="DocumentID" value="6B8D7D2585F713DF" />
        <Data key="ID" value="1084993" />
      </Link>
    </Navigation>
    <Navigation context="output">
      <wwreport:Link protocol="wwh5api" xmlns:wwreport="urn:WebWorks-Reports-Schema">
        <wwreport:Data key="BaseURI" value="file:///C:/Documents%20and%20Settings/hadfielj/My%20Documents/ePublisher%20Pro%20Projects/NBIA%20Online%20Help/Output/WebWorks%20Help%205.0/NBIA%20Online%20Help" />
        <wwreport:Data key="Context" value="NBIA_Online_Help" />
        <wwreport:Data key="Topic" value="QA_tool_help" />
      </wwreport:Link>
    </Navigation>
    <Navigation context="details">
      <Link protocol="wwh5api">
        <Data key="BaseURI" value="file:///C:/Program%20Files/WebWorks/ePublisher%20Pro/Help/en" />
        <Data key="Context" value="reports" />
        <Data key="Topic" value="topic_links" />
      </Link>
    </Navigation>
  </Entry>
  <Entry context="topics" type="topic-link" severity="message">
    <Description>Topic 'upload_spreadsheet_help' resolves to the file 'NBIA admin.6.5.html'.</Description>
    <Navigation context="source">
      <Link protocol="adapter">
        <Data key="Path" value="C:\Documents and Settings\hadfielj\My Documents\CBIIT Projects\NBIA\NBIA 4.2 user guide and online help\NBIA admin.fm" />
        <Data key="DocumentID" value="6B8D7D2585F713DF" />
        <Data key="ID" value="1092076" />
      </Link>
    </Navigation>
    <Navigation context="output">
      <wwreport:Link protocol="wwh5api" xmlns:wwreport="urn:WebWorks-Reports-Schema">
        <wwreport:Data key="BaseURI" value="file:///C:/Documents%20and%20Settings/hadfielj/My%20Documents/ePublisher%20Pro%20Projects/NBIA%20Online%20Help/Output/WebWorks%20Help%205.0/NBIA%20Online%20Help" />
        <wwreport:Data key="Context" value="NBIA_Online_Help" />
        <wwreport:Data key="Topic" value="upload_spreadsheet_help" />
      </wwreport:Link>
    </Navigation>
    <Navigation context="details">
      <Link protocol="wwh5api">
        <Data key="BaseURI" value="file:///C:/Program%20Files/WebWorks/ePublisher%20Pro/Help/en" />
        <Data key="Context" value="reports" />
        <Data key="Topic" value="topic_links" />
      </Link>
    </Navigation>
  </Entry>
  <Entry context="topics" type="topic-link" severity="message">
    <Description>Topic 'verifying_submitted_files_help' resolves to the file 'NBIA admin.6.6.html'.</Description>
    <Navigation context="source">
      <Link protocol="adapter">
        <Data key="Path" value="C:\Documents and Settings\hadfielj\My Documents\CBIIT Projects\NBIA\NBIA 4.2 user guide and online help\NBIA admin.fm" />
        <Data key="DocumentID" value="6B8D7D2585F713DF" />
        <Data key="ID" value="1117979" />
      </Link>
    </Navigation>
    <Navigation context="output">
      <wwreport:Link protocol="wwh5api" xmlns:wwreport="urn:WebWorks-Reports-Schema">
        <wwreport:Data key="BaseURI" value="file:///C:/Documents%20and%20Settings/hadfielj/My%20Documents/ePublisher%20Pro%20Projects/NBIA%20Online%20Help/Output/WebWorks%20Help%205.0/NBIA%20Online%20Help" />
        <wwreport:Data key="Context" value="NBIA_Online_Help" />
        <wwreport:Data key="Topic" value="verifying_submitted_files_help" />
      </wwreport:Link>
    </Navigation>
    <Navigation context="details">
      <Link protocol="wwh5api">
        <Data key="BaseURI" value="file:///C:/Program%20Files/WebWorks/ePublisher%20Pro/Help/en" />
        <Data key="Context" value="reports" />
        <Data key="Topic" value="topic_links" />
      </Link>
    </Navigation>
  </Entry>
  <Entry context="topics" type="topic-link" severity="message">
    <Description>Topic 'verify_submitted_files' resolves to the file 'NBIA admin.6.6.html'.</Description>
    <Navigation context="source">
      <Link protocol="adapter">
        <Data key="Path" value="C:\Documents and Settings\hadfielj\My Documents\CBIIT Projects\NBIA\NBIA 4.2 user guide and online help\NBIA admin.fm" />
        <Data key="DocumentID" value="6B8D7D2585F713DF" />
        <Data key="ID" value="1117979" />
      </Link>
    </Navigation>
    <Navigation context="output">
      <wwreport:Link protocol="wwh5api" xmlns:wwreport="urn:WebWorks-Reports-Schema">
        <wwreport:Data key="BaseURI" value="file:///C:/Documents%20and%20Settings/hadfielj/My%20Documents/ePublisher%20Pro%20Projects/NBIA%20Online%20Help/Output/WebWorks%20Help%205.0/NBIA%20Online%20Help" />
        <wwreport:Data key="Context" value="NBIA_Online_Help" />
        <wwreport:Data key="Topic" value="verify_submitted_files" />
      </wwreport:Link>
    </Navigation>
    <Navigation context="details">
      <Link protocol="wwh5api">
        <Data key="BaseURI" value="file:///C:/Program%20Files/WebWorks/ePublisher%20Pro/Help/en" />
        <Data key="Context" value="reports" />
        <Data key="Topic" value="topic_links" />
      </Link>
    </Navigation>
  </Entry>
</Report>