<?xml version="1.0" encoding="utf-8"?>
<Splits version="1.0" xmlns="urn:WebWorks-Engine-Splits-Schema">
  <File groupID="FF92C237173A572" documentID="" id="" type="copy" source="wwformat:Files/wwhelp/wwhimpl/common/html/default.htm" path="C:\Documents and Settings\hadfielj\My Documents\ePublisher Pro Projects\NBIA Online Help\Output\WebWorks Help 5.0\NBIA Online Help\wwhelp\wwhimpl\common\html\default.htm" title="" />
  <File groupID="FF92C237173A572" documentID="" id="" type="copy" source="wwformat:Files/images/collapse.gif" path="C:\Documents and Settings\hadfielj\My Documents\ePublisher Pro Projects\NBIA Online Help\Output\WebWorks Help 5.0\NBIA Online Help\images\collapse.gif" title="" />
  <File groupID="FF92C237173A572" documentID="" id="" type="copy" source="wwformat:Files/images/expanded.gif" path="C:\Documents and Settings\hadfielj\My Documents\ePublisher Pro Projects\NBIA Online Help\Output\WebWorks Help 5.0\NBIA Online Help\images\expanded.gif" title="" />
  <File groupID="FF92C237173A572" documentID="" id="" type="copy" source="wwformat:Files/images/seebttm.gif" path="C:\Documents and Settings\hadfielj\My Documents\ePublisher Pro Projects\NBIA Online Help\Output\WebWorks Help 5.0\NBIA Online Help\images\seebttm.gif" title="" />
  <File groupID="FF92C237173A572" documentID="" id="" type="copy" source="wwformat:Files/images/seelflow.gif" path="C:\Documents and Settings\hadfielj\My Documents\ePublisher Pro Projects\NBIA Online Help\Output\WebWorks Help 5.0\NBIA Online Help\images\seelflow.gif" title="" />
  <File groupID="FF92C237173A572" documentID="" id="" type="copy" source="wwformat:Files/images/seeright.gif" path="C:\Documents and Settings\hadfielj\My Documents\ePublisher Pro Projects\NBIA Online Help\Output\WebWorks Help 5.0\NBIA Online Help\images\seeright.gif" title="" />
  <File groupID="FF92C237173A572" documentID="" id="" type="copy" source="wwformat:Files/images/seertlow.gif" path="C:\Documents and Settings\hadfielj\My Documents\ePublisher Pro Projects\NBIA Online Help\Output\WebWorks Help 5.0\NBIA Online Help\images\seertlow.gif" title="" />
  <File groupID="FF92C237173A572" documentID="" id="" type="copy" source="wwformat:Files/images/seertup.gif" path="C:\Documents and Settings\hadfielj\My Documents\ePublisher Pro Projects\NBIA Online Help\Output\WebWorks Help 5.0\NBIA Online Help\images\seertup.gif" title="" />
  <File groupID="FF92C237173A572" documentID="" id="" type="copy" source="wwformat:Files/images/Thumbs.db" path="C:\Documents and Settings\hadfielj\My Documents\ePublisher Pro Projects\NBIA Online Help\Output\WebWorks Help 5.0\NBIA Online Help\images\Thumbs.db" title="" />
  <File groupID="FF92C237173A572" documentID="" id="" type="copy" source="wwformat:Files/wwhdata/common/synonyms.xml" path="C:\Documents and Settings\hadfielj\My Documents\ePublisher Pro Projects\NBIA Online Help\Output\WebWorks Help 5.0\NBIA Online Help\wwhdata\common\synonyms.xml" title="" />
  <File groupID="FF92C237173A572" documentID="" id="" type="copy" source="wwformat:Files/wwhdata/common/towwhdir.js" path="C:\Documents and Settings\hadfielj\My Documents\ePublisher Pro Projects\NBIA Online Help\Output\WebWorks Help 5.0\NBIA Online Help\wwhdata\common\towwhdir.js" title="" />
  <File groupID="FF92C237173A572" documentID="" id="" type="copy" source="wwformat:Files/wwhdata/common/wwhpagef.js" path="C:\Documents and Settings\hadfielj\My Documents\ePublisher Pro Projects\NBIA Online Help\Output\WebWorks Help 5.0\NBIA Online Help\wwhdata\common\wwhpagef.js" title="" />
  <File groupID="FF92C237173A572" documentID="" id="" type="copy" source="wwformat:Files/wwhelp/messages.xml" path="C:\Documents and Settings\hadfielj\My Documents\ePublisher Pro Projects\NBIA Online Help\Output\WebWorks Help 5.0\NBIA Online Help\wwhelp\messages.xml" title="" />
  <File groupID="FF92C237173A572" documentID="" id="" type="copy" source="wwformat:Files/wwhelp/images/altclose.gif" path="C:\Documents and Settings\hadfielj\My Documents\ePublisher Pro Projects\NBIA Online Help\Output\WebWorks Help 5.0\NBIA Online Help\wwhelp\images\altclose.gif" title="" />
  <File groupID="FF92C237173A572" documentID="" id="" type="copy" source="wwformat:Files/wwhelp/images/altopen.gif" path="C:\Documents and Settings\hadfielj\My Documents\ePublisher Pro Projects\NBIA Online Help\Output\WebWorks Help 5.0\NBIA Online Help\wwhelp\images\altopen.gif" title="" />
  <File groupID="FF92C237173A572" documentID="" id="" type="copy" source="wwformat:Files/wwhelp/wwhimpl/api.htm" path="C:\Documents and Settings\hadfielj\My Documents\ePublisher Pro Projects\NBIA Online Help\Output\WebWorks Help 5.0\NBIA Online Help\wwhelp\wwhimpl\api.htm" title="" />
  <File groupID="FF92C237173A572" documentID="" id="" type="copy" source="wwformat:Files/wwhelp/wwhimpl/version.htm" path="C:\Documents and Settings\hadfielj\My Documents\ePublisher Pro Projects\NBIA Online Help\Output\WebWorks Help 5.0\NBIA Online Help\wwhelp\wwhimpl\version.htm" title="" />
  <File groupID="FF92C237173A572" documentID="" id="" type="copy" source="wwformat:Files/wwhelp/wwhimpl/common/html/alinks.htm" path="C:\Documents and Settings\hadfielj\My Documents\ePublisher Pro Projects\NBIA Online Help\Output\WebWorks Help 5.0\NBIA Online Help\wwhelp\wwhimpl\common\html\alinks.htm" title="" />
  <File groupID="FF92C237173A572" documentID="" id="" type="copy" source="wwformat:Files/wwhelp/wwhimpl/common/html/blank.htm" path="C:\Documents and Settings\hadfielj\My Documents\ePublisher Pro Projects\NBIA Online Help\Output\WebWorks Help 5.0\NBIA Online Help\wwhelp\wwhimpl\common\html\blank.htm" title="" />
  <File groupID="FF92C237173A572" documentID="" id="" type="copy" source="wwformat:Files/wwhelp/wwhimpl/common/html/bookmark.htm" path="C:\Documents and Settings\hadfielj\My Documents\ePublisher Pro Projects\NBIA Online Help\Output\WebWorks Help 5.0\NBIA Online Help\wwhelp\wwhimpl\common\html\bookmark.htm" title="" />
  <File groupID="FF92C237173A572" documentID="" id="" type="copy" source="wwformat:Files/wwhelp/wwhimpl/common/html/content.htm" path="C:\Documents and Settings\hadfielj\My Documents\ePublisher Pro Projects\NBIA Online Help\Output\WebWorks Help 5.0\NBIA Online Help\wwhelp\wwhimpl\common\html\content.htm" title="" />
  <File groupID="FF92C237173A572" documentID="" id="" type="copy" source="wwformat:Files/wwhelp/wwhimpl/common/html/controll.htm" path="C:\Documents and Settings\hadfielj\My Documents\ePublisher Pro Projects\NBIA Online Help\Output\WebWorks Help 5.0\NBIA Online Help\wwhelp\wwhimpl\common\html\controll.htm" title="" />
  <File groupID="FF92C237173A572" documentID="" id="" type="copy" source="wwformat:Files/wwhelp/wwhimpl/common/html/controlr.htm" path="C:\Documents and Settings\hadfielj\My Documents\ePublisher Pro Projects\NBIA Online Help\Output\WebWorks Help 5.0\NBIA Online Help\wwhelp\wwhimpl\common\html\controlr.htm" title="" />
  <File groupID="FF92C237173A572" documentID="" id="" type="copy" source="wwformat:Files/wwhelp/wwhimpl/common/html/document.htm" path="C:\Documents and Settings\hadfielj\My Documents\ePublisher Pro Projects\NBIA Online Help\Output\WebWorks Help 5.0\NBIA Online Help\wwhelp\wwhimpl\common\html\document.htm" title="" />
  <File groupID="FF92C237173A572" documentID="" id="" type="copy" source="wwformat:Files/wwhelp/wwhimpl/common/html/first.htm" path="C:\Documents and Settings\hadfielj\My Documents\ePublisher Pro Projects\NBIA Online Help\Output\WebWorks Help 5.0\NBIA Online Help\wwhelp\wwhimpl\common\html\first.htm" title="" />
  <File groupID="FF92C237173A572" documentID="" id="" type="copy" source="wwformat:Files/wwhelp/wwhimpl/common/html/frameset.htm" path="C:\Documents and Settings\hadfielj\My Documents\ePublisher Pro Projects\NBIA Online Help\Output\WebWorks Help 5.0\NBIA Online Help\wwhelp\wwhimpl\common\html\frameset.htm" title="" />
  <File groupID="FF92C237173A572" documentID="" id="" type="copy" source="wwformat:Files/wwhelp/wwhimpl/common/html/init0.htm" path="C:\Documents and Settings\hadfielj\My Documents\ePublisher Pro Projects\NBIA Online Help\Output\WebWorks Help 5.0\NBIA Online Help\wwhelp\wwhimpl\common\html\init0.htm" title="" />
  <File groupID="FF92C237173A572" documentID="" id="" type="copy" source="wwformat:Files/wwhelp/wwhimpl/common/html/init1.htm" path="C:\Documents and Settings\hadfielj\My Documents\ePublisher Pro Projects\NBIA Online Help\Output\WebWorks Help 5.0\NBIA Online Help\wwhelp\wwhimpl\common\html\init1.htm" title="" />
  <File groupID="FF92C237173A572" documentID="" id="" type="copy" source="wwformat:Files/wwhelp/wwhimpl/common/html/init2.htm" path="C:\Documents and Settings\hadfielj\My Documents\ePublisher Pro Projects\NBIA Online Help\Output\WebWorks Help 5.0\NBIA Online Help\wwhelp\wwhimpl\common\html\init2.htm" title="" />
  <File groupID="FF92C237173A572" documentID="" id="" type="copy" source="wwformat:Files/wwhelp/wwhimpl/common/html/init3.htm" path="C:\Documents and Settings\hadfielj\My Documents\ePublisher Pro Projects\NBIA Online Help\Output\WebWorks Help 5.0\NBIA Online Help\wwhelp\wwhimpl\common\html\init3.htm" title="" />
  <File groupID="FF92C237173A572" documentID="" id="" type="copy" source="wwformat:Files/wwhelp/wwhimpl/common/html/pagenav.htm" path="C:\Documents and Settings\hadfielj\My Documents\ePublisher Pro Projects\NBIA Online Help\Output\WebWorks Help 5.0\NBIA Online Help\wwhelp\wwhimpl\common\html\pagenav.htm" title="" />
  <File groupID="FF92C237173A572" documentID="" id="" type="copy" source="wwformat:Files/wwhelp/wwhimpl/common/html/reset.htm" path="C:\Documents and Settings\hadfielj\My Documents\ePublisher Pro Projects\NBIA Online Help\Output\WebWorks Help 5.0\NBIA Online Help\wwhelp\wwhimpl\common\html\reset.htm" title="" />
  <File groupID="FF92C237173A572" documentID="" id="" type="copy" source="wwformat:Files/wwhelp/wwhimpl/common/html/switch.htm" path="C:\Documents and Settings\hadfielj\My Documents\ePublisher Pro Projects\NBIA Online Help\Output\WebWorks Help 5.0\NBIA Online Help\wwhelp\wwhimpl\common\html\switch.htm" title="" />
  <File groupID="FF92C237173A572" documentID="" id="" type="copy" source="wwformat:Files/wwhelp/wwhimpl/common/html/title.htm" path="C:\Documents and Settings\hadfielj\My Documents\ePublisher Pro Projects\NBIA Online Help\Output\WebWorks Help 5.0\NBIA Online Help\wwhelp\wwhimpl\common\html\title.htm" title="" />
  <File groupID="FF92C237173A572" documentID="" id="" type="copy" source="wwformat:Files/wwhelp/wwhimpl/common/html/wwhelp.htm" path="C:\Documents and Settings\hadfielj\My Documents\ePublisher Pro Projects\NBIA Online Help\Output\WebWorks Help 5.0\NBIA Online Help\wwhelp\wwhimpl\common\html\wwhelp.htm" title="" />
  <File groupID="FF92C237173A572" documentID="" id="" type="copy" source="wwformat:Files/wwhelp/wwhimpl/common/images/spacer4.gif" path="C:\Documents and Settings\hadfielj\My Documents\ePublisher Pro Projects\NBIA Online Help\Output\WebWorks Help 5.0\NBIA Online Help\wwhelp\wwhimpl\common\images\spacer4.gif" title="" />
  <File groupID="FF92C237173A572" documentID="" id="" type="copy" source="wwformat:Files/wwhelp/wwhimpl/common/images/spc1w2h.gif" path="C:\Documents and Settings\hadfielj\My Documents\ePublisher Pro Projects\NBIA Online Help\Output\WebWorks Help 5.0\NBIA Online Help\wwhelp\wwhimpl\common\images\spc1w2h.gif" title="" />
  <File groupID="FF92C237173A572" documentID="" id="" type="copy" source="wwformat:Files/wwhelp/wwhimpl/common/images/spc1w7h.gif" path="C:\Documents and Settings\hadfielj\My Documents\ePublisher Pro Projects\NBIA Online Help\Output\WebWorks Help 5.0\NBIA Online Help\wwhelp\wwhimpl\common\images\spc1w7h.gif" title="" />
  <File groupID="FF92C237173A572" documentID="" id="" type="copy" source="wwformat:Files/wwhelp/wwhimpl/common/images/spc2w1h.gif" path="C:\Documents and Settings\hadfielj\My Documents\ePublisher Pro Projects\NBIA Online Help\Output\WebWorks Help 5.0\NBIA Online Help\wwhelp\wwhimpl\common\images\spc2w1h.gif" title="" />
  <File groupID="FF92C237173A572" documentID="" id="" type="copy" source="wwformat:Files/wwhelp/wwhimpl/common/images/spc5w1h.gif" path="C:\Documents and Settings\hadfielj\My Documents\ePublisher Pro Projects\NBIA Online Help\Output\WebWorks Help 5.0\NBIA Online Help\wwhelp\wwhimpl\common\images\spc5w1h.gif" title="" />
  <File groupID="FF92C237173A572" documentID="" id="" type="copy" source="wwformat:Files/wwhelp/wwhimpl/common/private/popupf.js" path="C:\Documents and Settings\hadfielj\My Documents\ePublisher Pro Projects\NBIA Online Help\Output\WebWorks Help 5.0\NBIA Online Help\wwhelp\wwhimpl\common\private\popupf.js" title="" />
  <File groupID="FF92C237173A572" documentID="" id="" type="copy" source="wwformat:Files/wwhelp/wwhimpl/common/scripts/bklist1s.js" path="C:\Documents and Settings\hadfielj\My Documents\ePublisher Pro Projects\NBIA Online Help\Output\WebWorks Help 5.0\NBIA Online Help\wwhelp\wwhimpl\common\scripts\bklist1s.js" title="" />
  <File groupID="FF92C237173A572" documentID="" id="" type="copy" source="wwformat:Files/wwhelp/wwhimpl/common/scripts/bookgrps.js" path="C:\Documents and Settings\hadfielj\My Documents\ePublisher Pro Projects\NBIA Online Help\Output\WebWorks Help 5.0\NBIA Online Help\wwhelp\wwhimpl\common\scripts\bookgrps.js" title="" />
  <File groupID="FF92C237173A572" documentID="" id="" type="copy" source="wwformat:Files/wwhelp/wwhimpl/common/scripts/booklist.js" path="C:\Documents and Settings\hadfielj\My Documents\ePublisher Pro Projects\NBIA Online Help\Output\WebWorks Help 5.0\NBIA Online Help\wwhelp\wwhimpl\common\scripts\booklist.js" title="" />
  <File groupID="FF92C237173A572" documentID="" id="" type="copy" source="wwformat:Files/wwhelp/wwhimpl/common/scripts/browser.js" path="C:\Documents and Settings\hadfielj\My Documents\ePublisher Pro Projects\NBIA Online Help\Output\WebWorks Help 5.0\NBIA Online Help\wwhelp\wwhimpl\common\scripts\browser.js" title="" />
  <File groupID="FF92C237173A572" documentID="" id="" type="copy" source="wwformat:Files/wwhelp/wwhimpl/common/scripts/controls.js" path="C:\Documents and Settings\hadfielj\My Documents\ePublisher Pro Projects\NBIA Online Help\Output\WebWorks Help 5.0\NBIA Online Help\wwhelp\wwhimpl\common\scripts\controls.js" title="" />
  <File groupID="FF92C237173A572" documentID="" id="" type="copy" source="wwformat:Files/wwhelp/wwhimpl/common/scripts/documt1s.js" path="C:\Documents and Settings\hadfielj\My Documents\ePublisher Pro Projects\NBIA Online Help\Output\WebWorks Help 5.0\NBIA Online Help\wwhelp\wwhimpl\common\scripts\documt1s.js" title="" />
  <File groupID="FF92C237173A572" documentID="" id="" type="copy" source="wwformat:Files/wwhelp/wwhimpl/common/scripts/filelist.js" path="C:\Documents and Settings\hadfielj\My Documents\ePublisher Pro Projects\NBIA Online Help\Output\WebWorks Help 5.0\NBIA Online Help\wwhelp\wwhimpl\common\scripts\filelist.js" title="" />
  <File groupID="FF92C237173A572" documentID="" id="" type="copy" source="wwformat:Files/wwhelp/wwhimpl/common/scripts/handler.js" path="C:\Documents and Settings\hadfielj\My Documents\ePublisher Pro Projects\NBIA Online Help\Output\WebWorks Help 5.0\NBIA Online Help\wwhelp\wwhimpl\common\scripts\handler.js" title="" />
  <File groupID="FF92C237173A572" documentID="" id="" type="copy" source="wwformat:Files/wwhelp/wwhimpl/common/scripts/help.js" path="C:\Documents and Settings\hadfielj\My Documents\ePublisher Pro Projects\NBIA Online Help\Output\WebWorks Help 5.0\NBIA Online Help\wwhelp\wwhimpl\common\scripts\help.js" title="" />
  <File groupID="FF92C237173A572" documentID="" id="" type="copy" source="wwformat:Files/wwhelp/wwhimpl/common/scripts/highlt.js" path="C:\Documents and Settings\hadfielj\My Documents\ePublisher Pro Projects\NBIA Online Help\Output\WebWorks Help 5.0\NBIA Online Help\wwhelp\wwhimpl\common\scripts\highlt.js" title="" />
  <File groupID="FF92C237173A572" documentID="" id="" type="copy" source="wwformat:Files/wwhelp/wwhimpl/common/scripts/popup.js" path="C:\Documents and Settings\hadfielj\My Documents\ePublisher Pro Projects\NBIA Online Help\Output\WebWorks Help 5.0\NBIA Online Help\wwhelp\wwhimpl\common\scripts\popup.js" title="" />
  <File groupID="FF92C237173A572" documentID="" id="" type="copy" source="wwformat:Files/wwhelp/wwhimpl/common/scripts/related.js" path="C:\Documents and Settings\hadfielj\My Documents\ePublisher Pro Projects\NBIA Online Help\Output\WebWorks Help 5.0\NBIA Online Help\wwhelp\wwhimpl\common\scripts\related.js" title="" />
  <File groupID="FF92C237173A572" documentID="" id="" type="copy" source="wwformat:Files/wwhelp/wwhimpl/common/scripts/strutils.js" path="C:\Documents and Settings\hadfielj\My Documents\ePublisher Pro Projects\NBIA Online Help\Output\WebWorks Help 5.0\NBIA Online Help\wwhelp\wwhimpl\common\scripts\strutils.js" title="" />
  <File groupID="FF92C237173A572" documentID="" id="" type="copy" source="wwformat:Files/wwhelp/wwhimpl/common/scripts/switch.js" path="C:\Documents and Settings\hadfielj\My Documents\ePublisher Pro Projects\NBIA Online Help\Output\WebWorks Help 5.0\NBIA Online Help\wwhelp\wwhimpl\common\scripts\switch.js" title="" />
  <File groupID="FF92C237173A572" documentID="" id="" type="copy" source="wwformat:Files/wwhelp/wwhimpl/js/html/indexsel.htm" path="C:\Documents and Settings\hadfielj\My Documents\ePublisher Pro Projects\NBIA Online Help\Output\WebWorks Help 5.0\NBIA Online Help\wwhelp\wwhimpl\js\html\indexsel.htm" title="" />
  <File groupID="FF92C237173A572" documentID="" id="" type="copy" source="wwformat:Files/wwhelp/wwhimpl/js/html/navigate.htm" path="C:\Documents and Settings\hadfielj\My Documents\ePublisher Pro Projects\NBIA Online Help\Output\WebWorks Help 5.0\NBIA Online Help\wwhelp\wwhimpl\js\html\navigate.htm" title="" />
  <File groupID="FF92C237173A572" documentID="" id="" type="copy" source="wwformat:Files/wwhelp/wwhimpl/js/html/panelfnf.htm" path="C:\Documents and Settings\hadfielj\My Documents\ePublisher Pro Projects\NBIA Online Help\Output\WebWorks Help 5.0\NBIA Online Help\wwhelp\wwhimpl\js\html\panelfnf.htm" title="" />
  <File groupID="FF92C237173A572" documentID="" id="" type="copy" source="wwformat:Files/wwhelp/wwhimpl/js/html/panelfni.htm" path="C:\Documents and Settings\hadfielj\My Documents\ePublisher Pro Projects\NBIA Online Help\Output\WebWorks Help 5.0\NBIA Online Help\wwhelp\wwhimpl\js\html\panelfni.htm" title="" />
  <File groupID="FF92C237173A572" documentID="" id="" type="copy" source="wwformat:Files/wwhelp/wwhimpl/js/html/panelfns.htm" path="C:\Documents and Settings\hadfielj\My Documents\ePublisher Pro Projects\NBIA Online Help\Output\WebWorks Help 5.0\NBIA Online Help\wwhelp\wwhimpl\js\html\panelfns.htm" title="" />
  <File groupID="FF92C237173A572" documentID="" id="" type="copy" source="wwformat:Files/wwhelp/wwhimpl/js/html/panelfsf.htm" path="C:\Documents and Settings\hadfielj\My Documents\ePublisher Pro Projects\NBIA Online Help\Output\WebWorks Help 5.0\NBIA Online Help\wwhelp\wwhimpl\js\html\panelfsf.htm" title="" />
  <File groupID="FF92C237173A572" documentID="" id="" type="copy" source="wwformat:Files/wwhelp/wwhimpl/js/html/panelfsi.htm" path="C:\Documents and Settings\hadfielj\My Documents\ePublisher Pro Projects\NBIA Online Help\Output\WebWorks Help 5.0\NBIA Online Help\wwhelp\wwhimpl\js\html\panelfsi.htm" title="" />
  <File groupID="FF92C237173A572" documentID="" id="" type="copy" source="wwformat:Files/wwhelp/wwhimpl/js/html/panelfss.htm" path="C:\Documents and Settings\hadfielj\My Documents\ePublisher Pro Projects\NBIA Online Help\Output\WebWorks Help 5.0\NBIA Online Help\wwhelp\wwhimpl\js\html\panelfss.htm" title="" />
  <File groupID="FF92C237173A572" documentID="" id="" type="copy" source="wwformat:Files/wwhelp/wwhimpl/js/html/panelini.htm" path="C:\Documents and Settings\hadfielj\My Documents\ePublisher Pro Projects\NBIA Online Help\Output\WebWorks Help 5.0\NBIA Online Help\wwhelp\wwhimpl\js\html\panelini.htm" title="" />
  <File groupID="FF92C237173A572" documentID="" id="" type="copy" source="wwformat:Files/wwhelp/wwhimpl/js/html/panelmsg.htm" path="C:\Documents and Settings\hadfielj\My Documents\ePublisher Pro Projects\NBIA Online Help\Output\WebWorks Help 5.0\NBIA Online Help\wwhelp\wwhimpl\js\html\panelmsg.htm" title="" />
  <File groupID="FF92C237173A572" documentID="" id="" type="copy" source="wwformat:Files/wwhelp/wwhimpl/js/html/panelnav.htm" path="C:\Documents and Settings\hadfielj\My Documents\ePublisher Pro Projects\NBIA Online Help\Output\WebWorks Help 5.0\NBIA Online Help\wwhelp\wwhimpl\js\html\panelnav.htm" title="" />
  <File groupID="FF92C237173A572" documentID="" id="" type="copy" source="wwformat:Files/wwhelp/wwhimpl/js/html/panelvie.htm" path="C:\Documents and Settings\hadfielj\My Documents\ePublisher Pro Projects\NBIA Online Help\Output\WebWorks Help 5.0\NBIA Online Help\wwhelp\wwhimpl\js\html\panelvie.htm" title="" />
  <File groupID="FF92C237173A572" documentID="" id="" type="copy" source="wwformat:Files/wwhelp/wwhimpl/js/html/tabs.htm" path="C:\Documents and Settings\hadfielj\My Documents\ePublisher Pro Projects\NBIA Online Help\Output\WebWorks Help 5.0\NBIA Online Help\wwhelp\wwhimpl\js\html\tabs.htm" title="" />
  <File groupID="FF92C237173A572" documentID="" id="" type="copy" source="wwformat:Files/wwhelp/wwhimpl/js/html/wwhelp.htm" path="C:\Documents and Settings\hadfielj\My Documents\ePublisher Pro Projects\NBIA Online Help\Output\WebWorks Help 5.0\NBIA Online Help\wwhelp\wwhimpl\js\html\wwhelp.htm" title="" />
  <File groupID="FF92C237173A572" documentID="" id="" type="copy" source="wwformat:Files/wwhelp/wwhimpl/js/scripts/favorite.js" path="C:\Documents and Settings\hadfielj\My Documents\ePublisher Pro Projects\NBIA Online Help\Output\WebWorks Help 5.0\NBIA Online Help\wwhelp\wwhimpl\js\scripts\favorite.js" title="" />
  <File groupID="FF92C237173A572" documentID="" id="" type="copy" source="wwformat:Files/wwhelp/wwhimpl/js/scripts/handler.js" path="C:\Documents and Settings\hadfielj\My Documents\ePublisher Pro Projects\NBIA Online Help\Output\WebWorks Help 5.0\NBIA Online Help\wwhelp\wwhimpl\js\scripts\handler.js" title="" />
  <File groupID="FF92C237173A572" documentID="" id="" type="copy" source="wwformat:Files/wwhelp/wwhimpl/js/scripts/index.js" path="C:\Documents and Settings\hadfielj\My Documents\ePublisher Pro Projects\NBIA Online Help\Output\WebWorks Help 5.0\NBIA Online Help\wwhelp\wwhimpl\js\scripts\index.js" title="" />
  <File groupID="FF92C237173A572" documentID="" id="" type="copy" source="wwformat:Files/wwhelp/wwhimpl/js/scripts/index1s.js" path="C:\Documents and Settings\hadfielj\My Documents\ePublisher Pro Projects\NBIA Online Help\Output\WebWorks Help 5.0\NBIA Online Help\wwhelp\wwhimpl\js\scripts\index1s.js" title="" />
  <File groupID="FF92C237173A572" documentID="" id="" type="copy" source="wwformat:Files/wwhelp/wwhimpl/js/scripts/javascpt.js" path="C:\Documents and Settings\hadfielj\My Documents\ePublisher Pro Projects\NBIA Online Help\Output\WebWorks Help 5.0\NBIA Online Help\wwhelp\wwhimpl\js\scripts\javascpt.js" title="" />
  <File groupID="FF92C237173A572" documentID="" id="" type="copy" source="wwformat:Files/wwhelp/wwhimpl/js/scripts/mltphrs.js" path="C:\Documents and Settings\hadfielj\My Documents\ePublisher Pro Projects\NBIA Online Help\Output\WebWorks Help 5.0\NBIA Online Help\wwhelp\wwhimpl\js\scripts\mltphrs.js" title="" />
  <File groupID="FF92C237173A572" documentID="" id="" type="copy" source="wwformat:Files/wwhelp/wwhimpl/js/scripts/outlfast.js" path="C:\Documents and Settings\hadfielj\My Documents\ePublisher Pro Projects\NBIA Online Help\Output\WebWorks Help 5.0\NBIA Online Help\wwhelp\wwhimpl\js\scripts\outlfast.js" title="" />
  <File groupID="FF92C237173A572" documentID="" id="" type="copy" source="wwformat:Files/wwhelp/wwhimpl/js/scripts/outlin1s.js" path="C:\Documents and Settings\hadfielj\My Documents\ePublisher Pro Projects\NBIA Online Help\Output\WebWorks Help 5.0\NBIA Online Help\wwhelp\wwhimpl\js\scripts\outlin1s.js" title="" />
  <File groupID="FF92C237173A572" documentID="" id="" type="copy" source="wwformat:Files/wwhelp/wwhimpl/js/scripts/outline.js" path="C:\Documents and Settings\hadfielj\My Documents\ePublisher Pro Projects\NBIA Online Help\Output\WebWorks Help 5.0\NBIA Online Help\wwhelp\wwhimpl\js\scripts\outline.js" title="" />
  <File groupID="FF92C237173A572" documentID="" id="" type="copy" source="wwformat:Files/wwhelp/wwhimpl/js/scripts/outlsafe.js" path="C:\Documents and Settings\hadfielj\My Documents\ePublisher Pro Projects\NBIA Online Help\Output\WebWorks Help 5.0\NBIA Online Help\wwhelp\wwhimpl\js\scripts\outlsafe.js" title="" />
  <File groupID="FF92C237173A572" documentID="" id="" type="copy" source="wwformat:Files/wwhelp/wwhimpl/js/scripts/pairs.js" path="C:\Documents and Settings\hadfielj\My Documents\ePublisher Pro Projects\NBIA Online Help\Output\WebWorks Help 5.0\NBIA Online Help\wwhelp\wwhimpl\js\scripts\pairs.js" title="" />
  <File groupID="FF92C237173A572" documentID="" id="" type="copy" source="wwformat:Files/wwhelp/wwhimpl/js/scripts/panels.js" path="C:\Documents and Settings\hadfielj\My Documents\ePublisher Pro Projects\NBIA Online Help\Output\WebWorks Help 5.0\NBIA Online Help\wwhelp\wwhimpl\js\scripts\panels.js" title="" />
  <File groupID="FF92C237173A572" documentID="" id="" type="copy" source="wwformat:Files/wwhelp/wwhimpl/js/scripts/phrase.js" path="C:\Documents and Settings\hadfielj\My Documents\ePublisher Pro Projects\NBIA Online Help\Output\WebWorks Help 5.0\NBIA Online Help\wwhelp\wwhimpl\js\scripts\phrase.js" title="" />
  <File groupID="FF92C237173A572" documentID="" id="" type="copy" source="wwformat:Files/wwhelp/wwhimpl/js/scripts/search.js" path="C:\Documents and Settings\hadfielj\My Documents\ePublisher Pro Projects\NBIA Online Help\Output\WebWorks Help 5.0\NBIA Online Help\wwhelp\wwhimpl\js\scripts\search.js" title="" />
  <File groupID="FF92C237173A572" documentID="" id="" type="copy" source="wwformat:Files/wwhelp/wwhimpl/js/scripts/search1s.js" path="C:\Documents and Settings\hadfielj\My Documents\ePublisher Pro Projects\NBIA Online Help\Output\WebWorks Help 5.0\NBIA Online Help\wwhelp\wwhimpl\js\scripts\search1s.js" title="" />
  <File groupID="FF92C237173A572" documentID="" id="" type="copy" source="wwformat:Files/wwhelp/wwhimpl/js/scripts/search2s.js" path="C:\Documents and Settings\hadfielj\My Documents\ePublisher Pro Projects\NBIA Online Help\Output\WebWorks Help 5.0\NBIA Online Help\wwhelp\wwhimpl\js\scripts\search2s.js" title="" />
  <File groupID="FF92C237173A572" documentID="" id="" type="copy" source="wwformat:Files/wwhelp/wwhimpl/js/scripts/search3s.js" path="C:\Documents and Settings\hadfielj\My Documents\ePublisher Pro Projects\NBIA Online Help\Output\WebWorks Help 5.0\NBIA Online Help\wwhelp\wwhimpl\js\scripts\search3s.js" title="" />
  <File groupID="FF92C237173A572" documentID="" id="" type="copy" source="wwformat:Files/wwhelp/wwhimpl/js/scripts/search4s.js" path="C:\Documents and Settings\hadfielj\My Documents\ePublisher Pro Projects\NBIA Online Help\Output\WebWorks Help 5.0\NBIA Online Help\wwhelp\wwhimpl\js\scripts\search4s.js" title="" />
  <File groupID="FF92C237173A572" documentID="" id="" type="copy" source="wwformat:Files/wwhelp/wwhimpl/js/scripts/search5s.js" path="C:\Documents and Settings\hadfielj\My Documents\ePublisher Pro Projects\NBIA Online Help\Output\WebWorks Help 5.0\NBIA Online Help\wwhelp\wwhimpl\js\scripts\search5s.js" title="" />
  <File groupID="FF92C237173A572" documentID="" id="" type="copy" source="wwformat:Files/wwhelp/wwhimpl/js/scripts/search6s.js" path="C:\Documents and Settings\hadfielj\My Documents\ePublisher Pro Projects\NBIA Online Help\Output\WebWorks Help 5.0\NBIA Online Help\wwhelp\wwhimpl\js\scripts\search6s.js" title="" />
  <File groupID="FF92C237173A572" documentID="" id="" type="copy" source="wwformat:Files/wwhelp/wwhimpl/js/scripts/search7s.js" path="C:\Documents and Settings\hadfielj\My Documents\ePublisher Pro Projects\NBIA Online Help\Output\WebWorks Help 5.0\NBIA Online Help\wwhelp\wwhimpl\js\scripts\search7s.js" title="" />
  <File groupID="FF92C237173A572" documentID="" id="" type="copy" source="wwformat:Files/wwhelp/wwhimpl/js/scripts/tabs.js" path="C:\Documents and Settings\hadfielj\My Documents\ePublisher Pro Projects\NBIA Online Help\Output\WebWorks Help 5.0\NBIA Online Help\wwhelp\wwhimpl\js\scripts\tabs.js" title="" />
  <File groupID="FF92C237173A572" documentID="" id="" type="copy" source="wwformat:Skins/Lobby_Blue/Files/wwhelp/images/splash.jpg" path="C:\Documents and Settings\hadfielj\My Documents\ePublisher Pro Projects\NBIA Online Help\Output\WebWorks Help 5.0\NBIA Online Help\wwhelp\images\splash.jpg" title="" />
  <File groupID="FF92C237173A572" documentID="" id="" type="copy" source="wwformat:Skins/Lobby_Blue/Files/wwhelp/wwhimpl/common/images/bkmark.gif" path="C:\Documents and Settings\hadfielj\My Documents\ePublisher Pro Projects\NBIA Online Help\Output\WebWorks Help 5.0\NBIA Online Help\wwhelp\wwhimpl\common\images\bkmark.gif" title="" />
  <File groupID="FF92C237173A572" documentID="" id="" type="copy" source="wwformat:Skins/Lobby_Blue/Files/wwhelp/wwhimpl/common/images/bkmarkx.gif" path="C:\Documents and Settings\hadfielj\My Documents\ePublisher Pro Projects\NBIA Online Help\Output\WebWorks Help 5.0\NBIA Online Help\wwhelp\wwhimpl\common\images\bkmarkx.gif" title="" />
  <File groupID="FF92C237173A572" documentID="" id="" type="copy" source="wwformat:Skins/Lobby_Blue/Files/wwhelp/wwhimpl/common/images/close.gif" path="C:\Documents and Settings\hadfielj\My Documents\ePublisher Pro Projects\NBIA Online Help\Output\WebWorks Help 5.0\NBIA Online Help\wwhelp\wwhimpl\common\images\close.gif" title="" />
  <File groupID="FF92C237173A572" documentID="" id="" type="copy" source="wwformat:Skins/Lobby_Blue/Files/wwhelp/wwhimpl/common/images/doc.gif" path="C:\Documents and Settings\hadfielj\My Documents\ePublisher Pro Projects\NBIA Online Help\Output\WebWorks Help 5.0\NBIA Online Help\wwhelp\wwhimpl\common\images\doc.gif" title="" />
  <File groupID="FF92C237173A572" documentID="" id="" type="copy" source="wwformat:Skins/Lobby_Blue/Files/wwhelp/wwhimpl/common/images/email.gif" path="C:\Documents and Settings\hadfielj\My Documents\ePublisher Pro Projects\NBIA Online Help\Output\WebWorks Help 5.0\NBIA Online Help\wwhelp\wwhimpl\common\images\email.gif" title="" />
  <File groupID="FF92C237173A572" documentID="" id="" type="copy" source="wwformat:Skins/Lobby_Blue/Files/wwhelp/wwhimpl/common/images/emailx.gif" path="C:\Documents and Settings\hadfielj\My Documents\ePublisher Pro Projects\NBIA Online Help\Output\WebWorks Help 5.0\NBIA Online Help\wwhelp\wwhimpl\common\images\emailx.gif" title="" />
  <File groupID="FF92C237173A572" documentID="" id="" type="copy" source="wwformat:Skins/Lobby_Blue/Files/wwhelp/wwhimpl/common/images/fc.gif" path="C:\Documents and Settings\hadfielj\My Documents\ePublisher Pro Projects\NBIA Online Help\Output\WebWorks Help 5.0\NBIA Online Help\wwhelp\wwhimpl\common\images\fc.gif" title="" />
  <File groupID="FF92C237173A572" documentID="" id="" type="copy" source="wwformat:Skins/Lobby_Blue/Files/wwhelp/wwhimpl/common/images/fo.gif" path="C:\Documents and Settings\hadfielj\My Documents\ePublisher Pro Projects\NBIA Online Help\Output\WebWorks Help 5.0\NBIA Online Help\wwhelp\wwhimpl\common\images\fo.gif" title="" />
  <File groupID="FF92C237173A572" documentID="" id="" type="copy" source="wwformat:Skins/Lobby_Blue/Files/wwhelp/wwhimpl/common/images/next.gif" path="C:\Documents and Settings\hadfielj\My Documents\ePublisher Pro Projects\NBIA Online Help\Output\WebWorks Help 5.0\NBIA Online Help\wwhelp\wwhimpl\common\images\next.gif" title="" />
  <File groupID="FF92C237173A572" documentID="" id="" type="copy" source="wwformat:Skins/Lobby_Blue/Files/wwhelp/wwhimpl/common/images/nextx.gif" path="C:\Documents and Settings\hadfielj\My Documents\ePublisher Pro Projects\NBIA Online Help\Output\WebWorks Help 5.0\NBIA Online Help\wwhelp\wwhimpl\common\images\nextx.gif" title="" />
  <File groupID="FF92C237173A572" documentID="" id="" type="copy" source="wwformat:Skins/Lobby_Blue/Files/wwhelp/wwhimpl/common/images/pdf.gif" path="C:\Documents and Settings\hadfielj\My Documents\ePublisher Pro Projects\NBIA Online Help\Output\WebWorks Help 5.0\NBIA Online Help\wwhelp\wwhimpl\common\images\pdf.gif" title="" />
  <File groupID="FF92C237173A572" documentID="" id="" type="copy" source="wwformat:Skins/Lobby_Blue/Files/wwhelp/wwhimpl/common/images/pdfx.gif" path="C:\Documents and Settings\hadfielj\My Documents\ePublisher Pro Projects\NBIA Online Help\Output\WebWorks Help 5.0\NBIA Online Help\wwhelp\wwhimpl\common\images\pdfx.gif" title="" />
  <File groupID="FF92C237173A572" documentID="" id="" type="copy" source="wwformat:Skins/Lobby_Blue/Files/wwhelp/wwhimpl/common/images/prev.gif" path="C:\Documents and Settings\hadfielj\My Documents\ePublisher Pro Projects\NBIA Online Help\Output\WebWorks Help 5.0\NBIA Online Help\wwhelp\wwhimpl\common\images\prev.gif" title="" />
  <File groupID="FF92C237173A572" documentID="" id="" type="copy" source="wwformat:Skins/Lobby_Blue/Files/wwhelp/wwhimpl/common/images/prevx.gif" path="C:\Documents and Settings\hadfielj\My Documents\ePublisher Pro Projects\NBIA Online Help\Output\WebWorks Help 5.0\NBIA Online Help\wwhelp\wwhimpl\common\images\prevx.gif" title="" />
  <File groupID="FF92C237173A572" documentID="" id="" type="copy" source="wwformat:Skins/Lobby_Blue/Files/wwhelp/wwhimpl/common/images/print.gif" path="C:\Documents and Settings\hadfielj\My Documents\ePublisher Pro Projects\NBIA Online Help\Output\WebWorks Help 5.0\NBIA Online Help\wwhelp\wwhimpl\common\images\print.gif" title="" />
  <File groupID="FF92C237173A572" documentID="" id="" type="copy" source="wwformat:Skins/Lobby_Blue/Files/wwhelp/wwhimpl/common/images/printx.gif" path="C:\Documents and Settings\hadfielj\My Documents\ePublisher Pro Projects\NBIA Online Help\Output\WebWorks Help 5.0\NBIA Online Help\wwhelp\wwhimpl\common\images\printx.gif" title="" />
  <File groupID="FF92C237173A572" documentID="" id="" type="copy" source="wwformat:Skins/Lobby_Blue/Files/wwhelp/wwhimpl/common/images/related.gif" path="C:\Documents and Settings\hadfielj\My Documents\ePublisher Pro Projects\NBIA Online Help\Output\WebWorks Help 5.0\NBIA Online Help\wwhelp\wwhimpl\common\images\related.gif" title="" />
  <File groupID="FF92C237173A572" documentID="" id="" type="copy" source="wwformat:Skins/Lobby_Blue/Files/wwhelp/wwhimpl/common/images/relatedi.gif" path="C:\Documents and Settings\hadfielj\My Documents\ePublisher Pro Projects\NBIA Online Help\Output\WebWorks Help 5.0\NBIA Online Help\wwhelp\wwhimpl\common\images\relatedi.gif" title="" />
  <File groupID="FF92C237173A572" documentID="" id="" type="copy" source="wwformat:Skins/Lobby_Blue/Files/wwhelp/wwhimpl/common/images/relatedx.gif" path="C:\Documents and Settings\hadfielj\My Documents\ePublisher Pro Projects\NBIA Online Help\Output\WebWorks Help 5.0\NBIA Online Help\wwhelp\wwhimpl\common\images\relatedx.gif" title="" />
  <File groupID="FF92C237173A572" documentID="" id="" type="copy" source="wwformat:Skins/Lobby_Blue/Files/wwhelp/wwhimpl/common/images/shownav.gif" path="C:\Documents and Settings\hadfielj\My Documents\ePublisher Pro Projects\NBIA Online Help\Output\WebWorks Help 5.0\NBIA Online Help\wwhelp\wwhimpl\common\images\shownav.gif" title="" />
  <File groupID="FF92C237173A572" documentID="" id="" type="copy" source="wwformat:Skins/Lobby_Blue/Files/wwhelp/wwhimpl/common/images/spc_tb_l.gif" path="C:\Documents and Settings\hadfielj\My Documents\ePublisher Pro Projects\NBIA Online Help\Output\WebWorks Help 5.0\NBIA Online Help\wwhelp\wwhimpl\common\images\spc_tb_l.gif" title="" />
  <File groupID="FF92C237173A572" documentID="" id="" type="copy" source="wwformat:Skins/Lobby_Blue/Files/wwhelp/wwhimpl/common/images/spc_tb_m.gif" path="C:\Documents and Settings\hadfielj\My Documents\ePublisher Pro Projects\NBIA Online Help\Output\WebWorks Help 5.0\NBIA Online Help\wwhelp\wwhimpl\common\images\spc_tb_m.gif" title="" />
  <File groupID="FF92C237173A572" documentID="" id="" type="copy" source="wwformat:Skins/Lobby_Blue/Files/wwhelp/wwhimpl/common/images/spc_tb_r.gif" path="C:\Documents and Settings\hadfielj\My Documents\ePublisher Pro Projects\NBIA Online Help\Output\WebWorks Help 5.0\NBIA Online Help\wwhelp\wwhimpl\common\images\spc_tb_r.gif" title="" />
  <File groupID="FF92C237173A572" documentID="" id="" type="copy" source="wwformat:Skins/Lobby_Blue/Files/wwhelp/wwhimpl/common/images/spc_tb_t.gif" path="C:\Documents and Settings\hadfielj\My Documents\ePublisher Pro Projects\NBIA Online Help\Output\WebWorks Help 5.0\NBIA Online Help\wwhelp\wwhimpl\common\images\spc_tb_t.gif" title="" />
  <File groupID="FF92C237173A572" documentID="" id="" type="copy" source="wwformat:Skins/Lobby_Blue/Files/wwhelp/wwhimpl/common/images/sync.gif" path="C:\Documents and Settings\hadfielj\My Documents\ePublisher Pro Projects\NBIA Online Help\Output\WebWorks Help 5.0\NBIA Online Help\wwhelp\wwhimpl\common\images\sync.gif" title="" />
  <File groupID="FF92C237173A572" documentID="" id="" type="copy" source="wwformat:Skins/Lobby_Blue/Files/wwhelp/wwhimpl/common/images/syncx.gif" path="C:\Documents and Settings\hadfielj\My Documents\ePublisher Pro Projects\NBIA Online Help\Output\WebWorks Help 5.0\NBIA Online Help\wwhelp\wwhimpl\common\images\syncx.gif" title="" />
  <File groupID="FF92C237173A572" documentID="" id="" type="copy" source="wwformat:Skins/Lobby_Blue/Files/wwhelp/wwhimpl/common/images/toolsbg.gif" path="C:\Documents and Settings\hadfielj\My Documents\ePublisher Pro Projects\NBIA Online Help\Output\WebWorks Help 5.0\NBIA Online Help\wwhelp\wwhimpl\common\images\toolsbg.gif" title="" />
  <File groupID="FF92C237173A572" documentID="" id="" type="copy" source="wwformat:Skins/Lobby_Blue/Files/wwhelp/wwhimpl/js/images/btn_bg.gif" path="C:\Documents and Settings\hadfielj\My Documents\ePublisher Pro Projects\NBIA Online Help\Output\WebWorks Help 5.0\NBIA Online Help\wwhelp\wwhimpl\js\images\btn_bg.gif" title="" />
  <File groupID="FF92C237173A572" documentID="" id="" type="copy" source="wwformat:Skins/Lobby_Blue/Files/wwhelp/wwhimpl/js/images/btn_bgx.gif" path="C:\Documents and Settings\hadfielj\My Documents\ePublisher Pro Projects\NBIA Online Help\Output\WebWorks Help 5.0\NBIA Online Help\wwhelp\wwhimpl\js\images\btn_bgx.gif" title="" />
  <File groupID="FF92C237173A572" documentID="" id="" type="copy" source="wwformat:Skins/Lobby_Blue/Files/wwhelp/wwhimpl/js/images/btn_e.gif" path="C:\Documents and Settings\hadfielj\My Documents\ePublisher Pro Projects\NBIA Online Help\Output\WebWorks Help 5.0\NBIA Online Help\wwhelp\wwhimpl\js\images\btn_e.gif" title="" />
  <File groupID="FF92C237173A572" documentID="" id="" type="copy" source="wwformat:Skins/Lobby_Blue/Files/wwhelp/wwhimpl/js/images/btn_ex.gif" path="C:\Documents and Settings\hadfielj\My Documents\ePublisher Pro Projects\NBIA Online Help\Output\WebWorks Help 5.0\NBIA Online Help\wwhelp\wwhimpl\js\images\btn_ex.gif" title="" />
  <File groupID="FF92C237173A572" documentID="" id="" type="copy" source="wwformat:Skins/Lobby_Blue/Files/wwhelp/wwhimpl/js/images/btn_n.gif" path="C:\Documents and Settings\hadfielj\My Documents\ePublisher Pro Projects\NBIA Online Help\Output\WebWorks Help 5.0\NBIA Online Help\wwhelp\wwhimpl\js\images\btn_n.gif" title="" />
  <File groupID="FF92C237173A572" documentID="" id="" type="copy" source="wwformat:Skins/Lobby_Blue/Files/wwhelp/wwhimpl/js/images/btn_ne.gif" path="C:\Documents and Settings\hadfielj\My Documents\ePublisher Pro Projects\NBIA Online Help\Output\WebWorks Help 5.0\NBIA Online Help\wwhelp\wwhimpl\js\images\btn_ne.gif" title="" />
  <File groupID="FF92C237173A572" documentID="" id="" type="copy" source="wwformat:Skins/Lobby_Blue/Files/wwhelp/wwhimpl/js/images/btn_nex.gif" path="C:\Documents and Settings\hadfielj\My Documents\ePublisher Pro Projects\NBIA Online Help\Output\WebWorks Help 5.0\NBIA Online Help\wwhelp\wwhimpl\js\images\btn_nex.gif" title="" />
  <File groupID="FF92C237173A572" documentID="" id="" type="copy" source="wwformat:Skins/Lobby_Blue/Files/wwhelp/wwhimpl/js/images/btn_nw.gif" path="C:\Documents and Settings\hadfielj\My Documents\ePublisher Pro Projects\NBIA Online Help\Output\WebWorks Help 5.0\NBIA Online Help\wwhelp\wwhimpl\js\images\btn_nw.gif" title="" />
  <File groupID="FF92C237173A572" documentID="" id="" type="copy" source="wwformat:Skins/Lobby_Blue/Files/wwhelp/wwhimpl/js/images/btn_nwx.gif" path="C:\Documents and Settings\hadfielj\My Documents\ePublisher Pro Projects\NBIA Online Help\Output\WebWorks Help 5.0\NBIA Online Help\wwhelp\wwhimpl\js\images\btn_nwx.gif" title="" />
  <File groupID="FF92C237173A572" documentID="" id="" type="copy" source="wwformat:Skins/Lobby_Blue/Files/wwhelp/wwhimpl/js/images/btn_nx.gif" path="C:\Documents and Settings\hadfielj\My Documents\ePublisher Pro Projects\NBIA Online Help\Output\WebWorks Help 5.0\NBIA Online Help\wwhelp\wwhimpl\js\images\btn_nx.gif" title="" />
  <File groupID="FF92C237173A572" documentID="" id="" type="copy" source="wwformat:Skins/Lobby_Blue/Files/wwhelp/wwhimpl/js/images/btn_s.gif" path="C:\Documents and Settings\hadfielj\My Documents\ePublisher Pro Projects\NBIA Online Help\Output\WebWorks Help 5.0\NBIA Online Help\wwhelp\wwhimpl\js\images\btn_s.gif" title="" />
  <File groupID="FF92C237173A572" documentID="" id="" type="copy" source="wwformat:Skins/Lobby_Blue/Files/wwhelp/wwhimpl/js/images/btn_se.gif" path="C:\Documents and Settings\hadfielj\My Documents\ePublisher Pro Projects\NBIA Online Help\Output\WebWorks Help 5.0\NBIA Online Help\wwhelp\wwhimpl\js\images\btn_se.gif" title="" />
  <File groupID="FF92C237173A572" documentID="" id="" type="copy" source="wwformat:Skins/Lobby_Blue/Files/wwhelp/wwhimpl/js/images/btn_sex.gif" path="C:\Documents and Settings\hadfielj\My Documents\ePublisher Pro Projects\NBIA Online Help\Output\WebWorks Help 5.0\NBIA Online Help\wwhelp\wwhimpl\js\images\btn_sex.gif" title="" />
  <File groupID="FF92C237173A572" documentID="" id="" type="copy" source="wwformat:Skins/Lobby_Blue/Files/wwhelp/wwhimpl/js/images/btn_sw.gif" path="C:\Documents and Settings\hadfielj\My Documents\ePublisher Pro Projects\NBIA Online Help\Output\WebWorks Help 5.0\NBIA Online Help\wwhelp\wwhimpl\js\images\btn_sw.gif" title="" />
  <File groupID="FF92C237173A572" documentID="" id="" type="copy" source="wwformat:Skins/Lobby_Blue/Files/wwhelp/wwhimpl/js/images/btn_swx.gif" path="C:\Documents and Settings\hadfielj\My Documents\ePublisher Pro Projects\NBIA Online Help\Output\WebWorks Help 5.0\NBIA Online Help\wwhelp\wwhimpl\js\images\btn_swx.gif" title="" />
  <File groupID="FF92C237173A572" documentID="" id="" type="copy" source="wwformat:Skins/Lobby_Blue/Files/wwhelp/wwhimpl/js/images/btn_sx.gif" path="C:\Documents and Settings\hadfielj\My Documents\ePublisher Pro Projects\NBIA Online Help\Output\WebWorks Help 5.0\NBIA Online Help\wwhelp\wwhimpl\js\images\btn_sx.gif" title="" />
  <File groupID="FF92C237173A572" documentID="" id="" type="copy" source="wwformat:Skins/Lobby_Blue/Files/wwhelp/wwhimpl/js/images/btn_w.gif" path="C:\Documents and Settings\hadfielj\My Documents\ePublisher Pro Projects\NBIA Online Help\Output\WebWorks Help 5.0\NBIA Online Help\wwhelp\wwhimpl\js\images\btn_w.gif" title="" />
  <File groupID="FF92C237173A572" documentID="" id="" type="copy" source="wwformat:Skins/Lobby_Blue/Files/wwhelp/wwhimpl/js/images/btn_wx.gif" path="C:\Documents and Settings\hadfielj\My Documents\ePublisher Pro Projects\NBIA Online Help\Output\WebWorks Help 5.0\NBIA Online Help\wwhelp\wwhimpl\js\images\btn_wx.gif" title="" />
  <File groupID="FF92C237173A572" documentID="" id="" type="copy" source="wwformat:Skins/Lobby_Blue/Files/wwhelp/wwhimpl/js/images/navbg.gif" path="C:\Documents and Settings\hadfielj\My Documents\ePublisher Pro Projects\NBIA Online Help\Output\WebWorks Help 5.0\NBIA Online Help\wwhelp\wwhimpl\js\images\navbg.gif" title="" />
  <File groupID="FF92C237173A572" documentID="" id="" type="copy" source="wwformat:Skins/Lobby_Blue/Files/wwhelp/wwhimpl/js/images/spc_e.gif" path="C:\Documents and Settings\hadfielj\My Documents\ePublisher Pro Projects\NBIA Online Help\Output\WebWorks Help 5.0\NBIA Online Help\wwhelp\wwhimpl\js\images\spc_e.gif" title="" />
  <File groupID="FF92C237173A572" documentID="" id="" type="copy" source="wwformat:Skins/Lobby_Blue/Files/wwhelp/wwhimpl/js/images/spc_n.gif" path="C:\Documents and Settings\hadfielj\My Documents\ePublisher Pro Projects\NBIA Online Help\Output\WebWorks Help 5.0\NBIA Online Help\wwhelp\wwhimpl\js\images\spc_n.gif" title="" />
  <File groupID="FF92C237173A572" documentID="" id="" type="copy" source="wwformat:Skins/Lobby_Blue/Files/wwhelp/wwhimpl/js/images/spc_s.gif" path="C:\Documents and Settings\hadfielj\My Documents\ePublisher Pro Projects\NBIA Online Help\Output\WebWorks Help 5.0\NBIA Online Help\wwhelp\wwhimpl\js\images\spc_s.gif" title="" />
  <File groupID="FF92C237173A572" documentID="" id="" type="copy" source="wwformat:Skins/Lobby_Blue/Files/wwhelp/wwhimpl/js/images/spc_sx.gif" path="C:\Documents and Settings\hadfielj\My Documents\ePublisher Pro Projects\NBIA Online Help\Output\WebWorks Help 5.0\NBIA Online Help\wwhelp\wwhimpl\js\images\spc_sx.gif" title="" />
  <File groupID="FF92C237173A572" documentID="" id="" type="copy" source="wwformat:Skins/Lobby_Blue/Files/wwhelp/wwhimpl/js/images/spc_tabl.gif" path="C:\Documents and Settings\hadfielj\My Documents\ePublisher Pro Projects\NBIA Online Help\Output\WebWorks Help 5.0\NBIA Online Help\wwhelp\wwhimpl\js\images\spc_tabl.gif" title="" />
  <File groupID="FF92C237173A572" documentID="" id="" type="copy" source="wwformat:Skins/Lobby_Blue/Files/wwhelp/wwhimpl/js/images/spc_tabm.gif" path="C:\Documents and Settings\hadfielj\My Documents\ePublisher Pro Projects\NBIA Online Help\Output\WebWorks Help 5.0\NBIA Online Help\wwhelp\wwhimpl\js\images\spc_tabm.gif" title="" />
  <File groupID="FF92C237173A572" documentID="" id="" type="copy" source="wwformat:Skins/Lobby_Blue/Files/wwhelp/wwhimpl/js/images/spc_tabr.gif" path="C:\Documents and Settings\hadfielj\My Documents\ePublisher Pro Projects\NBIA Online Help\Output\WebWorks Help 5.0\NBIA Online Help\wwhelp\wwhimpl\js\images\spc_tabr.gif" title="" />
  <File groupID="FF92C237173A572" documentID="" id="" type="copy" source="wwformat:Skins/Lobby_Blue/Files/wwhelp/wwhimpl/js/images/spc_top.gif" path="C:\Documents and Settings\hadfielj\My Documents\ePublisher Pro Projects\NBIA Online Help\Output\WebWorks Help 5.0\NBIA Online Help\wwhelp\wwhimpl\js\images\spc_top.gif" title="" />
  <File groupID="FF92C237173A572" documentID="" id="" type="copy" source="wwformat:Skins/Lobby_Blue/Files/wwhelp/wwhimpl/js/images/spc_topx.gif" path="C:\Documents and Settings\hadfielj\My Documents\ePublisher Pro Projects\NBIA Online Help\Output\WebWorks Help 5.0\NBIA Online Help\wwhelp\wwhimpl\js\images\spc_topx.gif" title="" />
  <File groupID="FF92C237173A572" documentID="" id="" type="copy" source="wwformat:Skins/Lobby_Blue/Files/wwhelp/wwhimpl/js/images/spc_w.gif" path="C:\Documents and Settings\hadfielj\My Documents\ePublisher Pro Projects\NBIA Online Help\Output\WebWorks Help 5.0\NBIA Online Help\wwhelp\wwhimpl\js\images\spc_w.gif" title="" />
  <File groupID="FF92C237173A572" documentID="" id="" type="copy" source="wwformat:Skins/Lobby_Blue/Files/wwhelp/wwhimpl/js/images/viewbg.gif" path="C:\Documents and Settings\hadfielj\My Documents\ePublisher Pro Projects\NBIA Online Help\Output\WebWorks Help 5.0\NBIA Online Help\wwhelp\wwhimpl\js\images\viewbg.gif" title="" />
  <File groupID="FF92C237173A572" documentID="" id="" type="copy" source="wwformat:Pages/css/webworks.css" path="C:\Documents and Settings\hadfielj\My Documents\ePublisher Pro Projects\NBIA Online Help\Output\WebWorks Help 5.0\NBIA Online Help\css\webworks.css" title="" />
  <File groupID="FF92C237173A572" documentID="" id="" type="copy" source="wwformat:Pages/scripts/expand.js" path="C:\Documents and Settings\hadfielj\My Documents\ePublisher Pro Projects\NBIA Online Help\Output\WebWorks Help 5.0\NBIA Online Help\scripts\expand.js" title="" />
  <File groupID="FF92C237173A572" documentID="" id="" type="toc" source="" path="C:\Documents and Settings\hadfielj\My Documents\ePublisher Pro Projects\NBIA Online Help\Output\WebWorks Help 5.0\NBIA Online Help\wwhdata\xml\toc.xml" title="Table of Contents" />
  <Split groupID="FF92C237173A572" documentID="A62E692FC3C8747" id="1052621" position="1" documentstartposition="1" documentendposition="18" title="Welcome to the National Biomedical Imaging Archive (NBIA) " path="C:\Documents and Settings\hadfielj\My Documents\ePublisher Pro Projects\NBIA Online Help\Output\WebWorks Help 5.0\NBIA Online Help\Welcome to NCIA.1.1.html" stylename="" fileposition="1" />
  <Split groupID="FF92C237173A572" documentID="E51F84D3374EA714" id="1104591" position="1" documentstartposition="3" documentendposition="11" title="Getting Started in NBIA " path="C:\Documents and Settings\hadfielj\My Documents\ePublisher Pro Projects\NBIA Online Help\Output\WebWorks Help 5.0\NBIA Online Help\Getting Started.2.1.html" stylename="" fileposition="2" />
  <Split groupID="FF92C237173A572" documentID="E51F84D3374EA714" id="1064696" position="2" documentstartposition="12" documentendposition="26" title="Introduction to NBIA" path="C:\Documents and Settings\hadfielj\My Documents\ePublisher Pro Projects\NBIA Online Help\Output\WebWorks Help 5.0\NBIA Online Help\Getting Started.2.2.html" stylename="" fileposition="3" />
  <Split groupID="FF92C237173A572" documentID="E51F84D3374EA714" id="1084793" position="3" documentstartposition="27" documentendposition="34" title="Registering a New User" path="C:\Documents and Settings\hadfielj\My Documents\ePublisher Pro Projects\NBIA Online Help\Output\WebWorks Help 5.0\NBIA Online Help\Getting Started.2.3.html" stylename="" fileposition="4" />
  <Split groupID="FF92C237173A572" documentID="E51F84D3374EA714" id="1149673" position="4" documentstartposition="35" documentendposition="43" title="Using NBIA Without Logging In" path="C:\Documents and Settings\hadfielj\My Documents\ePublisher Pro Projects\NBIA Online Help\Output\WebWorks Help 5.0\NBIA Online Help\Getting Started.2.4.html" stylename="" fileposition="5" />
  <Split groupID="FF92C237173A572" documentID="E51F84D3374EA714" id="1149786" position="5" documentstartposition="44" documentendposition="56" title="Logging into NBIA" path="C:\Documents and Settings\hadfielj\My Documents\ePublisher Pro Projects\NBIA Online Help\Output\WebWorks Help 5.0\NBIA Online Help\Getting Started.2.5.html" stylename="" fileposition="6" />
  <Split groupID="FF92C237173A572" documentID="E51F84D3374EA714" id="1109695" position="6" documentstartposition="57" documentendposition="67" title="Changing User Password" path="C:\Documents and Settings\hadfielj\My Documents\ePublisher Pro Projects\NBIA Online Help\Output\WebWorks Help 5.0\NBIA Online Help\Getting Started.2.6.html" stylename="" fileposition="7" />
  <Split groupID="FF92C237173A572" documentID="E51F84D3374EA714" id="1155561" position="7" documentstartposition="68" documentendposition="72" title="Using the NBIA Home Page" path="C:\Documents and Settings\hadfielj\My Documents\ePublisher Pro Projects\NBIA Online Help\Output\WebWorks Help 5.0\NBIA Online Help\Getting Started.2.7.html" stylename="" fileposition="8" />
  <Split groupID="FF92C237173A572" documentID="E51F84D3374EA714" id="1102231" position="8" documentstartposition="73" documentendposition="78" title="Home Page Menu Bar" path="C:\Documents and Settings\hadfielj\My Documents\ePublisher Pro Projects\NBIA Online Help\Output\WebWorks Help 5.0\NBIA Online Help\Getting Started.2.8.html" stylename="" fileposition="9" />
  <Split groupID="FF92C237173A572" documentID="E51F84D3374EA714" id="1094519" position="9" documentstartposition="79" documentendposition="84" title="Home Page Left Sidebar" path="C:\Documents and Settings\hadfielj\My Documents\ePublisher Pro Projects\NBIA Online Help\Output\WebWorks Help 5.0\NBIA Online Help\Getting Started.2.9.html" stylename="" fileposition="10" />
  <Split groupID="FF92C237173A572" documentID="E51F84D3374EA714" id="1094546" position="10" documentstartposition="85" documentendposition="93" title="Quick Links" path="C:\Documents and Settings\hadfielj\My Documents\ePublisher Pro Projects\NBIA Online Help\Output\WebWorks Help 5.0\NBIA Online Help\Getting Started.2.10.html" stylename="" fileposition="11" />
  <Split groupID="FF92C237173A572" documentID="E51F84D3374EA714" id="1089122" position="11" documentstartposition="94" documentendposition="99" title="Other Home Page Panels" path="C:\Documents and Settings\hadfielj\My Documents\ePublisher Pro Projects\NBIA Online Help\Output\WebWorks Help 5.0\NBIA Online Help\Getting Started.2.11.html" stylename="" fileposition="12" />
  <Split groupID="FF92C237173A572" documentID="E51F84D3374EA714" id="1091593" position="12" documentstartposition="100" documentendposition="105" title="Using the NBIA Portal" path="C:\Documents and Settings\hadfielj\My Documents\ePublisher Pro Projects\NBIA Online Help\Output\WebWorks Help 5.0\NBIA Online Help\Getting Started.2.12.html" stylename="" fileposition="13" />
  <Split groupID="FF92C237173A572" documentID="E51F84D3374EA714" id="1090544" position="13" documentstartposition="106" documentendposition="111" title="NBIA Portal Menu Bar" path="C:\Documents and Settings\hadfielj\My Documents\ePublisher Pro Projects\NBIA Online Help\Output\WebWorks Help 5.0\NBIA Online Help\Getting Started.2.13.html" stylename="" fileposition="14" />
  <Split groupID="FF92C237173A572" documentID="E51F84D3374EA714" id="1094701" position="14" documentstartposition="112" documentendposition="118" title="Portal Site Map" path="C:\Documents and Settings\hadfielj\My Documents\ePublisher Pro Projects\NBIA Online Help\Output\WebWorks Help 5.0\NBIA Online Help\Getting Started.2.14.html" stylename="" fileposition="15" />
  <Split groupID="FF92C237173A572" documentID="E51F84D3374EA714" id="1090692" position="15" documentstartposition="119" documentendposition="124" title="Portal Page Left SideBar" path="C:\Documents and Settings\hadfielj\My Documents\ePublisher Pro Projects\NBIA Online Help\Output\WebWorks Help 5.0\NBIA Online Help\Getting Started.2.15.html" stylename="" fileposition="16" />
  <Split groupID="FF92C237173A572" documentID="E51F84D3374EA714" id="1087647" position="16" documentstartposition="125" documentendposition="133" title="Accessing NBIA from Another Application&#x9;&#x9;" path="C:\Documents and Settings\hadfielj\My Documents\ePublisher Pro Projects\NBIA Online Help\Output\WebWorks Help 5.0\NBIA Online Help\Getting Started.2.16.html" stylename="" fileposition="17" />
  <Split groupID="FF92C237173A572" documentID="E51F84D3374EA714" id="1158282" position="17" documentstartposition="134" documentendposition="145" title="Using NBIA Online Help" path="C:\Documents and Settings\hadfielj\My Documents\ePublisher Pro Projects\NBIA Online Help\Output\WebWorks Help 5.0\NBIA Online Help\Getting Started.2.17.html" stylename="" fileposition="18">
    <Frame groupID="FF92C237173A572" documentID="E51F84D3374EA714" id="1158292" stylename="Default" position="1" title="TOC button in online help" path="C:\Documents and Settings\hadfielj\My Documents\ePublisher Pro Projects\NBIA Online Help\Output\WebWorks Help 5.0\NBIA Online Help\images\Getting Started.2.17.1.jpg">
      <Thumbnail path="C:\Documents and Settings\hadfielj\My Documents\ePublisher Pro Projects\NBIA Online Help\Output\WebWorks Help 5.0\NBIA Online Help\images\Getting Started.2.17.1_thumb.jpg" />
      <Wrapper groupID="FF92C237173A572" documentID="E51F84D3374EA714" stylename="" path="C:\Documents and Settings\hadfielj\My Documents\ePublisher Pro Projects\NBIA Online Help\Output\WebWorks Help 5.0\NBIA Online Help\images\Getting Started.2.17.1.html" />
      <Description path="C:\Documents and Settings\hadfielj\My Documents\ePublisher Pro Projects\NBIA Online Help\Output\WebWorks Help 5.0\NBIA Online Help\images\Getting Started.2.17.1.txt" />
    </Frame>
  </Split>
  <Split groupID="FF92C237173A572" documentID="DC3845D1CA44D369" id="1060244" position="1" documentstartposition="3" documentendposition="10" title="Searching for Images" path="C:\Documents and Settings\hadfielj\My Documents\ePublisher Pro Projects\NBIA Online Help\Output\WebWorks Help 5.0\NBIA Online Help\Searching NBIA.3.1.html" stylename="" fileposition="19" />
  <Split groupID="FF92C237173A572" documentID="DC3845D1CA44D369" id="1066291" position="2" documentstartposition="11" documentendposition="40" title="Performing Searches" path="C:\Documents and Settings\hadfielj\My Documents\ePublisher Pro Projects\NBIA Online Help\Output\WebWorks Help 5.0\NBIA Online Help\Searching NBIA.3.2.html" stylename="" fileposition="20" />
  <Split groupID="FF92C237173A572" documentID="DC3845D1CA44D369" id="1066741" position="3" documentstartposition="41" documentendposition="63" title="Performing a Simple Search" path="C:\Documents and Settings\hadfielj\My Documents\ePublisher Pro Projects\NBIA Online Help\Output\WebWorks Help 5.0\NBIA Online Help\Searching NBIA.3.3.html" stylename="" fileposition="21">
    <Frame groupID="FF92C237173A572" documentID="DC3845D1CA44D369" id="1067324" stylename="Default" position="1" title="screen shot showing image slice thickness parameters" byref="true" source="C:\Documents and Settings\hadfielj\My Documents\CBIIT Projects\NBIA\NBIA 4.2 user guide and online help\NBIAImages\ThicknessGreater.gif" path="C:\Documents and Settings\hadfielj\My Documents\ePublisher Pro Projects\NBIA Online Help\Output\WebWorks Help 5.0\NBIA Online Help\images\ThicknessGreater.gif">
      <Thumbnail path="C:\Documents and Settings\hadfielj\My Documents\ePublisher Pro Projects\NBIA Online Help\Output\WebWorks Help 5.0\NBIA Online Help\images\ThicknessGreater_thumb.gif" />
      <Wrapper groupID="FF92C237173A572" documentID="DC3845D1CA44D369" stylename="" path="C:\Documents and Settings\hadfielj\My Documents\ePublisher Pro Projects\NBIA Online Help\Output\WebWorks Help 5.0\NBIA Online Help\images\ThicknessGreater.html" />
      <Description path="C:\Documents and Settings\hadfielj\My Documents\ePublisher Pro Projects\NBIA Online Help\Output\WebWorks Help 5.0\NBIA Online Help\images\ThicknessGreater.txt" />
    </Frame>
    <Frame groupID="FF92C237173A572" documentID="DC3845D1CA44D369" id="1067351" stylename="Default" position="2" title="screen shot showing more image slice thickness parameters" byref="true" source="C:\Documents and Settings\hadfielj\My Documents\CBIIT Projects\NBIA\NBIA 4.2 user guide and online help\NBIAImages\ThicknessRange.gif" path="C:\Documents and Settings\hadfielj\My Documents\ePublisher Pro Projects\NBIA Online Help\Output\WebWorks Help 5.0\NBIA Online Help\images\ThicknessRange.gif">
      <Thumbnail path="C:\Documents and Settings\hadfielj\My Documents\ePublisher Pro Projects\NBIA Online Help\Output\WebWorks Help 5.0\NBIA Online Help\images\ThicknessRange_thumb.gif" />
      <Wrapper groupID="FF92C237173A572" documentID="DC3845D1CA44D369" stylename="" path="C:\Documents and Settings\hadfielj\My Documents\ePublisher Pro Projects\NBIA Online Help\Output\WebWorks Help 5.0\NBIA Online Help\images\ThicknessRange.html" />
      <Description path="C:\Documents and Settings\hadfielj\My Documents\ePublisher Pro Projects\NBIA Online Help\Output\WebWorks Help 5.0\NBIA Online Help\images\ThicknessRange.txt" />
    </Frame>
  </Split>
  <Split groupID="FF92C237173A572" documentID="DC3845D1CA44D369" id="1207980" position="4" documentstartposition="64" documentendposition="92" title="Performing an Advanced Search" path="C:\Documents and Settings\hadfielj\My Documents\ePublisher Pro Projects\NBIA Online Help\Output\WebWorks Help 5.0\NBIA Online Help\Searching NBIA.3.4.html" stylename="" fileposition="22">
    <Frame groupID="FF92C237173A572" documentID="DC3845D1CA44D369" id="1208043" stylename="Default" position="1" title="screen shot of text box for defining image slice thickness criteria" byref="true" source="C:\Documents and Settings\hadfielj\My Documents\CBIIT Projects\NBIA\NBIA 4.2 user guide and online help\NBIAImages\ThicknessGreater.gif" path="C:\Documents and Settings\hadfielj\My Documents\ePublisher Pro Projects\NBIA Online Help\Output\WebWorks Help 5.0\NBIA Online Help\images\ThicknessGreater.gif">
      <Thumbnail path="C:\Documents and Settings\hadfielj\My Documents\ePublisher Pro Projects\NBIA Online Help\Output\WebWorks Help 5.0\NBIA Online Help\images\ThicknessGreater_thumb.gif" />
      <Wrapper groupID="FF92C237173A572" documentID="DC3845D1CA44D369" stylename="" path="C:\Documents and Settings\hadfielj\My Documents\ePublisher Pro Projects\NBIA Online Help\Output\WebWorks Help 5.0\NBIA Online Help\images\ThicknessGreater.html" />
      <Description path="C:\Documents and Settings\hadfielj\My Documents\ePublisher Pro Projects\NBIA Online Help\Output\WebWorks Help 5.0\NBIA Online Help\images\ThicknessGreater.txt" />
    </Frame>
    <Frame groupID="FF92C237173A572" documentID="DC3845D1CA44D369" id="1208047" stylename="Default" position="2" title="screen shot of text box for defining image slice thickness criteria" byref="true" source="C:\Documents and Settings\hadfielj\My Documents\CBIIT Projects\NBIA\NBIA 4.2 user guide and online help\NBIAImages\ThicknessRange.gif" path="C:\Documents and Settings\hadfielj\My Documents\ePublisher Pro Projects\NBIA Online Help\Output\WebWorks Help 5.0\NBIA Online Help\images\ThicknessRange.gif">
      <Thumbnail path="C:\Documents and Settings\hadfielj\My Documents\ePublisher Pro Projects\NBIA Online Help\Output\WebWorks Help 5.0\NBIA Online Help\images\ThicknessRange_thumb.gif" />
      <Wrapper groupID="FF92C237173A572" documentID="DC3845D1CA44D369" stylename="" path="C:\Documents and Settings\hadfielj\My Documents\ePublisher Pro Projects\NBIA Online Help\Output\WebWorks Help 5.0\NBIA Online Help\images\ThicknessRange.html" />
      <Description path="C:\Documents and Settings\hadfielj\My Documents\ePublisher Pro Projects\NBIA Online Help\Output\WebWorks Help 5.0\NBIA Online Help\images\ThicknessRange.txt" />
    </Frame>
  </Split>
  <Split groupID="FF92C237173A572" documentID="DC3845D1CA44D369" id="1095060" position="5" documentstartposition="93" documentendposition="100" title="Searching Curation Data" path="C:\Documents and Settings\hadfielj\My Documents\ePublisher Pro Projects\NBIA Online Help\Output\WebWorks Help 5.0\NBIA Online Help\Searching NBIA.3.5.html" stylename="" fileposition="23" />
  <Split groupID="FF92C237173A572" documentID="DC3845D1CA44D369" id="1102496" position="6" documentstartposition="101" documentendposition="126" title="Annotation Keyword Search Page" path="C:\Documents and Settings\hadfielj\My Documents\ePublisher Pro Projects\NBIA Online Help\Output\WebWorks Help 5.0\NBIA Online Help\Searching NBIA.3.6.html" stylename="" fileposition="24" />
  <Split groupID="FF92C237173A572" documentID="DC3845D1CA44D369" id="1205557" position="7" documentstartposition="127" documentendposition="142" title="Specifying Remote Search Sites" path="C:\Documents and Settings\hadfielj\My Documents\ePublisher Pro Projects\NBIA Online Help\Output\WebWorks Help 5.0\NBIA Online Help\Searching NBIA.3.7.html" stylename="" fileposition="25" />
  <Split groupID="FF92C237173A572" documentID="DC3845D1CA44D369" id="1067999" position="8" documentstartposition="143" documentendposition="150" title="Working with Saved Search Queries" path="C:\Documents and Settings\hadfielj\My Documents\ePublisher Pro Projects\NBIA Online Help\Output\WebWorks Help 5.0\NBIA Online Help\Searching NBIA.3.8.html" stylename="" fileposition="26" />
  <Split groupID="FF92C237173A572" documentID="DC3845D1CA44D369" id="1091711" position="9" documentstartposition="151" documentendposition="159" title="Saving a Search Query" path="C:\Documents and Settings\hadfielj\My Documents\ePublisher Pro Projects\NBIA Online Help\Output\WebWorks Help 5.0\NBIA Online Help\Searching NBIA.3.9.html" stylename="" fileposition="27" />
  <Split groupID="FF92C237173A572" documentID="DC3845D1CA44D369" id="1066885" position="10" documentstartposition="160" documentendposition="177" title="Managing Saved Queries" path="C:\Documents and Settings\hadfielj\My Documents\ePublisher Pro Projects\NBIA Online Help\Output\WebWorks Help 5.0\NBIA Online Help\Searching NBIA.3.10.html" stylename="" fileposition="28" />
  <Split groupID="FF92C237173A572" documentID="DC3845D1CA44D369" id="1153808" position="11" documentstartposition="178" documentendposition="193" title="Editing Saved Queries" path="C:\Documents and Settings\hadfielj\My Documents\ePublisher Pro Projects\NBIA Online Help\Output\WebWorks Help 5.0\NBIA Online Help\Searching NBIA.3.11.html" stylename="" fileposition="29" />
  <Split groupID="FF92C237173A572" documentID="DC3845D1CA44D369" id="1092117" position="12" documentstartposition="194" documentendposition="203" title="Viewing a Query History" path="C:\Documents and Settings\hadfielj\My Documents\ePublisher Pro Projects\NBIA Online Help\Output\WebWorks Help 5.0\NBIA Online Help\Searching NBIA.3.12.html" stylename="" fileposition="30" />
  <Split groupID="FF92C237173A572" documentID="DC3845D1CA44D369" id="1086036" position="13" documentstartposition="204" documentendposition="205" title="Initiating Searches from Other Applications&#x9;" path="C:\Documents and Settings\hadfielj\My Documents\ePublisher Pro Projects\NBIA Online Help\Output\WebWorks Help 5.0\NBIA Online Help\Searching NBIA.3.13.html" stylename="" fileposition="31" />
  <Split groupID="FF92C237173A572" documentID="67FC8BC25B98DD1F" id="1060244" position="1" documentstartposition="3" documentendposition="8" title="Viewing Search Results" path="C:\Documents and Settings\hadfielj\My Documents\ePublisher Pro Projects\NBIA Online Help\Output\WebWorks Help 5.0\NBIA Online Help\Viewing Search Results.4.1.html" stylename="" fileposition="32" />
  <Split groupID="FF92C237173A572" documentID="67FC8BC25B98DD1F" id="1095790" position="2" documentstartposition="9" documentendposition="14" title="Search Results Overview" path="C:\Documents and Settings\hadfielj\My Documents\ePublisher Pro Projects\NBIA Online Help\Output\WebWorks Help 5.0\NBIA Online Help\Viewing Search Results.4.2.html" stylename="" fileposition="33" />
  <Split groupID="FF92C237173A572" documentID="67FC8BC25B98DD1F" id="1085991" position="3" documentstartposition="15" documentendposition="26" title="Search Results (by Subject)" path="C:\Documents and Settings\hadfielj\My Documents\ePublisher Pro Projects\NBIA Online Help\Output\WebWorks Help 5.0\NBIA Online Help\Viewing Search Results.4.3.html" stylename="" fileposition="34" />
  <Split groupID="FF92C237173A572" documentID="67FC8BC25B98DD1F" id="1069240" position="4" documentstartposition="27" documentendposition="40" title="Search Results (Studies for Subject)" path="C:\Documents and Settings\hadfielj\My Documents\ePublisher Pro Projects\NBIA Online Help\Output\WebWorks Help 5.0\NBIA Online Help\Viewing Search Results.4.4.html" stylename="" fileposition="35" />
  <Split groupID="FF92C237173A572" documentID="67FC8BC25B98DD1F" id="1069282" position="5" documentstartposition="41" documentendposition="50" title="Search Results (Images for Series)" path="C:\Documents and Settings\hadfielj\My Documents\ePublisher Pro Projects\NBIA Online Help\Output\WebWorks Help 5.0\NBIA Online Help\Viewing Search Results.4.5.html" stylename="" fileposition="36" />
  <Split groupID="FF92C237173A572" documentID="67FC8BC25B98DD1F" id="1169054" position="6" documentstartposition="51" documentendposition="59" title="Viewing Image Animation" path="C:\Documents and Settings\hadfielj\My Documents\ePublisher Pro Projects\NBIA Online Help\Output\WebWorks Help 5.0\NBIA Online Help\Viewing Search Results.4.6.html" stylename="" fileposition="37">
    <Frame groupID="FF92C237173A572" documentID="67FC8BC25B98DD1F" id="1193517" stylename="Default" position="1" title="screen shot of magnifying glass symbol" path="C:\Documents and Settings\hadfielj\My Documents\ePublisher Pro Projects\NBIA Online Help\Output\WebWorks Help 5.0\NBIA Online Help\images\Viewing Search Results.4.6.1.jpg">
      <Thumbnail path="C:\Documents and Settings\hadfielj\My Documents\ePublisher Pro Projects\NBIA Online Help\Output\WebWorks Help 5.0\NBIA Online Help\images\Viewing Search Results.4.6.1_thumb.jpg" />
      <Wrapper groupID="FF92C237173A572" documentID="67FC8BC25B98DD1F" stylename="" path="C:\Documents and Settings\hadfielj\My Documents\ePublisher Pro Projects\NBIA Online Help\Output\WebWorks Help 5.0\NBIA Online Help\images\Viewing Search Results.4.6.1.html" />
      <Description path="C:\Documents and Settings\hadfielj\My Documents\ePublisher Pro Projects\NBIA Online Help\Output\WebWorks Help 5.0\NBIA Online Help\images\Viewing Search Results.4.6.1.txt" />
    </Frame>
    <Frame groupID="FF92C237173A572" documentID="67FC8BC25B98DD1F" id="1169441" stylename="Default" position="2" title="screen shot of the play forward button for the animation viewer" path="C:\Documents and Settings\hadfielj\My Documents\ePublisher Pro Projects\NBIA Online Help\Output\WebWorks Help 5.0\NBIA Online Help\images\Viewing Search Results.4.6.2.jpg">
      <Thumbnail path="C:\Documents and Settings\hadfielj\My Documents\ePublisher Pro Projects\NBIA Online Help\Output\WebWorks Help 5.0\NBIA Online Help\images\Viewing Search Results.4.6.2_thumb.jpg" />
      <Wrapper groupID="FF92C237173A572" documentID="67FC8BC25B98DD1F" stylename="" path="C:\Documents and Settings\hadfielj\My Documents\ePublisher Pro Projects\NBIA Online Help\Output\WebWorks Help 5.0\NBIA Online Help\images\Viewing Search Results.4.6.2.html" />
      <Description path="C:\Documents and Settings\hadfielj\My Documents\ePublisher Pro Projects\NBIA Online Help\Output\WebWorks Help 5.0\NBIA Online Help\images\Viewing Search Results.4.6.2.txt" />
    </Frame>
    <Frame groupID="FF92C237173A572" documentID="67FC8BC25B98DD1F" id="1198335" stylename="Default" position="3" title="screen shot of the arrow that determines which frame of the movie displays." path="C:\Documents and Settings\hadfielj\My Documents\ePublisher Pro Projects\NBIA Online Help\Output\WebWorks Help 5.0\NBIA Online Help\images\Viewing Search Results.4.6.3.jpg">
      <Thumbnail path="C:\Documents and Settings\hadfielj\My Documents\ePublisher Pro Projects\NBIA Online Help\Output\WebWorks Help 5.0\NBIA Online Help\images\Viewing Search Results.4.6.3_thumb.jpg" />
      <Wrapper groupID="FF92C237173A572" documentID="67FC8BC25B98DD1F" stylename="" path="C:\Documents and Settings\hadfielj\My Documents\ePublisher Pro Projects\NBIA Online Help\Output\WebWorks Help 5.0\NBIA Online Help\images\Viewing Search Results.4.6.3.html" />
      <Description path="C:\Documents and Settings\hadfielj\My Documents\ePublisher Pro Projects\NBIA Online Help\Output\WebWorks Help 5.0\NBIA Online Help\images\Viewing Search Results.4.6.3.txt" />
    </Frame>
    <Frame groupID="FF92C237173A572" documentID="67FC8BC25B98DD1F" id="1198344" stylename="Default" position="4" title="screen shot of the bar that varies the range of images playing" path="C:\Documents and Settings\hadfielj\My Documents\ePublisher Pro Projects\NBIA Online Help\Output\WebWorks Help 5.0\NBIA Online Help\images\Viewing Search Results.4.6.4.jpg">
      <Thumbnail path="C:\Documents and Settings\hadfielj\My Documents\ePublisher Pro Projects\NBIA Online Help\Output\WebWorks Help 5.0\NBIA Online Help\images\Viewing Search Results.4.6.4_thumb.jpg" />
      <Wrapper groupID="FF92C237173A572" documentID="67FC8BC25B98DD1F" stylename="" path="C:\Documents and Settings\hadfielj\My Documents\ePublisher Pro Projects\NBIA Online Help\Output\WebWorks Help 5.0\NBIA Online Help\images\Viewing Search Results.4.6.4.html" />
      <Description path="C:\Documents and Settings\hadfielj\My Documents\ePublisher Pro Projects\NBIA Online Help\Output\WebWorks Help 5.0\NBIA Online Help\images\Viewing Search Results.4.6.4.txt" />
    </Frame>
    <Frame groupID="FF92C237173A572" documentID="67FC8BC25B98DD1F" id="1198353" stylename="Default" position="5" title="button that returns the viewer to the first image in the series" path="C:\Documents and Settings\hadfielj\My Documents\ePublisher Pro Projects\NBIA Online Help\Output\WebWorks Help 5.0\NBIA Online Help\images\Viewing Search Results.4.6.5.jpg">
      <Thumbnail path="C:\Documents and Settings\hadfielj\My Documents\ePublisher Pro Projects\NBIA Online Help\Output\WebWorks Help 5.0\NBIA Online Help\images\Viewing Search Results.4.6.5_thumb.jpg" />
      <Wrapper groupID="FF92C237173A572" documentID="67FC8BC25B98DD1F" stylename="" path="C:\Documents and Settings\hadfielj\My Documents\ePublisher Pro Projects\NBIA Online Help\Output\WebWorks Help 5.0\NBIA Online Help\images\Viewing Search Results.4.6.5.html" />
      <Description path="C:\Documents and Settings\hadfielj\My Documents\ePublisher Pro Projects\NBIA Online Help\Output\WebWorks Help 5.0\NBIA Online Help\images\Viewing Search Results.4.6.5.txt" />
    </Frame>
    <Frame groupID="FF92C237173A572" documentID="67FC8BC25B98DD1F" id="1198358" stylename="Default" position="6" title="Button that takes the viewer to the last image in the series" path="C:\Documents and Settings\hadfielj\My Documents\ePublisher Pro Projects\NBIA Online Help\Output\WebWorks Help 5.0\NBIA Online Help\images\Viewing Search Results.4.6.6.jpg">
      <Thumbnail path="C:\Documents and Settings\hadfielj\My Documents\ePublisher Pro Projects\NBIA Online Help\Output\WebWorks Help 5.0\NBIA Online Help\images\Viewing Search Results.4.6.6_thumb.jpg" />
      <Wrapper groupID="FF92C237173A572" documentID="67FC8BC25B98DD1F" stylename="" path="C:\Documents and Settings\hadfielj\My Documents\ePublisher Pro Projects\NBIA Online Help\Output\WebWorks Help 5.0\NBIA Online Help\images\Viewing Search Results.4.6.6.html" />
      <Description path="C:\Documents and Settings\hadfielj\My Documents\ePublisher Pro Projects\NBIA Online Help\Output\WebWorks Help 5.0\NBIA Online Help\images\Viewing Search Results.4.6.6.txt" />
    </Frame>
    <Frame groupID="FF92C237173A572" documentID="67FC8BC25B98DD1F" id="1198366" stylename="Default" position="7" title="button that plays animation backwards through the series" path="C:\Documents and Settings\hadfielj\My Documents\ePublisher Pro Projects\NBIA Online Help\Output\WebWorks Help 5.0\NBIA Online Help\images\Viewing Search Results.4.6.7.jpg">
      <Thumbnail path="C:\Documents and Settings\hadfielj\My Documents\ePublisher Pro Projects\NBIA Online Help\Output\WebWorks Help 5.0\NBIA Online Help\images\Viewing Search Results.4.6.7_thumb.jpg" />
      <Wrapper groupID="FF92C237173A572" documentID="67FC8BC25B98DD1F" stylename="" path="C:\Documents and Settings\hadfielj\My Documents\ePublisher Pro Projects\NBIA Online Help\Output\WebWorks Help 5.0\NBIA Online Help\images\Viewing Search Results.4.6.7.html" />
      <Description path="C:\Documents and Settings\hadfielj\My Documents\ePublisher Pro Projects\NBIA Online Help\Output\WebWorks Help 5.0\NBIA Online Help\images\Viewing Search Results.4.6.7.txt" />
    </Frame>
    <Frame groupID="FF92C237173A572" documentID="67FC8BC25B98DD1F" id="1198371" stylename="Default" position="8" title="button that plays the animation forward through the series" path="C:\Documents and Settings\hadfielj\My Documents\ePublisher Pro Projects\NBIA Online Help\Output\WebWorks Help 5.0\NBIA Online Help\images\Viewing Search Results.4.6.8.jpg">
      <Thumbnail path="C:\Documents and Settings\hadfielj\My Documents\ePublisher Pro Projects\NBIA Online Help\Output\WebWorks Help 5.0\NBIA Online Help\images\Viewing Search Results.4.6.8_thumb.jpg" />
      <Wrapper groupID="FF92C237173A572" documentID="67FC8BC25B98DD1F" stylename="" path="C:\Documents and Settings\hadfielj\My Documents\ePublisher Pro Projects\NBIA Online Help\Output\WebWorks Help 5.0\NBIA Online Help\images\Viewing Search Results.4.6.8.html" />
      <Description path="C:\Documents and Settings\hadfielj\My Documents\ePublisher Pro Projects\NBIA Online Help\Output\WebWorks Help 5.0\NBIA Online Help\images\Viewing Search Results.4.6.8.txt" />
    </Frame>
    <Frame groupID="FF92C237173A572" documentID="67FC8BC25B98DD1F" id="1198379" stylename="Default" position="9" title="button that stops the animation, then clicks through images one by one moving backwards through the series" path="C:\Documents and Settings\hadfielj\My Documents\ePublisher Pro Projects\NBIA Online Help\Output\WebWorks Help 5.0\NBIA Online Help\images\Viewing Search Results.4.6.9.jpg">
      <Thumbnail path="C:\Documents and Settings\hadfielj\My Documents\ePublisher Pro Projects\NBIA Online Help\Output\WebWorks Help 5.0\NBIA Online Help\images\Viewing Search Results.4.6.9_thumb.jpg" />
      <Wrapper groupID="FF92C237173A572" documentID="67FC8BC25B98DD1F" stylename="" path="C:\Documents and Settings\hadfielj\My Documents\ePublisher Pro Projects\NBIA Online Help\Output\WebWorks Help 5.0\NBIA Online Help\images\Viewing Search Results.4.6.9.html" />
      <Description path="C:\Documents and Settings\hadfielj\My Documents\ePublisher Pro Projects\NBIA Online Help\Output\WebWorks Help 5.0\NBIA Online Help\images\Viewing Search Results.4.6.9.txt" />
    </Frame>
    <Frame groupID="FF92C237173A572" documentID="67FC8BC25B98DD1F" id="1198384" stylename="Default" position="10" title="button that stops the animation, then clicks through images one by one moving forward through the series" path="C:\Documents and Settings\hadfielj\My Documents\ePublisher Pro Projects\NBIA Online Help\Output\WebWorks Help 5.0\NBIA Online Help\images\Viewing Search Results.4.6.10.jpg">
      <Thumbnail path="C:\Documents and Settings\hadfielj\My Documents\ePublisher Pro Projects\NBIA Online Help\Output\WebWorks Help 5.0\NBIA Online Help\images\Viewing Search Results.4.6.10_thumb.jpg" />
      <Wrapper groupID="FF92C237173A572" documentID="67FC8BC25B98DD1F" stylename="" path="C:\Documents and Settings\hadfielj\My Documents\ePublisher Pro Projects\NBIA Online Help\Output\WebWorks Help 5.0\NBIA Online Help\images\Viewing Search Results.4.6.10.html" />
      <Description path="C:\Documents and Settings\hadfielj\My Documents\ePublisher Pro Projects\NBIA Online Help\Output\WebWorks Help 5.0\NBIA Online Help\images\Viewing Search Results.4.6.10.txt" />
    </Frame>
    <Frame groupID="FF92C237173A572" documentID="67FC8BC25B98DD1F" id="1204291" stylename="Default" position="11" title="button that cycles the animation forward to backward, continuing the animation ad infinitum" path="C:\Documents and Settings\hadfielj\My Documents\ePublisher Pro Projects\NBIA Online Help\Output\WebWorks Help 5.0\NBIA Online Help\images\Viewing Search Results.4.6.11.jpg">
      <Thumbnail path="C:\Documents and Settings\hadfielj\My Documents\ePublisher Pro Projects\NBIA Online Help\Output\WebWorks Help 5.0\NBIA Online Help\images\Viewing Search Results.4.6.11_thumb.jpg" />
      <Wrapper groupID="FF92C237173A572" documentID="67FC8BC25B98DD1F" stylename="" path="C:\Documents and Settings\hadfielj\My Documents\ePublisher Pro Projects\NBIA Online Help\Output\WebWorks Help 5.0\NBIA Online Help\images\Viewing Search Results.4.6.11.html" />
      <Description path="C:\Documents and Settings\hadfielj\My Documents\ePublisher Pro Projects\NBIA Online Help\Output\WebWorks Help 5.0\NBIA Online Help\images\Viewing Search Results.4.6.11.txt" />
    </Frame>
  </Split>
  <Split groupID="FF92C237173A572" documentID="67FC8BC25B98DD1F" id="1169851" position="7" documentstartposition="60" documentendposition="64" title="Working with the Data Basket" path="C:\Documents and Settings\hadfielj\My Documents\ePublisher Pro Projects\NBIA Online Help\Output\WebWorks Help 5.0\NBIA Online Help\Viewing Search Results.4.7.html" stylename="" fileposition="38" />
  <Split groupID="FF92C237173A572" documentID="67FC8BC25B98DD1F" id="1090594" position="8" documentstartposition="65" documentendposition="73" title="Adding Items to Your Basket" path="C:\Documents and Settings\hadfielj\My Documents\ePublisher Pro Projects\NBIA Online Help\Output\WebWorks Help 5.0\NBIA Online Help\Viewing Search Results.4.8.html" stylename="" fileposition="39" />
  <Split groupID="FF92C237173A572" documentID="67FC8BC25B98DD1F" id="1070197" position="9" documentstartposition="74" documentendposition="82" title="Managing the Data Basket" path="C:\Documents and Settings\hadfielj\My Documents\ePublisher Pro Projects\NBIA Online Help\Output\WebWorks Help 5.0\NBIA Online Help\Viewing Search Results.4.9.html" stylename="" fileposition="40" />
  <Split groupID="FF92C237173A572" documentID="67FC8BC25B98DD1F" id="1090496" position="10" documentstartposition="83" documentendposition="103" title="Downloading the Data Basket " path="C:\Documents and Settings\hadfielj\My Documents\ePublisher Pro Projects\NBIA Online Help\Output\WebWorks Help 5.0\NBIA Online Help\Viewing Search Results.4.10.html" stylename="" fileposition="41" />
  <Split groupID="FF92C237173A572" documentID="67FC8BC25B98DD1F" id="1070597" position="11" documentstartposition="104" documentendposition="110" title="Obtaining DICOM Viewers" path="C:\Documents and Settings\hadfielj\My Documents\ePublisher Pro Projects\NBIA Online Help\Output\WebWorks Help 5.0\NBIA Online Help\Viewing Search Results.4.11.html" stylename="" fileposition="42" />
  <Split groupID="FF92C237173A572" documentID="B76342D0B38E613E" id="1060244" position="1" documentstartposition="3" documentendposition="8" title="Submitting Images" path="C:\Documents and Settings\hadfielj\My Documents\ePublisher Pro Projects\NBIA Online Help\Output\WebWorks Help 5.0\NBIA Online Help\Submitting Images.5.1.html" stylename="" fileposition="43" />
  <Split groupID="FF92C237173A572" documentID="B76342D0B38E613E" id="1185434" position="2" documentstartposition="9" documentendposition="19" title="Image Submission Overview" path="C:\Documents and Settings\hadfielj\My Documents\ePublisher Pro Projects\NBIA Online Help\Output\WebWorks Help 5.0\NBIA Online Help\Submitting Images.5.2.html" stylename="" fileposition="44">
    <Frame groupID="FF92C237173A572" documentID="B76342D0B38E613E" id="1187575" stylename="Default" position="1" title="diagram of the process of submitting an image to NBIA" byref="true" source="C:\Documents and Settings\hadfielj\My Documents\CBIIT Projects\NBIA\NBIA 4.2 user guide and online help\NBIAImages\path image submission.gif" path="C:\Documents and Settings\hadfielj\My Documents\ePublisher Pro Projects\NBIA Online Help\Output\WebWorks Help 5.0\NBIA Online Help\images\path image submission.gif">
      <Thumbnail path="C:\Documents and Settings\hadfielj\My Documents\ePublisher Pro Projects\NBIA Online Help\Output\WebWorks Help 5.0\NBIA Online Help\images\path image submission_thumb.gif" />
      <Wrapper groupID="FF92C237173A572" documentID="B76342D0B38E613E" stylename="" path="C:\Documents and Settings\hadfielj\My Documents\ePublisher Pro Projects\NBIA Online Help\Output\WebWorks Help 5.0\NBIA Online Help\images\path image submission.html" />
      <Description path="C:\Documents and Settings\hadfielj\My Documents\ePublisher Pro Projects\NBIA Online Help\Output\WebWorks Help 5.0\NBIA Online Help\images\path image submission.txt" />
    </Frame>
  </Split>
  <Split groupID="FF92C237173A572" documentID="B76342D0B38E613E" id="1185456" position="3" documentstartposition="20" documentendposition="60" title="Configuring the CTP Client" path="C:\Documents and Settings\hadfielj\My Documents\ePublisher Pro Projects\NBIA Online Help\Output\WebWorks Help 5.0\NBIA Online Help\Submitting Images.5.3.html" stylename="" fileposition="45" />
  <Split groupID="FF92C237173A572" documentID="B76342D0B38E613E" id="1189447" position="4" documentstartposition="61" documentendposition="75" title="Submitting Images" path="C:\Documents and Settings\hadfielj\My Documents\ePublisher Pro Projects\NBIA Online Help\Output\WebWorks Help 5.0\NBIA Online Help\Submitting Images.5.4.html" stylename="" fileposition="46" />
  <Split groupID="FF92C237173A572" documentID="B76342D0B38E613E" id="1187206" position="5" documentstartposition="76" documentendposition="93" title="Troubleshooting Unsuccessful Image Submission" path="C:\Documents and Settings\hadfielj\My Documents\ePublisher Pro Projects\NBIA Online Help\Output\WebWorks Help 5.0\NBIA Online Help\Submitting Images.5.5.html" stylename="" fileposition="47" />
  <Split groupID="FF92C237173A572" documentID="B76342D0B38E613E" id="1183853" position="6" documentstartposition="94" documentendposition="100" title="Configuring Security for Newly Submitted Data" path="C:\Documents and Settings\hadfielj\My Documents\ePublisher Pro Projects\NBIA Online Help\Output\WebWorks Help 5.0\NBIA Online Help\Submitting Images.5.6.html" stylename="" fileposition="48" />
  <Split groupID="FF92C237173A572" documentID="B76342D0B38E613E" id="1184357" position="7" documentstartposition="101" documentendposition="104" title="Creating a Protection Element" path="C:\Documents and Settings\hadfielj\My Documents\ePublisher Pro Projects\NBIA Online Help\Output\WebWorks Help 5.0\NBIA Online Help\Submitting Images.5.7.html" stylename="" fileposition="49" />
  <Split groupID="FF92C237173A572" documentID="B76342D0B38E613E" id="1196342" position="8" documentstartposition="105" documentendposition="115" title="Collection Protection Element" path="C:\Documents and Settings\hadfielj\My Documents\ePublisher Pro Projects\NBIA Online Help\Output\WebWorks Help 5.0\NBIA Online Help\Submitting Images.5.8.html" stylename="" fileposition="50" />
  <Split groupID="FF92C237173A572" documentID="B76342D0B38E613E" id="1192202" position="9" documentstartposition="116" documentendposition="126" title="Site Protection Element" path="C:\Documents and Settings\hadfielj\My Documents\ePublisher Pro Projects\NBIA Online Help\Output\WebWorks Help 5.0\NBIA Online Help\Submitting Images.5.9.html" stylename="" fileposition="51" />
  <Split groupID="FF92C237173A572" documentID="B76342D0B38E613E" id="1184346" position="10" documentstartposition="127" documentendposition="138" title="Creating a Protection Group" path="C:\Documents and Settings\hadfielj\My Documents\ePublisher Pro Projects\NBIA Online Help\Output\WebWorks Help 5.0\NBIA Online Help\Submitting Images.5.10.html" stylename="" fileposition="52" />
  <Split groupID="FF92C237173A572" documentID="B76342D0B38E613E" id="1186237" position="11" documentstartposition="139" documentendposition="153" title="Associating Protection Elements with Protection Groups" path="C:\Documents and Settings\hadfielj\My Documents\ePublisher Pro Projects\NBIA Online Help\Output\WebWorks Help 5.0\NBIA Online Help\Submitting Images.5.11.html" stylename="" fileposition="53" />
  <Split groupID="FF92C237173A572" documentID="B76342D0B38E613E" id="1192950" position="12" documentstartposition="154" documentendposition="178" title="Assigning a User to a Protection Group With Roles" path="C:\Documents and Settings\hadfielj\My Documents\ePublisher Pro Projects\NBIA Online Help\Output\WebWorks Help 5.0\NBIA Online Help\Submitting Images.5.12.html" stylename="" fileposition="54" />
  <Split groupID="FF92C237173A572" documentID="B76342D0B38E613E" id="1199077" position="13" documentstartposition="179" documentendposition="196" title="Assigning a User Group to a Protection Group" path="C:\Documents and Settings\hadfielj\My Documents\ePublisher Pro Projects\NBIA Online Help\Output\WebWorks Help 5.0\NBIA Online Help\Submitting Images.5.13.html" stylename="" fileposition="55" />
  <Split groupID="FF92C237173A572" documentID="B76342D0B38E613E" id="1197885" position="14" documentstartposition="197" documentendposition="198" title="Alternative Image Configuration/Submission Methods" path="C:\Documents and Settings\hadfielj\My Documents\ePublisher Pro Projects\NBIA Online Help\Output\WebWorks Help 5.0\NBIA Online Help\Submitting Images.5.14.html" stylename="" fileposition="56" />
  <Split groupID="FF92C237173A572" documentID="6B8D7D2585F713DF" id="1064739" position="1" documentstartposition="3" documentendposition="9" title="NBIA Administration" path="C:\Documents and Settings\hadfielj\My Documents\ePublisher Pro Projects\NBIA Online Help\Output\WebWorks Help 5.0\NBIA Online Help\NBIA admin.6.1.html" stylename="" fileposition="57" />
  <Split groupID="FF92C237173A572" documentID="6B8D7D2585F713DF" id="1084083" position="2" documentstartposition="10" documentendposition="16" title="Administration Functions Overview" path="C:\Documents and Settings\hadfielj\My Documents\ePublisher Pro Projects\NBIA Online Help\Output\WebWorks Help 5.0\NBIA Online Help\NBIA admin.6.2.html" stylename="" fileposition="58" />
  <Split groupID="FF92C237173A572" documentID="6B8D7D2585F713DF" id="1104462" position="3" documentstartposition="17" documentendposition="27" title="Creating a New NBIA User" path="C:\Documents and Settings\hadfielj\My Documents\ePublisher Pro Projects\NBIA Online Help\Output\WebWorks Help 5.0\NBIA Online Help\NBIA admin.6.3.html" stylename="" fileposition="59" />
  <Split groupID="FF92C237173A572" documentID="6B8D7D2585F713DF" id="1084993" position="4" documentstartposition="28" documentendposition="49" title="Using the Quality Control (QC) Tool" path="C:\Documents and Settings\hadfielj\My Documents\ePublisher Pro Projects\NBIA Online Help\Output\WebWorks Help 5.0\NBIA Online Help\NBIA admin.6.4.html" stylename="" fileposition="60">
    <Frame groupID="FF92C237173A572" documentID="6B8D7D2585F713DF" id="1091620" stylename="Default" position="1" title="diagram showing workflow states of image data curation" path="C:\Documents and Settings\hadfielj\My Documents\ePublisher Pro Projects\NBIA Online Help\Output\WebWorks Help 5.0\NBIA Online Help\images\NBIA admin.6.4.1.jpg">
      <Thumbnail path="C:\Documents and Settings\hadfielj\My Documents\ePublisher Pro Projects\NBIA Online Help\Output\WebWorks Help 5.0\NBIA Online Help\images\NBIA admin.6.4.1_thumb.jpg" />
      <Wrapper groupID="FF92C237173A572" documentID="6B8D7D2585F713DF" stylename="" path="C:\Documents and Settings\hadfielj\My Documents\ePublisher Pro Projects\NBIA Online Help\Output\WebWorks Help 5.0\NBIA Online Help\images\NBIA admin.6.4.1.html" />
      <Description path="C:\Documents and Settings\hadfielj\My Documents\ePublisher Pro Projects\NBIA Online Help\Output\WebWorks Help 5.0\NBIA Online Help\images\NBIA admin.6.4.1.txt" />
    </Frame>
  </Split>
  <Split groupID="FF92C237173A572" documentID="6B8D7D2585F713DF" id="1092076" position="5" documentstartposition="50" documentendposition="55" title="Uploading and Parsing the Curation Spreadsheet" path="C:\Documents and Settings\hadfielj\My Documents\ePublisher Pro Projects\NBIA Online Help\Output\WebWorks Help 5.0\NBIA Online Help\NBIA admin.6.5.html" stylename="" fileposition="61" />
  <Split groupID="FF92C237173A572" documentID="6B8D7D2585F713DF" id="1117979" position="6" documentstartposition="56" documentendposition="71" title="Verifying Submitted Files" path="C:\Documents and Settings\hadfielj\My Documents\ePublisher Pro Projects\NBIA Online Help\Output\WebWorks Help 5.0\NBIA Online Help\NBIA admin.6.6.html" stylename="" fileposition="62" />
  <Split groupID="FF92C237173A572" documentID="6B8D7D2585F713DF" id="1118225" position="7" documentstartposition="72" documentendposition="84" title="Configuring the Remote Node" path="C:\Documents and Settings\hadfielj\My Documents\ePublisher Pro Projects\NBIA Online Help\Output\WebWorks Help 5.0\NBIA Online Help\NBIA admin.6.7.html" stylename="" fileposition="63" />
  <Split groupID="FF92C237173A572" documentID="3C14662AC8169FC9" id="1056918" position="1" documentstartposition="3" documentendposition="8" title="URL References" path="C:\Documents and Settings\hadfielj\My Documents\ePublisher Pro Projects\NBIA Online Help\Output\WebWorks Help 5.0\NBIA Online Help\appdix references.7.1.html" stylename="" fileposition="64" />
  <Split groupID="FF92C237173A572" documentID="3C14662AC8169FC9" id="1056911" position="2" documentstartposition="9" documentendposition="12" title="FTP Client Software Products" path="C:\Documents and Settings\hadfielj\My Documents\ePublisher Pro Projects\NBIA Online Help\Output\WebWorks Help 5.0\NBIA Online Help\appdix references.7.2.html" stylename="" fileposition="65" />
  <Split groupID="FF92C237173A572" documentID="3C14662AC8169FC9" id="1058243" position="3" documentstartposition="13" documentendposition="17" title="DICOM" path="C:\Documents and Settings\hadfielj\My Documents\ePublisher Pro Projects\NBIA Online Help\Output\WebWorks Help 5.0\NBIA Online Help\appdix references.7.3.html" stylename="" fileposition="66" />
  <Split groupID="FF92C237173A572" documentID="3C14662AC8169FC9" id="1059694" position="4" documentstartposition="18" documentendposition="20" title="Cedara" path="C:\Documents and Settings\hadfielj\My Documents\ePublisher Pro Projects\NBIA Online Help\Output\WebWorks Help 5.0\NBIA Online Help\appdix references.7.4.html" stylename="" fileposition="67" />
  <Split groupID="FF92C237173A572" documentID="3C14662AC8169FC9" id="1059619" position="5" documentstartposition="21" documentendposition="23" title="NBIA" path="C:\Documents and Settings\hadfielj\My Documents\ePublisher Pro Projects\NBIA Online Help\Output\WebWorks Help 5.0\NBIA Online Help\appdix references.7.5.html" stylename="" fileposition="68" />
  <Split groupID="FF92C237173A572" documentID="21BB813D56D3814" id="1065598" position="1" documentstartposition="3" documentendposition="6" title="NBIA Glossary" path="C:\Documents and Settings\hadfielj\My Documents\ePublisher Pro Projects\NBIA Online Help\Output\WebWorks Help 5.0\NBIA Online Help\appdix glossary.8.1.html" stylename="" fileposition="69">
    <Popup groupID="FF92C237173A572" documentID="21BB813D56D3814" id="1066184" stylename="Popup" path="C:\Documents and Settings\hadfielj\My Documents\ePublisher Pro Projects\NBIA Online Help\Output\WebWorks Help 5.0\NBIA Online Help\popups\appdix glossary-1066184.html" />
  </Split>
  <Split groupID="FF92C237173A572" documentID="11FC1A5CBB4563FC" id="998294" position="1" documentstartposition="1" documentendposition="5" title="Application Support" path="C:\Documents and Settings\hadfielj\My Documents\ePublisher Pro Projects\NBIA Online Help\Output\WebWorks Help 5.0\NBIA Online Help\Application Support.9.1.html" stylename="" fileposition="70" />
  <File groupID="FF92C237173A572" documentID="" id="" type="index" source="" path="C:\Documents and Settings\hadfielj\My Documents\ePublisher Pro Projects\NBIA Online Help\Output\WebWorks Help 5.0\NBIA Online Help\wwhdata\xml\ix.xml" title="Index" />
  <File groupID="FF92C237173A572" documentID="" id="" type="entry" source="" path="C:\Documents and Settings\hadfielj\My Documents\ePublisher Pro Projects\NBIA Online Help\Output\WebWorks Help 5.0\NBIA Online Help\index.html" title="NBIA Online Help" />
  <File groupID="FF92C237173A572" documentID="" id="" type="copy" source="wwprojfile:caution_NCI.gif" path="C:\Documents and Settings\hadfielj\My Documents\ePublisher Pro Projects\NBIA Online Help\Output\WebWorks Help 5.0\NBIA Online Help\caution_NCI.gif" title="" />
  <File groupID="FF92C237173A572" documentID="" id="" type="copy" source="wwprojfile:note_NCI.gif" path="C:\Documents and Settings\hadfielj\My Documents\ePublisher Pro Projects\NBIA Online Help\Output\WebWorks Help 5.0\NBIA Online Help\note_NCI.gif" title="" />
  <File groupID="FF92C237173A572" documentID="" id="" type="copy" source="wwprojfile:tip_NCI.gif" path="C:\Documents and Settings\hadfielj\My Documents\ePublisher Pro Projects\NBIA Online Help\Output\WebWorks Help 5.0\NBIA Online Help\tip_NCI.gif" title="" />
  <File groupID="FF92C237173A572" documentID="" id="" type="copy" source="wwprojfile:warning_NCI.gif" path="C:\Documents and Settings\hadfielj\My Documents\ePublisher Pro Projects\NBIA Online Help\Output\WebWorks Help 5.0\NBIA Online Help\warning_NCI.gif" title="" />
  <File groupID="FF92C237173A572" documentID="A62E692FC3C8747" id="" type="css" source="" path="C:\Documents and Settings\hadfielj\My Documents\ePublisher Pro Projects\NBIA Online Help\Output\WebWorks Help 5.0\NBIA Online Help\css\Welcome to NCIA.css" title="" />
  <File groupID="FF92C237173A572" documentID="E51F84D3374EA714" id="" type="css" source="" path="C:\Documents and Settings\hadfielj\My Documents\ePublisher Pro Projects\NBIA Online Help\Output\WebWorks Help 5.0\NBIA Online Help\css\Getting Started.css" title="" />
  <File groupID="FF92C237173A572" documentID="DC3845D1CA44D369" id="" type="css" source="" path="C:\Documents and Settings\hadfielj\My Documents\ePublisher Pro Projects\NBIA Online Help\Output\WebWorks Help 5.0\NBIA Online Help\css\Searching NBIA.css" title="" />
  <File groupID="FF92C237173A572" documentID="67FC8BC25B98DD1F" id="" type="css" source="" path="C:\Documents and Settings\hadfielj\My Documents\ePublisher Pro Projects\NBIA Online Help\Output\WebWorks Help 5.0\NBIA Online Help\css\Viewing Search Results.css" title="" />
  <File groupID="FF92C237173A572" documentID="B76342D0B38E613E" id="" type="css" source="" path="C:\Documents and Settings\hadfielj\My Documents\ePublisher Pro Projects\NBIA Online Help\Output\WebWorks Help 5.0\NBIA Online Help\css\Submitting Images.css" title="" />
  <File groupID="FF92C237173A572" documentID="6B8D7D2585F713DF" id="" type="css" source="" path="C:\Documents and Settings\hadfielj\My Documents\ePublisher Pro Projects\NBIA Online Help\Output\WebWorks Help 5.0\NBIA Online Help\css\NBIA admin.css" title="" />
  <File groupID="FF92C237173A572" documentID="3C14662AC8169FC9" id="" type="css" source="" path="C:\Documents and Settings\hadfielj\My Documents\ePublisher Pro Projects\NBIA Online Help\Output\WebWorks Help 5.0\NBIA Online Help\css\appdix references.css" title="" />
  <File groupID="FF92C237173A572" documentID="21BB813D56D3814" id="" type="css" source="" path="C:\Documents and Settings\hadfielj\My Documents\ePublisher Pro Projects\NBIA Online Help\Output\WebWorks Help 5.0\NBIA Online Help\css\appdix glossary.css" title="" />
  <File groupID="FF92C237173A572" documentID="11FC1A5CBB4563FC" id="" type="css" source="" path="C:\Documents and Settings\hadfielj\My Documents\ePublisher Pro Projects\NBIA Online Help\Output\WebWorks Help 5.0\NBIA Online Help\css\Application Support.css" title="" />
</Splits>