<?xml version="1.0" encoding="utf-8"?>
<WebWorksHelpIX version="5.0" xmlns="urn:WebWorks-Help-Index-Schema">
  <g t="A" o="002">
    <i t="accessing">
      <i t="image collection">
        <j l="31#1093261" />
      </i>
      <i t="NCIA from other application">
        <j l="15" />
      </i>
    </i>
    <i t="Adding to Data Basket">
      <j l="34" />
    </i>
    <i t="Administration">
      <i t="uploading, parsing spreadsheet">
        <j l="44#1084187" />
      </i>
      <i t="using QA tools">
        <j l="42#1084996" />
        <j l="43#1097834" />
      </i>
      <i t="verifying submitted files">
        <j l="45#1084918" />
      </i>
    </i>
    <i t="Advanced Search">
      <j l="24#1067129" />
    </i>
    <i t="annotation keyword search">
      <j l="23#1087312" />
    </i>
    <i t="annotations">
      <i t="downloading files">
        <j l="19#1091001" />
      </i>
      <i t="file(s) associated with image">
        <j l="32#1070005" />
      </i>
      <i t="files with described">
        <j l="22#1162395" />
      </i>
      <i t="finding only series with">
        <j l="20#1164490" />
      </i>
      <i t="keyword search">
        <j l="19#1086978" />
      </i>
      <i t="predetermined keywords">
        <j l="23#1087312" />
      </i>
      <i t="searching curation files">
        <j l="23#1087312" />
      </i>
    </i>
    <i t="Application Support">
      <j l="16#1084578" />
      <j l="52#998295" />
    </i>
    <i t="archive, purpose">
      <j l="2#1084030" />
    </i>
  </g>
  <g t="C" o="002">
    <i t="Cedara I-Response Workstation (IRW)">
      <i t="URL references">
        <j l="49" />
      </i>
      <i t="visualizing images in Data Basket">
        <j l="32#1131352" />
      </i>
    </i>
    <i t="CIP, link">
      <j l="13#1130440" />
    </i>
    <i t="collection access">
      <j l="31#1093261" />
    </i>
    <i t="convolution kernel">
      <j l="24#1067840" />
    </i>
    <i t="criteria">
      <i t="Advanced Search">
        <j l="24#1166456" />
      </i>
      <i t="format of search page">
        <j l="19#1066371" />
      </i>
      <i t="search summary">
        <j l="21#1162387" />
      </i>
      <i t="Simple Search">
        <j l="20#1178670" />
      </i>
    </i>
    <i t="CTEP, link">
      <j l="13#1130445" />
    </i>
    <i t="curation">
      <i t="data search">
        <j l="22#1186222" />
      </i>
      <i t="files with ... data">
        <j l="22#1162395" />
      </i>
    </i>
    <i t="curator">
      <i t="assigning curation data">
        <j l="22#1186222" />
      </i>
      <i t="assigning image status">
        <j l="42#1084996" />
        <j l="43#1097834" />
      </i>
      <i t="using QA tools">
        <j l="42#1084996" />
        <j l="43#1097834" />
      </i>
    </i>
  </g>
  <g t="D" o="002">
    <i t="Data Basket">
      <i t="adding items">
        <j l="34" />
      </i>
      <i t="deleting items">
        <j l="36#1115085" />
      </i>
      <i t="downloading">
        <j l="37" />
      </i>
      <i t="estimated download time">
        <j l="36#1118609" />
      </i>
      <i t="managing">
        <j l="36#1070298" />
      </i>
    </i>
    <i t="DCP, link">
      <j l="13#1130450" />
    </i>
    <i t="deleting">
      <i t="items from basket">
        <j l="36#1115085" />
      </i>
      <i t="saved query (removing)">
        <j l="27#1089387" />
      </i>
    </i>
    <i t="DICOM">
      <i t="DICOMWorks viewer">
        <j l="38#1070602" />
      </i>
      <i t="image viewers">
        <j l="38#1083314" />
      </i>
      <i t="ImageJ viewer">
        <j l="38#1070600" />
      </i>
      <i t="introduction">
        <j l="2#1084099" />
        <j l="38#1070599" />
      </i>
      <i t="mappings for search fields">
        <j l="20#1185428" />
      </i>
      <i t="OSIRIX viewer">
        <j l="38#1070601" />
      </i>
      <i t="references">
        <j l="48" />
      </i>
    </i>
    <i t="digital image">
      <i t="DICOM">
        <j l="2#1084099" />
        <j l="38#1070599" />
      </i>
    </i>
    <i t="Downloading Data Basket">
      <j l="37" />
    </i>
  </g>
  <g t="E" o="002">
    <i t="editing">
      <i t="query">
        <j l="28#1068627" />
      </i>
    </i>
    <i t="Email, FTP mail">
      <j l="37#1070240" />
    </i>
  </g>
  <g t="F" o="002">
    <i t="Fetch FTP client software">
      <j l="37#1085096" />
    </i>
    <i t="Filezilla FTP client software">
      <j l="37#1070242" />
    </i>
    <i t="FTP">
      <i t="client software">
        <j l="37#1070240" />
      </i>
      <i t="client software products">
        <j l="47" />
      </i>
      <i t="download threshold">
        <j l="37#1070239" />
      </i>
      <i t="site">
        <j l="37#1070240" />
      </i>
    </i>
  </g>
  <g t="G" o="002">
    <i t="Glossary">
      <j l="51#1065599" />
    </i>
    <i t="guided tour">
      <j l="14#1087889" />
    </i>
  </g>
  <g t="H" o="002">
    <i t="hierarchy of objects, NCIA">
      <j l="19#1095943" />
      <j l="30#1096155" />
    </i>
    <i t="HTTP download threshold">
      <j l="37#1070517" />
    </i>
  </g>
  <g t="I" o="002">
    <i t="images">
      <i t="annotations, uploading">
        <j l="44#1084187" />
      </i>
      <i t="for Series, Search Results">
        <j l="33#1069283" />
      </i>
      <i t="interpreting corresponding numbers">
        <j l="36#1070323" />
      </i>
      <i t="Modality(ies)">
        <j l="24#1167427" />
      </i>
      <i t="Slice Thickness">
        <j l="20#1164470" />
        <j l="24#1167443" />
      </i>
      <i t="status assignment">
        <j l="42#1084996" />
        <j l="43#1097834" />
      </i>
      <i t="thumbnails">
        <j l="33#1070119" />
      </i>
      <i t="verifying submitted">
        <j l="45#1084918" />
      </i>
    </i>
    <i t="imaging archive, purpose">
      <j l="2#1106719" />
    </i>
    <i t="IRW">
      <i t="Cedara I-Response Workstation URL">
        <j l="49" />
      </i>
    </i>
  </g>
  <g t="K" o="002">
    <i t="keyword, annotation search">
      <j l="23#1087312" />
    </i>
    <i t="Kilovoltage Peak Distribution">
      <j l="24#1067842" />
    </i>
  </g>
  <g t="L" o="002">
    <i t="launching NCIA from another application">
      <j l="15" />
    </i>
    <i t="login">
      <j l="4#1084683" />
    </i>
  </g>
  <g t="M" o="002">
    <i t="Managing Data Basket">
      <j l="36#1070298" />
    </i>
    <i t="manufacturer search criteria">
      <j l="24#1167484" />
    </i>
    <i t="modality manufacturer">
      <j l="24#1167484" />
    </i>
  </g>
  <g t="N" o="002">
    <i t="NCIA">
      <i t="database search, introduction">
        <j l="19#1087111" />
      </i>
      <i t="launching from another application">
        <j l="15" />
      </i>
      <i t="login">
        <j l="4#1084683" />
      </i>
      <i t="News page Site Map">
        <j l="12#1090633" />
      </i>
      <i t="online help methods">
        <j l="14#1130465" />
      </i>
      <i t="pre-login options">
        <j l="2#1084980" />
      </i>
      <i t="purpose">
        <j l="2#1084030" />
      </i>
      <i t="Quick Links">
        <j l="8#1090524" />
      </i>
      <i t="URL references">
        <j l="49" />
      </i>
    </i>
    <i t="NCICB Application Support">
      <j l="16#1084578" />
      <j l="52#998295" />
    </i>
    <i t="NetFinder FTP client software">
      <j l="37#1070244" />
    </i>
  </g>
  <g t="O" o="002">
    <i t="objects in NCIA, hierarchy of">
      <j l="19#1095943" />
      <j l="30#1096155" />
    </i>
    <i t="online help">
      <j l="14#1130465" />
    </i>
    <i t="online tutorial">
      <j l="14#1087920" />
    </i>
    <i t="OSIRIX DICOM viewer">
      <j l="38#1070601" />
    </i>
    <i t="overview">
      <i t="NCIA">
        <j l="2#1106719" />
      </i>
    </i>
  </g>
  <g t="P" o="002">
    <i t="parsing annotation spreadsheet">
      <j l="44#1084187" />
    </i>
    <i t="performing">
      <i t="Advanced Search">
        <j l="24#1067129" />
      </i>
      <i t="Simple search">
        <j l="20#1066742" />
      </i>
    </i>
  </g>
  <g t="Q" o="002">
    <i t="QA tools, using">
      <j l="42#1084996" />
      <j l="43#1097834" />
    </i>
    <i t="Query History, viewing">
      <j l="29#1187034" />
    </i>
    <i t="Quick Links">
      <j l="8#1090524" />
    </i>
  </g>
  <g t="R" o="002">
    <i t="registering new user">
      <j l="3#1084811" />
    </i>
    <i t="Remote Search">
      <j l="18#1123309" />
    </i>
    <i t="results">
      <i t="by subject">
        <j l="31#1069030" />
      </i>
      <i t="Images for Series">
        <j l="33#1069283" />
      </i>
      <i t="Studies for Subject">
        <j l="32#1069368" />
        <j l="32#1131361" />
      </i>
    </i>
  </g>
  <g t="S" o="002">
    <i t="Saved Queries">
      <i t="deleting (removing)">
        <j l="27#1089387" />
      </i>
      <i t="editing">
        <j l="28#1068627" />
      </i>
      <i t="Query History">
        <j l="29#1187034" />
      </i>
      <i t="table">
        <j l="27#1095013" />
      </i>
      <i t="viewing">
        <j l="27#1095013" />
      </i>
    </i>
    <i t="search">
      <i t="Advanced">
        <j l="24" />
      </i>
      <i t="annotation keywords">
        <j l="23#1087312" />
      </i>
      <i t="curation data">
        <j l="22#1162395" />
        <j l="22#1186222" />
      </i>
      <i t="introduction">
        <j l="19#1087111" />
      </i>
      <i t="query, saving">
        <j l="26#1088868" />
      </i>
      <i t="simple">
        <j l="20#1066742" />
      </i>
    </i>
    <i t="search criteria">
      <i t="Advanced Search">
        <j l="24#1166456" />
      </i>
      <i t="modality manufacturer">
        <j l="24#1167484" />
      </i>
      <i t="Simple Search">
        <j l="20#1178670" />
      </i>
      <i t="summary page">
        <j l="25#1068000" />
      </i>
    </i>
    <i t="Search page">
      <i t="drop-down lists">
        <j l="19#1096502" />
      </i>
      <i t="selection boxes">
        <j l="19#1096502" />
      </i>
      <i t="text fields">
        <j l="19#1096502" />
      </i>
    </i>
    <i t="Search Results">
      <i t="By Subject">
        <j l="31#1069030" />
      </i>
      <i t="Images for Series">
        <j l="33#1069283" />
      </i>
      <i t="Studies for Subject">
        <j l="32#1069368" />
        <j l="32#1131361" />
      </i>
    </i>
    <i t="series, number of">
      <j l="31#1069053" />
    </i>
    <i t="Simple Search">
      <j l="20#1066742" />
    </i>
    <i t="Site Map">
      <j l="12#1090633" />
    </i>
    <i t="spreadsheet, annotations upload">
      <j l="44#1084187" />
    </i>
    <i t="Studies for Subject">
      <i t="search results">
        <j l="32#1069368" />
      </i>
    </i>
    <i t="Studies for Subject search results">
      <j l="32#1131361" />
    </i>
    <i t="studies, number of">
      <j l="31#1069049" />
    </i>
  </g>
  <g t="T" o="002">
    <i t="transferring FTP file">
      <j l="37#1095032" />
    </i>
  </g>
  <g t="U" o="002">
    <i t="uploading annotation spreadsheet">
      <j l="44#1084187" />
    </i>
    <i t="user">
      <i t="creating account">
        <j l="3#1084810" />
      </i>
      <i t="login">
        <j l="4#1084683" />
      </i>
    </i>
  </g>
  <g t="V" o="002">
    <i t="verifying submitted images">
      <j l="45#1084918" />
    </i>
    <i t="viewing">
      <i t="Saved Queries">
        <j l="27#1095013" />
      </i>
    </i>
    <i t="Viewing Query History">
      <j l="29#1187034" />
    </i>
    <i t="Visualize Images button">
      <j l="32#1131361" />
    </i>
    <i t="visualizing images">
      <i t="(Studies for Subject)">
        <j l="32#1131361" />
      </i>
    </i>
  </g>
</WebWorksHelpIX>