<?xml version="1.0" encoding="utf-8"?>
<Behaviors version="1.0" xmlns="urn:WebWorks-Behaviors-Schema">
  <Split id="1064739" documentposition="3">
    <Paragraph id="1064739" documentposition="3" splitpriority="1" dropdown="continue" popup="none" popup-page-rule="" />
    <Paragraph id="1071925" documentposition="4" splitpriority="none" dropdown="continue" popup="none" popup-page-rule="" />
    <Paragraph id="1090884" documentposition="5" splitpriority="none" dropdown="continue" popup="none" popup-page-rule="" />
    <Paragraph id="1090888" documentposition="6" splitpriority="none" dropdown="continue" popup="none" popup-page-rule="" />
    <Paragraph id="1090892" documentposition="7" splitpriority="none" dropdown="continue" popup="none" popup-page-rule="" />
    <Paragraph id="1084105" documentposition="8" splitpriority="none" dropdown="continue" popup="none" popup-page-rule="" />
    <Paragraph id="1084110" documentposition="9" splitpriority="none" popup="none" popup-page-rule="" dropdown="end" />
  </Split>
  <Split id="1084083" documentposition="10">
    <Paragraph id="1084083" documentposition="10" splitpriority="2" dropdown="continue" popup="none" popup-page-rule="" />
    <Paragraph id="1075718" documentposition="11" splitpriority="none" dropdown="continue" popup="none" popup-page-rule="" />
    <Paragraph id="1071966" documentposition="12" splitpriority="none" dropdown="continue" popup="none" popup-page-rule="" />
    <Paragraph id="1081361" documentposition="13" splitpriority="none" dropdown="continue" popup="none" popup-page-rule="" />
    <Paragraph id="1100431" documentposition="14" splitpriority="none" relatedtopic="define-no-output" dropdown="continue" popup="none" popup-page-rule="" />
    <Paragraph id="1100435" documentposition="15" splitpriority="none" relatedtopic="define-no-output" dropdown="continue" popup="none" popup-page-rule="" />
    <Paragraph id="1100439" documentposition="16" splitpriority="none" relatedtopic="define-no-output" popup="none" popup-page-rule="" dropdown="end" />
  </Split>
  <Split id="1084993" documentposition="17">
    <Paragraph id="1084993" documentposition="17" splitpriority="2" dropdown="continue" popup="none" popup-page-rule="">
      <Marker behavior="topic" id="1084992">
        <Marker id="1084992" name="TopicAlias" xmlns="urn:WebWorks-Document-Schema">
          <TextRun id="tr1084992-1">
            <Text value="QA_tool_help" />
          </TextRun>
        </Marker>
      </Marker>
    </Paragraph>
    <Paragraph id="1084994" documentposition="18" splitpriority="none" dropdown="continue" popup="none" popup-page-rule="" />
    <Paragraph id="1084996" documentposition="19" splitpriority="none" dropdown="continue" popup="none" popup-page-rule="" />
    <Paragraph id="1084997" documentposition="20" splitpriority="none" dropdown="continue" popup="none" popup-page-rule="" />
    <Paragraph id="1084998" documentposition="21" splitpriority="none" dropdown="continue" popup="none" popup-page-rule="" />
    <Paragraph id="1084999" documentposition="22" splitpriority="none" dropdown="continue" popup="none" popup-page-rule="">
      <Frame id="1097315">
        <Frame id="1097316" />
      </Frame>
    </Paragraph>
    <Paragraph id="1095328" documentposition="24" splitpriority="none" dropdown="continue" popup="none" popup-page-rule="" />
    <Paragraph id="1095329" documentposition="25" splitpriority="none" dropdown="continue" popup="none" popup-page-rule="" />
    <Paragraph id="1095234" documentposition="27" splitpriority="none" dropdown="continue" popup="none" popup-page-rule="" />
    <Paragraph id="1085001" documentposition="28" splitpriority="none" dropdown="continue" popup="none" popup-page-rule="" />
    <Paragraph id="1096754" documentposition="29" splitpriority="none" dropdown="continue" popup="none" popup-page-rule="" />
    <Paragraph id="1096776" documentposition="30" splitpriority="none" dropdown="continue" popup="none" popup-page-rule="" />
    <Table id="1096755" documentposition="31" splitpriority="none">
      <TableCell>
        <Paragraph id="1096757" dropdown="continue" popup="none" popup-page-rule="" />
      </TableCell>
      <TableCell>
        <Paragraph id="1096759" dropdown="continue" popup="none" popup-page-rule="" />
      </TableCell>
      <TableCell>
        <Paragraph id="1096761" dropdown="continue" popup="none" popup-page-rule="" />
      </TableCell>
      <TableCell>
        <Paragraph id="1096763" dropdown="continue" popup="none" popup-page-rule="" />
      </TableCell>
      <TableCell>
        <Paragraph id="1096765" dropdown="continue" popup="none" popup-page-rule="" />
      </TableCell>
      <TableCell>
        <Paragraph id="1096767" dropdown="continue" popup="none" popup-page-rule="" />
      </TableCell>
      <TableCell>
        <Paragraph id="1096769" dropdown="continue" popup="none" popup-page-rule="" />
      </TableCell>
      <TableCell>
        <Paragraph id="1096771" dropdown="continue" popup="none" popup-page-rule="" />
      </TableCell>
    </Table>
    <Paragraph id="1096801" documentposition="32" splitpriority="none" dropdown="continue" popup="none" popup-page-rule="" />
    <Paragraph id="1096802" documentposition="33" splitpriority="none" dropdown="continue" popup="none" popup-page-rule="" />
    <Paragraph id="1099961" documentposition="34" splitpriority="none" dropdown="continue" popup="none" popup-page-rule="" />
    <Paragraph id="1099963" documentposition="35" splitpriority="none" dropdown="continue" popup="none" popup-page-rule="" />
    <Paragraph id="1096815" documentposition="36" splitpriority="none" dropdown="continue" popup="none" popup-page-rule="" />
    <Paragraph id="1096828" documentposition="37" splitpriority="none" dropdown="continue" popup="none" popup-page-rule="" />
    <Paragraph id="1100543" documentposition="38" splitpriority="none" relatedtopic="define-no-output" dropdown="continue" popup="none" popup-page-rule="" />
    <Paragraph id="1100547" documentposition="39" splitpriority="none" relatedtopic="define-no-output" dropdown="continue" popup="none" popup-page-rule="" />
    <Paragraph id="1100551" documentposition="40" splitpriority="none" relatedtopic="define-no-output" dropdown="continue" popup="none" popup-page-rule="" />
    <Paragraph id="1100555" documentposition="41" splitpriority="none" relatedtopic="define-no-output" popup="none" popup-page-rule="" dropdown="end" />
  </Split>
  <Split id="1096851" documentposition="42">
    <Paragraph id="1096851" documentposition="42" splitpriority="2" dropdown="continue" popup="none" popup-page-rule="" />
    <Paragraph id="1097828" documentposition="43" splitpriority="none" dropdown="continue" popup="none" popup-page-rule="" />
    <Paragraph id="1097834" documentposition="44" splitpriority="none" dropdown="continue" popup="none" popup-page-rule="" />
    <Paragraph id="1085004" documentposition="45" splitpriority="none" dropdown="continue" popup="none" popup-page-rule="" />
    <Paragraph id="1095446" documentposition="46" splitpriority="none" dropdown="continue" popup="none" popup-page-rule="" />
    <Paragraph id="1085007" documentposition="47" splitpriority="none" dropdown="continue" popup="none" popup-page-rule="" />
    <Table id="1085009" documentposition="48" splitpriority="none">
      <TableCell>
        <Paragraph id="1085011" dropdown="continue" popup="none" popup-page-rule="" />
      </TableCell>
      <TableCell>
        <Paragraph id="1085013" dropdown="continue" popup="none" popup-page-rule="" />
      </TableCell>
      <TableCell>
        <Paragraph id="1085015" dropdown="continue" popup="none" popup-page-rule="" />
      </TableCell>
      <TableCell>
        <Paragraph id="1085017" dropdown="continue" popup="none" popup-page-rule="" />
      </TableCell>
      <TableCell>
        <Paragraph id="1085019" dropdown="continue" popup="none" popup-page-rule="" />
      </TableCell>
      <TableCell>
        <Paragraph id="1085021" dropdown="continue" popup="none" popup-page-rule="" />
      </TableCell>
      <TableCell>
        <Paragraph id="1085023" dropdown="continue" popup="none" popup-page-rule="" />
      </TableCell>
      <TableCell>
        <Paragraph id="1085025" dropdown="continue" popup="none" popup-page-rule="" />
      </TableCell>
    </Table>
    <Paragraph id="1085039" documentposition="49" splitpriority="none" dropdown="continue" popup="none" popup-page-rule="" />
    <Paragraph id="1085040" documentposition="50" splitpriority="none" dropdown="continue" popup="none" popup-page-rule="" />
    <Paragraph id="1094626" documentposition="51" splitpriority="none" dropdown="continue" popup="none" popup-page-rule="" />
    <Paragraph id="1085046" documentposition="52" splitpriority="none" dropdown="continue" popup="none" popup-page-rule="" />
    <Paragraph id="1085047" documentposition="53" splitpriority="none" dropdown="continue" popup="none" popup-page-rule="" />
    <Paragraph id="1085048" documentposition="54" splitpriority="none" dropdown="continue" popup="none" popup-page-rule="" />
    <Paragraph id="1100606" documentposition="55" splitpriority="none" relatedtopic="define-no-output" dropdown="continue" popup="none" popup-page-rule="" />
    <Paragraph id="1100610" documentposition="56" splitpriority="none" relatedtopic="define-no-output" dropdown="continue" popup="none" popup-page-rule="" />
    <Paragraph id="1100614" documentposition="57" splitpriority="none" relatedtopic="define-no-output" dropdown="continue" popup="none" popup-page-rule="" />
    <Paragraph id="1100618" documentposition="58" splitpriority="none" relatedtopic="define-no-output" popup="none" popup-page-rule="" dropdown="end" />
  </Split>
  <Split id="1083943" documentposition="59">
    <Paragraph id="1083943" documentposition="59" splitpriority="2" dropdown="continue" popup="none" popup-page-rule="">
      <Marker behavior="topic" id="1084730">
        <Marker id="1084730" name="TopicAlias" xmlns="urn:WebWorks-Document-Schema">
          <TextRun id="tr1084730-1">
            <Text value="upload_spreadsheet_help" />
          </TextRun>
        </Marker>
      </Marker>
    </Paragraph>
    <Paragraph id="1084597" documentposition="60" splitpriority="none" dropdown="continue" popup="none" popup-page-rule="" />
    <Paragraph id="1084187" documentposition="61" splitpriority="none" dropdown="continue" popup="none" popup-page-rule="" />
    <Paragraph id="1084591" documentposition="62" splitpriority="none" dropdown="continue" popup="none" popup-page-rule="" />
    <Paragraph id="1083950" documentposition="63" splitpriority="none" dropdown="continue" popup="none" popup-page-rule="" />
    <Paragraph id="1083968" documentposition="64" splitpriority="none" dropdown="continue" popup="none" popup-page-rule="" />
    <Paragraph id="1084188" documentposition="65" splitpriority="none" dropdown="continue" popup="none" popup-page-rule="" />
    <Paragraph id="1084803" documentposition="66" splitpriority="none" relatedtopic="define-no-output" dropdown="continue" popup="none" popup-page-rule="" />
    <Paragraph id="1100634" documentposition="67" splitpriority="none" relatedtopic="define-no-output" dropdown="continue" popup="none" popup-page-rule="" />
    <Paragraph id="1100638" documentposition="68" splitpriority="none" relatedtopic="define-no-output" popup="none" popup-page-rule="" dropdown="end" />
  </Split>
  <Split id="1084915" documentposition="69">
    <Paragraph id="1084915" documentposition="69" splitpriority="2" dropdown="continue" popup="none" popup-page-rule="">
      <Marker behavior="topic" id="1084914">
        <Marker id="1084914" name="TopicAlias" xmlns="urn:WebWorks-Document-Schema">
          <TextRun id="tr1084914-1">
            <Text value="verify_submitted_files_help" />
          </TextRun>
        </Marker>
      </Marker>
    </Paragraph>
    <Paragraph id="1084916" documentposition="70" splitpriority="none" dropdown="continue" popup="none" popup-page-rule="" />
    <Paragraph id="1084918" documentposition="71" splitpriority="none" dropdown="continue" popup="none" popup-page-rule="" />
    <Paragraph id="1084919" documentposition="72" splitpriority="none" dropdown="continue" popup="none" popup-page-rule="" />
    <Paragraph id="1084920" documentposition="73" splitpriority="none" dropdown="continue" popup="none" popup-page-rule="" />
    <Paragraph id="1084921" documentposition="74" splitpriority="none" dropdown="continue" popup="none" popup-page-rule="" />
    <Paragraph id="1084923" documentposition="75" splitpriority="none" dropdown="continue" popup="none" popup-page-rule="" />
    <Paragraph id="1084924" documentposition="76" splitpriority="none" dropdown="continue" popup="none" popup-page-rule="" />
    <Paragraph id="1084925" documentposition="77" splitpriority="none" dropdown="continue" popup="none" popup-page-rule="" />
    <Paragraph id="1085161" documentposition="78" splitpriority="none" dropdown="continue" popup="none" popup-page-rule="" />
    <Table id="1084926" documentposition="79" splitpriority="none">
      <TableCell>
        <Paragraph id="1084928" dropdown="continue" popup="none" popup-page-rule="" />
        <Paragraph id="1087263" dropdown="continue" popup="none" popup-page-rule="" />
      </TableCell>
      <TableCell>
        <Paragraph id="1084930" dropdown="continue" popup="none" popup-page-rule="" />
      </TableCell>
      <TableCell>
        <Paragraph id="1084932" dropdown="continue" popup="none" popup-page-rule="" />
      </TableCell>
      <TableCell>
        <Paragraph id="1084934" dropdown="continue" popup="none" popup-page-rule="" />
      </TableCell>
      <TableCell>
        <Paragraph id="1084936" dropdown="continue" popup="none" popup-page-rule="" />
      </TableCell>
      <TableCell>
        <Paragraph id="1084938" dropdown="continue" popup="none" popup-page-rule="" />
      </TableCell>
      <TableCell>
        <Paragraph id="1084940" dropdown="continue" popup="none" popup-page-rule="" />
      </TableCell>
      <TableCell>
        <Paragraph id="1100183" dropdown="continue" popup="none" popup-page-rule="" />
      </TableCell>
      <TableCell>
        <Paragraph id="1085200" dropdown="continue" popup="none" popup-page-rule="" />
      </TableCell>
      <TableCell>
        <Paragraph id="1085202" dropdown="continue" popup="none" popup-page-rule="" />
      </TableCell>
      <TableCell>
        <Paragraph id="1085196" dropdown="continue" popup="none" popup-page-rule="" />
        <Paragraph id="1100196" dropdown="continue" popup="none" popup-page-rule="" />
        <Paragraph id="1100197" dropdown="continue" popup="none" popup-page-rule="" />
        <Paragraph id="1100198" dropdown="continue" popup="none" popup-page-rule="" />
      </TableCell>
      <TableCell>
        <Paragraph id="1085198" dropdown="continue" popup="none" popup-page-rule="" />
        <Paragraph id="1100324" dropdown="continue" popup="none" popup-page-rule="" />
      </TableCell>
      <TableCell>
        <Paragraph id="1085192" dropdown="continue" popup="none" popup-page-rule="" />
      </TableCell>
      <TableCell>
        <Paragraph id="1085194" dropdown="continue" popup="none" popup-page-rule="" />
      </TableCell>
      <TableCell>
        <Paragraph id="1085210" dropdown="continue" popup="none" popup-page-rule="" />
      </TableCell>
      <TableCell>
        <Paragraph id="1085212" dropdown="continue" popup="none" popup-page-rule="" />
      </TableCell>
    </Table>
    <Paragraph id="1084947" documentposition="80" splitpriority="none" dropdown="continue" popup="none" popup-page-rule="" />
    <Paragraph id="1100726" documentposition="81" splitpriority="none" relatedtopic="define-no-output" dropdown="continue" popup="none" popup-page-rule="" />
    <Paragraph id="1100730" documentposition="82" splitpriority="none" relatedtopic="define-no-output" dropdown="continue" popup="none" popup-page-rule="" />
    <Paragraph id="1100734" documentposition="83" splitpriority="none" relatedtopic="define-no-output" dropdown="continue" popup="none" popup-page-rule="" />
    <Paragraph id="1084778" documentposition="84" splitpriority="none" popup="none" popup-page-rule="" dropdown="end" />
  </Split>
</Behaviors>