<?xml version="1.0" encoding="utf-8"?>
<Splits version="1.0" xmlns="urn:WebWorks-Engine-Splits-Schema">
  <Split id="1060244" documentposition="3" />
  <Split id="1095790" documentposition="9" />
  <Split id="1085991" documentposition="15" />
  <Split id="1069240" documentposition="29" />
  <Split id="1069282" documentposition="43" />
  <Split id="1169054" documentposition="53" />
  <Split id="1169851" documentposition="62" />
  <Split id="1090594" documentposition="67" />
  <Split id="1070197" documentposition="76" />
  <Split id="1215919" documentposition="86" />
  <Split id="1216505" documentposition="93" />
  <Split id="1216247" documentposition="115" />
  <Split id="1216014" documentposition="128" />
  <Split id="1217959" documentposition="137" />
  <Split id="1217982" documentposition="144" />
  <Split id="1204354" documentposition="150" />
  <Split id="1204360" documentposition="156" />
  <Split id="1070597" documentposition="175" />
</Splits>