<?xml version="1.0" encoding="utf-8"?>
<Behaviors version="1.0" xmlns="urn:WebWorks-Behaviors-Schema">
  <Split id="1064739" documentposition="3">
    <Paragraph id="1064739" documentposition="3" splitpriority="1" />
    <Paragraph id="1071925" documentposition="4" splitpriority="none" />
    <Paragraph id="1084099" documentposition="5" splitpriority="none" />
    <Paragraph id="1105373" documentposition="6" splitpriority="none" />
    <Paragraph id="1085311" documentposition="7" splitpriority="none" />
    <Paragraph id="1092939" documentposition="8" splitpriority="none" />
    <Paragraph id="1084110" documentposition="9" splitpriority="none" />
  </Split>
  <Split id="1084083" documentposition="10">
    <Paragraph id="1084083" documentposition="10" splitpriority="2" />
    <Paragraph id="1071966" documentposition="11" splitpriority="none" />
    <Paragraph id="1105129" documentposition="12" splitpriority="none" relatedtopic="define-no-output" />
    <Paragraph id="1117351" documentposition="13" splitpriority="none" relatedtopic="define-no-output" />
    <Paragraph id="1117355" documentposition="14" splitpriority="none" relatedtopic="define-no-output" />
    <Paragraph id="1117359" documentposition="15" splitpriority="none" relatedtopic="define-no-output" />
    <Paragraph id="1117363" documentposition="16" splitpriority="none" relatedtopic="define-no-output" />
  </Split>
  <Split id="1104462" documentposition="17">
    <Paragraph id="1104462" documentposition="17" splitpriority="2" />
    <Paragraph id="1106199" documentposition="18" splitpriority="none" />
    <Paragraph id="1108322" documentposition="19" splitpriority="none" />
    <Paragraph id="1106305" documentposition="20" splitpriority="none" />
    <Table id="1108743" documentposition="21" splitpriority="none">
      <TableCell>
        <Paragraph id="1108745" />
      </TableCell>
      <TableCell>
        <Paragraph id="1108747" />
      </TableCell>
      <TableCell>
        <Paragraph id="1108749" />
      </TableCell>
      <TableCell>
        <Paragraph id="1108751" />
      </TableCell>
      <TableCell>
        <Paragraph id="1108753" />
      </TableCell>
      <TableCell>
        <Paragraph id="1108755" />
      </TableCell>
      <TableCell>
        <Paragraph id="1108757" />
      </TableCell>
      <TableCell>
        <Paragraph id="1108759" />
      </TableCell>
      <TableCell>
        <Paragraph id="1108761" />
      </TableCell>
      <TableCell>
        <Paragraph id="1108763" />
      </TableCell>
    </Table>
    <Paragraph id="1108788" documentposition="22" splitpriority="none" />
    <Paragraph id="1108375" documentposition="23" splitpriority="none" />
    <Paragraph id="1108492" documentposition="24" splitpriority="none" />
    <Paragraph id="1108403" documentposition="25" splitpriority="none" />
    <Paragraph id="1108411" documentposition="26" splitpriority="none" />
    <Paragraph id="1108404" documentposition="27" splitpriority="none" />
  </Split>
  <Split id="1084993" documentposition="28">
    <Paragraph id="1084993" documentposition="28" splitpriority="2">
      <Marker behavior="topic" id="1084992">
        <Marker id="1084992" name="TopicAlias" xmlns="urn:WebWorks-Document-Schema">
          <TextRun id="tr1084992-1">
            <Text value="QA_tool_help" />
          </TextRun>
        </Marker>
      </Marker>
    </Paragraph>
    <Paragraph id="1084996" documentposition="29" splitpriority="none" />
    <Paragraph id="1084997" documentposition="30" splitpriority="none" />
    <Paragraph id="1091617" documentposition="31" splitpriority="none" />
    <Paragraph id="1091618" documentposition="32" splitpriority="none">
      <Frame id="1091620">
        <Paragraph id="" />
        <Frame id="1091677" />
      </Frame>
    </Paragraph>
    <Paragraph id="1091624" documentposition="34" splitpriority="none" />
    <Paragraph id="1091628" documentposition="35" splitpriority="none" />
    <Paragraph id="1091827" documentposition="36" splitpriority="none" />
    <Paragraph id="1091856" documentposition="37" splitpriority="none" />
    <Paragraph id="1091860" documentposition="38" splitpriority="none" />
    <Paragraph id="1091882" documentposition="39" splitpriority="none" />
    <Table id="1091861" documentposition="40" splitpriority="none">
      <TableCell>
        <Paragraph id="1091863" />
      </TableCell>
      <TableCell>
        <Paragraph id="1091865" />
      </TableCell>
      <TableCell>
        <Paragraph id="1091867" />
      </TableCell>
      <TableCell>
        <Paragraph id="1091869" />
      </TableCell>
      <TableCell>
        <Paragraph id="1091871" />
      </TableCell>
      <TableCell>
        <Paragraph id="1091873" />
      </TableCell>
      <TableCell>
        <Paragraph id="1091875" />
      </TableCell>
      <TableCell>
        <Paragraph id="1091877" />
      </TableCell>
    </Table>
    <Paragraph id="1091917" documentposition="41" splitpriority="none" />
    <Paragraph id="1108861" documentposition="42" splitpriority="none" />
    <Paragraph id="1108863" documentposition="43" splitpriority="none" />
    <Paragraph id="1091976" documentposition="44" splitpriority="none" />
    <Paragraph id="1091978" documentposition="45" splitpriority="none" />
    <Paragraph id="1091981" documentposition="46" splitpriority="none" />
    <Paragraph id="1091982" documentposition="47" splitpriority="none" />
    <Paragraph id="1117427" documentposition="48" splitpriority="none" relatedtopic="define-no-output" />
    <Paragraph id="1117431" documentposition="49" splitpriority="none" relatedtopic="define-no-output" />
  </Split>
  <Split id="1092076" documentposition="50">
    <Paragraph id="1092076" documentposition="50" splitpriority="2">
      <Marker behavior="topic" id="1092075">
        <Marker id="1092075" name="TopicAlias" xmlns="urn:WebWorks-Document-Schema">
          <TextRun id="tr1092075-1">
            <Text value="upload_spreadsheet_help" />
          </TextRun>
        </Marker>
      </Marker>
    </Paragraph>
    <Paragraph id="1092079" documentposition="51" splitpriority="none" />
    <Paragraph id="1092080" documentposition="52" splitpriority="none" />
    <Paragraph id="1092081" documentposition="53" splitpriority="none" />
    <Paragraph id="1092082" documentposition="54" splitpriority="none" />
    <Paragraph id="1092083" documentposition="55" splitpriority="none" />
    <Paragraph id="1117447" documentposition="56" splitpriority="none" relatedtopic="define-no-output" />
    <Paragraph id="1117451" documentposition="57" splitpriority="none" relatedtopic="define-no-output" />
  </Split>
  <Split id="1110661" documentposition="58">
    <Paragraph id="1110661" documentposition="58" splitpriority="2">
      <Marker behavior="topic" id="1110658">
        <Marker id="1110658" name="TopicAlias" xmlns="urn:WebWorks-Document-Schema">
          <TextRun id="tr1110658-1">
            <Text value="verify_submitted_files_help" />
          </TextRun>
        </Marker>
      </Marker>
      <Marker behavior="topic" id="1116277">
        <Marker id="1116277" name="TopicAlias" xmlns="urn:WebWorks-Document-Schema">
          <TextRun id="tr1116277-1">
            <Text value="submission_report_help" />
          </TextRun>
        </Marker>
      </Marker>
    </Paragraph>
    <Paragraph id="1110666" documentposition="59" splitpriority="none" />
    <Paragraph id="1084919" documentposition="60" splitpriority="none" />
    <Paragraph id="1084920" documentposition="61" splitpriority="none" />
    <Paragraph id="1084921" documentposition="62" splitpriority="none" />
    <Paragraph id="1102147" documentposition="64" splitpriority="none" />
    <Paragraph id="1102163" documentposition="65" splitpriority="none" />
    <Paragraph id="1102162" documentposition="66" splitpriority="none" />
    <Paragraph id="1110738" documentposition="67" splitpriority="none" />
    <Paragraph id="1110739" documentposition="68" splitpriority="none" />
    <Paragraph id="1110743" documentposition="69" splitpriority="none" />
    <Paragraph id="1110744" documentposition="70" splitpriority="none" />
    <Paragraph id="1111908" documentposition="71" splitpriority="none" />
    <Paragraph id="1111915" documentposition="72" splitpriority="none" />
    <Paragraph id="1117467" documentposition="73" splitpriority="none" />
  </Split>
  <Split id="1102760" documentposition="74">
    <Paragraph id="1102760" documentposition="74" splitpriority="3" />
    <Paragraph id="1109978" documentposition="75" splitpriority="none" />
  </Split>
  <Split id="1111037" documentposition="76">
    <Paragraph id="1111037" documentposition="76" splitpriority="4" />
    <Paragraph id="1111377" documentposition="77" splitpriority="none" />
    <Paragraph id="1111053" documentposition="79" splitpriority="none" />
    <Table id="1084926" documentposition="80" splitpriority="none">
      <TableCell>
        <Paragraph id="1092123" />
        <Paragraph id="1092124" />
      </TableCell>
      <TableCell>
        <Paragraph id="1092126" />
      </TableCell>
      <TableCell>
        <Paragraph id="1092128" />
      </TableCell>
      <TableCell>
        <Paragraph id="1092130" />
      </TableCell>
      <TableCell>
        <Paragraph id="1092132" />
      </TableCell>
      <TableCell>
        <Paragraph id="1092134" />
      </TableCell>
      <TableCell>
        <Paragraph id="1092136" />
      </TableCell>
      <TableCell>
        <Paragraph id="1092138" />
      </TableCell>
      <TableCell>
        <Paragraph id="1092140" />
      </TableCell>
      <TableCell>
        <Paragraph id="1092142" />
      </TableCell>
    </Table>
    <Paragraph id="1111028" documentposition="81" splitpriority="none" />
    <Table id="1111070" documentposition="82" splitpriority="none">
      <TableCell>
        <Paragraph id="1111072" />
        <Paragraph id="1111073" />
      </TableCell>
      <TableCell>
        <Paragraph id="1111075" />
      </TableCell>
      <TableCell>
        <Paragraph id="1111077" />
      </TableCell>
      <TableCell>
        <Paragraph id="1111079" />
      </TableCell>
      <TableCell>
        <Paragraph id="1111081" />
      </TableCell>
      <TableCell>
        <Paragraph id="1111083" />
      </TableCell>
      <TableCell>
        <Paragraph id="1111085" />
      </TableCell>
      <TableCell>
        <Paragraph id="1111087" />
      </TableCell>
      <TableCell>
        <Paragraph id="1111089" />
      </TableCell>
      <TableCell>
        <Paragraph id="1111091" />
      </TableCell>
      <TableCell>
        <Paragraph id="1111093" />
        <Paragraph id="1111094" />
        <Paragraph id="1111095" />
        <Paragraph id="1111096" />
      </TableCell>
      <TableCell>
        <Paragraph id="1111098" />
        <Paragraph id="1111101" />
      </TableCell>
      <TableCell>
        <Paragraph id="1111104" />
      </TableCell>
      <TableCell>
        <Paragraph id="1111106" />
      </TableCell>
    </Table>
    <Paragraph id="1111180" documentposition="84" splitpriority="none">
      <Frame id="1112339">
        <Paragraph id="" />
      </Frame>
    </Paragraph>
    <Paragraph id="1112335" documentposition="85" splitpriority="none">
      <Frame id="1111364">
        <Paragraph id="" />
      </Frame>
    </Paragraph>
    <Paragraph id="1112345" documentposition="86" splitpriority="none">
      <Frame id="1112346">
        <Paragraph id="" />
        <Frame id="1112353" />
      </Frame>
    </Paragraph>
    <Paragraph id="1112459" documentposition="88" splitpriority="none">
      <Frame id="1112373">
        <Paragraph id="" />
      </Frame>
    </Paragraph>
    <Paragraph id="1112488" documentposition="89" splitpriority="none" />
  </Split>
  <Split id="1112366" documentposition="90">
    <Paragraph id="1112366" documentposition="90" splitpriority="2" />
    <Paragraph id="1108659" documentposition="91" splitpriority="none" />
    <Paragraph id="1108662" documentposition="92" splitpriority="none" />
    <Paragraph id="1108663" documentposition="93" splitpriority="none" />
    <Paragraph id="1108664" documentposition="94" splitpriority="none" />
    <Paragraph id="1108665" documentposition="95" splitpriority="none" />
    <Paragraph id="1108666" documentposition="96" splitpriority="none" />
    <Paragraph id="1108704" documentposition="97" splitpriority="none" />
    <Paragraph id="1108660" documentposition="98" splitpriority="none" />
    <Paragraph id="1117547" documentposition="99" splitpriority="none" relatedtopic="define-no-output" />
    <Paragraph id="1117551" documentposition="100" splitpriority="none" relatedtopic="define-no-output" />
    <Paragraph id="1117555" documentposition="101" splitpriority="none" relatedtopic="define-no-output" />
    <Paragraph id="1084778" documentposition="102" splitpriority="none" />
  </Split>
</Behaviors>