<?xml version="1.0" encoding="utf-8"?>
<Report version="1.0" xmlns="urn:WebWorks-Reports-Schema">
  <Entry context="topics" type="topic-link" severity="message">
    <Description>Topic 'QA_tool_help' resolves to the file 'NBIA admin.6.4.html'.</Description>
    <Navigation context="source">
      <Link protocol="adapter">
        <Data key="Path" value="C:\Documents and Settings\hadfielj\My Documents\CBIIT Projects\NBIA\NBIA 4.2 user guide and online help\NBIA admin.fm" />
        <Data key="DocumentID" value="6B8D7D2585F713DF" />
        <Data key="ID" value="1084993" />
      </Link>
    </Navigation>
    <Navigation context="output">
      <wwreport:Link protocol="wwh5api" xmlns:wwreport="urn:WebWorks-Reports-Schema">
        <wwreport:Data key="BaseURI" value="file:///C:/Documents%20and%20Settings/hadfielj/My%20Documents/ePublisher%20Pro%20Projects/NBIA%20Online%20Help/Output/WebWorks%20Help%205.0/NBIA%20Online%20Help" />
        <wwreport:Data key="Context" value="NBIA_Online_Help" />
        <wwreport:Data key="Topic" value="QA_tool_help" />
      </wwreport:Link>
    </Navigation>
    <Navigation context="details">
      <Link protocol="wwh5api">
        <Data key="BaseURI" value="file:///C:/Program%20Files/WebWorks/ePublisher%20Pro/Help/en" />
        <Data key="Context" value="reports" />
        <Data key="Topic" value="topic_links" />
      </Link>
    </Navigation>
  </Entry>
  <Entry context="topics" type="topic-link" severity="message">
    <Description>Topic 'upload_spreadsheet_help' resolves to the file 'NBIA admin.6.5.html'.</Description>
    <Navigation context="source">
      <Link protocol="adapter">
        <Data key="Path" value="C:\Documents and Settings\hadfielj\My Documents\CBIIT Projects\NBIA\NBIA 4.2 user guide and online help\NBIA admin.fm" />
        <Data key="DocumentID" value="6B8D7D2585F713DF" />
        <Data key="ID" value="1092076" />
      </Link>
    </Navigation>
    <Navigation context="output">
      <wwreport:Link protocol="wwh5api" xmlns:wwreport="urn:WebWorks-Reports-Schema">
        <wwreport:Data key="BaseURI" value="file:///C:/Documents%20and%20Settings/hadfielj/My%20Documents/ePublisher%20Pro%20Projects/NBIA%20Online%20Help/Output/WebWorks%20Help%205.0/NBIA%20Online%20Help" />
        <wwreport:Data key="Context" value="NBIA_Online_Help" />
        <wwreport:Data key="Topic" value="upload_spreadsheet_help" />
      </wwreport:Link>
    </Navigation>
    <Navigation context="details">
      <Link protocol="wwh5api">
        <Data key="BaseURI" value="file:///C:/Program%20Files/WebWorks/ePublisher%20Pro/Help/en" />
        <Data key="Context" value="reports" />
        <Data key="Topic" value="topic_links" />
      </Link>
    </Navigation>
  </Entry>
  <Entry context="topics" type="topic-link" severity="message">
    <Description>Topic 'verify_submitted_files_help' resolves to the file 'NBIA admin.6.6.html'.</Description>
    <Navigation context="source">
      <Link protocol="adapter">
        <Data key="Path" value="C:\Documents and Settings\hadfielj\My Documents\CBIIT Projects\NBIA\NBIA 4.2 user guide and online help\NBIA admin.fm" />
        <Data key="DocumentID" value="6B8D7D2585F713DF" />
        <Data key="ID" value="1110661" />
      </Link>
    </Navigation>
    <Navigation context="output">
      <wwreport:Link protocol="wwh5api" xmlns:wwreport="urn:WebWorks-Reports-Schema">
        <wwreport:Data key="BaseURI" value="file:///C:/Documents%20and%20Settings/hadfielj/My%20Documents/ePublisher%20Pro%20Projects/NBIA%20Online%20Help/Output/WebWorks%20Help%205.0/NBIA%20Online%20Help" />
        <wwreport:Data key="Context" value="NBIA_Online_Help" />
        <wwreport:Data key="Topic" value="verify_submitted_files_help" />
      </wwreport:Link>
    </Navigation>
    <Navigation context="details">
      <Link protocol="wwh5api">
        <Data key="BaseURI" value="file:///C:/Program%20Files/WebWorks/ePublisher%20Pro/Help/en" />
        <Data key="Context" value="reports" />
        <Data key="Topic" value="topic_links" />
      </Link>
    </Navigation>
  </Entry>
  <Entry context="topics" type="topic-link" severity="message">
    <Description>Topic 'submission_report_help' resolves to the file 'NBIA admin.6.6.html'.</Description>
    <Navigation context="source">
      <Link protocol="adapter">
        <Data key="Path" value="C:\Documents and Settings\hadfielj\My Documents\CBIIT Projects\NBIA\NBIA 4.2 user guide and online help\NBIA admin.fm" />
        <Data key="DocumentID" value="6B8D7D2585F713DF" />
        <Data key="ID" value="1110661" />
      </Link>
    </Navigation>
    <Navigation context="output">
      <wwreport:Link protocol="wwh5api" xmlns:wwreport="urn:WebWorks-Reports-Schema">
        <wwreport:Data key="BaseURI" value="file:///C:/Documents%20and%20Settings/hadfielj/My%20Documents/ePublisher%20Pro%20Projects/NBIA%20Online%20Help/Output/WebWorks%20Help%205.0/NBIA%20Online%20Help" />
        <wwreport:Data key="Context" value="NBIA_Online_Help" />
        <wwreport:Data key="Topic" value="submission_report_help" />
      </wwreport:Link>
    </Navigation>
    <Navigation context="details">
      <Link protocol="wwh5api">
        <Data key="BaseURI" value="file:///C:/Program%20Files/WebWorks/ePublisher%20Pro/Help/en" />
        <Data key="Context" value="reports" />
        <Data key="Topic" value="topic_links" />
      </Link>
    </Navigation>
  </Entry>
</Report>