<?xml version="1.0" encoding="utf-8"?>
<Splits version="1.0" xmlns="urn:WebWorks-Engine-Splits-Schema">
  <Split id="1104591" documentposition="3" />
  <Split id="1064696" documentposition="13" />
  <Split id="1084793" documentposition="27" />
  <Split id="1084015" documentposition="37" />
  <Split id="1102085" documentposition="50" />
  <Split id="1102231" documentposition="55" />
  <Split id="1094519" documentposition="61" />
  <Split id="1094546" documentposition="67" />
  <Split id="1089122" documentposition="76" />
  <Split id="1091593" documentposition="82" />
  <Split id="1090544" documentposition="88" />
  <Split id="1094701" documentposition="94" />
  <Split id="1090692" documentposition="101" />
  <Split id="1087847" documentposition="107" />
  <Split id="1087647" documentposition="122" />
  <Split id="1084577" documentposition="131" />
</Splits>