<?xml version="1.0" encoding="utf-8"?>
<Splits version="1.0" xmlns="urn:WebWorks-Engine-Splits-Schema">
  <Split groupID="ACB01F4A90BC85BA" documentID="36C7F764E958B21" id="1104591" position="1" documentstartposition="3" documentendposition="12" title="Getting Started in NCIA ">
    <Group name="NCIA Online Help" id="ACB01F4A90BC85BA" position="1" />
    <Document path="C:\Documents and Settings\hadfielj\My Documents\CBIIT Projects\NCIA\NCIAUserGuide FM\Getting Started.fm" id="36C7F764E958B21" position="2" />
    <PageStyle value="" />
    <Frames />
    <Popups />
  </Split>
  <Split groupID="ACB01F4A90BC85BA" documentID="36C7F764E958B21" id="1064696" position="2" documentstartposition="13" documentendposition="26" title="Introduction to NCIA">
    <Group name="NCIA Online Help" id="ACB01F4A90BC85BA" position="1" />
    <Document path="C:\Documents and Settings\hadfielj\My Documents\CBIIT Projects\NCIA\NCIAUserGuide FM\Getting Started.fm" id="36C7F764E958B21" position="2" />
    <PageStyle value="" />
    <Frames />
    <Popups />
  </Split>
  <Split groupID="ACB01F4A90BC85BA" documentID="36C7F764E958B21" id="1084793" position="3" documentstartposition="27" documentendposition="36" title="Creating a New User Account">
    <Group name="NCIA Online Help" id="ACB01F4A90BC85BA" position="1" />
    <Document path="C:\Documents and Settings\hadfielj\My Documents\CBIIT Projects\NCIA\NCIAUserGuide FM\Getting Started.fm" id="36C7F764E958B21" position="2" />
    <PageStyle value="" />
    <Frames />
    <Popups />
  </Split>
  <Split groupID="ACB01F4A90BC85BA" documentID="36C7F764E958B21" id="1084015" position="4" documentstartposition="37" documentendposition="49" title="Logging into NCIA">
    <Group name="NCIA Online Help" id="ACB01F4A90BC85BA" position="1" />
    <Document path="C:\Documents and Settings\hadfielj\My Documents\CBIIT Projects\NCIA\NCIAUserGuide FM\Getting Started.fm" id="36C7F764E958B21" position="2" />
    <PageStyle value="" />
    <Frames />
    <Popups />
  </Split>
  <Split groupID="ACB01F4A90BC85BA" documentID="36C7F764E958B21" id="1102085" position="5" documentstartposition="50" documentendposition="54" title="Using the NCIA Home Page">
    <Group name="NCIA Online Help" id="ACB01F4A90BC85BA" position="1" />
    <Document path="C:\Documents and Settings\hadfielj\My Documents\CBIIT Projects\NCIA\NCIAUserGuide FM\Getting Started.fm" id="36C7F764E958B21" position="2" />
    <PageStyle value="" />
    <Frames />
    <Popups />
  </Split>
  <Split groupID="ACB01F4A90BC85BA" documentID="36C7F764E958B21" id="1102231" position="6" documentstartposition="55" documentendposition="60" title="Home Page Menu Bar">
    <Group name="NCIA Online Help" id="ACB01F4A90BC85BA" position="1" />
    <Document path="C:\Documents and Settings\hadfielj\My Documents\CBIIT Projects\NCIA\NCIAUserGuide FM\Getting Started.fm" id="36C7F764E958B21" position="2" />
    <PageStyle value="" />
    <Frames />
    <Popups />
  </Split>
  <Split groupID="ACB01F4A90BC85BA" documentID="36C7F764E958B21" id="1094519" position="7" documentstartposition="61" documentendposition="66" title="Home Page Left Sidebar">
    <Group name="NCIA Online Help" id="ACB01F4A90BC85BA" position="1" />
    <Document path="C:\Documents and Settings\hadfielj\My Documents\CBIIT Projects\NCIA\NCIAUserGuide FM\Getting Started.fm" id="36C7F764E958B21" position="2" />
    <PageStyle value="" />
    <Frames />
    <Popups />
  </Split>
  <Split groupID="ACB01F4A90BC85BA" documentID="36C7F764E958B21" id="1094546" position="8" documentstartposition="67" documentendposition="75" title="Quick Links">
    <Group name="NCIA Online Help" id="ACB01F4A90BC85BA" position="1" />
    <Document path="C:\Documents and Settings\hadfielj\My Documents\CBIIT Projects\NCIA\NCIAUserGuide FM\Getting Started.fm" id="36C7F764E958B21" position="2" />
    <PageStyle value="" />
    <Frames />
    <Popups />
  </Split>
  <Split groupID="ACB01F4A90BC85BA" documentID="36C7F764E958B21" id="1089122" position="9" documentstartposition="76" documentendposition="81" title="Other Home Page Panels">
    <Group name="NCIA Online Help" id="ACB01F4A90BC85BA" position="1" />
    <Document path="C:\Documents and Settings\hadfielj\My Documents\CBIIT Projects\NCIA\NCIAUserGuide FM\Getting Started.fm" id="36C7F764E958B21" position="2" />
    <PageStyle value="" />
    <Frames />
    <Popups />
  </Split>
  <Split groupID="ACB01F4A90BC85BA" documentID="36C7F764E958B21" id="1091593" position="10" documentstartposition="82" documentendposition="87" title="Using NCIA News Page">
    <Group name="NCIA Online Help" id="ACB01F4A90BC85BA" position="1" />
    <Document path="C:\Documents and Settings\hadfielj\My Documents\CBIIT Projects\NCIA\NCIAUserGuide FM\Getting Started.fm" id="36C7F764E958B21" position="2" />
    <PageStyle value="" />
    <Frames />
    <Popups />
  </Split>
  <Split groupID="ACB01F4A90BC85BA" documentID="36C7F764E958B21" id="1090544" position="11" documentstartposition="88" documentendposition="93" title="News Page Menu Bar">
    <Group name="NCIA Online Help" id="ACB01F4A90BC85BA" position="1" />
    <Document path="C:\Documents and Settings\hadfielj\My Documents\CBIIT Projects\NCIA\NCIAUserGuide FM\Getting Started.fm" id="36C7F764E958B21" position="2" />
    <PageStyle value="" />
    <Frames />
    <Popups />
  </Split>
  <Split groupID="ACB01F4A90BC85BA" documentID="36C7F764E958B21" id="1094701" position="12" documentstartposition="94" documentendposition="100" title="News Page Site Map">
    <Group name="NCIA Online Help" id="ACB01F4A90BC85BA" position="1" />
    <Document path="C:\Documents and Settings\hadfielj\My Documents\CBIIT Projects\NCIA\NCIAUserGuide FM\Getting Started.fm" id="36C7F764E958B21" position="2" />
    <PageStyle value="" />
    <Frames />
    <Popups />
  </Split>
  <Split groupID="ACB01F4A90BC85BA" documentID="36C7F764E958B21" id="1090692" position="13" documentstartposition="101" documentendposition="106" title="News Page Left SideBar">
    <Group name="NCIA Online Help" id="ACB01F4A90BC85BA" position="1" />
    <Document path="C:\Documents and Settings\hadfielj\My Documents\CBIIT Projects\NCIA\NCIAUserGuide FM\Getting Started.fm" id="36C7F764E958B21" position="2" />
    <PageStyle value="" />
    <Frames />
    <Popups />
  </Split>
  <Split groupID="ACB01F4A90BC85BA" documentID="36C7F764E958B21" id="1087847" position="14" documentstartposition="107" documentendposition="121" title="Using NCIA Online Help">
    <Group name="NCIA Online Help" id="ACB01F4A90BC85BA" position="1" />
    <Document path="C:\Documents and Settings\hadfielj\My Documents\CBIIT Projects\NCIA\NCIAUserGuide FM\Getting Started.fm" id="36C7F764E958B21" position="2" />
    <PageStyle value="" />
    <Frames>
      <Frame position="1" title="">
        <Frame id="1090365" stylename="Default" xmlns="urn:WebWorks-Document-Schema">
          <Attribute name="display" value="inline" />
          <Attribute name="float" value="none" />
          <Attribute name="text-align" value="left" />
          <Attribute name="left" value="0.0" />
          <Attribute name="top" value="0.0" />
          <Attribute name="width" value="18.62424" />
          <Attribute name="height" value="18.576" />
          <Facets>
            <Facet type="document">
              <Attribute name="adapter" value="Adobe FrameMaker" />
              <Attribute name="path" value="C:\Documents and Settings\hadfielj\My Documents\ePublisher Pro Projects\NCIA Online Help\Data\61DD7DDB65736B3\ACB01F4A90BC85BA\36C7F764E958B21\Getting Started.fmwif" />
              <Attribute name="id" value="1090365" />
            </Facet>
          </Facets>
          <Content />
        </Frame>
      </Frame>
      <Frame position="2" title="">
        <Frame id="1090415" stylename="Default" xmlns="urn:WebWorks-Document-Schema">
          <Attribute name="display" value="block" />
          <Attribute name="float" value="none" />
          <Attribute name="text-align" value="left" />
          <Attribute name="left" value="0.0" />
          <Attribute name="top" value="0.0" />
          <Attribute name="width" value="286.79832" />
          <Attribute name="height" value="116.40096" />
          <Facets>
            <Facet type="document">
              <Attribute name="adapter" value="Adobe FrameMaker" />
              <Attribute name="path" value="C:\Documents and Settings\hadfielj\My Documents\ePublisher Pro Projects\NCIA Online Help\Data\61DD7DDB65736B3\ACB01F4A90BC85BA\36C7F764E958B21\Getting Started.fmwif" />
              <Attribute name="id" value="1090415" />
            </Facet>
          </Facets>
          <Content />
        </Frame>
      </Frame>
    </Frames>
    <Popups />
  </Split>
  <Split groupID="ACB01F4A90BC85BA" documentID="36C7F764E958B21" id="1087647" position="15" documentstartposition="122" documentendposition="130" title="Accessing NCIA from Another Application&#x9;&#x9;">
    <Group name="NCIA Online Help" id="ACB01F4A90BC85BA" position="1" />
    <Document path="C:\Documents and Settings\hadfielj\My Documents\CBIIT Projects\NCIA\NCIAUserGuide FM\Getting Started.fm" id="36C7F764E958B21" position="2" />
    <PageStyle value="" />
    <Frames />
    <Popups />
  </Split>
  <Split groupID="ACB01F4A90BC85BA" documentID="36C7F764E958B21" id="1084577" position="16" documentstartposition="131" documentendposition="134" title="Application Support">
    <Group name="NCIA Online Help" id="ACB01F4A90BC85BA" position="1" />
    <Document path="C:\Documents and Settings\hadfielj\My Documents\CBIIT Projects\NCIA\NCIAUserGuide FM\Getting Started.fm" id="36C7F764E958B21" position="2" />
    <PageStyle value="" />
    <Frames />
    <Popups />
  </Split>
</Splits>