<?xml version="1.0" encoding="utf-8"?>
<Index version="1.0" xmlns="urn:WebWorks-Index-Schema">
  <Entry name="Administration" sort="Administration" sectionposition="2">
    <Content xmlns="urn:WebWorks-Document-Schema">
      <TextRun>
        <Text value="Administration" />
      </TextRun>
    </Content>
    <Entry name="privileges" sort="privileges">
      <Content xmlns="urn:WebWorks-Document-Schema">
        <TextRun>
          <Text value="privileges" />
        </TextRun>
      </Content>
      <Link href="C:\Documents and Settings\hadfielj\My Documents\ePublisher Pro Projects\NBIA Online Help\Output\WebWorks Help 5.0\NBIA Online Help\NBIA admin.6.2.html" anchor="1071966" fileposition="58" first="false" />
    </Entry>
  </Entry>
  <Entry name="Administration" sort="Administration" sectionposition="2">
    <Content xmlns="urn:WebWorks-Document-Schema">
      <TextRun>
        <Text value="Administration" />
      </TextRun>
    </Content>
    <Entry name="overview" sort="overview">
      <Content xmlns="urn:WebWorks-Document-Schema">
        <TextRun>
          <Text value="overview" />
        </TextRun>
      </Content>
      <Link href="C:\Documents and Settings\hadfielj\My Documents\ePublisher Pro Projects\NBIA Online Help\Output\WebWorks Help 5.0\NBIA Online Help\NBIA admin.6.2.html" anchor="1071966" fileposition="58" first="false" />
    </Entry>
  </Entry>
  <Entry name="user" sort="user" sectionposition="2">
    <Content xmlns="urn:WebWorks-Document-Schema">
      <TextRun>
        <Text value="user" />
      </TextRun>
    </Content>
    <Entry name="creating new" sort="creating new">
      <Content xmlns="urn:WebWorks-Document-Schema">
        <TextRun>
          <Text value="creating new" />
        </TextRun>
      </Content>
      <Link href="C:\Documents and Settings\hadfielj\My Documents\ePublisher Pro Projects\NBIA Online Help\Output\WebWorks Help 5.0\NBIA Online Help\NBIA admin.6.3.html" anchor="1106199" fileposition="59" first="false" />
    </Entry>
  </Entry>
  <Entry name="creating NBIA user" sort="creating NBIA user" sectionposition="2">
    <Content xmlns="urn:WebWorks-Document-Schema">
      <TextRun>
        <Text value="creating NBIA user" />
      </TextRun>
    </Content>
    <Link href="C:\Documents and Settings\hadfielj\My Documents\ePublisher Pro Projects\NBIA Online Help\Output\WebWorks Help 5.0\NBIA Online Help\NBIA admin.6.3.html" anchor="1106199" fileposition="59" first="false" />
  </Entry>
  <Entry name="user roles" sort="user roles" sectionposition="2">
    <Content xmlns="urn:WebWorks-Document-Schema">
      <TextRun>
        <Text value="user roles" />
      </TextRun>
    </Content>
    <Link href="C:\Documents and Settings\hadfielj\My Documents\ePublisher Pro Projects\NBIA Online Help\Output\WebWorks Help 5.0\NBIA Online Help\NBIA admin.6.3.html" anchor="1106305" fileposition="59" first="false" />
  </Entry>
  <Entry name="roles, user" sort="roles, user" sectionposition="2">
    <Content xmlns="urn:WebWorks-Document-Schema">
      <TextRun>
        <Text value="roles, user" />
      </TextRun>
    </Content>
    <Link href="C:\Documents and Settings\hadfielj\My Documents\ePublisher Pro Projects\NBIA Online Help\Output\WebWorks Help 5.0\NBIA Online Help\NBIA admin.6.3.html" anchor="1106305" fileposition="59" first="false" />
  </Entry>
  <Entry name="roles, user group" sort="roles, user group" sectionposition="2">
    <Content xmlns="urn:WebWorks-Document-Schema">
      <TextRun>
        <Text value="roles, user group" />
      </TextRun>
    </Content>
    <Link href="C:\Documents and Settings\hadfielj\My Documents\ePublisher Pro Projects\NBIA Online Help\Output\WebWorks Help 5.0\NBIA Online Help\NBIA admin.6.3.html" anchor="1106305" fileposition="59" first="false" />
  </Entry>
  <Entry name="user group, roles" sort="user group, roles" sectionposition="2">
    <Content xmlns="urn:WebWorks-Document-Schema">
      <TextRun>
        <Text value="user group, roles" />
      </TextRun>
    </Content>
    <Link href="C:\Documents and Settings\hadfielj\My Documents\ePublisher Pro Projects\NBIA Online Help\Output\WebWorks Help 5.0\NBIA Online Help\NBIA admin.6.3.html" anchor="1106305" fileposition="59" first="false" />
  </Entry>
  <Entry name="Administration" sort="Administration" sectionposition="2">
    <Content xmlns="urn:WebWorks-Document-Schema">
      <TextRun>
        <Text value="Administration" />
      </TextRun>
    </Content>
    <Entry name="using QA tools" sort="using QA tools">
      <Content xmlns="urn:WebWorks-Document-Schema">
        <TextRun>
          <Text value="using QA tools" />
        </TextRun>
      </Content>
      <Link href="C:\Documents and Settings\hadfielj\My Documents\ePublisher Pro Projects\NBIA Online Help\Output\WebWorks Help 5.0\NBIA Online Help\NBIA admin.6.4.html" anchor="1084996" fileposition="60" first="false" />
    </Entry>
  </Entry>
  <Entry name="QA tools, using" sort="QA tools, using" sectionposition="2">
    <Content xmlns="urn:WebWorks-Document-Schema">
      <TextRun>
        <Text value="QA tools, using" />
      </TextRun>
    </Content>
    <Link href="C:\Documents and Settings\hadfielj\My Documents\ePublisher Pro Projects\NBIA Online Help\Output\WebWorks Help 5.0\NBIA Online Help\NBIA admin.6.4.html" anchor="1084996" fileposition="60" first="false" />
  </Entry>
  <Entry name="curator" sort="curator" sectionposition="2">
    <Content xmlns="urn:WebWorks-Document-Schema">
      <TextRun>
        <Text value="curator" />
      </TextRun>
    </Content>
    <Entry name="using QA tools" sort="using QA tools">
      <Content xmlns="urn:WebWorks-Document-Schema">
        <TextRun>
          <Text value="using QA tools" />
        </TextRun>
      </Content>
      <Link href="C:\Documents and Settings\hadfielj\My Documents\ePublisher Pro Projects\NBIA Online Help\Output\WebWorks Help 5.0\NBIA Online Help\NBIA admin.6.4.html" anchor="1084996" fileposition="60" first="false" />
    </Entry>
  </Entry>
  <Entry name="curator" sort="curator" sectionposition="2">
    <Content xmlns="urn:WebWorks-Document-Schema">
      <TextRun>
        <Text value="curator" />
      </TextRun>
    </Content>
    <Entry name="assigning image status" sort="assigning image status">
      <Content xmlns="urn:WebWorks-Document-Schema">
        <TextRun>
          <Text value="assigning image status" />
        </TextRun>
      </Content>
      <Link href="C:\Documents and Settings\hadfielj\My Documents\ePublisher Pro Projects\NBIA Online Help\Output\WebWorks Help 5.0\NBIA Online Help\NBIA admin.6.4.html" anchor="1084996" fileposition="60" first="false" />
    </Entry>
  </Entry>
  <Entry name="images" sort="images" sectionposition="2">
    <Content xmlns="urn:WebWorks-Document-Schema">
      <TextRun>
        <Text value="images" />
      </TextRun>
    </Content>
    <Entry name="status assignment" sort="status assignment">
      <Content xmlns="urn:WebWorks-Document-Schema">
        <TextRun>
          <Text value="status assignment" />
        </TextRun>
      </Content>
      <Link href="C:\Documents and Settings\hadfielj\My Documents\ePublisher Pro Projects\NBIA Online Help\Output\WebWorks Help 5.0\NBIA Online Help\NBIA admin.6.4.html" anchor="1084996" fileposition="60" first="false" />
    </Entry>
  </Entry>
  <Entry name="Administration" sort="Administration" sectionposition="2">
    <Content xmlns="urn:WebWorks-Document-Schema">
      <TextRun>
        <Text value="Administration" />
      </TextRun>
    </Content>
    <Entry name="uploading, parsing spreadsheet" sort="uploading, parsing spreadsheet">
      <Content xmlns="urn:WebWorks-Document-Schema">
        <TextRun>
          <Text value="uploading, parsing spreadsheet" />
        </TextRun>
      </Content>
      <Link href="C:\Documents and Settings\hadfielj\My Documents\ePublisher Pro Projects\NBIA Online Help\Output\WebWorks Help 5.0\NBIA Online Help\NBIA admin.6.5.html" anchor="1092079" fileposition="61" first="false" />
    </Entry>
  </Entry>
  <Entry name="spreadsheet, annotations upload" sort="spreadsheet, annotations upload" sectionposition="2">
    <Content xmlns="urn:WebWorks-Document-Schema">
      <TextRun>
        <Text value="spreadsheet, annotations upload" />
      </TextRun>
    </Content>
    <Link href="C:\Documents and Settings\hadfielj\My Documents\ePublisher Pro Projects\NBIA Online Help\Output\WebWorks Help 5.0\NBIA Online Help\NBIA admin.6.5.html" anchor="1092079" fileposition="61" first="false" />
  </Entry>
  <Entry name="uploading annotation spreadsheet" sort="uploading annotation spreadsheet" sectionposition="2">
    <Content xmlns="urn:WebWorks-Document-Schema">
      <TextRun>
        <Text value="uploading annotation spreadsheet" />
      </TextRun>
    </Content>
    <Link href="C:\Documents and Settings\hadfielj\My Documents\ePublisher Pro Projects\NBIA Online Help\Output\WebWorks Help 5.0\NBIA Online Help\NBIA admin.6.5.html" anchor="1092079" fileposition="61" first="false" />
  </Entry>
  <Entry name="parsing annotation spreadsheet" sort="parsing annotation spreadsheet" sectionposition="2">
    <Content xmlns="urn:WebWorks-Document-Schema">
      <TextRun>
        <Text value="parsing annotation spreadsheet" />
      </TextRun>
    </Content>
    <Link href="C:\Documents and Settings\hadfielj\My Documents\ePublisher Pro Projects\NBIA Online Help\Output\WebWorks Help 5.0\NBIA Online Help\NBIA admin.6.5.html" anchor="1092079" fileposition="61" first="false" />
  </Entry>
  <Entry name="images" sort="images" sectionposition="2">
    <Content xmlns="urn:WebWorks-Document-Schema">
      <TextRun>
        <Text value="images" />
      </TextRun>
    </Content>
    <Entry name="annotations, uploading" sort="annotations, uploading">
      <Content xmlns="urn:WebWorks-Document-Schema">
        <TextRun>
          <Text value="annotations, uploading" />
        </TextRun>
      </Content>
      <Link href="C:\Documents and Settings\hadfielj\My Documents\ePublisher Pro Projects\NBIA Online Help\Output\WebWorks Help 5.0\NBIA Online Help\NBIA admin.6.5.html" anchor="1092079" fileposition="61" first="false" />
    </Entry>
  </Entry>
  <Entry name="verifying submitted files" sort="verifying submitted files" sectionposition="2">
    <Content xmlns="urn:WebWorks-Document-Schema">
      <TextRun>
        <Text value="verifying submitted files" />
      </TextRun>
    </Content>
    <Link href="C:\Documents and Settings\hadfielj\My Documents\ePublisher Pro Projects\NBIA Online Help\Output\WebWorks Help 5.0\NBIA Online Help\NBIA admin.6.6.html" anchor="1117983" fileposition="62" first="false" />
  </Entry>
  <Entry name="images" sort="images" sectionposition="2">
    <Content xmlns="urn:WebWorks-Document-Schema">
      <TextRun>
        <Text value="images" />
      </TextRun>
    </Content>
    <Entry name="verifying submitted" sort="verifying submitted">
      <Content xmlns="urn:WebWorks-Document-Schema">
        <TextRun>
          <Text value="verifying submitted" />
        </TextRun>
      </Content>
      <Link href="C:\Documents and Settings\hadfielj\My Documents\ePublisher Pro Projects\NBIA Online Help\Output\WebWorks Help 5.0\NBIA Online Help\NBIA admin.6.6.html" anchor="1117983" fileposition="62" first="false" />
    </Entry>
  </Entry>
  <Entry name="remote node, configuring" sort="remote node, configuring" sectionposition="2">
    <Content xmlns="urn:WebWorks-Document-Schema">
      <TextRun>
        <Text value="remote node, configuring" />
      </TextRun>
    </Content>
    <Link href="C:\Documents and Settings\hadfielj\My Documents\ePublisher Pro Projects\NBIA Online Help\Output\WebWorks Help 5.0\NBIA Online Help\NBIA admin.6.7.html" anchor="1108659" fileposition="63" first="false" />
  </Entry>
</Index>