<?xml version="1.0" encoding="utf-8"?>
<Behaviors version="1.0" xmlns="urn:WebWorks-Behaviors-Schema">
  <Split id="1123213" documentposition="3">
    <Paragraph id="1123213" documentposition="3" splitpriority="1" />
    <Paragraph id="1123409" documentposition="4" splitpriority="none" />
    <Paragraph id="1123411" documentposition="5" splitpriority="none" />
    <Paragraph id="1123415" documentposition="6" splitpriority="none" />
    <Paragraph id="1123425" documentposition="7" splitpriority="none" />
    <Paragraph id="1116777" documentposition="8" splitpriority="none" />
    <Paragraph id="1064633" documentposition="9" splitpriority="none" />
    <Paragraph id="1071651" documentposition="10" splitpriority="none" />
    <Paragraph id="1071655" documentposition="11" splitpriority="none" />
    <Paragraph id="1071663" documentposition="12" splitpriority="none" />
  </Split>
  <Split id="1123307" documentposition="13">
    <Paragraph id="1123307" documentposition="13" splitpriority="2">
      <Marker behavior="topic" id="1123306">
        <Marker id="1123306" name="TopicAlias" xmlns="urn:WebWorks-Document-Schema">
          <TextRun id="tr1123306-1">
            <Text value="remote_site_help" />
          </TextRun>
        </Marker>
      </Marker>
    </Paragraph>
    <Paragraph id="1123309" documentposition="14" splitpriority="none" />
    <Paragraph id="1123310" documentposition="15" splitpriority="none" />
    <Paragraph id="1123311" documentposition="16" splitpriority="none" />
    <Paragraph id="1123312" documentposition="17" splitpriority="none" />
    <Paragraph id="1123313" documentposition="18" splitpriority="none" />
    <Paragraph id="1123314" documentposition="19" splitpriority="none" />
    <Paragraph id="1123315" documentposition="20" splitpriority="none" />
    <Paragraph id="1123322" documentposition="21" splitpriority="none" />
    <Paragraph id="1123325" documentposition="22" splitpriority="none" />
    <Paragraph id="1123326" documentposition="23" splitpriority="none" />
    <Paragraph id="1148088" documentposition="24" splitpriority="none" />
    <Paragraph id="1185973" documentposition="25" splitpriority="none" relatedtopic="define-no-output" />
    <Paragraph id="1185977" documentposition="26" splitpriority="none" relatedtopic="define-no-output" />
    <Paragraph id="1185981" documentposition="27" splitpriority="none" relatedtopic="define-no-output" />
    <Paragraph id="1185985" documentposition="28" splitpriority="none" relatedtopic="define-no-output" />
  </Split>
  <Split id="1066291" documentposition="29">
    <Paragraph id="1066291" documentposition="29" splitpriority="2" />
    <Paragraph id="1087111" documentposition="30" splitpriority="none" />
    <Paragraph id="1090952" documentposition="31" splitpriority="none" />
    <Paragraph id="1090959" documentposition="32" splitpriority="none" />
    <Paragraph id="1090970" documentposition="33" splitpriority="none" />
    <Paragraph id="1090971" documentposition="34" splitpriority="none" />
    <Paragraph id="1090939" documentposition="35" splitpriority="none" />
    <Paragraph id="1091001" documentposition="36" splitpriority="none" />
    <Paragraph id="1095939" documentposition="37" splitpriority="none" />
    <Table id="1095940" documentposition="38" splitpriority="none">
      <TableCell>
        <Paragraph id="1095943" />
      </TableCell>
    </Table>
    <Paragraph id="1087564" documentposition="39" splitpriority="none" />
    <Paragraph id="1086968" documentposition="40" splitpriority="none" />
    <Paragraph id="1086973" documentposition="41" splitpriority="none" />
    <Paragraph id="1086978" documentposition="42" splitpriority="none" />
    <Paragraph id="1066370" documentposition="43" splitpriority="none" />
    <Paragraph id="1066371" documentposition="44" splitpriority="none" />
    <Paragraph id="1066372" documentposition="45" splitpriority="none" />
    <Paragraph id="1096502" documentposition="46" splitpriority="none" />
    <Paragraph id="1096506" documentposition="47" splitpriority="none" />
    <Paragraph id="1096507" documentposition="48" splitpriority="none" />
    <Paragraph id="1114755" documentposition="49" splitpriority="none" />
    <Paragraph id="1148112" documentposition="50" splitpriority="none" relatedtopic="define-no-output" />
    <Paragraph id="1185993" documentposition="51" splitpriority="none" relatedtopic="define-no-output" />
    <Paragraph id="1185997" documentposition="52" splitpriority="none" relatedtopic="define-no-output" />
    <Paragraph id="1186001" documentposition="53" splitpriority="none" relatedtopic="define-no-output" />
    <Paragraph id="1186005" documentposition="54" splitpriority="none" relatedtopic="define-no-output" />
    <Paragraph id="1186009" documentposition="55" splitpriority="none" relatedtopic="define-no-output" />
    <Paragraph id="1186013" documentposition="56" splitpriority="none" relatedtopic="define-no-output" />
  </Split>
  <Split id="1113864" documentposition="57">
    <Paragraph id="1113864" documentposition="57" splitpriority="3">
      <Marker behavior="topic" id="1095054">
        <Marker id="1095054" name="TopicAlias" xmlns="urn:WebWorks-Document-Schema">
          <TextRun id="tr1095054-1">
            <Text value="simple_search_help" />
          </TextRun>
        </Marker>
      </Marker>
    </Paragraph>
    <Paragraph id="1066742" documentposition="58" splitpriority="none" />
    <Paragraph id="1087719" documentposition="59" splitpriority="none" />
    <Paragraph id="1087738" documentposition="60" splitpriority="none" />
    <Paragraph id="1087543" documentposition="61" splitpriority="none" />
    <Paragraph id="1087531" documentposition="62" splitpriority="none" />
    <Paragraph id="1087551" documentposition="63" splitpriority="none" />
    <Paragraph id="1087680" documentposition="64" splitpriority="none" />
    <Paragraph id="1164367" documentposition="65" splitpriority="none" />
    <Paragraph id="1178670" documentposition="67" splitpriority="none" />
    <Table id="1164448" documentposition="68" splitpriority="none">
      <TableCell>
        <Paragraph id="1164450" />
      </TableCell>
      <TableCell>
        <Paragraph id="1164452" />
      </TableCell>
      <TableCell>
        <Paragraph id="1164454" />
      </TableCell>
      <TableCell>
        <Paragraph id="1164456" />
      </TableCell>
      <TableCell>
        <Paragraph id="1164458" />
      </TableCell>
      <TableCell>
        <Paragraph id="1164460" />
        <Paragraph id="1164461" />
        <Paragraph id="1164462" />
        <Paragraph id="1164463" />
      </TableCell>
      <TableCell>
        <Paragraph id="1164465" />
      </TableCell>
      <TableCell>
        <Paragraph id="1164467" />
      </TableCell>
      <TableCell>
        <Paragraph id="1164470" />
        <Paragraph id="1164471" />
      </TableCell>
      <TableCell>
        <Paragraph id="1164473">
          <Frame id="1164475">
            <Frame id="1164476" />
          </Frame>
        </Paragraph>
        <Paragraph id="1164477">
          <Frame id="1164479">
            <Frame id="1164480" />
          </Frame>
        </Paragraph>
        <Paragraph id="1164481" />
      </TableCell>
      <TableCell>
        <Paragraph id="1164483" />
      </TableCell>
      <TableCell>
        <Paragraph id="1164485" />
        <Paragraph id="1164486" />
        <Paragraph id="1164487" />
      </TableCell>
      <TableCell>
        <Paragraph id="1164490" />
      </TableCell>
      <TableCell>
        <Paragraph id="1164492" />
      </TableCell>
    </Table>
    <Paragraph id="1185428" documentposition="69" splitpriority="none" />
    <Paragraph id="1185480" documentposition="70" splitpriority="none" dropdown="start-closed" />
    <Table id="1185430" documentposition="71" splitpriority="none">
      <TableCell>
        <Paragraph id="1185432" />
      </TableCell>
      <TableCell>
        <Paragraph id="1185434" />
      </TableCell>
      <TableCell>
        <Paragraph id="1185436" />
      </TableCell>
      <TableCell>
        <Paragraph id="1185438" />
      </TableCell>
      <TableCell>
        <Paragraph id="1185440" />
      </TableCell>
      <TableCell>
        <Paragraph id="1185442" />
      </TableCell>
      <TableCell>
        <Paragraph id="1185444" />
      </TableCell>
      <TableCell>
        <Paragraph id="1185446" />
      </TableCell>
      <TableCell>
        <Paragraph id="1185448" />
      </TableCell>
      <TableCell>
        <Paragraph id="1185450" />
      </TableCell>
      <TableCell>
        <Paragraph id="1185452" />
      </TableCell>
      <TableCell>
        <Paragraph id="1185454" />
      </TableCell>
      <TableCell>
        <Paragraph id="1185456" />
      </TableCell>
      <TableCell>
        <Paragraph id="1185458" />
      </TableCell>
      <TableCell>
        <Paragraph id="1185460" />
      </TableCell>
      <TableCell>
        <Paragraph id="1185462" />
      </TableCell>
      <TableCell>
        <Paragraph id="1185464" />
      </TableCell>
      <TableCell>
        <Paragraph id="1185466" />
      </TableCell>
      <TableCell>
        <Paragraph id="1185468" />
      </TableCell>
      <TableCell>
        <Paragraph id="1185470" />
      </TableCell>
      <TableCell>
        <Paragraph id="1185472" />
      </TableCell>
    </Table>
    <Paragraph id="1186159" documentposition="72" splitpriority="none" dropdown="end" />
    <Paragraph id="1185482" documentposition="73" splitpriority="none" />
    <Paragraph id="1085703" documentposition="74" splitpriority="none" />
    <Paragraph id="1085725" documentposition="75" splitpriority="none" />
    <Paragraph id="1066292" documentposition="76" splitpriority="none" />
    <Paragraph id="1186188" documentposition="77" splitpriority="none" relatedtopic="define-no-output" />
    <Paragraph id="1186192" documentposition="78" splitpriority="none" relatedtopic="define-no-output" />
    <Paragraph id="1186196" documentposition="79" splitpriority="none" relatedtopic="define-no-output" />
    <Paragraph id="1186200" documentposition="80" splitpriority="none" relatedtopic="define-no-output" />
    <Paragraph id="1186204" documentposition="81" splitpriority="none" relatedtopic="define-no-output" />
  </Split>
  <Split id="1186206" documentposition="82">
    <Paragraph id="1186206" documentposition="82" splitpriority="3">
      <Marker behavior="topic" id="1186205">
        <Marker id="1186205" name="TopicAlias" xmlns="urn:WebWorks-Document-Schema">
          <TextRun id="tr1186205-1">
            <Text value="criteria_selected_help" />
          </TextRun>
        </Marker>
      </Marker>
    </Paragraph>
    <Paragraph id="1162387" documentposition="83" splitpriority="none" />
    <Paragraph id="1186211" documentposition="84" splitpriority="none" />
  </Split>
  <Split id="1162398" documentposition="85">
    <Paragraph id="1162398" documentposition="85" splitpriority="2" />
    <Paragraph id="1162395" documentposition="86" splitpriority="none" />
    <Paragraph id="1186222" documentposition="87" splitpriority="none" />
    <Paragraph id="1186226" documentposition="88" splitpriority="none" relatedtopic="define-no-output" />
    <Paragraph id="1186230" documentposition="89" splitpriority="none" relatedtopic="define-no-output" />
    <Paragraph id="1186234" documentposition="90" splitpriority="none" relatedtopic="define-no-output" />
    <Paragraph id="1186238" documentposition="91" splitpriority="none" relatedtopic="define-no-output" />
  </Split>
  <Split id="1102496" documentposition="92">
    <Paragraph id="1102496" documentposition="92" splitpriority="3">
      <Marker behavior="topic" id="1149239">
        <Marker id="1149239" name="TopicAlias" xmlns="urn:WebWorks-Document-Schema">
          <TextRun id="tr1149239-1">
            <Text value="annotation_keyword_search_help" />
          </TextRun>
        </Marker>
      </Marker>
    </Paragraph>
    <Paragraph id="1086458" documentposition="93" splitpriority="none" />
    <Paragraph id="1087312" documentposition="94" splitpriority="none" />
    <Paragraph id="1087858" documentposition="95" splitpriority="none" />
    <Paragraph id="1087859" documentposition="96" splitpriority="none" />
    <Paragraph id="1087866" documentposition="97" splitpriority="none" />
    <Paragraph id="1087970" documentposition="98" splitpriority="none" />
    <Paragraph id="1096417" documentposition="99" splitpriority="none" />
    <Paragraph id="1096626" documentposition="100" splitpriority="none" />
    <Paragraph id="1096694" documentposition="101" splitpriority="none" />
    <Paragraph id="1096699" documentposition="102" splitpriority="none" />
    <Paragraph id="1096927" documentposition="103" splitpriority="none" />
    <Paragraph id="1096928" documentposition="104" splitpriority="none" />
    <Paragraph id="1096929" documentposition="105" splitpriority="none" />
    <Paragraph id="1096730" documentposition="106" splitpriority="none" />
    <Paragraph id="1096721" documentposition="107" splitpriority="none" />
    <Paragraph id="1091351" documentposition="108" splitpriority="none" />
    <Paragraph id="1096851" documentposition="109" splitpriority="none" />
    <Paragraph id="1085942" documentposition="110" splitpriority="none" />
    <Paragraph id="1096972" documentposition="111" splitpriority="none" />
    <Paragraph id="1091367" documentposition="112" splitpriority="none" />
    <Paragraph id="1087017" documentposition="113" splitpriority="none" />
    <Paragraph id="1186368" documentposition="114" splitpriority="none" relatedtopic="define-no-output" />
    <Paragraph id="1186372" documentposition="115" splitpriority="none" relatedtopic="define-no-output" />
    <Paragraph id="1186376" documentposition="116" splitpriority="none" relatedtopic="define-no-output" />
    <Paragraph id="1186380" documentposition="117" splitpriority="none" relatedtopic="define-no-output" />
    <Paragraph id="1186384" documentposition="118" splitpriority="none" relatedtopic="define-no-output" />
  </Split>
  <Split id="1066935" documentposition="119">
    <Paragraph id="1066935" documentposition="119" splitpriority="3">
      <Marker behavior="topic" id="1095066">
        <Marker id="1095066" name="TopicAlias" xmlns="urn:WebWorks-Document-Schema">
          <TextRun id="tr1095066-1">
            <Text value="advanced_search_help" />
          </TextRun>
        </Marker>
      </Marker>
    </Paragraph>
    <Paragraph id="1067129" documentposition="120" splitpriority="none" />
    <Paragraph id="1088019" documentposition="121" splitpriority="none" />
    <Paragraph id="1088053" documentposition="122" splitpriority="none" />
    <Paragraph id="1087587" documentposition="123" splitpriority="none" />
    <Paragraph id="1087582" documentposition="124" splitpriority="none" />
    <Paragraph id="1166456" documentposition="125" splitpriority="none" />
    <Table id="1167420" documentposition="126" splitpriority="none">
      <TableCell>
        <Paragraph id="1167422" />
      </TableCell>
      <TableCell>
        <Paragraph id="1167424" />
      </TableCell>
      <TableCell>
        <Paragraph id="1167427" />
      </TableCell>
      <TableCell>
        <Paragraph id="1167429" />
      </TableCell>
      <TableCell>
        <Paragraph id="1167431" />
      </TableCell>
      <TableCell>
        <Paragraph id="1167433" />
        <Paragraph id="1167434" />
        <Paragraph id="1167435" />
        <Paragraph id="1167436" />
      </TableCell>
      <TableCell>
        <Paragraph id="1167438" />
      </TableCell>
      <TableCell>
        <Paragraph id="1167440" />
      </TableCell>
      <TableCell>
        <Paragraph id="1167443" />
      </TableCell>
      <TableCell>
        <Paragraph id="1167445">
          <Frame id="1167447">
            <Frame id="1167448" />
          </Frame>
        </Paragraph>
        <Paragraph id="1167449">
          <Frame id="1167451">
            <Frame id="1167452" />
          </Frame>
        </Paragraph>
        <Paragraph id="1167453" />
      </TableCell>
      <TableCell>
        <Paragraph id="1167455" />
      </TableCell>
      <TableCell>
        <Paragraph id="1167457" />
      </TableCell>
      <TableCell>
        <Paragraph id="1167459" />
      </TableCell>
      <TableCell>
        <Paragraph id="1167461" />
      </TableCell>
      <TableCell>
        <Paragraph id="1167463" />
      </TableCell>
      <TableCell>
        <Paragraph id="1167465" />
      </TableCell>
      <TableCell>
        <Paragraph id="1167467" />
      </TableCell>
      <TableCell>
        <Paragraph id="1167469" />
      </TableCell>
    </Table>
    <Paragraph id="1167484" documentposition="127" splitpriority="none" />
    <Table id="1185325" documentposition="129" splitpriority="none">
      <TableCell>
        <Paragraph id="1185327" />
      </TableCell>
      <TableCell>
        <Paragraph id="1185329" />
      </TableCell>
      <TableCell>
        <Paragraph id="1185331" />
        <Paragraph id="1185332" />
        <Paragraph id="1185333" />
      </TableCell>
      <TableCell>
        <Paragraph id="1185335" />
        <Paragraph id="1185336" />
        <Paragraph id="1185338" />
      </TableCell>
    </Table>
    <Paragraph id="1185353" documentposition="130" splitpriority="none" />
    <Paragraph id="1085836" documentposition="131" splitpriority="none" />
    <Table id="1067820" documentposition="132" splitpriority="none">
      <TableCell>
        <Paragraph id="1076072" />
      </TableCell>
      <TableCell>
        <Paragraph id="1076074" />
      </TableCell>
      <TableCell>
        <Paragraph id="1067834" />
      </TableCell>
      <TableCell>
        <Paragraph id="1067836" />
      </TableCell>
      <TableCell>
        <Paragraph id="1067838" />
      </TableCell>
      <TableCell>
        <Paragraph id="1067840" />
        <Paragraph id="1073963" />
      </TableCell>
      <TableCell>
        <Paragraph id="1067842" />
      </TableCell>
      <TableCell>
        <Paragraph id="1067844" />
        <Paragraph id="1073985" />
        <Paragraph id="1067845" />
      </TableCell>
    </Table>
    <Paragraph id="1085838" documentposition="133" splitpriority="none" />
    <Paragraph id="1085842" documentposition="134" splitpriority="none" />
    <Paragraph id="1085844" documentposition="135" splitpriority="none" />
    <Paragraph id="1083598" documentposition="136" splitpriority="none" />
    <Paragraph id="1186665" documentposition="137" splitpriority="none" relatedtopic="define-no-output" />
    <Paragraph id="1186669" documentposition="138" splitpriority="none" relatedtopic="define-no-output" />
    <Paragraph id="1186673" documentposition="139" splitpriority="none" relatedtopic="define-no-output" />
    <Paragraph id="1186677" documentposition="140" splitpriority="none" relatedtopic="define-no-output" />
    <Paragraph id="1186681" documentposition="141" splitpriority="none" relatedtopic="define-no-output" />
  </Split>
  <Split id="1067999" documentposition="142">
    <Paragraph id="1067999" documentposition="142" splitpriority="2" />
    <Paragraph id="1068000" documentposition="143" splitpriority="none" />
    <Paragraph id="1091772" documentposition="144" splitpriority="none" />
    <Paragraph id="1091773" documentposition="145" splitpriority="none" />
    <Paragraph id="1186735" documentposition="146" splitpriority="none" relatedtopic="define-no-output" />
    <Paragraph id="1186739" documentposition="147" splitpriority="none" relatedtopic="define-no-output" />
    <Paragraph id="1186743" documentposition="148" splitpriority="none" relatedtopic="define-no-output" />
    <Paragraph id="1186747" documentposition="149" splitpriority="none" relatedtopic="define-no-output" />
    <Paragraph id="1186751" documentposition="150" splitpriority="none" relatedtopic="define-no-output" />
  </Split>
  <Split id="1163757" documentposition="151">
    <Paragraph id="1163757" documentposition="151" splitpriority="3" />
    <Paragraph id="1088868" documentposition="152" splitpriority="none" />
    <Paragraph id="1072369" documentposition="153" splitpriority="none" />
    <Paragraph id="1091953" documentposition="154" splitpriority="none" />
    <Paragraph id="1085249" documentposition="155" splitpriority="none" />
    <Paragraph id="1186759" documentposition="156" splitpriority="none" relatedtopic="define-no-output" />
    <Paragraph id="1186763" documentposition="157" splitpriority="none" relatedtopic="define-no-output" />
    <Paragraph id="1186767" documentposition="158" splitpriority="none" relatedtopic="define-no-output" />
    <Paragraph id="1186771" documentposition="159" splitpriority="none" relatedtopic="define-no-output" />
  </Split>
  <Split id="1066885" documentposition="160">
    <Paragraph id="1066885" documentposition="160" splitpriority="3">
      <Marker behavior="topic" id="1095068">
        <Marker id="1095068" name="TopicAlias" xmlns="urn:WebWorks-Document-Schema">
          <TextRun id="tr1095068-1">
            <Text value="saved_queries_help" />
          </TextRun>
        </Marker>
      </Marker>
    </Paragraph>
    <Paragraph id="1186779" documentposition="161" splitpriority="none" />
    <Paragraph id="1095013" documentposition="162" splitpriority="none" />
    <Paragraph id="1068348" documentposition="163" splitpriority="none" />
    <Table id="1068238" documentposition="164" splitpriority="none">
      <TableCell>
        <Paragraph id="1074862" />
      </TableCell>
      <TableCell>
        <Paragraph id="1074864" />
      </TableCell>
      <TableCell>
        <Paragraph id="1068244" />
      </TableCell>
      <TableCell>
        <Paragraph id="1068246" />
      </TableCell>
      <TableCell>
        <Paragraph id="1068248" />
      </TableCell>
      <TableCell>
        <Paragraph id="1068250" />
      </TableCell>
      <TableCell>
        <Paragraph id="1068252" />
      </TableCell>
      <TableCell>
        <Paragraph id="1068254" />
      </TableCell>
      <TableCell>
        <Paragraph id="1068256" />
      </TableCell>
      <TableCell>
        <Paragraph id="1068258" />
      </TableCell>
      <TableCell>
        <Paragraph id="1068260" />
      </TableCell>
      <TableCell>
        <Paragraph id="1068262" />
      </TableCell>
      <TableCell>
        <Paragraph id="1068264" />
      </TableCell>
      <TableCell>
        <Paragraph id="1068266" />
      </TableCell>
    </Table>
    <Paragraph id="1089386" documentposition="165" splitpriority="none" />
    <Paragraph id="1089387" documentposition="166" splitpriority="none" />
    <Paragraph id="1089288" documentposition="167" splitpriority="none" />
    <Paragraph id="1089441" documentposition="168" splitpriority="none" />
    <Paragraph id="1068285" documentposition="169" splitpriority="none" />
    <Paragraph id="1068286" documentposition="170" splitpriority="none" />
    <Paragraph id="1068287" documentposition="171" splitpriority="none" />
    <Paragraph id="1068288" documentposition="172" splitpriority="none" />
    <Paragraph id="1060444" documentposition="173" splitpriority="none" />
    <Paragraph id="1186853" documentposition="174" splitpriority="none" relatedtopic="define-no-output" />
    <Paragraph id="1186857" documentposition="175" splitpriority="none" relatedtopic="define-no-output" />
    <Paragraph id="1186861" documentposition="176" splitpriority="none" relatedtopic="define-no-output" />
    <Paragraph id="1186865" documentposition="177" splitpriority="none" relatedtopic="define-no-output" />
  </Split>
  <Split id="1068625" documentposition="178">
    <Paragraph id="1068625" documentposition="178" splitpriority="3">
      <Marker behavior="topic" id="1095069">
        <Marker id="1095069" name="TopicAlias" xmlns="urn:WebWorks-Document-Schema">
          <TextRun id="tr1095069-1">
            <Text value="save_edited_query_help" />
          </TextRun>
        </Marker>
      </Marker>
    </Paragraph>
    <Paragraph id="1089786" documentposition="179" splitpriority="none" />
    <Paragraph id="1068626" documentposition="180" splitpriority="none" />
    <Paragraph id="1089743" documentposition="181" splitpriority="none" />
    <Paragraph id="1068627" documentposition="182" splitpriority="none" />
    <Paragraph id="1068722" documentposition="183" splitpriority="none" />
    <Paragraph id="1068723" documentposition="184" splitpriority="none" />
    <Paragraph id="1068630" documentposition="185" splitpriority="none" />
    <Paragraph id="1068794" documentposition="186" splitpriority="none" />
    <Paragraph id="1068782" documentposition="187" splitpriority="none" />
    <Paragraph id="1068633" documentposition="188" splitpriority="none" />
    <Paragraph id="1068634" documentposition="189" splitpriority="none" />
    <Paragraph id="1075485" documentposition="190" splitpriority="none" />
    <Paragraph id="1186951" documentposition="191" splitpriority="none" relatedtopic="define-no-output" />
    <Paragraph id="1186955" documentposition="192" splitpriority="none" relatedtopic="define-no-output" />
    <Paragraph id="1186959" documentposition="193" splitpriority="none" relatedtopic="define-no-output" />
    <Paragraph id="1186963" documentposition="194" splitpriority="none" relatedtopic="define-no-output" />
  </Split>
  <Split id="1092117" documentposition="195">
    <Paragraph id="1092117" documentposition="195" splitpriority="3">
      <Marker behavior="topic" id="1095070">
        <Marker id="1095070" name="TopicAlias" xmlns="urn:WebWorks-Document-Schema">
          <TextRun id="tr1095070-1">
            <Text value="query_history_help" />
          </TextRun>
        </Marker>
      </Marker>
    </Paragraph>
    <Paragraph id="1187034" documentposition="196" splitpriority="none" />
    <Table id="1102611" documentposition="197" splitpriority="none">
      <TableCell>
        <Paragraph id="1102613" />
      </TableCell>
      <TableCell>
        <Paragraph id="1102615" />
      </TableCell>
      <TableCell>
        <Paragraph id="1102617" />
      </TableCell>
      <TableCell>
        <Paragraph id="1102619" />
        <Paragraph id="1102620" />
        <Paragraph id="1102621" />
        <Paragraph id="1102622" />
      </TableCell>
      <TableCell>
        <Paragraph id="1102624" />
      </TableCell>
      <TableCell>
        <Paragraph id="1102626" />
      </TableCell>
      <TableCell>
        <Paragraph id="1102628" />
      </TableCell>
      <TableCell>
        <Paragraph id="1102630" />
      </TableCell>
    </Table>
    <Paragraph id="1121714" documentposition="198" splitpriority="none" />
    <Paragraph id="1187055" documentposition="199" splitpriority="none" relatedtopic="define-no-output" />
    <Paragraph id="1187059" documentposition="200" splitpriority="none" relatedtopic="define-no-output" />
    <Paragraph id="1187063" documentposition="201" splitpriority="none" relatedtopic="define-no-output" />
    <Paragraph id="1187067" documentposition="202" splitpriority="none" relatedtopic="define-no-output" />
  </Split>
  <Split id="1095790" documentposition="203">
    <Paragraph id="1095790" documentposition="203" splitpriority="2" />
    <Paragraph id="1092442" documentposition="204" splitpriority="none" />
    <Table id="1096152" documentposition="205" splitpriority="none">
      <TableCell>
        <Paragraph id="1096155" />
      </TableCell>
    </Table>
    <Paragraph id="1085967" documentposition="206" splitpriority="none" />
    <Paragraph id="1092998" documentposition="207" splitpriority="none" />
    <Paragraph id="1093018" documentposition="208" splitpriority="none" />
    <Paragraph id="1086497" documentposition="209" splitpriority="none" />
  </Split>
  <Split id="1085991" documentposition="210">
    <Paragraph id="1085991" documentposition="210" splitpriority="3">
      <Marker behavior="topic" id="1095071">
        <Marker id="1095071" name="TopicAlias" xmlns="urn:WebWorks-Document-Schema">
          <TextRun id="tr1095071-1">
            <Text value="search_results_by_subject_help" />
          </TextRun>
        </Marker>
      </Marker>
    </Paragraph>
    <Paragraph id="1069030" documentposition="211" splitpriority="none" />
    <Paragraph id="1069162" documentposition="212" splitpriority="none" />
    <Table id="1069031" documentposition="213" splitpriority="none">
      <TableCell>
        <Paragraph id="1076124" />
      </TableCell>
      <TableCell>
        <Paragraph id="1076126" />
      </TableCell>
      <TableCell>
        <Paragraph id="1069037" />
      </TableCell>
      <TableCell>
        <Paragraph id="1069039" />
      </TableCell>
      <TableCell>
        <Paragraph id="1069041" />
      </TableCell>
      <TableCell>
        <Paragraph id="1069043" />
      </TableCell>
      <TableCell>
        <Paragraph id="1069045" />
      </TableCell>
      <TableCell>
        <Paragraph id="1069047" />
      </TableCell>
      <TableCell>
        <Paragraph id="1069049" />
      </TableCell>
      <TableCell>
        <Paragraph id="1069051" />
      </TableCell>
      <TableCell>
        <Paragraph id="1069053" />
      </TableCell>
      <TableCell>
        <Paragraph id="1069055" />
      </TableCell>
      <TableCell>
        <Paragraph id="1069057" />
      </TableCell>
      <TableCell>
        <Paragraph id="1069059" />
      </TableCell>
      <TableCell>
        <Paragraph id="1114911" />
      </TableCell>
      <TableCell>
        <Paragraph id="1114913" />
        <Paragraph id="1115108" />
        <Paragraph id="1115113" />
      </TableCell>
    </Table>
    <Paragraph id="1069065" documentposition="214" splitpriority="none" />
    <Paragraph id="1086737" documentposition="215" splitpriority="none" />
    <Paragraph id="1069066" documentposition="216" splitpriority="none" />
    <Paragraph id="1069067" documentposition="217" splitpriority="none" />
    <Paragraph id="1093261" documentposition="218" splitpriority="none" />
    <Paragraph id="1092903" documentposition="219" splitpriority="none" />
    <Paragraph id="1092906" documentposition="220" splitpriority="none" />
    <Paragraph id="1092909" documentposition="221" splitpriority="none" />
    <Paragraph id="1092911" documentposition="222" splitpriority="none" />
    <Paragraph id="1092891" documentposition="223" splitpriority="none" />
  </Split>
  <Split id="1069240" documentposition="224">
    <Paragraph id="1069240" documentposition="224" splitpriority="3">
      <Marker behavior="topic" id="1095072">
        <Marker id="1095072" name="TopicAlias" xmlns="urn:WebWorks-Document-Schema">
          <TextRun id="tr1095072-1">
            <Text value="search_results_studies_for_subject_help" />
          </TextRun>
        </Marker>
      </Marker>
    </Paragraph>
    <Paragraph id="1069368" documentposition="225" splitpriority="none" />
    <Paragraph id="1093421" documentposition="226" splitpriority="none" />
    <Table id="1069975" documentposition="227" splitpriority="none">
      <TableCell>
        <Paragraph id="1076148" />
      </TableCell>
      <TableCell>
        <Paragraph id="1076150" />
      </TableCell>
      <TableCell>
        <Paragraph id="1069981" />
      </TableCell>
      <TableCell>
        <Paragraph id="1069983" />
      </TableCell>
      <TableCell>
        <Paragraph id="1069985" />
      </TableCell>
      <TableCell>
        <Paragraph id="1069987" />
      </TableCell>
      <TableCell>
        <Paragraph id="1069989" />
      </TableCell>
      <TableCell>
        <Paragraph id="1069991" />
      </TableCell>
      <TableCell>
        <Paragraph id="1069993" />
      </TableCell>
      <TableCell>
        <Paragraph id="1069995" />
      </TableCell>
      <TableCell>
        <Paragraph id="1069997" />
      </TableCell>
      <TableCell>
        <Paragraph id="1069999" />
      </TableCell>
      <TableCell>
        <Paragraph id="1070001" />
      </TableCell>
      <TableCell>
        <Paragraph id="1070003" />
      </TableCell>
      <TableCell>
        <Paragraph id="1070005" />
      </TableCell>
      <TableCell>
        <Paragraph id="1070007" />
      </TableCell>
      <TableCell>
        <Paragraph id="1070009" />
      </TableCell>
      <TableCell>
        <Paragraph id="1070011" />
      </TableCell>
    </Table>
    <Paragraph id="1131352" documentposition="228" splitpriority="none" />
    <Paragraph id="1131297" documentposition="229" splitpriority="none" />
    <Paragraph id="1131361" documentposition="230" splitpriority="none" />
    <Paragraph id="1131300" documentposition="231" splitpriority="none" />
    <Paragraph id="1093506" documentposition="232" splitpriority="none" />
    <Paragraph id="1072661" documentposition="233" splitpriority="none" />
    <Paragraph id="1069281" documentposition="234" splitpriority="none" />
  </Split>
  <Split id="1069282" documentposition="235">
    <Paragraph id="1069282" documentposition="235" splitpriority="3">
      <Marker behavior="topic" id="1095073">
        <Marker id="1095073" name="TopicAlias" xmlns="urn:WebWorks-Document-Schema">
          <TextRun id="tr1095073-1">
            <Text value="search_results_images_for series_help" />
          </TextRun>
        </Marker>
      </Marker>
    </Paragraph>
    <Paragraph id="1069283" documentposition="236" splitpriority="none" />
    <Paragraph id="1094173" documentposition="237" splitpriority="none" />
    <Table id="1094115" documentposition="238" splitpriority="none">
      <TableCell>
        <Paragraph id="1094117" />
      </TableCell>
      <TableCell>
        <Paragraph id="1094119" />
      </TableCell>
      <TableCell>
        <Paragraph id="1094122" />
      </TableCell>
      <TableCell>
        <Paragraph id="1094124" />
      </TableCell>
      <TableCell>
        <Paragraph id="1094127" />
      </TableCell>
      <TableCell>
        <Paragraph id="1094129" />
      </TableCell>
      <TableCell>
        <Paragraph id="1094132" />
      </TableCell>
      <TableCell>
        <Paragraph id="1094134" />
      </TableCell>
      <TableCell>
        <Paragraph id="1094137" />
      </TableCell>
      <TableCell>
        <Paragraph id="1094139" />
      </TableCell>
      <TableCell>
        <Paragraph id="1094142" />
      </TableCell>
      <TableCell>
        <Paragraph id="1094144" />
      </TableCell>
      <TableCell>
        <Paragraph id="1094147" />
      </TableCell>
      <TableCell>
        <Paragraph id="1097042" />
      </TableCell>
    </Table>
    <Paragraph id="1093878" documentposition="239" splitpriority="none" />
    <Paragraph id="1070119" documentposition="240" splitpriority="none" />
    <Paragraph id="1069315" documentposition="241" splitpriority="none" />
    <Paragraph id="1072724" documentposition="242" splitpriority="none" />
    <Paragraph id="1069011" documentposition="243" splitpriority="none" />
  </Split>
  <Split id="1070193" documentposition="244">
    <Paragraph id="1070193" documentposition="244" splitpriority="2" />
    <Paragraph id="1090649" documentposition="245" splitpriority="none" />
    <Paragraph id="1187347" documentposition="246" splitpriority="none" relatedtopic="define-no-output" />
    <Paragraph id="1187351" documentposition="247" splitpriority="none" relatedtopic="define-no-output" />
    <Paragraph id="1187355" documentposition="248" splitpriority="none" relatedtopic="define-no-output" />
  </Split>
  <Split id="1090594" documentposition="249">
    <Paragraph id="1090594" documentposition="249" splitpriority="3" />
    <Paragraph id="1070194" documentposition="250" splitpriority="none" />
    <Paragraph id="1072735" documentposition="251" splitpriority="none" />
    <Paragraph id="1072740" documentposition="252" splitpriority="none" />
    <Paragraph id="1072745" documentposition="253" splitpriority="none" />
    <Paragraph id="1187363" documentposition="254" splitpriority="none" relatedtopic="define-no-output" />
    <Paragraph id="1187367" documentposition="255" splitpriority="none" relatedtopic="define-no-output" />
    <Paragraph id="1187371" documentposition="256" splitpriority="none" relatedtopic="define-no-output" />
  </Split>
  <Split id="1070197" documentposition="257">
    <Paragraph id="1070197" documentposition="257" splitpriority="3">
      <Marker behavior="topic" id="1095074">
        <Marker id="1095074" name="TopicAlias" xmlns="urn:WebWorks-Document-Schema">
          <TextRun id="tr1095074-1">
            <Text value="data_basket_help" />
          </TextRun>
        </Marker>
      </Marker>
    </Paragraph>
    <Paragraph id="1070298" documentposition="258" splitpriority="none" />
    <Paragraph id="1094389" documentposition="259" splitpriority="none" />
    <Table id="1070301" documentposition="260" splitpriority="none">
      <TableCell>
        <Paragraph id="1076211" />
      </TableCell>
      <TableCell>
        <Paragraph id="1076213" />
      </TableCell>
      <TableCell>
        <Paragraph id="1070307" />
      </TableCell>
      <TableCell>
        <Paragraph id="1070309" />
      </TableCell>
      <TableCell>
        <Paragraph id="1070311" />
      </TableCell>
      <TableCell>
        <Paragraph id="1070313" />
      </TableCell>
      <TableCell>
        <Paragraph id="1070315" />
      </TableCell>
      <TableCell>
        <Paragraph id="1070317" />
      </TableCell>
      <TableCell>
        <Paragraph id="1070319" />
      </TableCell>
      <TableCell>
        <Paragraph id="1070321" />
      </TableCell>
      <TableCell>
        <Paragraph id="1070323" />
      </TableCell>
      <TableCell>
        <Paragraph id="1070325" />
      </TableCell>
      <TableCell>
        <Paragraph id="1070327" />
      </TableCell>
      <TableCell>
        <Paragraph id="1070329" />
      </TableCell>
      <TableCell>
        <Paragraph id="1115065" />
      </TableCell>
      <TableCell>
        <Paragraph id="1115067" />
      </TableCell>
      <TableCell>
        <Paragraph id="1115061" />
      </TableCell>
      <TableCell>
        <Paragraph id="1115063" />
      </TableCell>
      <TableCell>
        <Paragraph id="1115057" />
      </TableCell>
      <TableCell>
        <Paragraph id="1115118" />
        <Paragraph id="1115119" />
        <Paragraph id="1115120" />
      </TableCell>
    </Table>
    <Paragraph id="1118609" documentposition="261" splitpriority="none" />
    <Paragraph id="1115085" documentposition="262" splitpriority="none" />
    <Paragraph id="1187449" documentposition="263" splitpriority="none" relatedtopic="define-no-output" />
    <Paragraph id="1187453" documentposition="264" splitpriority="none" relatedtopic="define-no-output" />
    <Paragraph id="1187457" documentposition="265" splitpriority="none" relatedtopic="define-no-output" />
  </Split>
  <Split id="1090496" documentposition="266">
    <Paragraph id="1090496" documentposition="266" splitpriority="3" />
    <Paragraph id="1090498" documentposition="267" splitpriority="none" />
    <Paragraph id="1094558" documentposition="268" splitpriority="none" />
    <Paragraph id="1115205" documentposition="269" splitpriority="none" />
    <Paragraph id="1094559" documentposition="270" splitpriority="none" />
    <Paragraph id="1070516" documentposition="271" splitpriority="none" />
    <Paragraph id="1070517" documentposition="272" splitpriority="none" />
    <Paragraph id="1070239" documentposition="273" splitpriority="none" />
    <Paragraph id="1070240" documentposition="274" splitpriority="none" />
    <Paragraph id="1094574" documentposition="275" splitpriority="none" />
    <Paragraph id="1094580" documentposition="276" splitpriority="none" />
    <Paragraph id="1070241" documentposition="277" splitpriority="none" />
    <Paragraph id="1070242" documentposition="278" splitpriority="none" />
    <Paragraph id="1096269" documentposition="279" splitpriority="none" />
    <Paragraph id="1070243" documentposition="280" splitpriority="none" />
    <Paragraph id="1070244" documentposition="281" splitpriority="none" />
    <Paragraph id="1085096" documentposition="282" splitpriority="none" />
    <Paragraph id="1085097" documentposition="283" splitpriority="none" />
    <Paragraph id="1095032" documentposition="284" splitpriority="none" />
    <Paragraph id="1187465" documentposition="285" splitpriority="none" relatedtopic="define-no-output" />
    <Paragraph id="1187469" documentposition="286" splitpriority="none" relatedtopic="define-no-output" />
    <Paragraph id="1187473" documentposition="287" splitpriority="none" relatedtopic="define-no-output" />
  </Split>
  <Split id="1070597" documentposition="288">
    <Paragraph id="1070597" documentposition="288" splitpriority="2" />
    <Paragraph id="1070599" documentposition="289" splitpriority="none" />
    <Paragraph id="1083314" documentposition="290" splitpriority="none" />
    <Paragraph id="1070963" documentposition="291" splitpriority="none" />
    <Paragraph id="1070964" documentposition="292" splitpriority="none" />
    <Paragraph id="1070600" documentposition="293" splitpriority="none" />
    <Paragraph id="1070601" documentposition="294" splitpriority="none" />
    <Paragraph id="1070602" documentposition="295" splitpriority="none" />
  </Split>
  <Split id="1086036" documentposition="296">
    <Paragraph id="1086036" documentposition="296" splitpriority="2" />
    <Paragraph id="1086042" documentposition="297" splitpriority="none" />
    <Paragraph id="1078520" documentposition="298" splitpriority="none" />
  </Split>
</Behaviors>