<?xml version="1.0" encoding="utf-8"?>
<Index version="1.0" xmlns="urn:WebWorks-Index-Schema">
  <Entry name="objects in NBIA, hierarchy of" sort="objects in NBIA, hierarchy of" sectionposition="2">
    <Content xmlns="urn:WebWorks-Document-Schema">
      <TextRun>
        <Text value="objects in NBIA, hierarchy of" />
      </TextRun>
    </Content>
    <Link href="C:\Documents and Settings\hadfielj\My Documents\ePublisher Pro Projects\NBIA Online Help\Output\WebWorks Help 5.0\NBIA Online Help\Viewing Search Results.4.2.html" anchor="1096155" fileposition="35" first="false" />
  </Entry>
  <Entry name="hierarchy of objects, NBIA" sort="hierarchy of objects, NBIA" sectionposition="2">
    <Content xmlns="urn:WebWorks-Document-Schema">
      <TextRun>
        <Text value="hierarchy of objects, NBIA" />
      </TextRun>
    </Content>
    <Link href="C:\Documents and Settings\hadfielj\My Documents\ePublisher Pro Projects\NBIA Online Help\Output\WebWorks Help 5.0\NBIA Online Help\Viewing Search Results.4.2.html" anchor="1096155" fileposition="35" first="false" />
  </Entry>
  <Entry name="search results" sort="search results" sectionposition="2">
    <Content xmlns="urn:WebWorks-Document-Schema">
      <TextRun>
        <Text value="search results" />
      </TextRun>
    </Content>
    <Entry name="By Subject" sort="By Subject">
      <Content xmlns="urn:WebWorks-Document-Schema">
        <TextRun>
          <Text value="By Subject" />
        </TextRun>
      </Content>
      <Link href="C:\Documents and Settings\hadfielj\My Documents\ePublisher Pro Projects\NBIA Online Help\Output\WebWorks Help 5.0\NBIA Online Help\Viewing Search Results.4.3.html" anchor="1069030" fileposition="36" first="false" />
    </Entry>
  </Entry>
  <Entry name="results" sort="results" sectionposition="2">
    <Content xmlns="urn:WebWorks-Document-Schema">
      <TextRun>
        <Text value="results" />
      </TextRun>
    </Content>
    <Entry name="by subject" sort="by subject">
      <Content xmlns="urn:WebWorks-Document-Schema">
        <TextRun>
          <Text value="by subject" />
        </TextRun>
      </Content>
      <Link href="C:\Documents and Settings\hadfielj\My Documents\ePublisher Pro Projects\NBIA Online Help\Output\WebWorks Help 5.0\NBIA Online Help\Viewing Search Results.4.3.html" anchor="1069030" fileposition="36" first="false" />
    </Entry>
  </Entry>
  <Entry name="studies, number of" sort="studies, number of" sectionposition="2">
    <Content xmlns="urn:WebWorks-Document-Schema">
      <TextRun>
        <Text value="studies, number of" />
      </TextRun>
    </Content>
    <Link href="C:\Documents and Settings\hadfielj\My Documents\ePublisher Pro Projects\NBIA Online Help\Output\WebWorks Help 5.0\NBIA Online Help\Viewing Search Results.4.3.html" anchor="1069049" fileposition="36" first="false" />
  </Entry>
  <Entry name="series, number of" sort="series, number of" sectionposition="2">
    <Content xmlns="urn:WebWorks-Document-Schema">
      <TextRun>
        <Text value="series, number of" />
      </TextRun>
    </Content>
    <Link href="C:\Documents and Settings\hadfielj\My Documents\ePublisher Pro Projects\NBIA Online Help\Output\WebWorks Help 5.0\NBIA Online Help\Viewing Search Results.4.3.html" anchor="1069053" fileposition="36" first="false" />
  </Entry>
  <Entry name="search results" sort="search results" sectionposition="2">
    <Content xmlns="urn:WebWorks-Document-Schema">
      <TextRun>
        <Text value="search results" />
      </TextRun>
    </Content>
    <Entry name="Studies for Subject" sort="Studies for Subject">
      <Content xmlns="urn:WebWorks-Document-Schema">
        <TextRun>
          <Text value="Studies for Subject" />
        </TextRun>
      </Content>
      <Link href="C:\Documents and Settings\hadfielj\My Documents\ePublisher Pro Projects\NBIA Online Help\Output\WebWorks Help 5.0\NBIA Online Help\Viewing Search Results.4.4.html" anchor="1069368" fileposition="37" first="false" />
    </Entry>
  </Entry>
  <Entry name="Studies for Subject search results" sort="Studies for Subject search results" sectionposition="2">
    <Content xmlns="urn:WebWorks-Document-Schema">
      <TextRun>
        <Text value="Studies for Subject search results" />
      </TextRun>
    </Content>
    <Link href="C:\Documents and Settings\hadfielj\My Documents\ePublisher Pro Projects\NBIA Online Help\Output\WebWorks Help 5.0\NBIA Online Help\Viewing Search Results.4.4.html" anchor="1069368" fileposition="37" first="false" />
  </Entry>
  <Entry name="results" sort="results" sectionposition="2">
    <Content xmlns="urn:WebWorks-Document-Schema">
      <TextRun>
        <Text value="results" />
      </TextRun>
    </Content>
    <Entry name="Studies for Subject" sort="Studies for Subject">
      <Content xmlns="urn:WebWorks-Document-Schema">
        <TextRun>
          <Text value="Studies for Subject" />
        </TextRun>
      </Content>
      <Link href="C:\Documents and Settings\hadfielj\My Documents\ePublisher Pro Projects\NBIA Online Help\Output\WebWorks Help 5.0\NBIA Online Help\Viewing Search Results.4.4.html" anchor="1069368" fileposition="37" first="false" />
    </Entry>
  </Entry>
  <Entry name="annotations" sort="annotations" sectionposition="2">
    <Content xmlns="urn:WebWorks-Document-Schema">
      <TextRun>
        <Text value="annotations" />
      </TextRun>
    </Content>
    <Entry name="file(s) associated with image" sort="file(s) associated with image">
      <Content xmlns="urn:WebWorks-Document-Schema">
        <TextRun>
          <Text value="file(s) associated with image" />
        </TextRun>
      </Content>
      <Link href="C:\Documents and Settings\hadfielj\My Documents\ePublisher Pro Projects\NBIA Online Help\Output\WebWorks Help 5.0\NBIA Online Help\Viewing Search Results.4.4.html" anchor="1070005" fileposition="37" first="false" />
    </Entry>
  </Entry>
  <Entry name="Cedara I-Response Workstation (IRW)" sort="Cedara I-Response Workstation (IRW)" sectionposition="2">
    <Content xmlns="urn:WebWorks-Document-Schema">
      <TextRun>
        <Text value="Cedara I-Response Workstation (IRW)" />
      </TextRun>
    </Content>
    <Entry name="visualizing images in Data Basket" sort="visualizing images in Data Basket">
      <Content xmlns="urn:WebWorks-Document-Schema">
        <TextRun>
          <Text value="visualizing images in Data Basket" />
        </TextRun>
      </Content>
      <Link href="C:\Documents and Settings\hadfielj\My Documents\ePublisher Pro Projects\NBIA Online Help\Output\WebWorks Help 5.0\NBIA Online Help\Viewing Search Results.4.4.html" anchor="1146622" fileposition="37" first="false" />
    </Entry>
  </Entry>
  <Entry name="Visualize Images button" sort="Visualize Images button" sectionposition="2">
    <Content xmlns="urn:WebWorks-Document-Schema">
      <TextRun>
        <Text value="Visualize Images button" />
      </TextRun>
    </Content>
    <Link href="C:\Documents and Settings\hadfielj\My Documents\ePublisher Pro Projects\NBIA Online Help\Output\WebWorks Help 5.0\NBIA Online Help\Viewing Search Results.4.4.html" anchor="1198290" fileposition="37" first="false" />
  </Entry>
  <Entry name="visualizing images, (Studies for Subject)" sort="visualizing images, (Studies for Subject)" sectionposition="2">
    <Content xmlns="urn:WebWorks-Document-Schema">
      <TextRun>
        <Text value="visualizing images, (Studies for Subject)" />
      </TextRun>
    </Content>
    <Link href="C:\Documents and Settings\hadfielj\My Documents\ePublisher Pro Projects\NBIA Online Help\Output\WebWorks Help 5.0\NBIA Online Help\Viewing Search Results.4.4.html" anchor="1198290" fileposition="37" first="false" />
  </Entry>
  <Entry name="search results" sort="search results" sectionposition="2">
    <Content xmlns="urn:WebWorks-Document-Schema">
      <TextRun>
        <Text value="search results" />
      </TextRun>
    </Content>
    <Entry name="Studies for Subject" sort="Studies for Subject">
      <Content xmlns="urn:WebWorks-Document-Schema">
        <TextRun>
          <Text value="Studies for Subject" />
        </TextRun>
      </Content>
      <Link href="C:\Documents and Settings\hadfielj\My Documents\ePublisher Pro Projects\NBIA Online Help\Output\WebWorks Help 5.0\NBIA Online Help\Viewing Search Results.4.4.html" anchor="1198290" fileposition="37" first="false" />
    </Entry>
  </Entry>
  <Entry name="Studies for Subject search results" sort="Studies for Subject search results" sectionposition="2">
    <Content xmlns="urn:WebWorks-Document-Schema">
      <TextRun>
        <Text value="Studies for Subject search results" />
      </TextRun>
    </Content>
    <Link href="C:\Documents and Settings\hadfielj\My Documents\ePublisher Pro Projects\NBIA Online Help\Output\WebWorks Help 5.0\NBIA Online Help\Viewing Search Results.4.4.html" anchor="1198290" fileposition="37" first="false" />
  </Entry>
  <Entry name="results" sort="results" sectionposition="2">
    <Content xmlns="urn:WebWorks-Document-Schema">
      <TextRun>
        <Text value="results" />
      </TextRun>
    </Content>
    <Entry name="Studies for Subject" sort="Studies for Subject">
      <Content xmlns="urn:WebWorks-Document-Schema">
        <TextRun>
          <Text value="Studies for Subject" />
        </TextRun>
      </Content>
      <Link href="C:\Documents and Settings\hadfielj\My Documents\ePublisher Pro Projects\NBIA Online Help\Output\WebWorks Help 5.0\NBIA Online Help\Viewing Search Results.4.4.html" anchor="1198290" fileposition="37" first="false" />
    </Entry>
  </Entry>
  <Entry name="search results" sort="search results" sectionposition="2">
    <Content xmlns="urn:WebWorks-Document-Schema">
      <TextRun>
        <Text value="search results" />
      </TextRun>
    </Content>
    <Entry name="Images for Series" sort="Images for Series">
      <Content xmlns="urn:WebWorks-Document-Schema">
        <TextRun>
          <Text value="Images for Series" />
        </TextRun>
      </Content>
      <Link href="C:\Documents and Settings\hadfielj\My Documents\ePublisher Pro Projects\NBIA Online Help\Output\WebWorks Help 5.0\NBIA Online Help\Viewing Search Results.4.5.html" anchor="1173049" fileposition="38" first="false" />
    </Entry>
  </Entry>
  <Entry name="images" sort="images" sectionposition="2">
    <Content xmlns="urn:WebWorks-Document-Schema">
      <TextRun>
        <Text value="images" />
      </TextRun>
    </Content>
    <Entry name="for Series, search results" sort="for Series, search results">
      <Content xmlns="urn:WebWorks-Document-Schema">
        <TextRun>
          <Text value="for Series, search results" />
        </TextRun>
      </Content>
      <Link href="C:\Documents and Settings\hadfielj\My Documents\ePublisher Pro Projects\NBIA Online Help\Output\WebWorks Help 5.0\NBIA Online Help\Viewing Search Results.4.5.html" anchor="1173049" fileposition="38" first="false" />
    </Entry>
  </Entry>
  <Entry name="results" sort="results" sectionposition="2">
    <Content xmlns="urn:WebWorks-Document-Schema">
      <TextRun>
        <Text value="results" />
      </TextRun>
    </Content>
    <Entry name="Images for Series" sort="Images for Series">
      <Content xmlns="urn:WebWorks-Document-Schema">
        <TextRun>
          <Text value="Images for Series" />
        </TextRun>
      </Content>
      <Link href="C:\Documents and Settings\hadfielj\My Documents\ePublisher Pro Projects\NBIA Online Help\Output\WebWorks Help 5.0\NBIA Online Help\Viewing Search Results.4.5.html" anchor="1173049" fileposition="38" first="false" />
    </Entry>
  </Entry>
  <Entry name="image" sort="image" sectionposition="2">
    <Content xmlns="urn:WebWorks-Document-Schema">
      <TextRun>
        <Text value="image" />
      </TextRun>
    </Content>
    <Entry name="thumbnails" sort="thumbnails">
      <Content xmlns="urn:WebWorks-Document-Schema">
        <TextRun>
          <Text value="thumbnails" />
        </TextRun>
      </Content>
      <Link href="C:\Documents and Settings\hadfielj\My Documents\ePublisher Pro Projects\NBIA Online Help\Output\WebWorks Help 5.0\NBIA Online Help\Viewing Search Results.4.5.html" anchor="1169002" fileposition="38" first="false" />
    </Entry>
  </Entry>
  <Entry name="animating images" sort="animating images" sectionposition="2">
    <Content xmlns="urn:WebWorks-Document-Schema">
      <TextRun>
        <Text value="animating images" />
      </TextRun>
    </Content>
    <Link href="C:\Documents and Settings\hadfielj\My Documents\ePublisher Pro Projects\NBIA Online Help\Output\WebWorks Help 5.0\NBIA Online Help\Viewing Search Results.4.6.html" anchor="1169061" fileposition="39" first="false" />
  </Entry>
  <Entry name="images" sort="images" sectionposition="2">
    <Content xmlns="urn:WebWorks-Document-Schema">
      <TextRun>
        <Text value="images" />
      </TextRun>
    </Content>
    <Entry name="animation" sort="animation">
      <Content xmlns="urn:WebWorks-Document-Schema">
        <TextRun>
          <Text value="animation" />
        </TextRun>
      </Content>
      <Link href="C:\Documents and Settings\hadfielj\My Documents\ePublisher Pro Projects\NBIA Online Help\Output\WebWorks Help 5.0\NBIA Online Help\Viewing Search Results.4.6.html" anchor="1169061" fileposition="39" first="false" />
    </Entry>
  </Entry>
  <Entry name="image" sort="image" sectionposition="2">
    <Content xmlns="urn:WebWorks-Document-Schema">
      <TextRun>
        <Text value="image" />
      </TextRun>
    </Content>
    <Entry name="movie" sort="movie">
      <Content xmlns="urn:WebWorks-Document-Schema">
        <TextRun>
          <Text value="movie" />
        </TextRun>
      </Content>
      <Link href="C:\Documents and Settings\hadfielj\My Documents\ePublisher Pro Projects\NBIA Online Help\Output\WebWorks Help 5.0\NBIA Online Help\Viewing Search Results.4.6.html" anchor="1169061" fileposition="39" first="false" />
    </Entry>
  </Entry>
  <Entry name="movie of sequential images" sort="movie of sequential images" sectionposition="2">
    <Content xmlns="urn:WebWorks-Document-Schema">
      <TextRun>
        <Text value="movie of sequential images" />
      </TextRun>
    </Content>
    <Link href="C:\Documents and Settings\hadfielj\My Documents\ePublisher Pro Projects\NBIA Online Help\Output\WebWorks Help 5.0\NBIA Online Help\Viewing Search Results.4.6.html" anchor="1169061" fileposition="39" first="false" />
  </Entry>
  <Entry name="Data Basket" sort="Data Basket" sectionposition="2">
    <Content xmlns="urn:WebWorks-Document-Schema">
      <TextRun>
        <Text value="Data Basket" />
      </TextRun>
    </Content>
    <Entry name="adding items" sort="adding items">
      <Content xmlns="urn:WebWorks-Document-Schema">
        <TextRun>
          <Text value="adding items" />
        </TextRun>
      </Content>
      <Link href="C:\Documents and Settings\hadfielj\My Documents\ePublisher Pro Projects\NBIA Online Help\Output\WebWorks Help 5.0\NBIA Online Help\Viewing Search Results.4.7.html" anchor="1169851" fileposition="40" first="true" />
    </Entry>
  </Entry>
  <Entry name="adding to Data Basket" sort="adding to Data Basket" sectionposition="2">
    <Content xmlns="urn:WebWorks-Document-Schema">
      <TextRun>
        <Text value="adding to Data Basket" />
      </TextRun>
    </Content>
    <Link href="C:\Documents and Settings\hadfielj\My Documents\ePublisher Pro Projects\NBIA Online Help\Output\WebWorks Help 5.0\NBIA Online Help\Viewing Search Results.4.7.html" anchor="1169851" fileposition="40" first="true" />
  </Entry>
  <Entry name="managing Data Basket" sort="managing Data Basket" sectionposition="2">
    <Content xmlns="urn:WebWorks-Document-Schema">
      <TextRun>
        <Text value="managing Data Basket" />
      </TextRun>
    </Content>
    <Link href="C:\Documents and Settings\hadfielj\My Documents\ePublisher Pro Projects\NBIA Online Help\Output\WebWorks Help 5.0\NBIA Online Help\Viewing Search Results.4.9.html" anchor="1070298" fileposition="42" first="false" />
  </Entry>
  <Entry name="Data Basket" sort="Data Basket" sectionposition="2">
    <Content xmlns="urn:WebWorks-Document-Schema">
      <TextRun>
        <Text value="Data Basket" />
      </TextRun>
    </Content>
    <Entry name="managing" sort="managing">
      <Content xmlns="urn:WebWorks-Document-Schema">
        <TextRun>
          <Text value="managing" />
        </TextRun>
      </Content>
      <Link href="C:\Documents and Settings\hadfielj\My Documents\ePublisher Pro Projects\NBIA Online Help\Output\WebWorks Help 5.0\NBIA Online Help\Viewing Search Results.4.9.html" anchor="1070298" fileposition="42" first="false" />
    </Entry>
  </Entry>
  <Entry name="images" sort="images" sectionposition="2">
    <Content xmlns="urn:WebWorks-Document-Schema">
      <TextRun>
        <Text value="images" />
      </TextRun>
    </Content>
    <Entry name="interpreting corresponding numbers" sort="interpreting corresponding numbers">
      <Content xmlns="urn:WebWorks-Document-Schema">
        <TextRun>
          <Text value="interpreting corresponding numbers" />
        </TextRun>
      </Content>
      <Link href="C:\Documents and Settings\hadfielj\My Documents\ePublisher Pro Projects\NBIA Online Help\Output\WebWorks Help 5.0\NBIA Online Help\Viewing Search Results.4.9.html" anchor="1070323" fileposition="42" first="false" />
    </Entry>
  </Entry>
  <Entry name="Data Basket" sort="Data Basket" sectionposition="2">
    <Content xmlns="urn:WebWorks-Document-Schema">
      <TextRun>
        <Text value="Data Basket" />
      </TextRun>
    </Content>
    <Entry name="estimated download time" sort="estimated download time">
      <Content xmlns="urn:WebWorks-Document-Schema">
        <TextRun>
          <Text value="estimated download time" />
        </TextRun>
      </Content>
      <Link href="C:\Documents and Settings\hadfielj\My Documents\ePublisher Pro Projects\NBIA Online Help\Output\WebWorks Help 5.0\NBIA Online Help\Viewing Search Results.4.9.html" anchor="1070233" fileposition="42" first="false" />
    </Entry>
  </Entry>
  <Entry name="deleting" sort="deleting" sectionposition="2">
    <Content xmlns="urn:WebWorks-Document-Schema">
      <TextRun>
        <Text value="deleting" />
      </TextRun>
    </Content>
    <Entry name="items from basket" sort="items from basket">
      <Content xmlns="urn:WebWorks-Document-Schema">
        <TextRun>
          <Text value="items from basket" />
        </TextRun>
      </Content>
      <Link href="C:\Documents and Settings\hadfielj\My Documents\ePublisher Pro Projects\NBIA Online Help\Output\WebWorks Help 5.0\NBIA Online Help\Viewing Search Results.4.9.html" anchor="1070234" fileposition="42" first="false" />
    </Entry>
  </Entry>
  <Entry name="Data Basket" sort="Data Basket" sectionposition="2">
    <Content xmlns="urn:WebWorks-Document-Schema">
      <TextRun>
        <Text value="Data Basket" />
      </TextRun>
    </Content>
    <Entry name="deleting items" sort="deleting items">
      <Content xmlns="urn:WebWorks-Document-Schema">
        <TextRun>
          <Text value="deleting items" />
        </TextRun>
      </Content>
      <Link href="C:\Documents and Settings\hadfielj\My Documents\ePublisher Pro Projects\NBIA Online Help\Output\WebWorks Help 5.0\NBIA Online Help\Viewing Search Results.4.9.html" anchor="1070234" fileposition="42" first="false" />
    </Entry>
  </Entry>
  <Entry name="Data Basket" sort="Data Basket" sectionposition="2">
    <Content xmlns="urn:WebWorks-Document-Schema">
      <TextRun>
        <Text value="Data Basket" />
      </TextRun>
    </Content>
    <Entry name="downloading" sort="downloading">
      <Content xmlns="urn:WebWorks-Document-Schema">
        <TextRun>
          <Text value="downloading" />
        </TextRun>
      </Content>
      <Link href="C:\Documents and Settings\hadfielj\My Documents\ePublisher Pro Projects\NBIA Online Help\Output\WebWorks Help 5.0\NBIA Online Help\Viewing Search Results.4.10.html" anchor="1090496" fileposition="43" first="true" />
    </Entry>
  </Entry>
  <Entry name="downloading Data Basket" sort="downloading Data Basket" sectionposition="2">
    <Content xmlns="urn:WebWorks-Document-Schema">
      <TextRun>
        <Text value="downloading Data Basket" />
      </TextRun>
    </Content>
    <Link href="C:\Documents and Settings\hadfielj\My Documents\ePublisher Pro Projects\NBIA Online Help\Output\WebWorks Help 5.0\NBIA Online Help\Viewing Search Results.4.10.html" anchor="1090496" fileposition="43" first="true" />
  </Entry>
  <Entry name="HTTP download threshold" sort="HTTP download threshold" sectionposition="2">
    <Content xmlns="urn:WebWorks-Document-Schema">
      <TextRun>
        <Text value="HTTP download threshold" />
      </TextRun>
    </Content>
    <Link href="C:\Documents and Settings\hadfielj\My Documents\ePublisher Pro Projects\NBIA Online Help\Output\WebWorks Help 5.0\NBIA Online Help\Viewing Search Results.4.11.html" anchor="1070517" fileposition="44" first="false" />
  </Entry>
  <Entry name="downloading" sort="downloading" sectionposition="2">
    <Content xmlns="urn:WebWorks-Document-Schema">
      <TextRun>
        <Text value="downloading" />
      </TextRun>
    </Content>
    <Entry name="files using Download Manager" sort="files using Download Manager">
      <Content xmlns="urn:WebWorks-Document-Schema">
        <TextRun>
          <Text value="files using Download Manager" />
        </TextRun>
      </Content>
      <Link href="C:\Documents and Settings\hadfielj\My Documents\ePublisher Pro Projects\NBIA Online Help\Output\WebWorks Help 5.0\NBIA Online Help\Viewing Search Results.4.12.html" anchor="1204364" fileposition="45" first="false" />
    </Entry>
  </Entry>
  <Entry name="Download Manager" sort="Download Manager" sectionposition="2">
    <Content xmlns="urn:WebWorks-Document-Schema">
      <TextRun>
        <Text value="Download Manager" />
      </TextRun>
    </Content>
    <Link href="C:\Documents and Settings\hadfielj\My Documents\ePublisher Pro Projects\NBIA Online Help\Output\WebWorks Help 5.0\NBIA Online Help\Viewing Search Results.4.12.html" anchor="1204364" fileposition="45" first="false" />
  </Entry>
  <Entry name="DICOM" sort="DICOM" sectionposition="2">
    <Content xmlns="urn:WebWorks-Document-Schema">
      <TextRun>
        <Text value="DICOM" />
      </TextRun>
    </Content>
    <Entry name="introduction" sort="introduction">
      <Content xmlns="urn:WebWorks-Document-Schema">
        <TextRun>
          <Text value="introduction" />
        </TextRun>
      </Content>
      <Link href="C:\Documents and Settings\hadfielj\My Documents\ePublisher Pro Projects\NBIA Online Help\Output\WebWorks Help 5.0\NBIA Online Help\Viewing Search Results.4.13.html" anchor="1070599" fileposition="46" first="false" />
    </Entry>
  </Entry>
  <Entry name="digital image" sort="digital image" sectionposition="2">
    <Content xmlns="urn:WebWorks-Document-Schema">
      <TextRun>
        <Text value="digital image" />
      </TextRun>
    </Content>
    <Entry name="DICOM" sort="DICOM">
      <Content xmlns="urn:WebWorks-Document-Schema">
        <TextRun>
          <Text value="DICOM" />
        </TextRun>
      </Content>
      <Link href="C:\Documents and Settings\hadfielj\My Documents\ePublisher Pro Projects\NBIA Online Help\Output\WebWorks Help 5.0\NBIA Online Help\Viewing Search Results.4.13.html" anchor="1070599" fileposition="46" first="false" />
    </Entry>
  </Entry>
  <Entry name="DICOM" sort="DICOM" sectionposition="2">
    <Content xmlns="urn:WebWorks-Document-Schema">
      <TextRun>
        <Text value="DICOM" />
      </TextRun>
    </Content>
    <Entry name="image viewers" sort="image viewers">
      <Content xmlns="urn:WebWorks-Document-Schema">
        <TextRun>
          <Text value="image viewers" />
        </TextRun>
      </Content>
      <Link href="C:\Documents and Settings\hadfielj\My Documents\ePublisher Pro Projects\NBIA Online Help\Output\WebWorks Help 5.0\NBIA Online Help\Viewing Search Results.4.13.html" anchor="1083314" fileposition="46" first="false" />
    </Entry>
  </Entry>
  <Entry name="DICOM" sort="DICOM" sectionposition="2">
    <Content xmlns="urn:WebWorks-Document-Schema">
      <TextRun>
        <Text value="DICOM" />
      </TextRun>
    </Content>
    <Entry name="ImageJ viewer" sort="ImageJ viewer">
      <Content xmlns="urn:WebWorks-Document-Schema">
        <TextRun>
          <Text value="ImageJ viewer" />
        </TextRun>
      </Content>
      <Link href="C:\Documents and Settings\hadfielj\My Documents\ePublisher Pro Projects\NBIA Online Help\Output\WebWorks Help 5.0\NBIA Online Help\Viewing Search Results.4.13.html" anchor="1070600" fileposition="46" first="false" />
    </Entry>
  </Entry>
  <Entry name="OSIRIX DICOM viewer" sort="OSIRIX DICOM viewer" sectionposition="2">
    <Content xmlns="urn:WebWorks-Document-Schema">
      <TextRun>
        <Text value="OSIRIX DICOM viewer" />
      </TextRun>
    </Content>
    <Link href="C:\Documents and Settings\hadfielj\My Documents\ePublisher Pro Projects\NBIA Online Help\Output\WebWorks Help 5.0\NBIA Online Help\Viewing Search Results.4.13.html" anchor="1070601" fileposition="46" first="false" />
  </Entry>
  <Entry name="DICOM" sort="DICOM" sectionposition="2">
    <Content xmlns="urn:WebWorks-Document-Schema">
      <TextRun>
        <Text value="DICOM" />
      </TextRun>
    </Content>
    <Entry name="OSIRIX viewer" sort="OSIRIX viewer">
      <Content xmlns="urn:WebWorks-Document-Schema">
        <TextRun>
          <Text value="OSIRIX viewer" />
        </TextRun>
      </Content>
      <Link href="C:\Documents and Settings\hadfielj\My Documents\ePublisher Pro Projects\NBIA Online Help\Output\WebWorks Help 5.0\NBIA Online Help\Viewing Search Results.4.13.html" anchor="1070601" fileposition="46" first="false" />
    </Entry>
  </Entry>
</Index>