<?xml version="1.0" encoding="utf-8"?>
<Report version="1.0" xmlns="urn:WebWorks-Reports-Schema">
  <Entry context="links" type="external-url" severity="message">
    <Description>External URL link 'http://medical.nema.org/'.</Description>
    <Navigation context="source">
      <Link protocol="adapter">
        <Data key="Path" value="C:\Documents and Settings\hadfielj\My Documents\CBIIT Projects\NBIA\NBIA 4.4 user guide and online help\Getting Started.fm" />
        <Data key="DocumentID" value="44322942C368F94" />
        <Data key="ID" value="1084099" />
      </Link>
    </Navigation>
    <Navigation context="output">
      <wwreport:Link protocol="uri" xmlns:wwreport="urn:WebWorks-Reports-Schema">
        <wwreport:Data key="URI" value="file:///C:/Documents%20and%20Settings/hadfielj/My%20Documents/ePublisher%20Pro%20Projects/NBIA%20Online%20Help/Output/WebWorks%20Help%205.0/NBIA%20Online%20Help/Getting%20Started.3.2.html#1084099" />
      </wwreport:Link>
    </Navigation>
    <Navigation context="output">
      <Link protocol="uri">
        <Data key="URI" value="http://medical.nema.org/" />
      </Link>
    </Navigation>
    <Navigation context="details">
      <Link protocol="wwh5api">
        <Data key="BaseURI" value="file:///C:/Program%20Files/WebWorks/ePublisher%20Pro/Help/en" />
        <Data key="Context" value="reports" />
        <Data key="Topic" value="external_URLs" />
      </Link>
    </Navigation>
  </Entry>
  <Entry context="links" type="external-url" severity="message">
    <Description>External URL link 'https://imaging.nci.nih.gov.'.</Description>
    <Navigation context="source">
      <Link protocol="adapter">
        <Data key="Path" value="C:\Documents and Settings\hadfielj\My Documents\CBIIT Projects\NBIA\NBIA 4.4 user guide and online help\Getting Started.fm" />
        <Data key="DocumentID" value="44322942C368F94" />
        <Data key="ID" value="1084980" />
      </Link>
    </Navigation>
    <Navigation context="output">
      <wwreport:Link protocol="uri" xmlns:wwreport="urn:WebWorks-Reports-Schema">
        <wwreport:Data key="URI" value="file:///C:/Documents%20and%20Settings/hadfielj/My%20Documents/ePublisher%20Pro%20Projects/NBIA%20Online%20Help/Output/WebWorks%20Help%205.0/NBIA%20Online%20Help/Getting%20Started.3.2.html#1084980" />
      </wwreport:Link>
    </Navigation>
    <Navigation context="output">
      <Link protocol="uri">
        <Data key="URI" value="https://imaging.nci.nih.gov." />
      </Link>
    </Navigation>
    <Navigation context="details">
      <Link protocol="wwh5api">
        <Data key="BaseURI" value="file:///C:/Program%20Files/WebWorks/ePublisher%20Pro/Help/en" />
        <Data key="Context" value="reports" />
        <Data key="Topic" value="external_URLs" />
      </Link>
    </Navigation>
  </Entry>
  <Entry context="links" type="external-url" severity="message">
    <Description>External URL link 'https://imaging.nci.nih.gov'.</Description>
    <Navigation context="source">
      <Link protocol="adapter">
        <Data key="Path" value="C:\Documents and Settings\hadfielj\My Documents\CBIIT Projects\NBIA\NBIA 4.4 user guide and online help\Getting Started.fm" />
        <Data key="DocumentID" value="44322942C368F94" />
        <Data key="ID" value="1084683" />
      </Link>
    </Navigation>
    <Navigation context="output">
      <wwreport:Link protocol="uri" xmlns:wwreport="urn:WebWorks-Reports-Schema">
        <wwreport:Data key="URI" value="file:///C:/Documents%20and%20Settings/hadfielj/My%20Documents/ePublisher%20Pro%20Projects/NBIA%20Online%20Help/Output/WebWorks%20Help%205.0/NBIA%20Online%20Help/Getting%20Started.3.5.html#1084683" />
      </wwreport:Link>
    </Navigation>
    <Navigation context="output">
      <Link protocol="uri">
        <Data key="URI" value="https://imaging.nci.nih.gov" />
      </Link>
    </Navigation>
    <Navigation context="details">
      <Link protocol="wwh5api">
        <Data key="BaseURI" value="file:///C:/Program%20Files/WebWorks/ePublisher%20Pro/Help/en" />
        <Data key="Context" value="reports" />
        <Data key="Topic" value="external_URLs" />
      </Link>
    </Navigation>
  </Entry>
  <Entry context="links" type="external-url" severity="message">
    <Description>External URL link 'ncicb@pop.nci.nih.gov'.</Description>
    <Navigation context="source">
      <Link protocol="adapter">
        <Data key="Path" value="C:\Documents and Settings\hadfielj\My Documents\CBIIT Projects\NBIA\NBIA 4.4 user guide and online help\Getting Started.fm" />
        <Data key="DocumentID" value="44322942C368F94" />
        <Data key="ID" value="1087242" />
      </Link>
    </Navigation>
    <Navigation context="output">
      <wwreport:Link protocol="uri" xmlns:wwreport="urn:WebWorks-Reports-Schema">
        <wwreport:Data key="URI" value="file:///C:/Documents%20and%20Settings/hadfielj/My%20Documents/ePublisher%20Pro%20Projects/NBIA%20Online%20Help/Output/WebWorks%20Help%205.0/NBIA%20Online%20Help/Getting%20Started.3.11.html#1087242" />
      </wwreport:Link>
    </Navigation>
    <Navigation context="output">
      <Link protocol="uri">
        <Data key="URI" value="ncicb@pop.nci.nih.gov" />
      </Link>
    </Navigation>
    <Navigation context="details">
      <Link protocol="wwh5api">
        <Data key="BaseURI" value="file:///C:/Program%20Files/WebWorks/ePublisher%20Pro/Help/en" />
        <Data key="Context" value="reports" />
        <Data key="Topic" value="external_URLs" />
      </Link>
    </Navigation>
  </Entry>
  <Entry context="links" type="external-url" severity="message">
    <Description>External URL link 'https://imaging.nci.nih.gov'.</Description>
    <Navigation context="source">
      <Link protocol="adapter">
        <Data key="Path" value="C:\Documents and Settings\hadfielj\My Documents\CBIIT Projects\NBIA\NBIA 4.4 user guide and online help\Getting Started.fm" />
        <Data key="DocumentID" value="44322942C368F94" />
        <Data key="ID" value="1090620" />
      </Link>
    </Navigation>
    <Navigation context="output">
      <wwreport:Link protocol="uri" xmlns:wwreport="urn:WebWorks-Reports-Schema">
        <wwreport:Data key="URI" value="file:///C:/Documents%20and%20Settings/hadfielj/My%20Documents/ePublisher%20Pro%20Projects/NBIA%20Online%20Help/Output/WebWorks%20Help%205.0/NBIA%20Online%20Help/Getting%20Started.3.14.html#1090620" />
      </wwreport:Link>
    </Navigation>
    <Navigation context="output">
      <Link protocol="uri">
        <Data key="URI" value="https://imaging.nci.nih.gov" />
      </Link>
    </Navigation>
    <Navigation context="details">
      <Link protocol="wwh5api">
        <Data key="BaseURI" value="file:///C:/Program%20Files/WebWorks/ePublisher%20Pro/Help/en" />
        <Data key="Context" value="reports" />
        <Data key="Topic" value="external_URLs" />
      </Link>
    </Navigation>
  </Entry>
  <Entry context="links" type="external-url" severity="message">
    <Description>External URL link 'http://ncicb.nci.nih.gov/download/'.</Description>
    <Navigation context="source">
      <Link protocol="adapter">
        <Data key="Path" value="C:\Documents and Settings\hadfielj\My Documents\CBIIT Projects\NBIA\NBIA 4.4 user guide and online help\Getting Started.fm" />
        <Data key="DocumentID" value="44322942C368F94" />
        <Data key="ID" value="1088671" />
      </Link>
    </Navigation>
    <Navigation context="output">
      <wwreport:Link protocol="uri" xmlns:wwreport="urn:WebWorks-Reports-Schema">
        <wwreport:Data key="URI" value="file:///C:/Documents%20and%20Settings/hadfielj/My%20Documents/ePublisher%20Pro%20Projects/NBIA%20Online%20Help/Output/WebWorks%20Help%205.0/NBIA%20Online%20Help/Getting%20Started.3.16.html#1088671" />
      </wwreport:Link>
    </Navigation>
    <Navigation context="output">
      <Link protocol="uri">
        <Data key="URI" value="http://ncicb.nci.nih.gov/download/" />
      </Link>
    </Navigation>
    <Navigation context="details">
      <Link protocol="wwh5api">
        <Data key="BaseURI" value="file:///C:/Program%20Files/WebWorks/ePublisher%20Pro/Help/en" />
        <Data key="Context" value="reports" />
        <Data key="Topic" value="external_URLs" />
      </Link>
    </Navigation>
  </Entry>
</Report>