<?xml version="1.0" encoding="utf-8"?>
<SplitPriorities version="1.0" xmlns="urn:WebWorks-Engine-Splits-Schema">
  <SplitPriority id="1060244" documentposition="3" splitpriority="1" outputposition="1" />
  <SplitPriority id="1185434" documentposition="9" splitpriority="2" outputposition="7" />
  <SplitPriority id="1185456" documentposition="20" splitpriority="3" outputposition="18" />
  <SplitPriority id="1189447" documentposition="61" splitpriority="3" outputposition="58" />
  <SplitPriority id="1187206" documentposition="76" splitpriority="3" outputposition="72" />
  <SplitPriority id="1183853" documentposition="94" splitpriority="2" outputposition="90" />
  <SplitPriority id="1184357" documentposition="101" splitpriority="3" outputposition="97" />
  <SplitPriority id="1196342" documentposition="105" splitpriority="4" outputposition="101" />
  <SplitPriority id="1192202" documentposition="116" splitpriority="4" outputposition="111" />
  <SplitPriority id="1184346" documentposition="127" splitpriority="3" outputposition="122" />
  <SplitPriority id="1186237" documentposition="139" splitpriority="3" outputposition="134" />
  <SplitPriority id="1192950" documentposition="154" splitpriority="3" outputposition="148" />
  <SplitPriority id="1199077" documentposition="179" splitpriority="3" outputposition="172" />
  <SplitPriority id="1197885" documentposition="197" splitpriority="2" outputposition="189" />
</SplitPriorities>