<?xml version="1.0" encoding="utf-8"?>
<Behaviors version="1.0" xmlns="urn:WebWorks-Behaviors-Schema">
  <Split id="1060244" documentposition="3">
    <Paragraph id="1060244" documentposition="3" splitpriority="1" dropdown="continue" popup="none" popup-page-rule="" />
    <Paragraph id="1060245" documentposition="4" splitpriority="none" dropdown="continue" popup="none" popup-page-rule="" />
    <Paragraph id="1061786" documentposition="5" splitpriority="none" dropdown="continue" popup="none" popup-page-rule="" />
    <Paragraph id="1087421" documentposition="6" splitpriority="none" dropdown="continue" popup="none" popup-page-rule="" />
    <Paragraph id="1061820" documentposition="7" splitpriority="none" dropdown="continue" popup="none" popup-page-rule="" />
    <Paragraph id="1064633" documentposition="8" splitpriority="none" dropdown="continue" popup="none" popup-page-rule="" />
    <Paragraph id="1071651" documentposition="9" splitpriority="none" dropdown="continue" popup="none" popup-page-rule="" />
    <Paragraph id="1071655" documentposition="10" splitpriority="none" dropdown="continue" popup="none" popup-page-rule="" />
    <Paragraph id="1071659" documentposition="11" splitpriority="none" dropdown="continue" popup="none" popup-page-rule="" />
    <Paragraph id="1071663" documentposition="12" splitpriority="none" popup="none" popup-page-rule="" dropdown="end" />
  </Split>
  <Split id="1066291" documentposition="13">
    <Paragraph id="1066291" documentposition="13" splitpriority="2" dropdown="continue" popup="none" popup-page-rule="" />
    <Paragraph id="1087111" documentposition="14" splitpriority="none" dropdown="continue" popup="none" popup-page-rule="" />
    <Paragraph id="1090952" documentposition="15" splitpriority="none" dropdown="continue" popup="none" popup-page-rule="" />
    <Paragraph id="1090959" documentposition="16" splitpriority="none" dropdown="continue" popup="none" popup-page-rule="" />
    <Paragraph id="1090970" documentposition="17" splitpriority="none" dropdown="continue" popup="none" popup-page-rule="" />
    <Paragraph id="1090971" documentposition="18" splitpriority="none" dropdown="continue" popup="none" popup-page-rule="" />
    <Paragraph id="1090939" documentposition="19" splitpriority="none" dropdown="continue" popup="none" popup-page-rule="" />
    <Paragraph id="1091001" documentposition="20" splitpriority="none" dropdown="continue" popup="none" popup-page-rule="" />
    <Paragraph id="1095939" documentposition="21" splitpriority="none" dropdown="continue" popup="none" popup-page-rule="" />
    <Table id="1095940" documentposition="22" splitpriority="none">
      <TableCell>
        <Paragraph id="1095943" dropdown="continue" popup="none" popup-page-rule="" />
      </TableCell>
    </Table>
    <Paragraph id="1087564" documentposition="23" splitpriority="none" dropdown="continue" popup="none" popup-page-rule="" />
    <Paragraph id="1086968" documentposition="24" splitpriority="none" dropdown="continue" popup="none" popup-page-rule="" />
    <Paragraph id="1086973" documentposition="25" splitpriority="none" dropdown="continue" popup="none" popup-page-rule="" />
    <Paragraph id="1086978" documentposition="26" splitpriority="none" dropdown="continue" popup="none" popup-page-rule="" />
    <Paragraph id="1066370" documentposition="27" splitpriority="none" dropdown="continue" popup="none" popup-page-rule="" />
    <Paragraph id="1066371" documentposition="28" splitpriority="none" dropdown="continue" popup="none" popup-page-rule="" />
    <Paragraph id="1066372" documentposition="29" splitpriority="none" dropdown="continue" popup="none" popup-page-rule="" />
    <Paragraph id="1096502" documentposition="30" splitpriority="none" dropdown="continue" popup="none" popup-page-rule="" />
    <Paragraph id="1096506" documentposition="31" splitpriority="none" dropdown="continue" popup="none" popup-page-rule="" />
    <Paragraph id="1096507" documentposition="32" splitpriority="none" dropdown="continue" popup="none" popup-page-rule="" />
    <Paragraph id="1066373" documentposition="33" splitpriority="none" dropdown="continue" popup="none" popup-page-rule="" />
    <Paragraph id="1099771" documentposition="34" splitpriority="none" dropdown="continue" popup="none" popup-page-rule="" />
    <Paragraph id="1111575" documentposition="35" splitpriority="none" relatedtopic="define-no-output" dropdown="continue" popup="none" popup-page-rule="" />
    <Paragraph id="1111579" documentposition="36" splitpriority="none" relatedtopic="define-no-output" dropdown="continue" popup="none" popup-page-rule="" />
    <Paragraph id="1111583" documentposition="37" splitpriority="none" relatedtopic="define-no-output" dropdown="continue" popup="none" popup-page-rule="" />
    <Paragraph id="1106436" documentposition="38" splitpriority="none" relatedtopic="define-no-output" dropdown="continue" popup="none" popup-page-rule="" />
    <Paragraph id="1111595" documentposition="39" splitpriority="none" relatedtopic="define-no-output" popup="none" popup-page-rule="" dropdown="end" />
  </Split>
  <Split id="1066741" documentposition="40">
    <Paragraph id="1066741" documentposition="40" splitpriority="3" dropdown="continue" popup="none" popup-page-rule="">
      <Marker behavior="topic" id="1095054">
        <Marker id="1095054" name="TopicAlias" xmlns="urn:WebWorks-Document-Schema">
          <TextRun id="tr1095054-1">
            <Text value="simple_search_help" />
          </TextRun>
        </Marker>
      </Marker>
    </Paragraph>
    <Paragraph id="1066742" documentposition="41" splitpriority="none" dropdown="continue" popup="none" popup-page-rule="" />
    <Paragraph id="1087719" documentposition="42" splitpriority="none" dropdown="continue" popup="none" popup-page-rule="" />
    <Paragraph id="1087738" documentposition="43" splitpriority="none" dropdown="continue" popup="none" popup-page-rule="" />
    <Paragraph id="1087543" documentposition="44" splitpriority="none" dropdown="continue" popup="none" popup-page-rule="" />
    <Paragraph id="1087531" documentposition="45" splitpriority="none" dropdown="continue" popup="none" popup-page-rule="" />
    <Paragraph id="1087551" documentposition="46" splitpriority="none" dropdown="continue" popup="none" popup-page-rule="" />
    <Paragraph id="1087680" documentposition="47" splitpriority="none" dropdown="continue" popup="none" popup-page-rule="" />
    <Paragraph id="1087771" documentposition="48" splitpriority="none" dropdown="continue" popup="none" popup-page-rule="" />
    <Paragraph id="1066743" documentposition="49" splitpriority="none" dropdown="continue" popup="none" popup-page-rule="" />
    <Table id="1066744" documentposition="50" splitpriority="none">
      <TableCell>
        <Paragraph id="1075999" dropdown="continue" popup="none" popup-page-rule="" />
      </TableCell>
      <TableCell>
        <Paragraph id="1076001" dropdown="continue" popup="none" popup-page-rule="" />
      </TableCell>
      <TableCell>
        <Paragraph id="1066750" dropdown="continue" popup="none" popup-page-rule="" />
      </TableCell>
      <TableCell>
        <Paragraph id="1066752" dropdown="continue" popup="none" popup-page-rule="" />
        <Paragraph id="1113607" dropdown="continue" popup="none" popup-page-rule="" />
        <Paragraph id="1113641" dropdown="continue" popup="none" popup-page-rule="" />
        <Paragraph id="1113612" dropdown="continue" popup="none" popup-page-rule="" />
        <Paragraph id="1113619" dropdown="continue" popup="none" popup-page-rule="" />
      </TableCell>
      <TableCell>
        <Paragraph id="1066754" dropdown="continue" popup="none" popup-page-rule="" />
      </TableCell>
      <TableCell>
        <Paragraph id="1066756" dropdown="continue" popup="none" popup-page-rule="" />
        <Paragraph id="1066757" dropdown="continue" popup="none" popup-page-rule="" />
        <Paragraph id="1066758" dropdown="continue" popup="none" popup-page-rule="" />
        <Paragraph id="1066759" dropdown="continue" popup="none" popup-page-rule="" />
      </TableCell>
      <TableCell>
        <Paragraph id="1066761" dropdown="continue" popup="none" popup-page-rule="" />
      </TableCell>
      <TableCell>
        <Paragraph id="1066763" dropdown="continue" popup="none" popup-page-rule="" />
      </TableCell>
      <TableCell>
        <Paragraph id="1066765" dropdown="continue" popup="none" popup-page-rule="" />
        <Paragraph id="1066766" dropdown="continue" popup="none" popup-page-rule="" />
      </TableCell>
      <TableCell>
        <Paragraph id="1067306" dropdown="continue" popup="none" popup-page-rule="">
          <Frame id="1067324">
            <Frame id="1067323" />
          </Frame>
        </Paragraph>
        <Paragraph id="1067311" dropdown="continue" popup="none" popup-page-rule="">
          <Frame id="1067351">
            <Frame id="1067357" />
          </Frame>
        </Paragraph>
        <Paragraph id="1066778" dropdown="continue" popup="none" popup-page-rule="" />
      </TableCell>
      <TableCell>
        <Paragraph id="1066780" dropdown="continue" popup="none" popup-page-rule="" />
      </TableCell>
      <TableCell>
        <Paragraph id="1096517" dropdown="continue" popup="none" popup-page-rule="" />
        <Paragraph id="1096563" dropdown="continue" popup="none" popup-page-rule="" />
        <Paragraph id="1096564" dropdown="continue" popup="none" popup-page-rule="" />
      </TableCell>
      <TableCell>
        <Paragraph id="1066784" dropdown="continue" popup="none" popup-page-rule="" />
      </TableCell>
      <TableCell>
        <Paragraph id="1066786" dropdown="continue" popup="none" popup-page-rule="" />
      </TableCell>
    </Table>
    <Paragraph id="1066789" documentposition="51" splitpriority="none" dropdown="continue" popup="none" popup-page-rule="" />
    <Paragraph id="1085703" documentposition="52" splitpriority="none" dropdown="continue" popup="none" popup-page-rule="" />
    <Paragraph id="1085725" documentposition="53" splitpriority="none" dropdown="continue" popup="none" popup-page-rule="" />
    <Paragraph id="1066292" documentposition="54" splitpriority="none" dropdown="continue" popup="none" popup-page-rule="" />
    <Paragraph id="1111691" documentposition="55" splitpriority="none" relatedtopic="define-no-output" dropdown="continue" popup="none" popup-page-rule="" />
    <Paragraph id="1111695" documentposition="56" splitpriority="none" relatedtopic="define-no-output" dropdown="continue" popup="none" popup-page-rule="" />
    <Paragraph id="1111699" documentposition="57" splitpriority="none" relatedtopic="define-no-output" dropdown="continue" popup="none" popup-page-rule="" />
    <Paragraph id="1111703" documentposition="58" splitpriority="none" relatedtopic="define-no-output" popup="none" popup-page-rule="" dropdown="end" />
  </Split>
  <Split id="1111705" documentposition="59">
    <Paragraph id="1111705" documentposition="59" splitpriority="3" dropdown="continue" popup="none" popup-page-rule="">
      <Marker behavior="topic" id="1111704">
        <Marker id="1111704" name="TopicAlias" xmlns="urn:WebWorks-Document-Schema">
          <TextRun id="tr1111704-1">
            <Text value="criteria_selected_help" />
          </TextRun>
        </Marker>
      </Marker>
    </Paragraph>
    <Paragraph id="1091214" documentposition="60" splitpriority="none" dropdown="continue" popup="none" popup-page-rule="" />
    <Paragraph id="1111710" documentposition="61" splitpriority="none" popup="none" popup-page-rule="" dropdown="end" />
  </Split>
  <Split id="1095060" documentposition="62">
    <Paragraph id="1095060" documentposition="62" splitpriority="3" dropdown="continue" popup="none" popup-page-rule="">
      <Marker behavior="topic" id="1095065">
        <Marker id="1095065" name="TopicAlias" xmlns="urn:WebWorks-Document-Schema">
          <TextRun id="tr1095065-1">
            <Text value="annotation_keyword_search_help" />
          </TextRun>
        </Marker>
      </Marker>
    </Paragraph>
    <Paragraph id="1095061" documentposition="63" splitpriority="none" dropdown="continue" popup="none" popup-page-rule="" />
    <Paragraph id="1111721" documentposition="64" splitpriority="none" dropdown="continue" popup="none" popup-page-rule="" />
    <Paragraph id="1111725" documentposition="65" splitpriority="none" relatedtopic="define-no-output" dropdown="continue" popup="none" popup-page-rule="" />
    <Paragraph id="1111729" documentposition="66" splitpriority="none" relatedtopic="define-no-output" dropdown="continue" popup="none" popup-page-rule="" />
    <Paragraph id="1111733" documentposition="67" splitpriority="none" relatedtopic="define-no-output" dropdown="continue" popup="none" popup-page-rule="" />
    <Paragraph id="1111737" documentposition="68" splitpriority="none" relatedtopic="define-no-output" popup="none" popup-page-rule="" dropdown="end" />
  </Split>
  <Split id="1102496" documentposition="69">
    <Paragraph id="1102496" documentposition="69" splitpriority="3" dropdown="continue" popup="none" popup-page-rule="" />
    <Paragraph id="1086458" documentposition="70" splitpriority="none" dropdown="continue" popup="none" popup-page-rule="" />
    <Paragraph id="1087312" documentposition="71" splitpriority="none" dropdown="continue" popup="none" popup-page-rule="" />
    <Paragraph id="1087858" documentposition="72" splitpriority="none" dropdown="continue" popup="none" popup-page-rule="" />
    <Paragraph id="1087859" documentposition="73" splitpriority="none" dropdown="continue" popup="none" popup-page-rule="" />
    <Paragraph id="1087866" documentposition="74" splitpriority="none" dropdown="continue" popup="none" popup-page-rule="" />
    <Paragraph id="1087970" documentposition="75" splitpriority="none" dropdown="continue" popup="none" popup-page-rule="" />
    <Paragraph id="1096417" documentposition="76" splitpriority="none" dropdown="continue" popup="none" popup-page-rule="" />
    <Paragraph id="1096626" documentposition="77" splitpriority="none" dropdown="continue" popup="none" popup-page-rule="" />
    <Paragraph id="1096694" documentposition="78" splitpriority="none" dropdown="continue" popup="none" popup-page-rule="" />
    <Paragraph id="1096699" documentposition="79" splitpriority="none" dropdown="continue" popup="none" popup-page-rule="" />
    <Paragraph id="1096927" documentposition="80" splitpriority="none" dropdown="continue" popup="none" popup-page-rule="" />
    <Paragraph id="1096928" documentposition="81" splitpriority="none" dropdown="continue" popup="none" popup-page-rule="" />
    <Paragraph id="1096929" documentposition="82" splitpriority="none" dropdown="continue" popup="none" popup-page-rule="" />
    <Paragraph id="1096730" documentposition="83" splitpriority="none" dropdown="continue" popup="none" popup-page-rule="" />
    <Paragraph id="1096721" documentposition="84" splitpriority="none" dropdown="continue" popup="none" popup-page-rule="" />
    <Paragraph id="1091351" documentposition="85" splitpriority="none" dropdown="continue" popup="none" popup-page-rule="" />
    <Paragraph id="1096851" documentposition="86" splitpriority="none" dropdown="continue" popup="none" popup-page-rule="" />
    <Paragraph id="1085942" documentposition="87" splitpriority="none" dropdown="continue" popup="none" popup-page-rule="" />
    <Paragraph id="1096972" documentposition="88" splitpriority="none" dropdown="continue" popup="none" popup-page-rule="" />
    <Paragraph id="1091367" documentposition="89" splitpriority="none" dropdown="continue" popup="none" popup-page-rule="" />
    <Paragraph id="1087017" documentposition="90" splitpriority="none" dropdown="continue" popup="none" popup-page-rule="" />
    <Paragraph id="1111868" documentposition="91" splitpriority="none" relatedtopic="define-no-output" dropdown="continue" popup="none" popup-page-rule="" />
    <Paragraph id="1111872" documentposition="92" splitpriority="none" relatedtopic="define-no-output" dropdown="continue" popup="none" popup-page-rule="" />
    <Paragraph id="1111876" documentposition="93" splitpriority="none" relatedtopic="define-no-output" dropdown="continue" popup="none" popup-page-rule="" />
    <Paragraph id="1111880" documentposition="94" splitpriority="none" relatedtopic="define-no-output" dropdown="continue" popup="none" popup-page-rule="" />
    <Paragraph id="1111884" documentposition="95" splitpriority="none" relatedtopic="define-no-output" popup="none" popup-page-rule="" dropdown="end" />
  </Split>
  <Split id="1066935" documentposition="96">
    <Paragraph id="1066935" documentposition="96" splitpriority="3" dropdown="continue" popup="none" popup-page-rule="">
      <Marker behavior="topic" id="1095066">
        <Marker id="1095066" name="TopicAlias" xmlns="urn:WebWorks-Document-Schema">
          <TextRun id="tr1095066-1">
            <Text value="advanced_search_help" />
          </TextRun>
        </Marker>
      </Marker>
    </Paragraph>
    <Paragraph id="1067129" documentposition="97" splitpriority="none" dropdown="continue" popup="none" popup-page-rule="" />
    <Paragraph id="1088019" documentposition="98" splitpriority="none" dropdown="continue" popup="none" popup-page-rule="" />
    <Paragraph id="1088053" documentposition="99" splitpriority="none" dropdown="continue" popup="none" popup-page-rule="" />
    <Paragraph id="1087587" documentposition="100" splitpriority="none" dropdown="continue" popup="none" popup-page-rule="" />
    <Paragraph id="1087582" documentposition="101" splitpriority="none" dropdown="continue" popup="none" popup-page-rule="" />
    <Paragraph id="1087619" documentposition="102" splitpriority="none" dropdown="continue" popup="none" popup-page-rule="" />
    <Paragraph id="1088794" documentposition="103" splitpriority="none" dropdown="continue" popup="none" popup-page-rule="" />
    <Table id="1066938" documentposition="104" splitpriority="none">
      <TableCell>
        <Paragraph id="1076015" dropdown="continue" popup="none" popup-page-rule="" />
      </TableCell>
      <TableCell>
        <Paragraph id="1076017" dropdown="continue" popup="none" popup-page-rule="" />
      </TableCell>
      <TableCell>
        <Paragraph id="1066944" dropdown="continue" popup="none" popup-page-rule="" />
      </TableCell>
      <TableCell>
        <Paragraph id="1066946" dropdown="continue" popup="none" popup-page-rule="" />
      </TableCell>
      <TableCell>
        <Paragraph id="1066948" dropdown="continue" popup="none" popup-page-rule="" />
      </TableCell>
      <TableCell>
        <Paragraph id="1066950" dropdown="continue" popup="none" popup-page-rule="" />
        <Paragraph id="1066951" dropdown="continue" popup="none" popup-page-rule="" />
        <Paragraph id="1066952" dropdown="continue" popup="none" popup-page-rule="" />
        <Paragraph id="1066953" dropdown="continue" popup="none" popup-page-rule="" />
      </TableCell>
      <TableCell>
        <Paragraph id="1066955" dropdown="continue" popup="none" popup-page-rule="" />
      </TableCell>
      <TableCell>
        <Paragraph id="1066957" dropdown="continue" popup="none" popup-page-rule="" />
      </TableCell>
      <TableCell>
        <Paragraph id="1066959" dropdown="continue" popup="none" popup-page-rule="" />
      </TableCell>
      <TableCell>
        <Paragraph id="1067380" dropdown="continue" popup="none" popup-page-rule="">
          <Frame id="1067382">
            <Frame id="1067383" />
          </Frame>
        </Paragraph>
        <Paragraph id="1067384" dropdown="continue" popup="none" popup-page-rule="">
          <Frame id="1067386">
            <Frame id="1067387" />
          </Frame>
        </Paragraph>
        <Paragraph id="1067388" dropdown="continue" popup="none" popup-page-rule="" />
      </TableCell>
      <TableCell>
        <Paragraph id="1066973" dropdown="continue" popup="none" popup-page-rule="" />
      </TableCell>
      <TableCell>
        <Paragraph id="1066975" dropdown="continue" popup="none" popup-page-rule="" />
      </TableCell>
      <TableCell>
        <Paragraph id="1066977" dropdown="continue" popup="none" popup-page-rule="" />
      </TableCell>
      <TableCell>
        <Paragraph id="1066979" dropdown="continue" popup="none" popup-page-rule="" />
      </TableCell>
      <TableCell>
        <Paragraph id="1066981" dropdown="continue" popup="none" popup-page-rule="" />
      </TableCell>
      <TableCell>
        <Paragraph id="1066983" dropdown="continue" popup="none" popup-page-rule="" />
      </TableCell>
      <TableCell>
        <Paragraph id="1066985" dropdown="continue" popup="none" popup-page-rule="" />
      </TableCell>
      <TableCell>
        <Paragraph id="1066987" dropdown="continue" popup="none" popup-page-rule="" />
      </TableCell>
    </Table>
    <Paragraph id="1084809" documentposition="105" splitpriority="none" dropdown="continue" popup="none" popup-page-rule="" />
    <Table id="1084819" documentposition="107" splitpriority="none">
      <TableCell>
        <Paragraph id="1084821" dropdown="continue" popup="none" popup-page-rule="" />
      </TableCell>
      <TableCell>
        <Paragraph id="1084823" dropdown="continue" popup="none" popup-page-rule="" />
      </TableCell>
      <TableCell>
        <Paragraph id="1084825" dropdown="continue" popup="none" popup-page-rule="" />
        <Paragraph id="1084827" dropdown="continue" popup="none" popup-page-rule="" />
        <Paragraph id="1084829" dropdown="continue" popup="none" popup-page-rule="" />
      </TableCell>
      <TableCell>
        <Paragraph id="1084831" dropdown="continue" popup="none" popup-page-rule="" />
        <Paragraph id="1091658" dropdown="continue" popup="none" popup-page-rule="" />
        <Paragraph id="1084833" dropdown="continue" popup="none" popup-page-rule="" />
      </TableCell>
    </Table>
    <Paragraph id="1085231" documentposition="108" splitpriority="none" dropdown="continue" popup="none" popup-page-rule="" />
    <Paragraph id="1085836" documentposition="109" splitpriority="none" dropdown="continue" popup="none" popup-page-rule="" />
    <Table id="1067820" documentposition="110" splitpriority="none">
      <TableCell>
        <Paragraph id="1076072" dropdown="continue" popup="none" popup-page-rule="" />
      </TableCell>
      <TableCell>
        <Paragraph id="1076074" dropdown="continue" popup="none" popup-page-rule="" />
      </TableCell>
      <TableCell>
        <Paragraph id="1067834" dropdown="continue" popup="none" popup-page-rule="" />
      </TableCell>
      <TableCell>
        <Paragraph id="1067836" dropdown="continue" popup="none" popup-page-rule="" />
      </TableCell>
      <TableCell>
        <Paragraph id="1067838" dropdown="continue" popup="none" popup-page-rule="" />
      </TableCell>
      <TableCell>
        <Paragraph id="1067840" dropdown="continue" popup="none" popup-page-rule="" />
        <Paragraph id="1073963" dropdown="continue" popup="none" popup-page-rule="" />
      </TableCell>
      <TableCell>
        <Paragraph id="1067842" dropdown="continue" popup="none" popup-page-rule="" />
      </TableCell>
      <TableCell>
        <Paragraph id="1067844" dropdown="continue" popup="none" popup-page-rule="" />
        <Paragraph id="1073985" dropdown="continue" popup="none" popup-page-rule="" />
        <Paragraph id="1067845" dropdown="continue" popup="none" popup-page-rule="" />
      </TableCell>
    </Table>
    <Paragraph id="1085838" documentposition="111" splitpriority="none" dropdown="continue" popup="none" popup-page-rule="" />
    <Paragraph id="1085842" documentposition="112" splitpriority="none" dropdown="continue" popup="none" popup-page-rule="" />
    <Paragraph id="1085844" documentposition="113" splitpriority="none" dropdown="continue" popup="none" popup-page-rule="" />
    <Paragraph id="1083598" documentposition="114" splitpriority="none" dropdown="continue" popup="none" popup-page-rule="" />
    <Paragraph id="1112106" documentposition="115" splitpriority="none" relatedtopic="define-no-output" dropdown="continue" popup="none" popup-page-rule="" />
    <Paragraph id="1112110" documentposition="116" splitpriority="none" relatedtopic="define-no-output" dropdown="continue" popup="none" popup-page-rule="" />
    <Paragraph id="1112114" documentposition="117" splitpriority="none" relatedtopic="define-no-output" dropdown="continue" popup="none" popup-page-rule="" />
    <Paragraph id="1112118" documentposition="118" splitpriority="none" relatedtopic="define-no-output" dropdown="continue" popup="none" popup-page-rule="" />
    <Paragraph id="1112122" documentposition="119" splitpriority="none" relatedtopic="define-no-output" popup="none" popup-page-rule="" dropdown="end" />
  </Split>
  <Split id="1067999" documentposition="120">
    <Paragraph id="1067999" documentposition="120" splitpriority="2" dropdown="continue" popup="none" popup-page-rule="" />
    <Paragraph id="1068000" documentposition="121" splitpriority="none" dropdown="continue" popup="none" popup-page-rule="" />
    <Paragraph id="1091772" documentposition="122" splitpriority="none" dropdown="continue" popup="none" popup-page-rule="" />
    <Paragraph id="1091773" documentposition="123" splitpriority="none" dropdown="continue" popup="none" popup-page-rule="" />
    <Paragraph id="1112176" documentposition="124" splitpriority="none" relatedtopic="define-no-output" dropdown="continue" popup="none" popup-page-rule="" />
    <Paragraph id="1112180" documentposition="125" splitpriority="none" relatedtopic="define-no-output" dropdown="continue" popup="none" popup-page-rule="" />
    <Paragraph id="1112184" documentposition="126" splitpriority="none" relatedtopic="define-no-output" dropdown="continue" popup="none" popup-page-rule="" />
    <Paragraph id="1112188" documentposition="127" splitpriority="none" relatedtopic="define-no-output" dropdown="continue" popup="none" popup-page-rule="" />
    <Paragraph id="1112192" documentposition="128" splitpriority="none" relatedtopic="define-no-output" popup="none" popup-page-rule="" dropdown="end" />
  </Split>
  <Split id="1091711" documentposition="129">
    <Paragraph id="1091711" documentposition="129" splitpriority="3" dropdown="continue" popup="none" popup-page-rule="" />
    <Paragraph id="1088868" documentposition="130" splitpriority="none" dropdown="continue" popup="none" popup-page-rule="" />
    <Paragraph id="1072369" documentposition="131" splitpriority="none" dropdown="continue" popup="none" popup-page-rule="" />
    <Paragraph id="1091953" documentposition="132" splitpriority="none" dropdown="continue" popup="none" popup-page-rule="" />
    <Paragraph id="1085249" documentposition="133" splitpriority="none" dropdown="continue" popup="none" popup-page-rule="" />
    <Paragraph id="1112200" documentposition="134" splitpriority="none" relatedtopic="define-no-output" dropdown="continue" popup="none" popup-page-rule="" />
    <Paragraph id="1112204" documentposition="135" splitpriority="none" relatedtopic="define-no-output" dropdown="continue" popup="none" popup-page-rule="" />
    <Paragraph id="1112208" documentposition="136" splitpriority="none" relatedtopic="define-no-output" dropdown="continue" popup="none" popup-page-rule="" />
    <Paragraph id="1112212" documentposition="137" splitpriority="none" relatedtopic="define-no-output" popup="none" popup-page-rule="" dropdown="end" />
  </Split>
  <Split id="1066885" documentposition="138">
    <Paragraph id="1066885" documentposition="138" splitpriority="3" dropdown="continue" popup="none" popup-page-rule="">
      <Marker behavior="topic" id="1095068">
        <Marker id="1095068" name="TopicAlias" xmlns="urn:WebWorks-Document-Schema">
          <TextRun id="tr1095068-1">
            <Text value="saved_queries_help" />
          </TextRun>
        </Marker>
      </Marker>
    </Paragraph>
    <Paragraph id="1112220" documentposition="139" splitpriority="none" dropdown="continue" popup="none" popup-page-rule="" />
    <Paragraph id="1095013" documentposition="140" splitpriority="none" dropdown="continue" popup="none" popup-page-rule="" />
    <Paragraph id="1068348" documentposition="141" splitpriority="none" dropdown="continue" popup="none" popup-page-rule="" />
    <Table id="1068238" documentposition="142" splitpriority="none">
      <TableCell>
        <Paragraph id="1074862" dropdown="continue" popup="none" popup-page-rule="" />
      </TableCell>
      <TableCell>
        <Paragraph id="1074864" dropdown="continue" popup="none" popup-page-rule="" />
      </TableCell>
      <TableCell>
        <Paragraph id="1068244" dropdown="continue" popup="none" popup-page-rule="" />
      </TableCell>
      <TableCell>
        <Paragraph id="1068246" dropdown="continue" popup="none" popup-page-rule="" />
      </TableCell>
      <TableCell>
        <Paragraph id="1068248" dropdown="continue" popup="none" popup-page-rule="" />
      </TableCell>
      <TableCell>
        <Paragraph id="1068250" dropdown="continue" popup="none" popup-page-rule="" />
      </TableCell>
      <TableCell>
        <Paragraph id="1068252" dropdown="continue" popup="none" popup-page-rule="" />
      </TableCell>
      <TableCell>
        <Paragraph id="1068254" dropdown="continue" popup="none" popup-page-rule="" />
      </TableCell>
      <TableCell>
        <Paragraph id="1068256" dropdown="continue" popup="none" popup-page-rule="" />
      </TableCell>
      <TableCell>
        <Paragraph id="1068258" dropdown="continue" popup="none" popup-page-rule="" />
      </TableCell>
      <TableCell>
        <Paragraph id="1068260" dropdown="continue" popup="none" popup-page-rule="" />
      </TableCell>
      <TableCell>
        <Paragraph id="1068262" dropdown="continue" popup="none" popup-page-rule="" />
      </TableCell>
      <TableCell>
        <Paragraph id="1068264" dropdown="continue" popup="none" popup-page-rule="" />
      </TableCell>
      <TableCell>
        <Paragraph id="1068266" dropdown="continue" popup="none" popup-page-rule="" />
      </TableCell>
    </Table>
    <Paragraph id="1089386" documentposition="143" splitpriority="none" dropdown="continue" popup="none" popup-page-rule="" />
    <Paragraph id="1089387" documentposition="144" splitpriority="none" dropdown="continue" popup="none" popup-page-rule="" />
    <Paragraph id="1089288" documentposition="145" splitpriority="none" dropdown="continue" popup="none" popup-page-rule="" />
    <Paragraph id="1089441" documentposition="146" splitpriority="none" dropdown="continue" popup="none" popup-page-rule="" />
    <Paragraph id="1068285" documentposition="147" splitpriority="none" dropdown="continue" popup="none" popup-page-rule="" />
    <Paragraph id="1068286" documentposition="148" splitpriority="none" dropdown="continue" popup="none" popup-page-rule="" />
    <Paragraph id="1068287" documentposition="149" splitpriority="none" dropdown="continue" popup="none" popup-page-rule="" />
    <Paragraph id="1068288" documentposition="150" splitpriority="none" dropdown="continue" popup="none" popup-page-rule="" />
    <Paragraph id="1060444" documentposition="151" splitpriority="none" dropdown="continue" popup="none" popup-page-rule="" />
    <Paragraph id="1112294" documentposition="152" splitpriority="none" relatedtopic="define-no-output" dropdown="continue" popup="none" popup-page-rule="" />
    <Paragraph id="1112298" documentposition="153" splitpriority="none" relatedtopic="define-no-output" dropdown="continue" popup="none" popup-page-rule="" />
    <Paragraph id="1112302" documentposition="154" splitpriority="none" relatedtopic="define-no-output" dropdown="continue" popup="none" popup-page-rule="" />
    <Paragraph id="1112306" documentposition="155" splitpriority="none" relatedtopic="define-no-output" popup="none" popup-page-rule="" dropdown="end" />
  </Split>
  <Split id="1068625" documentposition="156">
    <Paragraph id="1068625" documentposition="156" splitpriority="3" dropdown="continue" popup="none" popup-page-rule="">
      <Marker behavior="topic" id="1095069">
        <Marker id="1095069" name="TopicAlias" xmlns="urn:WebWorks-Document-Schema">
          <TextRun id="tr1095069-1">
            <Text value="save_edited_query_help" />
          </TextRun>
        </Marker>
      </Marker>
    </Paragraph>
    <Paragraph id="1089786" documentposition="157" splitpriority="none" dropdown="continue" popup="none" popup-page-rule="" />
    <Paragraph id="1068626" documentposition="158" splitpriority="none" dropdown="continue" popup="none" popup-page-rule="" />
    <Paragraph id="1089743" documentposition="159" splitpriority="none" dropdown="continue" popup="none" popup-page-rule="" />
    <Paragraph id="1068627" documentposition="160" splitpriority="none" dropdown="continue" popup="none" popup-page-rule="" />
    <Paragraph id="1068722" documentposition="161" splitpriority="none" dropdown="continue" popup="none" popup-page-rule="" />
    <Paragraph id="1068723" documentposition="162" splitpriority="none" dropdown="continue" popup="none" popup-page-rule="" />
    <Paragraph id="1068630" documentposition="163" splitpriority="none" dropdown="continue" popup="none" popup-page-rule="" />
    <Paragraph id="1068794" documentposition="164" splitpriority="none" dropdown="continue" popup="none" popup-page-rule="" />
    <Paragraph id="1068782" documentposition="165" splitpriority="none" dropdown="continue" popup="none" popup-page-rule="" />
    <Paragraph id="1068633" documentposition="166" splitpriority="none" dropdown="continue" popup="none" popup-page-rule="" />
    <Paragraph id="1068634" documentposition="167" splitpriority="none" dropdown="continue" popup="none" popup-page-rule="" />
    <Paragraph id="1075485" documentposition="168" splitpriority="none" dropdown="continue" popup="none" popup-page-rule="" />
    <Paragraph id="1112392" documentposition="169" splitpriority="none" relatedtopic="define-no-output" dropdown="continue" popup="none" popup-page-rule="" />
    <Paragraph id="1112396" documentposition="170" splitpriority="none" relatedtopic="define-no-output" dropdown="continue" popup="none" popup-page-rule="" />
    <Paragraph id="1112400" documentposition="171" splitpriority="none" relatedtopic="define-no-output" dropdown="continue" popup="none" popup-page-rule="" />
    <Paragraph id="1112404" documentposition="172" splitpriority="none" relatedtopic="define-no-output" popup="none" popup-page-rule="" dropdown="end" />
  </Split>
  <Split id="1092117" documentposition="173">
    <Paragraph id="1092117" documentposition="173" splitpriority="3" dropdown="continue" popup="none" popup-page-rule="">
      <Marker behavior="topic" id="1095070">
        <Marker id="1095070" name="TopicAlias" xmlns="urn:WebWorks-Document-Schema">
          <TextRun id="tr1095070-1">
            <Text value="query_history_help" />
          </TextRun>
        </Marker>
      </Marker>
    </Paragraph>
    <Paragraph id="1102599" documentposition="174" splitpriority="none" dropdown="continue" popup="none" popup-page-rule="" />
    <Paragraph id="1102642" documentposition="175" splitpriority="none" dropdown="continue" popup="none" popup-page-rule="" />
    <Table id="1102611" documentposition="176" splitpriority="none">
      <TableCell>
        <Paragraph id="1102613" dropdown="continue" popup="none" popup-page-rule="" />
      </TableCell>
      <TableCell>
        <Paragraph id="1102615" dropdown="continue" popup="none" popup-page-rule="" />
      </TableCell>
      <TableCell>
        <Paragraph id="1102617" dropdown="continue" popup="none" popup-page-rule="" />
      </TableCell>
      <TableCell>
        <Paragraph id="1102619" dropdown="continue" popup="none" popup-page-rule="" />
        <Paragraph id="1102620" dropdown="continue" popup="none" popup-page-rule="" />
        <Paragraph id="1102621" dropdown="continue" popup="none" popup-page-rule="" />
        <Paragraph id="1102622" dropdown="continue" popup="none" popup-page-rule="" />
      </TableCell>
      <TableCell>
        <Paragraph id="1102624" dropdown="continue" popup="none" popup-page-rule="" />
      </TableCell>
      <TableCell>
        <Paragraph id="1102626" dropdown="continue" popup="none" popup-page-rule="" />
      </TableCell>
      <TableCell>
        <Paragraph id="1102628" dropdown="continue" popup="none" popup-page-rule="" />
      </TableCell>
      <TableCell>
        <Paragraph id="1102630" dropdown="continue" popup="none" popup-page-rule="" />
      </TableCell>
    </Table>
    <Paragraph id="1112478" documentposition="177" splitpriority="none" relatedtopic="define-no-output" dropdown="continue" popup="none" popup-page-rule="" />
    <Paragraph id="1112482" documentposition="178" splitpriority="none" relatedtopic="define-no-output" dropdown="continue" popup="none" popup-page-rule="" />
    <Paragraph id="1112486" documentposition="179" splitpriority="none" relatedtopic="define-no-output" dropdown="continue" popup="none" popup-page-rule="" />
    <Paragraph id="1112490" documentposition="180" splitpriority="none" relatedtopic="define-no-output" popup="none" popup-page-rule="" dropdown="end" />
  </Split>
  <Split id="1095790" documentposition="181">
    <Paragraph id="1095790" documentposition="181" splitpriority="2" dropdown="continue" popup="none" popup-page-rule="" />
    <Paragraph id="1092442" documentposition="182" splitpriority="none" dropdown="continue" popup="none" popup-page-rule="" />
    <Table id="1096152" documentposition="183" splitpriority="none">
      <TableCell>
        <Paragraph id="1096155" dropdown="continue" popup="none" popup-page-rule="" />
      </TableCell>
    </Table>
    <Paragraph id="1085967" documentposition="184" splitpriority="none" dropdown="continue" popup="none" popup-page-rule="" />
    <Paragraph id="1092998" documentposition="185" splitpriority="none" dropdown="continue" popup="none" popup-page-rule="" />
    <Paragraph id="1093018" documentposition="186" splitpriority="none" dropdown="continue" popup="none" popup-page-rule="" />
    <Paragraph id="1086497" documentposition="187" splitpriority="none" popup="none" popup-page-rule="" dropdown="end" />
  </Split>
  <Split id="1085991" documentposition="188">
    <Paragraph id="1085991" documentposition="188" splitpriority="3" dropdown="continue" popup="none" popup-page-rule="">
      <Marker behavior="topic" id="1095071">
        <Marker id="1095071" name="TopicAlias" xmlns="urn:WebWorks-Document-Schema">
          <TextRun id="tr1095071-1">
            <Text value="search_results_by_subject_help" />
          </TextRun>
        </Marker>
      </Marker>
    </Paragraph>
    <Paragraph id="1069030" documentposition="189" splitpriority="none" dropdown="continue" popup="none" popup-page-rule="" />
    <Paragraph id="1069162" documentposition="190" splitpriority="none" dropdown="continue" popup="none" popup-page-rule="" />
    <Table id="1069031" documentposition="191" splitpriority="none">
      <TableCell>
        <Paragraph id="1076124" dropdown="continue" popup="none" popup-page-rule="" />
      </TableCell>
      <TableCell>
        <Paragraph id="1076126" dropdown="continue" popup="none" popup-page-rule="" />
      </TableCell>
      <TableCell>
        <Paragraph id="1069037" dropdown="continue" popup="none" popup-page-rule="" />
      </TableCell>
      <TableCell>
        <Paragraph id="1069039" dropdown="continue" popup="none" popup-page-rule="" />
      </TableCell>
      <TableCell>
        <Paragraph id="1069041" dropdown="continue" popup="none" popup-page-rule="" />
      </TableCell>
      <TableCell>
        <Paragraph id="1069043" dropdown="continue" popup="none" popup-page-rule="" />
      </TableCell>
      <TableCell>
        <Paragraph id="1069045" dropdown="continue" popup="none" popup-page-rule="" />
      </TableCell>
      <TableCell>
        <Paragraph id="1069047" dropdown="continue" popup="none" popup-page-rule="" />
      </TableCell>
      <TableCell>
        <Paragraph id="1069049" dropdown="continue" popup="none" popup-page-rule="" />
      </TableCell>
      <TableCell>
        <Paragraph id="1069051" dropdown="continue" popup="none" popup-page-rule="" />
      </TableCell>
      <TableCell>
        <Paragraph id="1069053" dropdown="continue" popup="none" popup-page-rule="" />
      </TableCell>
      <TableCell>
        <Paragraph id="1069055" dropdown="continue" popup="none" popup-page-rule="" />
      </TableCell>
      <TableCell>
        <Paragraph id="1069057" dropdown="continue" popup="none" popup-page-rule="" />
      </TableCell>
      <TableCell>
        <Paragraph id="1069059" dropdown="continue" popup="none" popup-page-rule="" />
      </TableCell>
    </Table>
    <Paragraph id="1069065" documentposition="192" splitpriority="none" dropdown="continue" popup="none" popup-page-rule="" />
    <Paragraph id="1086737" documentposition="193" splitpriority="none" dropdown="continue" popup="none" popup-page-rule="" />
    <Paragraph id="1069066" documentposition="194" splitpriority="none" dropdown="continue" popup="none" popup-page-rule="" />
    <Paragraph id="1069067" documentposition="195" splitpriority="none" dropdown="continue" popup="none" popup-page-rule="" />
    <Paragraph id="1093261" documentposition="196" splitpriority="none" dropdown="continue" popup="none" popup-page-rule="" />
    <Paragraph id="1092903" documentposition="197" splitpriority="none" dropdown="continue" popup="none" popup-page-rule="" />
    <Paragraph id="1092906" documentposition="198" splitpriority="none" dropdown="continue" popup="none" popup-page-rule="" />
    <Paragraph id="1092909" documentposition="199" splitpriority="none" dropdown="continue" popup="none" popup-page-rule="" />
    <Paragraph id="1092911" documentposition="200" splitpriority="none" dropdown="continue" popup="none" popup-page-rule="" />
    <Paragraph id="1092891" documentposition="201" splitpriority="none" popup="none" popup-page-rule="" dropdown="end" />
  </Split>
  <Split id="1069240" documentposition="202">
    <Paragraph id="1069240" documentposition="202" splitpriority="3" dropdown="continue" popup="none" popup-page-rule="">
      <Marker behavior="topic" id="1095072">
        <Marker id="1095072" name="TopicAlias" xmlns="urn:WebWorks-Document-Schema">
          <TextRun id="tr1095072-1">
            <Text value="search_results_studies_for_subject_help" />
          </TextRun>
        </Marker>
      </Marker>
    </Paragraph>
    <Paragraph id="1069368" documentposition="203" splitpriority="none" dropdown="continue" popup="none" popup-page-rule="" />
    <Paragraph id="1093421" documentposition="204" splitpriority="none" dropdown="continue" popup="none" popup-page-rule="" />
    <Table id="1069975" documentposition="205" splitpriority="none">
      <TableCell>
        <Paragraph id="1076148" dropdown="continue" popup="none" popup-page-rule="" />
      </TableCell>
      <TableCell>
        <Paragraph id="1076150" dropdown="continue" popup="none" popup-page-rule="" />
      </TableCell>
      <TableCell>
        <Paragraph id="1069981" dropdown="continue" popup="none" popup-page-rule="" />
      </TableCell>
      <TableCell>
        <Paragraph id="1069983" dropdown="continue" popup="none" popup-page-rule="" />
      </TableCell>
      <TableCell>
        <Paragraph id="1069985" dropdown="continue" popup="none" popup-page-rule="" />
      </TableCell>
      <TableCell>
        <Paragraph id="1069987" dropdown="continue" popup="none" popup-page-rule="" />
      </TableCell>
      <TableCell>
        <Paragraph id="1069989" dropdown="continue" popup="none" popup-page-rule="" />
      </TableCell>
      <TableCell>
        <Paragraph id="1069991" dropdown="continue" popup="none" popup-page-rule="" />
      </TableCell>
      <TableCell>
        <Paragraph id="1069993" dropdown="continue" popup="none" popup-page-rule="" />
      </TableCell>
      <TableCell>
        <Paragraph id="1069995" dropdown="continue" popup="none" popup-page-rule="" />
      </TableCell>
      <TableCell>
        <Paragraph id="1069997" dropdown="continue" popup="none" popup-page-rule="" />
      </TableCell>
      <TableCell>
        <Paragraph id="1069999" dropdown="continue" popup="none" popup-page-rule="" />
      </TableCell>
      <TableCell>
        <Paragraph id="1070001" dropdown="continue" popup="none" popup-page-rule="" />
      </TableCell>
      <TableCell>
        <Paragraph id="1070003" dropdown="continue" popup="none" popup-page-rule="" />
      </TableCell>
      <TableCell>
        <Paragraph id="1070005" dropdown="continue" popup="none" popup-page-rule="" />
      </TableCell>
      <TableCell>
        <Paragraph id="1070007" dropdown="continue" popup="none" popup-page-rule="" />
      </TableCell>
      <TableCell>
        <Paragraph id="1070009" dropdown="continue" popup="none" popup-page-rule="" />
      </TableCell>
      <TableCell>
        <Paragraph id="1070011" dropdown="continue" popup="none" popup-page-rule="" />
      </TableCell>
    </Table>
    <Paragraph id="1072652" documentposition="206" splitpriority="none" dropdown="continue" popup="none" popup-page-rule="" />
    <Paragraph id="1093536" documentposition="207" splitpriority="none" dropdown="continue" popup="none" popup-page-rule="" />
    <Paragraph id="1093506" documentposition="208" splitpriority="none" dropdown="continue" popup="none" popup-page-rule="" />
    <Paragraph id="1072661" documentposition="209" splitpriority="none" dropdown="continue" popup="none" popup-page-rule="" />
    <Paragraph id="1069281" documentposition="210" splitpriority="none" popup="none" popup-page-rule="" dropdown="end" />
  </Split>
  <Split id="1069282" documentposition="211">
    <Paragraph id="1069282" documentposition="211" splitpriority="3" dropdown="continue" popup="none" popup-page-rule="">
      <Marker behavior="topic" id="1095073">
        <Marker id="1095073" name="TopicAlias" xmlns="urn:WebWorks-Document-Schema">
          <TextRun id="tr1095073-1">
            <Text value="search_results_images_for series_help" />
          </TextRun>
        </Marker>
      </Marker>
    </Paragraph>
    <Paragraph id="1069283" documentposition="212" splitpriority="none" dropdown="continue" popup="none" popup-page-rule="" />
    <Paragraph id="1094173" documentposition="213" splitpriority="none" dropdown="continue" popup="none" popup-page-rule="" />
    <Table id="1094115" documentposition="214" splitpriority="none">
      <TableCell>
        <Paragraph id="1094117" dropdown="continue" popup="none" popup-page-rule="" />
      </TableCell>
      <TableCell>
        <Paragraph id="1094119" dropdown="continue" popup="none" popup-page-rule="" />
      </TableCell>
      <TableCell>
        <Paragraph id="1094122" dropdown="continue" popup="none" popup-page-rule="" />
      </TableCell>
      <TableCell>
        <Paragraph id="1094124" dropdown="continue" popup="none" popup-page-rule="" />
      </TableCell>
      <TableCell>
        <Paragraph id="1094127" dropdown="continue" popup="none" popup-page-rule="" />
      </TableCell>
      <TableCell>
        <Paragraph id="1094129" dropdown="continue" popup="none" popup-page-rule="" />
      </TableCell>
      <TableCell>
        <Paragraph id="1094132" dropdown="continue" popup="none" popup-page-rule="" />
      </TableCell>
      <TableCell>
        <Paragraph id="1094134" dropdown="continue" popup="none" popup-page-rule="" />
      </TableCell>
      <TableCell>
        <Paragraph id="1094137" dropdown="continue" popup="none" popup-page-rule="" />
      </TableCell>
      <TableCell>
        <Paragraph id="1094139" dropdown="continue" popup="none" popup-page-rule="" />
      </TableCell>
      <TableCell>
        <Paragraph id="1094142" dropdown="continue" popup="none" popup-page-rule="" />
      </TableCell>
      <TableCell>
        <Paragraph id="1094144" dropdown="continue" popup="none" popup-page-rule="" />
      </TableCell>
      <TableCell>
        <Paragraph id="1094147" dropdown="continue" popup="none" popup-page-rule="" />
      </TableCell>
      <TableCell>
        <Paragraph id="1097042" dropdown="continue" popup="none" popup-page-rule="" />
      </TableCell>
    </Table>
    <Paragraph id="1093878" documentposition="215" splitpriority="none" dropdown="continue" popup="none" popup-page-rule="" />
    <Paragraph id="1070119" documentposition="216" splitpriority="none" dropdown="continue" popup="none" popup-page-rule="" />
    <Paragraph id="1069315" documentposition="217" splitpriority="none" dropdown="continue" popup="none" popup-page-rule="" />
    <Paragraph id="1072724" documentposition="218" splitpriority="none" dropdown="continue" popup="none" popup-page-rule="" />
    <Paragraph id="1069011" documentposition="219" splitpriority="none" popup="none" popup-page-rule="" dropdown="end" />
  </Split>
  <Split id="1070193" documentposition="220">
    <Paragraph id="1070193" documentposition="220" splitpriority="2" dropdown="continue" popup="none" popup-page-rule="" />
    <Paragraph id="1090649" documentposition="221" splitpriority="none" dropdown="continue" popup="none" popup-page-rule="" />
    <Paragraph id="1112764" documentposition="222" splitpriority="none" relatedtopic="define-no-output" dropdown="continue" popup="none" popup-page-rule="" />
    <Paragraph id="1112768" documentposition="223" splitpriority="none" relatedtopic="define-no-output" dropdown="continue" popup="none" popup-page-rule="" />
    <Paragraph id="1112772" documentposition="224" splitpriority="none" relatedtopic="define-no-output" popup="none" popup-page-rule="" dropdown="end" />
  </Split>
  <Split id="1090594" documentposition="225">
    <Paragraph id="1090594" documentposition="225" splitpriority="3" dropdown="continue" popup="none" popup-page-rule="" />
    <Paragraph id="1070194" documentposition="226" splitpriority="none" dropdown="continue" popup="none" popup-page-rule="" />
    <Paragraph id="1072735" documentposition="227" splitpriority="none" dropdown="continue" popup="none" popup-page-rule="" />
    <Paragraph id="1072740" documentposition="228" splitpriority="none" dropdown="continue" popup="none" popup-page-rule="" />
    <Paragraph id="1072745" documentposition="229" splitpriority="none" dropdown="continue" popup="none" popup-page-rule="" />
    <Paragraph id="1112780" documentposition="230" splitpriority="none" relatedtopic="define-no-output" dropdown="continue" popup="none" popup-page-rule="" />
    <Paragraph id="1112784" documentposition="231" splitpriority="none" relatedtopic="define-no-output" dropdown="continue" popup="none" popup-page-rule="" />
    <Paragraph id="1112788" documentposition="232" splitpriority="none" relatedtopic="define-no-output" popup="none" popup-page-rule="" dropdown="end" />
  </Split>
  <Split id="1070197" documentposition="233">
    <Paragraph id="1070197" documentposition="233" splitpriority="3" dropdown="continue" popup="none" popup-page-rule="">
      <Marker behavior="topic" id="1095074">
        <Marker id="1095074" name="TopicAlias" xmlns="urn:WebWorks-Document-Schema">
          <TextRun id="tr1095074-1">
            <Text value="data_basket_help" />
          </TextRun>
        </Marker>
      </Marker>
    </Paragraph>
    <Paragraph id="1070298" documentposition="234" splitpriority="none" dropdown="continue" popup="none" popup-page-rule="" />
    <Paragraph id="1094389" documentposition="235" splitpriority="none" dropdown="continue" popup="none" popup-page-rule="" />
    <Table id="1070301" documentposition="236" splitpriority="none">
      <TableCell>
        <Paragraph id="1076211" dropdown="continue" popup="none" popup-page-rule="" />
      </TableCell>
      <TableCell>
        <Paragraph id="1076213" dropdown="continue" popup="none" popup-page-rule="" />
      </TableCell>
      <TableCell>
        <Paragraph id="1070307" dropdown="continue" popup="none" popup-page-rule="" />
      </TableCell>
      <TableCell>
        <Paragraph id="1070309" dropdown="continue" popup="none" popup-page-rule="" />
      </TableCell>
      <TableCell>
        <Paragraph id="1070311" dropdown="continue" popup="none" popup-page-rule="" />
      </TableCell>
      <TableCell>
        <Paragraph id="1070313" dropdown="continue" popup="none" popup-page-rule="" />
      </TableCell>
      <TableCell>
        <Paragraph id="1070315" dropdown="continue" popup="none" popup-page-rule="" />
      </TableCell>
      <TableCell>
        <Paragraph id="1070317" dropdown="continue" popup="none" popup-page-rule="" />
      </TableCell>
      <TableCell>
        <Paragraph id="1070319" dropdown="continue" popup="none" popup-page-rule="" />
      </TableCell>
      <TableCell>
        <Paragraph id="1070321" dropdown="continue" popup="none" popup-page-rule="" />
      </TableCell>
      <TableCell>
        <Paragraph id="1070323" dropdown="continue" popup="none" popup-page-rule="" />
      </TableCell>
      <TableCell>
        <Paragraph id="1070325" dropdown="continue" popup="none" popup-page-rule="" />
      </TableCell>
      <TableCell>
        <Paragraph id="1070327" dropdown="continue" popup="none" popup-page-rule="" />
      </TableCell>
      <TableCell>
        <Paragraph id="1070329" dropdown="continue" popup="none" popup-page-rule="" />
      </TableCell>
    </Table>
    <Paragraph id="1070233" documentposition="237" splitpriority="none" dropdown="continue" popup="none" popup-page-rule="" />
    <Paragraph id="1070234" documentposition="238" splitpriority="none" dropdown="continue" popup="none" popup-page-rule="" />
    <Paragraph id="1112878" documentposition="239" splitpriority="none" relatedtopic="define-no-output" dropdown="continue" popup="none" popup-page-rule="" />
    <Paragraph id="1112882" documentposition="240" splitpriority="none" relatedtopic="define-no-output" dropdown="continue" popup="none" popup-page-rule="" />
    <Paragraph id="1112886" documentposition="241" splitpriority="none" relatedtopic="define-no-output" popup="none" popup-page-rule="" dropdown="end" />
  </Split>
  <Split id="1090496" documentposition="242">
    <Paragraph id="1090496" documentposition="242" splitpriority="3" dropdown="continue" popup="none" popup-page-rule="" />
    <Paragraph id="1090498" documentposition="243" splitpriority="none" dropdown="continue" popup="none" popup-page-rule="" />
    <Paragraph id="1094558" documentposition="244" splitpriority="none" dropdown="continue" popup="none" popup-page-rule="" />
    <Paragraph id="1094560" documentposition="245" splitpriority="none" dropdown="continue" popup="none" popup-page-rule="" />
    <Paragraph id="1094559" documentposition="246" splitpriority="none" dropdown="continue" popup="none" popup-page-rule="" />
    <Paragraph id="1070516" documentposition="247" splitpriority="none" dropdown="continue" popup="none" popup-page-rule="" />
    <Paragraph id="1070517" documentposition="248" splitpriority="none" dropdown="continue" popup="none" popup-page-rule="" />
    <Paragraph id="1070239" documentposition="249" splitpriority="none" dropdown="continue" popup="none" popup-page-rule="" />
    <Paragraph id="1070240" documentposition="250" splitpriority="none" dropdown="continue" popup="none" popup-page-rule="" />
    <Paragraph id="1094574" documentposition="251" splitpriority="none" dropdown="continue" popup="none" popup-page-rule="" />
    <Paragraph id="1094580" documentposition="252" splitpriority="none" dropdown="continue" popup="none" popup-page-rule="" />
    <Paragraph id="1070241" documentposition="253" splitpriority="none" dropdown="continue" popup="none" popup-page-rule="" />
    <Paragraph id="1070242" documentposition="254" splitpriority="none" dropdown="continue" popup="none" popup-page-rule="" />
    <Paragraph id="1096269" documentposition="255" splitpriority="none" dropdown="continue" popup="none" popup-page-rule="" />
    <Paragraph id="1070243" documentposition="256" splitpriority="none" dropdown="continue" popup="none" popup-page-rule="" />
    <Paragraph id="1070244" documentposition="257" splitpriority="none" dropdown="continue" popup="none" popup-page-rule="" />
    <Paragraph id="1085096" documentposition="258" splitpriority="none" dropdown="continue" popup="none" popup-page-rule="" />
    <Paragraph id="1085097" documentposition="259" splitpriority="none" dropdown="continue" popup="none" popup-page-rule="" />
    <Paragraph id="1095032" documentposition="260" splitpriority="none" dropdown="continue" popup="none" popup-page-rule="" />
    <Paragraph id="1112894" documentposition="261" splitpriority="none" relatedtopic="define-no-output" dropdown="continue" popup="none" popup-page-rule="" />
    <Paragraph id="1112898" documentposition="262" splitpriority="none" relatedtopic="define-no-output" dropdown="continue" popup="none" popup-page-rule="" />
    <Paragraph id="1112902" documentposition="263" splitpriority="none" relatedtopic="define-no-output" popup="none" popup-page-rule="" dropdown="end" />
  </Split>
  <Split id="1070597" documentposition="264">
    <Paragraph id="1070597" documentposition="264" splitpriority="2" dropdown="continue" popup="none" popup-page-rule="" />
    <Paragraph id="1070599" documentposition="265" splitpriority="none" dropdown="continue" popup="none" popup-page-rule="" />
    <Paragraph id="1083314" documentposition="266" splitpriority="none" dropdown="continue" popup="none" popup-page-rule="" />
    <Paragraph id="1070963" documentposition="267" splitpriority="none" dropdown="continue" popup="none" popup-page-rule="" />
    <Paragraph id="1070964" documentposition="268" splitpriority="none" dropdown="continue" popup="none" popup-page-rule="" />
    <Paragraph id="1070600" documentposition="269" splitpriority="none" dropdown="continue" popup="none" popup-page-rule="" />
    <Paragraph id="1070601" documentposition="270" splitpriority="none" dropdown="continue" popup="none" popup-page-rule="" />
    <Paragraph id="1070602" documentposition="271" splitpriority="none" popup="none" popup-page-rule="" dropdown="end" />
  </Split>
  <Split id="1086036" documentposition="272">
    <Paragraph id="1086036" documentposition="272" splitpriority="2" dropdown="continue" popup="none" popup-page-rule="" />
    <Paragraph id="1086042" documentposition="273" splitpriority="none" dropdown="continue" popup="none" popup-page-rule="" />
    <Paragraph id="1078520" documentposition="274" splitpriority="none" popup="none" popup-page-rule="" dropdown="end" />
  </Split>
</Behaviors>