<?xml version="1.0" encoding="utf-8"?>
<Splits version="1.0" xmlns="urn:WebWorks-Engine-Splits-Schema">
  <Split groupID="ACB01F4A90BC85BA" documentID="1C705F2984147613" id="1060244" position="1" documentstartposition="3" documentendposition="12" title="Searching the NCIA Archives">
    <Group name="NCIA Online Help" id="ACB01F4A90BC85BA" position="1" />
    <Document path="C:\Documents and Settings\hadfielj\My Documents\CBIIT Projects\NCIA\NCIAUserGuide FM\Searching NCIA.fm" id="1C705F2984147613" position="3" />
    <PageStyle value="" />
    <Frames />
    <Popups />
  </Split>
  <Split groupID="ACB01F4A90BC85BA" documentID="1C705F2984147613" id="1066291" position="2" documentstartposition="13" documentendposition="39" title="Searching the NCIA Database">
    <Group name="NCIA Online Help" id="ACB01F4A90BC85BA" position="1" />
    <Document path="C:\Documents and Settings\hadfielj\My Documents\CBIIT Projects\NCIA\NCIAUserGuide FM\Searching NCIA.fm" id="1C705F2984147613" position="3" />
    <PageStyle value="" />
    <Frames />
    <Popups />
  </Split>
  <Split groupID="ACB01F4A90BC85BA" documentID="1C705F2984147613" id="1066741" position="3" documentstartposition="40" documentendposition="58" title="Performing a Simple Search">
    <Group name="NCIA Online Help" id="ACB01F4A90BC85BA" position="1" />
    <Document path="C:\Documents and Settings\hadfielj\My Documents\CBIIT Projects\NCIA\NCIAUserGuide FM\Searching NCIA.fm" id="1C705F2984147613" position="3" />
    <PageStyle value="" />
    <Frames>
      <Frame position="1" title="">
        <Frame id="1067324" stylename="Default" xmlns="urn:WebWorks-Document-Schema">
          <Attribute name="display" value="block" />
          <Attribute name="float" value="none" />
          <Attribute name="text-align" value="left" />
          <Attribute name="left" value="0.0" />
          <Attribute name="top" value="0.0" />
          <Attribute name="width" value="197.28" />
          <Attribute name="height" value="51.74424" />
          <Facets>
            <Facet type="document">
              <Attribute name="adapter" value="Adobe FrameMaker" />
              <Attribute name="path" value="C:\Documents and Settings\hadfielj\My Documents\ePublisher Pro Projects\NCIA Online Help\Data\61DD7DDB65736B3\ACB01F4A90BC85BA\1C705F2984147613\Searching NCIA.fmwif" />
              <Attribute name="id" value="1067324" />
            </Facet>
          </Facets>
          <Content>
            <Frame id="1067323">
              <Attribute name="left" value="5.99976" />
              <Attribute name="top" value="5.99976" />
              <Attribute name="width" value="185.24952" />
              <Attribute name="height" value="36.74952" />
              <Facets>
                <Facet type="by-reference">
                  <Attribute name="path" value="C:\Documents and Settings\hadfielj\My Documents\CBIIT Projects\NCIA\NCIAUserGuide FM\NCIAImages\ThicknessGreater.gif" />
                </Facet>
              </Facets>
            </Frame>
          </Content>
        </Frame>
      </Frame>
      <Frame position="2" title="">
        <Frame id="1067351" stylename="Default" xmlns="urn:WebWorks-Document-Schema">
          <Attribute name="display" value="block" />
          <Attribute name="float" value="none" />
          <Attribute name="text-align" value="left" />
          <Attribute name="left" value="0.0" />
          <Attribute name="top" value="0.0" />
          <Attribute name="width" value="197.28" />
          <Attribute name="height" value="53.244" />
          <Facets>
            <Facet type="document">
              <Attribute name="adapter" value="Adobe FrameMaker" />
              <Attribute name="path" value="C:\Documents and Settings\hadfielj\My Documents\ePublisher Pro Projects\NCIA Online Help\Data\61DD7DDB65736B3\ACB01F4A90BC85BA\1C705F2984147613\Searching NCIA.fmwif" />
              <Attribute name="id" value="1067351" />
            </Facet>
          </Facets>
          <Content>
            <Frame id="1067357">
              <Attribute name="left" value="5.26464" />
              <Attribute name="top" value="5.24664" />
              <Attribute name="width" value="186.75" />
              <Attribute name="height" value="38.25" />
              <Facets>
                <Facet type="by-reference">
                  <Attribute name="path" value="C:\Documents and Settings\hadfielj\My Documents\CBIIT Projects\NCIA\NCIAUserGuide FM\NCIAImages\ThicknessRange.gif" />
                </Facet>
              </Facets>
            </Frame>
          </Content>
        </Frame>
      </Frame>
    </Frames>
    <Popups />
  </Split>
  <Split groupID="ACB01F4A90BC85BA" documentID="1C705F2984147613" id="1111705" position="4" documentstartposition="59" documentendposition="61" title="Search Criteria Summary">
    <Group name="NCIA Online Help" id="ACB01F4A90BC85BA" position="1" />
    <Document path="C:\Documents and Settings\hadfielj\My Documents\CBIIT Projects\NCIA\NCIAUserGuide FM\Searching NCIA.fm" id="1C705F2984147613" position="3" />
    <PageStyle value="" />
    <Frames />
    <Popups />
  </Split>
  <Split groupID="ACB01F4A90BC85BA" documentID="1C705F2984147613" id="1095060" position="5" documentstartposition="62" documentendposition="68" title="Searching Curation Data">
    <Group name="NCIA Online Help" id="ACB01F4A90BC85BA" position="1" />
    <Document path="C:\Documents and Settings\hadfielj\My Documents\CBIIT Projects\NCIA\NCIAUserGuide FM\Searching NCIA.fm" id="1C705F2984147613" position="3" />
    <PageStyle value="" />
    <Frames />
    <Popups />
  </Split>
  <Split groupID="ACB01F4A90BC85BA" documentID="1C705F2984147613" id="1102496" position="6" documentstartposition="69" documentendposition="95" title="Annotation Keyword Search Page">
    <Group name="NCIA Online Help" id="ACB01F4A90BC85BA" position="1" />
    <Document path="C:\Documents and Settings\hadfielj\My Documents\CBIIT Projects\NCIA\NCIAUserGuide FM\Searching NCIA.fm" id="1C705F2984147613" position="3" />
    <PageStyle value="" />
    <Frames />
    <Popups />
  </Split>
  <Split groupID="ACB01F4A90BC85BA" documentID="1C705F2984147613" id="1066935" position="7" documentstartposition="96" documentendposition="119" title="Performing an Advanced Search">
    <Group name="NCIA Online Help" id="ACB01F4A90BC85BA" position="1" />
    <Document path="C:\Documents and Settings\hadfielj\My Documents\CBIIT Projects\NCIA\NCIAUserGuide FM\Searching NCIA.fm" id="1C705F2984147613" position="3" />
    <PageStyle value="" />
    <Frames>
      <Frame position="1" title="">
        <Frame id="1067382" stylename="Default" xmlns="urn:WebWorks-Document-Schema">
          <Attribute name="display" value="block" />
          <Attribute name="float" value="none" />
          <Attribute name="text-align" value="left" />
          <Attribute name="left" value="0.0" />
          <Attribute name="top" value="0.0" />
          <Attribute name="width" value="197.28" />
          <Attribute name="height" value="51.74424" />
          <Facets>
            <Facet type="document">
              <Attribute name="adapter" value="Adobe FrameMaker" />
              <Attribute name="path" value="C:\Documents and Settings\hadfielj\My Documents\ePublisher Pro Projects\NCIA Online Help\Data\61DD7DDB65736B3\ACB01F4A90BC85BA\1C705F2984147613\Searching NCIA.fmwif" />
              <Attribute name="id" value="1067382" />
            </Facet>
          </Facets>
          <Content>
            <Frame id="1067383">
              <Attribute name="left" value="5.99976" />
              <Attribute name="top" value="5.99976" />
              <Attribute name="width" value="185.24952" />
              <Attribute name="height" value="36.74952" />
              <Facets>
                <Facet type="by-reference">
                  <Attribute name="path" value="C:\Documents and Settings\hadfielj\My Documents\CBIIT Projects\NCIA\NCIAUserGuide FM\NCIAImages\ThicknessGreater.gif" />
                </Facet>
              </Facets>
            </Frame>
          </Content>
        </Frame>
      </Frame>
      <Frame position="2" title="">
        <Frame id="1067386" stylename="Default" xmlns="urn:WebWorks-Document-Schema">
          <Attribute name="display" value="block" />
          <Attribute name="float" value="none" />
          <Attribute name="text-align" value="left" />
          <Attribute name="left" value="0.0" />
          <Attribute name="top" value="0.0" />
          <Attribute name="width" value="197.28" />
          <Attribute name="height" value="53.244" />
          <Facets>
            <Facet type="document">
              <Attribute name="adapter" value="Adobe FrameMaker" />
              <Attribute name="path" value="C:\Documents and Settings\hadfielj\My Documents\ePublisher Pro Projects\NCIA Online Help\Data\61DD7DDB65736B3\ACB01F4A90BC85BA\1C705F2984147613\Searching NCIA.fmwif" />
              <Attribute name="id" value="1067386" />
            </Facet>
          </Facets>
          <Content>
            <Frame id="1067387">
              <Attribute name="left" value="5.26464" />
              <Attribute name="top" value="5.24664" />
              <Attribute name="width" value="186.75" />
              <Attribute name="height" value="38.25" />
              <Facets>
                <Facet type="by-reference">
                  <Attribute name="path" value="C:\Documents and Settings\hadfielj\My Documents\CBIIT Projects\NCIA\NCIAUserGuide FM\NCIAImages\ThicknessRange.gif" />
                </Facet>
              </Facets>
            </Frame>
          </Content>
        </Frame>
      </Frame>
    </Frames>
    <Popups />
  </Split>
  <Split groupID="ACB01F4A90BC85BA" documentID="1C705F2984147613" id="1067999" position="8" documentstartposition="120" documentendposition="128" title="Working with Saved Search Queries">
    <Group name="NCIA Online Help" id="ACB01F4A90BC85BA" position="1" />
    <Document path="C:\Documents and Settings\hadfielj\My Documents\CBIIT Projects\NCIA\NCIAUserGuide FM\Searching NCIA.fm" id="1C705F2984147613" position="3" />
    <PageStyle value="" />
    <Frames />
    <Popups />
  </Split>
  <Split groupID="ACB01F4A90BC85BA" documentID="1C705F2984147613" id="1091711" position="9" documentstartposition="129" documentendposition="137" title="Saving a Search Query">
    <Group name="NCIA Online Help" id="ACB01F4A90BC85BA" position="1" />
    <Document path="C:\Documents and Settings\hadfielj\My Documents\CBIIT Projects\NCIA\NCIAUserGuide FM\Searching NCIA.fm" id="1C705F2984147613" position="3" />
    <PageStyle value="" />
    <Frames />
    <Popups />
  </Split>
  <Split groupID="ACB01F4A90BC85BA" documentID="1C705F2984147613" id="1066885" position="10" documentstartposition="138" documentendposition="155" title="Managing Saved Queries">
    <Group name="NCIA Online Help" id="ACB01F4A90BC85BA" position="1" />
    <Document path="C:\Documents and Settings\hadfielj\My Documents\CBIIT Projects\NCIA\NCIAUserGuide FM\Searching NCIA.fm" id="1C705F2984147613" position="3" />
    <PageStyle value="" />
    <Frames />
    <Popups />
  </Split>
  <Split groupID="ACB01F4A90BC85BA" documentID="1C705F2984147613" id="1068625" position="11" documentstartposition="156" documentendposition="172" title="Editing Saved Queries">
    <Group name="NCIA Online Help" id="ACB01F4A90BC85BA" position="1" />
    <Document path="C:\Documents and Settings\hadfielj\My Documents\CBIIT Projects\NCIA\NCIAUserGuide FM\Searching NCIA.fm" id="1C705F2984147613" position="3" />
    <PageStyle value="" />
    <Frames />
    <Popups />
  </Split>
  <Split groupID="ACB01F4A90BC85BA" documentID="1C705F2984147613" id="1092117" position="12" documentstartposition="173" documentendposition="180" title="Viewing a Query History">
    <Group name="NCIA Online Help" id="ACB01F4A90BC85BA" position="1" />
    <Document path="C:\Documents and Settings\hadfielj\My Documents\CBIIT Projects\NCIA\NCIAUserGuide FM\Searching NCIA.fm" id="1C705F2984147613" position="3" />
    <PageStyle value="" />
    <Frames />
    <Popups />
  </Split>
  <Split groupID="ACB01F4A90BC85BA" documentID="1C705F2984147613" id="1095790" position="13" documentstartposition="181" documentendposition="187" title="Viewing Search Results">
    <Group name="NCIA Online Help" id="ACB01F4A90BC85BA" position="1" />
    <Document path="C:\Documents and Settings\hadfielj\My Documents\CBIIT Projects\NCIA\NCIAUserGuide FM\Searching NCIA.fm" id="1C705F2984147613" position="3" />
    <PageStyle value="" />
    <Frames />
    <Popups />
  </Split>
  <Split groupID="ACB01F4A90BC85BA" documentID="1C705F2984147613" id="1085991" position="14" documentstartposition="188" documentendposition="201" title="Search Results (by Subject)">
    <Group name="NCIA Online Help" id="ACB01F4A90BC85BA" position="1" />
    <Document path="C:\Documents and Settings\hadfielj\My Documents\CBIIT Projects\NCIA\NCIAUserGuide FM\Searching NCIA.fm" id="1C705F2984147613" position="3" />
    <PageStyle value="" />
    <Frames />
    <Popups />
  </Split>
  <Split groupID="ACB01F4A90BC85BA" documentID="1C705F2984147613" id="1069240" position="15" documentstartposition="202" documentendposition="210" title="Search Results (Studies for Subject)">
    <Group name="NCIA Online Help" id="ACB01F4A90BC85BA" position="1" />
    <Document path="C:\Documents and Settings\hadfielj\My Documents\CBIIT Projects\NCIA\NCIAUserGuide FM\Searching NCIA.fm" id="1C705F2984147613" position="3" />
    <PageStyle value="" />
    <Frames />
    <Popups />
  </Split>
  <Split groupID="ACB01F4A90BC85BA" documentID="1C705F2984147613" id="1069282" position="16" documentstartposition="211" documentendposition="219" title="Search Results (Images for Series)">
    <Group name="NCIA Online Help" id="ACB01F4A90BC85BA" position="1" />
    <Document path="C:\Documents and Settings\hadfielj\My Documents\CBIIT Projects\NCIA\NCIAUserGuide FM\Searching NCIA.fm" id="1C705F2984147613" position="3" />
    <PageStyle value="" />
    <Frames />
    <Popups />
  </Split>
  <Split groupID="ACB01F4A90BC85BA" documentID="1C705F2984147613" id="1070193" position="17" documentstartposition="220" documentendposition="224" title="Working with the Data Basket">
    <Group name="NCIA Online Help" id="ACB01F4A90BC85BA" position="1" />
    <Document path="C:\Documents and Settings\hadfielj\My Documents\CBIIT Projects\NCIA\NCIAUserGuide FM\Searching NCIA.fm" id="1C705F2984147613" position="3" />
    <PageStyle value="" />
    <Frames />
    <Popups />
  </Split>
  <Split groupID="ACB01F4A90BC85BA" documentID="1C705F2984147613" id="1090594" position="18" documentstartposition="225" documentendposition="232" title="Adding Items to Your Basket">
    <Group name="NCIA Online Help" id="ACB01F4A90BC85BA" position="1" />
    <Document path="C:\Documents and Settings\hadfielj\My Documents\CBIIT Projects\NCIA\NCIAUserGuide FM\Searching NCIA.fm" id="1C705F2984147613" position="3" />
    <PageStyle value="" />
    <Frames />
    <Popups />
  </Split>
  <Split groupID="ACB01F4A90BC85BA" documentID="1C705F2984147613" id="1070197" position="19" documentstartposition="233" documentendposition="241" title="Managing the Data Basket">
    <Group name="NCIA Online Help" id="ACB01F4A90BC85BA" position="1" />
    <Document path="C:\Documents and Settings\hadfielj\My Documents\CBIIT Projects\NCIA\NCIAUserGuide FM\Searching NCIA.fm" id="1C705F2984147613" position="3" />
    <PageStyle value="" />
    <Frames />
    <Popups />
  </Split>
  <Split groupID="ACB01F4A90BC85BA" documentID="1C705F2984147613" id="1090496" position="20" documentstartposition="242" documentendposition="263" title="Downloading the Data Basket ">
    <Group name="NCIA Online Help" id="ACB01F4A90BC85BA" position="1" />
    <Document path="C:\Documents and Settings\hadfielj\My Documents\CBIIT Projects\NCIA\NCIAUserGuide FM\Searching NCIA.fm" id="1C705F2984147613" position="3" />
    <PageStyle value="" />
    <Frames />
    <Popups />
  </Split>
  <Split groupID="ACB01F4A90BC85BA" documentID="1C705F2984147613" id="1070597" position="21" documentstartposition="264" documentendposition="271" title="Obtaining DICOM Viewers">
    <Group name="NCIA Online Help" id="ACB01F4A90BC85BA" position="1" />
    <Document path="C:\Documents and Settings\hadfielj\My Documents\CBIIT Projects\NCIA\NCIAUserGuide FM\Searching NCIA.fm" id="1C705F2984147613" position="3" />
    <PageStyle value="" />
    <Frames />
    <Popups />
  </Split>
  <Split groupID="ACB01F4A90BC85BA" documentID="1C705F2984147613" id="1086036" position="22" documentstartposition="272" documentendposition="274" title="Initiating Searches from Other Applications&#x9;">
    <Group name="NCIA Online Help" id="ACB01F4A90BC85BA" position="1" />
    <Document path="C:\Documents and Settings\hadfielj\My Documents\CBIIT Projects\NCIA\NCIAUserGuide FM\Searching NCIA.fm" id="1C705F2984147613" position="3" />
    <PageStyle value="" />
    <Frames />
    <Popups />
  </Split>
</Splits>