<?xml version="1.0" encoding="utf-8"?>
<Behaviors version="1.0" xmlns="urn:WebWorks-Behaviors-Schema">
  <Split id="1052621" documentposition="1">
    <Paragraph id="1052621" documentposition="1" splitpriority="1" dropdown="continue" popup="none" popup-page-rule="" />
    <Paragraph id="1073952" documentposition="2" splitpriority="none" dropdown="continue" popup="none" popup-page-rule="" />
    <Paragraph id="1076704" documentposition="3" splitpriority="none" dropdown="continue" popup="none" popup-page-rule="" />
    <Paragraph id="1076731" documentposition="4" splitpriority="none" dropdown="continue" popup="none" popup-page-rule="" />
    <Paragraph id="1076708" documentposition="5" splitpriority="none" dropdown="continue" popup="none" popup-page-rule="" />
    <Paragraph id="1076746" documentposition="6" splitpriority="none" dropdown="continue" popup="none" popup-page-rule="" />
    <Paragraph id="1076712" documentposition="7" splitpriority="none" dropdown="continue" popup="none" popup-page-rule="" />
    <Paragraph id="1076759" documentposition="8" splitpriority="none" dropdown="continue" popup="none" popup-page-rule="" />
    <Paragraph id="1076873" documentposition="9" splitpriority="none" dropdown="continue" popup="none" popup-page-rule="" />
    <Paragraph id="1076882" documentposition="10" splitpriority="none" dropdown="continue" popup="none" popup-page-rule="" />
    <Paragraph id="1076716" documentposition="11" splitpriority="none" dropdown="continue" popup="none" popup-page-rule="" />
    <Paragraph id="1076850" documentposition="12" splitpriority="none" dropdown="continue" popup="none" popup-page-rule="" />
    <Paragraph id="1076695" documentposition="13" splitpriority="none" dropdown="continue" popup="none" popup-page-rule="" />
    <Paragraph id="1076660" documentposition="14" splitpriority="none" popup="none" popup-page-rule="" dropdown="end" />
  </Split>
</Behaviors>