<?xml version="1.0" encoding="utf-8"?>
<Report version="1.0" xmlns="urn:WebWorks-Reports-Schema">
  <Entry context="styles" type="overrides-exist" severity="warning">
    <Description>Character style overrides exist for 'Emphasis'.</Description>
    <Navigation context="source">
      <Link protocol="adapter">
        <Data key="Path" value="C:\Documents and Settings\hadfielj\My Documents\CBIIT Projects\NCIA\NCIAUserGuide FM\Welcome to NCIA.fm" />
        <Data key="DocumentID" value="724D538A7346C9A" />
        <Data key="ID" value="1076704" />
      </Link>
    </Navigation>
    <Navigation context="output">
      <wwreport:Link protocol="uri" xmlns:wwreport="urn:WebWorks-Reports-Schema">
        <wwreport:Data key="URI" value="file:///C:/Documents%20and%20Settings/hadfielj/My%20Documents/ePublisher%20Pro%20Projects/NCIA%20Online%20Help/Output/WebWorks%20Help%205.0/NCIA%20Online%20Help/Welcome%20to%20NCIA.1.1.html#1076704" />
      </wwreport:Link>
    </Navigation>
    <Navigation context="details">
      <Link protocol="wwh5api">
        <Data key="BaseURI" value="file:///C:/Program%20Files/WebWorks/ePublisher%20Pro/Help/en" />
        <Data key="Context" value="reports" />
        <Data key="Topic" value="style_overrides" />
      </Link>
    </Navigation>
  </Entry>
  <Entry context="styles" type="overrides-exist" severity="warning">
    <Description>Character style overrides exist for 'Emphasis'.</Description>
    <Navigation context="source">
      <Link protocol="adapter">
        <Data key="Path" value="C:\Documents and Settings\hadfielj\My Documents\CBIIT Projects\NCIA\NCIAUserGuide FM\Welcome to NCIA.fm" />
        <Data key="DocumentID" value="724D538A7346C9A" />
        <Data key="ID" value="1076708" />
      </Link>
    </Navigation>
    <Navigation context="output">
      <wwreport:Link protocol="uri" xmlns:wwreport="urn:WebWorks-Reports-Schema">
        <wwreport:Data key="URI" value="file:///C:/Documents%20and%20Settings/hadfielj/My%20Documents/ePublisher%20Pro%20Projects/NCIA%20Online%20Help/Output/WebWorks%20Help%205.0/NCIA%20Online%20Help/Welcome%20to%20NCIA.1.1.html#1076708" />
      </wwreport:Link>
    </Navigation>
    <Navigation context="details">
      <Link protocol="wwh5api">
        <Data key="BaseURI" value="file:///C:/Program%20Files/WebWorks/ePublisher%20Pro/Help/en" />
        <Data key="Context" value="reports" />
        <Data key="Topic" value="style_overrides" />
      </Link>
    </Navigation>
  </Entry>
  <Entry context="styles" type="overrides-exist" severity="warning">
    <Description>Character style overrides exist for 'Emphasis'.</Description>
    <Navigation context="source">
      <Link protocol="adapter">
        <Data key="Path" value="C:\Documents and Settings\hadfielj\My Documents\CBIIT Projects\NCIA\NCIAUserGuide FM\Welcome to NCIA.fm" />
        <Data key="DocumentID" value="724D538A7346C9A" />
        <Data key="ID" value="1076712" />
      </Link>
    </Navigation>
    <Navigation context="output">
      <wwreport:Link protocol="uri" xmlns:wwreport="urn:WebWorks-Reports-Schema">
        <wwreport:Data key="URI" value="file:///C:/Documents%20and%20Settings/hadfielj/My%20Documents/ePublisher%20Pro%20Projects/NCIA%20Online%20Help/Output/WebWorks%20Help%205.0/NCIA%20Online%20Help/Welcome%20to%20NCIA.1.1.html#1076712" />
      </wwreport:Link>
    </Navigation>
    <Navigation context="details">
      <Link protocol="wwh5api">
        <Data key="BaseURI" value="file:///C:/Program%20Files/WebWorks/ePublisher%20Pro/Help/en" />
        <Data key="Context" value="reports" />
        <Data key="Topic" value="style_overrides" />
      </Link>
    </Navigation>
  </Entry>
  <Entry context="styles" type="overrides-exist" severity="warning">
    <Description>Character style overrides exist for 'Emphasis'.</Description>
    <Navigation context="source">
      <Link protocol="adapter">
        <Data key="Path" value="C:\Documents and Settings\hadfielj\My Documents\CBIIT Projects\NCIA\NCIAUserGuide FM\Welcome to NCIA.fm" />
        <Data key="DocumentID" value="724D538A7346C9A" />
        <Data key="ID" value="1076873" />
      </Link>
    </Navigation>
    <Navigation context="output">
      <wwreport:Link protocol="uri" xmlns:wwreport="urn:WebWorks-Reports-Schema">
        <wwreport:Data key="URI" value="file:///C:/Documents%20and%20Settings/hadfielj/My%20Documents/ePublisher%20Pro%20Projects/NCIA%20Online%20Help/Output/WebWorks%20Help%205.0/NCIA%20Online%20Help/Welcome%20to%20NCIA.1.1.html#1076873" />
      </wwreport:Link>
    </Navigation>
    <Navigation context="details">
      <Link protocol="wwh5api">
        <Data key="BaseURI" value="file:///C:/Program%20Files/WebWorks/ePublisher%20Pro/Help/en" />
        <Data key="Context" value="reports" />
        <Data key="Topic" value="style_overrides" />
      </Link>
    </Navigation>
  </Entry>
  <Entry context="styles" type="overrides-exist" severity="warning">
    <Description>Character style overrides exist for 'Emphasis'.</Description>
    <Navigation context="source">
      <Link protocol="adapter">
        <Data key="Path" value="C:\Documents and Settings\hadfielj\My Documents\CBIIT Projects\NCIA\NCIAUserGuide FM\Welcome to NCIA.fm" />
        <Data key="DocumentID" value="724D538A7346C9A" />
        <Data key="ID" value="1076716" />
      </Link>
    </Navigation>
    <Navigation context="output">
      <wwreport:Link protocol="uri" xmlns:wwreport="urn:WebWorks-Reports-Schema">
        <wwreport:Data key="URI" value="file:///C:/Documents%20and%20Settings/hadfielj/My%20Documents/ePublisher%20Pro%20Projects/NCIA%20Online%20Help/Output/WebWorks%20Help%205.0/NCIA%20Online%20Help/Welcome%20to%20NCIA.1.1.html#1076716" />
      </wwreport:Link>
    </Navigation>
    <Navigation context="details">
      <Link protocol="wwh5api">
        <Data key="BaseURI" value="file:///C:/Program%20Files/WebWorks/ePublisher%20Pro/Help/en" />
        <Data key="Context" value="reports" />
        <Data key="Topic" value="style_overrides" />
      </Link>
    </Navigation>
  </Entry>
  <Entry context="styles" type="overrides-exist" severity="warning">
    <Description>Character style overrides exist for 'Emphasis'.</Description>
    <Navigation context="source">
      <Link protocol="adapter">
        <Data key="Path" value="C:\Documents and Settings\hadfielj\My Documents\CBIIT Projects\NCIA\NCIAUserGuide FM\Welcome to NCIA.fm" />
        <Data key="DocumentID" value="724D538A7346C9A" />
        <Data key="ID" value="1076695" />
      </Link>
    </Navigation>
    <Navigation context="output">
      <wwreport:Link protocol="uri" xmlns:wwreport="urn:WebWorks-Reports-Schema">
        <wwreport:Data key="URI" value="file:///C:/Documents%20and%20Settings/hadfielj/My%20Documents/ePublisher%20Pro%20Projects/NCIA%20Online%20Help/Output/WebWorks%20Help%205.0/NCIA%20Online%20Help/Welcome%20to%20NCIA.1.1.html#1076695" />
      </wwreport:Link>
    </Navigation>
    <Navigation context="details">
      <Link protocol="wwh5api">
        <Data key="BaseURI" value="file:///C:/Program%20Files/WebWorks/ePublisher%20Pro/Help/en" />
        <Data key="Context" value="reports" />
        <Data key="Topic" value="style_overrides" />
      </Link>
    </Navigation>
  </Entry>
</Report>