<?xml version="1.0" encoding="utf-8"?>
<Baggage version="1.0" xmlns="urn:WebWorks-Baggage-Schema">
  <File path="C:\Documents and Settings\hadfielj\My Documents\CBIIT Projects\NCIA\archives\NCIA 2.3\NCIAUserGuide2.3 FM\Searching NCIA.fm" pathtolower="c:\documents and settings\hadfielj\my documents\cbiit projects\ncia\archives\ncia 2.3\nciauserguide2.3 fm\searching ncia.fm" />
  <File path="C:\Documents and Settings\hadfielj\My Documents\CBIIT Projects\NCIA\archives\NCIA 2.3\NCIAUserGuide2.3 FM\Searching NCIA.fm" pathtolower="c:\documents and settings\hadfielj\my documents\cbiit projects\ncia\archives\ncia 2.3\nciauserguide2.3 fm\searching ncia.fm" />
  <File path="C:\Documents and Settings\hadfielj\My Documents\CBIIT Projects\NCIA\archives\NCIA 2.3\NCIAUserGuide2.3 FM\Searching NCIA.fm" pathtolower="c:\documents and settings\hadfielj\my documents\cbiit projects\ncia\archives\ncia 2.3\nciauserguide2.3 fm\searching ncia.fm" />
  <File path="C:\Documents and Settings\hadfielj\My Documents\CBIIT Projects\NCIA\archives\NCIA 2.3\NCIAUserGuide2.3 FM\NCIA admin.fm" pathtolower="c:\documents and settings\hadfielj\my documents\cbiit projects\ncia\archives\ncia 2.3\nciauserguide2.3 fm\ncia admin.fm" />
  <File path="C:\Documents and Settings\hadfielj\My Documents\CBIIT Projects\NCIA\archives\NCIA 2.3\NCIAUserGuide2.3 FM\NCIA admin.fm" pathtolower="c:\documents and settings\hadfielj\my documents\cbiit projects\ncia\archives\ncia 2.3\nciauserguide2.3 fm\ncia admin.fm" />
  <File path="C:\Documents and Settings\hadfielj\My Documents\CBIIT Projects\NCIA\archives\NCIA 2.3\NCIAUserGuide2.3 FM\NCIA admin.fm" pathtolower="c:\documents and settings\hadfielj\my documents\cbiit projects\ncia\archives\ncia 2.3\nciauserguide2.3 fm\ncia admin.fm" />
  <File path="C:\Documents and Settings\hadfielj\My Documents\CBIIT Projects\NCIA\archives\NCIA 2.3\NCIAUserGuide2.3 FM\NCIA admin.fm" pathtolower="c:\documents and settings\hadfielj\my documents\cbiit projects\ncia\archives\ncia 2.3\nciauserguide2.3 fm\ncia admin.fm" />
  <File path="C:\Documents and Settings\hadfielj\My Documents\CBIIT Projects\NCIA\archives\NCIA 2.3\NCIAUserGuide2.3 FM\NCIA admin.fm" pathtolower="c:\documents and settings\hadfielj\my documents\cbiit projects\ncia\archives\ncia 2.3\nciauserguide2.3 fm\ncia admin.fm" />
  <File path="C:\Documents and Settings\hadfielj\My Documents\CBIIT Projects\NCIA\archives\NCIA 2.3\NCIAUserGuide2.3 FM\NCIA admin.fm" pathtolower="c:\documents and settings\hadfielj\my documents\cbiit projects\ncia\archives\ncia 2.3\nciauserguide2.3 fm\ncia admin.fm" />
  <File path="C:\Documents and Settings\hadfielj\My Documents\CBIIT Projects\NCIA\archives\NCIA 2.3\NCIAUserGuide2.3 FM\NCIA admin.fm" pathtolower="c:\documents and settings\hadfielj\my documents\cbiit projects\ncia\archives\ncia 2.3\nciauserguide2.3 fm\ncia admin.fm" />
  <File path="C:\Documents and Settings\hadfielj\My Documents\CBIIT Projects\NCIA\archives\NCIA 2.3\NCIAUserGuide2.3 FM\NCIA admin.fm" pathtolower="c:\documents and settings\hadfielj\my documents\cbiit projects\ncia\archives\ncia 2.3\nciauserguide2.3 fm\ncia admin.fm" />
  <File path="C:\Documents and Settings\hadfielj\My Documents\CBIIT Projects\NCIA\archives\NCIA 2.3\NCIAUserGuide2.3 FM\NCIA admin.fm" pathtolower="c:\documents and settings\hadfielj\my documents\cbiit projects\ncia\archives\ncia 2.3\nciauserguide2.3 fm\ncia admin.fm" />
  <File path="C:\Documents and Settings\hadfielj\My Documents\CBIIT Projects\NCIA\archives\NCIA 2.3\NCIAUserGuide2.3 FM\Searching NCIA.fm" pathtolower="c:\documents and settings\hadfielj\my documents\cbiit projects\ncia\archives\ncia 2.3\nciauserguide2.3 fm\searching ncia.fm" />
  <File path="C:\Documents and Settings\hadfielj\My Documents\CBIIT Projects\NCIA\archives\NCIA 2.3\NCIAUserGuide2.3 FM\Searching NCIA.fm" pathtolower="c:\documents and settings\hadfielj\my documents\cbiit projects\ncia\archives\ncia 2.3\nciauserguide2.3 fm\searching ncia.fm" />
  <File path="C:\Documents and Settings\hadfielj\My Documents\CBIIT Projects\NCIA\archives\NCIA 2.3\NCIAUserGuide2.3 FM\Searching NCIA.fm" pathtolower="c:\documents and settings\hadfielj\my documents\cbiit projects\ncia\archives\ncia 2.3\nciauserguide2.3 fm\searching ncia.fm" />
</Baggage>