<?xml version="1.0" encoding="utf-8"?>
<Splits version="1.0" xmlns="urn:WebWorks-Engine-Splits-Schema">
  <Split groupID="BEB947773369D77" documentID="9F7ABA1EA77FC19" id="1065598" position="1" documentstartposition="3" documentendposition="6" title="NCIA Glossary">
    <Group name="NCIA Online Help" id="BEB947773369D77" position="1" />
    <Document path="C:\Documents and Settings\hadfielj\My Documents\CBIIT Projects\NCIA\NCIA 4.0 user guide and online help\appdix glossary.fm" id="9F7ABA1EA77FC19" position="6" />
    <PageStyle value="" />
    <Frames />
    <Popups>
      <Popup groupID="BEB947773369D77" documentID="9F7ABA1EA77FC19" id="1066184" stylename="Popup" />
    </Popups>
  </Split>
</Splits>