<?xml version="1.0" encoding="utf-8"?>
<Behaviors version="1.0" xmlns="urn:WebWorks-Behaviors-Schema">
  <Split id="1056918" documentposition="3">
    <Paragraph id="1056918" documentposition="3" splitpriority="none" />
    <Paragraph id="1059568" documentposition="4" splitpriority="none" />
    <Paragraph id="1059569" documentposition="5" splitpriority="none" />
    <Paragraph id="1059583" documentposition="6" splitpriority="none" />
    <Paragraph id="1059719" documentposition="7" splitpriority="none" />
    <Paragraph id="1059588" documentposition="8" splitpriority="none" />
  </Split>
  <Split id="1056911" documentposition="9">
    <Paragraph id="1056911" documentposition="9" splitpriority="2" />
    <Paragraph id="1058212" documentposition="10" splitpriority="none" />
    <Paragraph id="1058215" documentposition="11" splitpriority="none" />
    <Paragraph id="1058217" documentposition="12" splitpriority="none" />
  </Split>
  <Split id="1058243" documentposition="13">
    <Paragraph id="1058243" documentposition="13" splitpriority="2" />
    <Paragraph id="1058306" documentposition="14" splitpriority="none" />
    <Paragraph id="1058221" documentposition="15" splitpriority="none" />
    <Paragraph id="1058403" documentposition="16" splitpriority="none" />
    <Paragraph id="1059616" documentposition="17" splitpriority="none" />
  </Split>
  <Split id="1059694" documentposition="18">
    <Paragraph id="1059694" documentposition="18" splitpriority="2" />
    <Paragraph id="1059697" documentposition="19" splitpriority="none" />
    <Paragraph id="1059792" documentposition="20" splitpriority="none" />
  </Split>
  <Split id="1059619" documentposition="21">
    <Paragraph id="1059619" documentposition="21" splitpriority="2" />
    <Paragraph id="1059622" documentposition="22" splitpriority="none" />
    <Paragraph id="1059741" documentposition="23" splitpriority="none" />
  </Split>
</Behaviors>