<?xml version="1.0" encoding="utf-8"?>
<Report version="1.0" xmlns="urn:WebWorks-Reports-Schema">
  <Entry context="links" type="external-url" severity="message">
    <Description>External URL link 'http://medical.nema.org/'.</Description>
    <Navigation context="source">
      <Link protocol="adapter">
        <Data key="Path" value="C:\Documents and Settings\hadfielj\My Documents\CBIIT Projects\NCIA\NCIA 4.0 user guide and online help\Getting Started.fm" />
        <Data key="DocumentID" value="958C2E46356A66E2" />
        <Data key="ID" value="1084099" />
      </Link>
    </Navigation>
    <Navigation context="output">
      <wwreport:Link protocol="uri" xmlns:wwreport="urn:WebWorks-Reports-Schema">
        <wwreport:Data key="URI" value="file:///C:/Documents%20and%20Settings/hadfielj/My%20Documents/ePublisher%20Pro%20Projects/NCIA%20Online%20Help/Output/WebWorks%20Help%205.0/NCIA%20Online%20Help/Getting%20Started.2.2.html#1084099" />
      </wwreport:Link>
    </Navigation>
    <Navigation context="output">
      <Link protocol="uri">
        <Data key="URI" value="http://medical.nema.org/" />
      </Link>
    </Navigation>
    <Navigation context="details">
      <Link protocol="wwh5api">
        <Data key="BaseURI" value="file:///C:/Program%20Files/WebWorks/ePublisher%20Pro/Help/en" />
        <Data key="Context" value="reports" />
        <Data key="Topic" value="external_URLs" />
      </Link>
    </Navigation>
  </Entry>
  <Entry context="links" type="external-url" severity="message">
    <Description>External URL link 'https://imaging.nci.nih.gov.'.</Description>
    <Navigation context="source">
      <Link protocol="adapter">
        <Data key="Path" value="C:\Documents and Settings\hadfielj\My Documents\CBIIT Projects\NCIA\NCIA 4.0 user guide and online help\Getting Started.fm" />
        <Data key="DocumentID" value="958C2E46356A66E2" />
        <Data key="ID" value="1084980" />
      </Link>
    </Navigation>
    <Navigation context="output">
      <wwreport:Link protocol="uri" xmlns:wwreport="urn:WebWorks-Reports-Schema">
        <wwreport:Data key="URI" value="file:///C:/Documents%20and%20Settings/hadfielj/My%20Documents/ePublisher%20Pro%20Projects/NCIA%20Online%20Help/Output/WebWorks%20Help%205.0/NCIA%20Online%20Help/Getting%20Started.2.2.html#1084980" />
      </wwreport:Link>
    </Navigation>
    <Navigation context="output">
      <Link protocol="uri">
        <Data key="URI" value="https://imaging.nci.nih.gov." />
      </Link>
    </Navigation>
    <Navigation context="details">
      <Link protocol="wwh5api">
        <Data key="BaseURI" value="file:///C:/Program%20Files/WebWorks/ePublisher%20Pro/Help/en" />
        <Data key="Context" value="reports" />
        <Data key="Topic" value="external_URLs" />
      </Link>
    </Navigation>
  </Entry>
  <Entry context="links" type="external-url" severity="message">
    <Description>External URL link 'https://imaging.nci.nih.gov'.</Description>
    <Navigation context="source">
      <Link protocol="adapter">
        <Data key="Path" value="C:\Documents and Settings\hadfielj\My Documents\CBIIT Projects\NCIA\NCIA 4.0 user guide and online help\Getting Started.fm" />
        <Data key="DocumentID" value="958C2E46356A66E2" />
        <Data key="ID" value="1084683" />
      </Link>
    </Navigation>
    <Navigation context="output">
      <wwreport:Link protocol="uri" xmlns:wwreport="urn:WebWorks-Reports-Schema">
        <wwreport:Data key="URI" value="file:///C:/Documents%20and%20Settings/hadfielj/My%20Documents/ePublisher%20Pro%20Projects/NCIA%20Online%20Help/Output/WebWorks%20Help%205.0/NCIA%20Online%20Help/Getting%20Started.2.5.html#1084683" />
      </wwreport:Link>
    </Navigation>
    <Navigation context="output">
      <Link protocol="uri">
        <Data key="URI" value="https://imaging.nci.nih.gov" />
      </Link>
    </Navigation>
    <Navigation context="details">
      <Link protocol="wwh5api">
        <Data key="BaseURI" value="file:///C:/Program%20Files/WebWorks/ePublisher%20Pro/Help/en" />
        <Data key="Context" value="reports" />
        <Data key="Topic" value="external_URLs" />
      </Link>
    </Navigation>
  </Entry>
  <Entry context="links" type="baggage-file" severity="message">
    <Description>File 'Searching NCIA.fm' has been processed as a baggage file.</Description>
    <Navigation context="source">
      <Link protocol="adapter">
        <Data key="Path" value="C:\Documents and Settings\hadfielj\My Documents\CBIIT Projects\NCIA\NCIA 4.0 user guide and online help\Getting Started.fm" />
        <Data key="DocumentID" value="958C2E46356A66E2" />
        <Data key="ID" value="1118662" />
      </Link>
    </Navigation>
    <Navigation context="output">
      <wwreport:Link protocol="uri" xmlns:wwreport="urn:WebWorks-Reports-Schema">
        <wwreport:Data key="URI" value="file:///C:/Documents%20and%20Settings/hadfielj/My%20Documents/ePublisher%20Pro%20Projects/NCIA%20Online%20Help/Output/WebWorks%20Help%205.0/NCIA%20Online%20Help/Getting%20Started.2.8.html#1118662" />
      </wwreport:Link>
    </Navigation>
    <Navigation context="output">
      <Link protocol="uri">
        <Data key="URI" value="" />
      </Link>
    </Navigation>
    <Navigation context="details">
      <Link protocol="wwh5api">
        <Data key="BaseURI" value="file:///C:/Program%20Files/WebWorks/ePublisher%20Pro/Help/en" />
        <Data key="Context" value="reports" />
        <Data key="Topic" value="baggage_files" />
      </Link>
    </Navigation>
  </Entry>
  <Entry context="links" type="baggage-file" severity="message">
    <Description>File 'Searching NCIA.fm' has been processed as a baggage file.</Description>
    <Navigation context="source">
      <Link protocol="adapter">
        <Data key="Path" value="C:\Documents and Settings\hadfielj\My Documents\CBIIT Projects\NCIA\NCIA 4.0 user guide and online help\Getting Started.fm" />
        <Data key="DocumentID" value="958C2E46356A66E2" />
        <Data key="ID" value="1118662" />
      </Link>
    </Navigation>
    <Navigation context="output">
      <wwreport:Link protocol="uri" xmlns:wwreport="urn:WebWorks-Reports-Schema">
        <wwreport:Data key="URI" value="file:///C:/Documents%20and%20Settings/hadfielj/My%20Documents/ePublisher%20Pro%20Projects/NCIA%20Online%20Help/Output/WebWorks%20Help%205.0/NCIA%20Online%20Help/Getting%20Started.2.8.html#1118662" />
      </wwreport:Link>
    </Navigation>
    <Navigation context="output">
      <Link protocol="uri">
        <Data key="URI" value="" />
      </Link>
    </Navigation>
    <Navigation context="details">
      <Link protocol="wwh5api">
        <Data key="BaseURI" value="file:///C:/Program%20Files/WebWorks/ePublisher%20Pro/Help/en" />
        <Data key="Context" value="reports" />
        <Data key="Topic" value="baggage_files" />
      </Link>
    </Navigation>
  </Entry>
  <Entry context="links" type="baggage-file" severity="message">
    <Description>File 'Searching NCIA.fm' has been processed as a baggage file.</Description>
    <Navigation context="source">
      <Link protocol="adapter">
        <Data key="Path" value="C:\Documents and Settings\hadfielj\My Documents\CBIIT Projects\NCIA\NCIA 4.0 user guide and online help\Getting Started.fm" />
        <Data key="DocumentID" value="958C2E46356A66E2" />
        <Data key="ID" value="1118662" />
      </Link>
    </Navigation>
    <Navigation context="output">
      <wwreport:Link protocol="uri" xmlns:wwreport="urn:WebWorks-Reports-Schema">
        <wwreport:Data key="URI" value="file:///C:/Documents%20and%20Settings/hadfielj/My%20Documents/ePublisher%20Pro%20Projects/NCIA%20Online%20Help/Output/WebWorks%20Help%205.0/NCIA%20Online%20Help/Getting%20Started.2.8.html#1118662" />
      </wwreport:Link>
    </Navigation>
    <Navigation context="output">
      <Link protocol="uri">
        <Data key="URI" value="" />
      </Link>
    </Navigation>
    <Navigation context="details">
      <Link protocol="wwh5api">
        <Data key="BaseURI" value="file:///C:/Program%20Files/WebWorks/ePublisher%20Pro/Help/en" />
        <Data key="Context" value="reports" />
        <Data key="Topic" value="baggage_files" />
      </Link>
    </Navigation>
  </Entry>
  <Entry context="links" type="baggage-file" severity="message">
    <Description>File 'NCIA admin.fm' has been processed as a baggage file.</Description>
    <Navigation context="source">
      <Link protocol="adapter">
        <Data key="Path" value="C:\Documents and Settings\hadfielj\My Documents\CBIIT Projects\NCIA\NCIA 4.0 user guide and online help\Getting Started.fm" />
        <Data key="DocumentID" value="958C2E46356A66E2" />
        <Data key="ID" value="1119106" />
      </Link>
    </Navigation>
    <Navigation context="output">
      <wwreport:Link protocol="uri" xmlns:wwreport="urn:WebWorks-Reports-Schema">
        <wwreport:Data key="URI" value="file:///C:/Documents%20and%20Settings/hadfielj/My%20Documents/ePublisher%20Pro%20Projects/NCIA%20Online%20Help/Output/WebWorks%20Help%205.0/NCIA%20Online%20Help/Getting%20Started.2.9.html#1119106" />
      </wwreport:Link>
    </Navigation>
    <Navigation context="output">
      <Link protocol="uri">
        <Data key="URI" value="" />
      </Link>
    </Navigation>
    <Navigation context="details">
      <Link protocol="wwh5api">
        <Data key="BaseURI" value="file:///C:/Program%20Files/WebWorks/ePublisher%20Pro/Help/en" />
        <Data key="Context" value="reports" />
        <Data key="Topic" value="baggage_files" />
      </Link>
    </Navigation>
  </Entry>
  <Entry context="links" type="baggage-file" severity="message">
    <Description>File 'NCIA admin.fm' has been processed as a baggage file.</Description>
    <Navigation context="source">
      <Link protocol="adapter">
        <Data key="Path" value="C:\Documents and Settings\hadfielj\My Documents\CBIIT Projects\NCIA\NCIA 4.0 user guide and online help\Getting Started.fm" />
        <Data key="DocumentID" value="958C2E46356A66E2" />
        <Data key="ID" value="1119106" />
      </Link>
    </Navigation>
    <Navigation context="output">
      <wwreport:Link protocol="uri" xmlns:wwreport="urn:WebWorks-Reports-Schema">
        <wwreport:Data key="URI" value="file:///C:/Documents%20and%20Settings/hadfielj/My%20Documents/ePublisher%20Pro%20Projects/NCIA%20Online%20Help/Output/WebWorks%20Help%205.0/NCIA%20Online%20Help/Getting%20Started.2.9.html#1119106" />
      </wwreport:Link>
    </Navigation>
    <Navigation context="output">
      <Link protocol="uri">
        <Data key="URI" value="" />
      </Link>
    </Navigation>
    <Navigation context="details">
      <Link protocol="wwh5api">
        <Data key="BaseURI" value="file:///C:/Program%20Files/WebWorks/ePublisher%20Pro/Help/en" />
        <Data key="Context" value="reports" />
        <Data key="Topic" value="baggage_files" />
      </Link>
    </Navigation>
  </Entry>
  <Entry context="links" type="baggage-file" severity="message">
    <Description>File 'NCIA admin.fm' has been processed as a baggage file.</Description>
    <Navigation context="source">
      <Link protocol="adapter">
        <Data key="Path" value="C:\Documents and Settings\hadfielj\My Documents\CBIIT Projects\NCIA\NCIA 4.0 user guide and online help\Getting Started.fm" />
        <Data key="DocumentID" value="958C2E46356A66E2" />
        <Data key="ID" value="1119106" />
      </Link>
    </Navigation>
    <Navigation context="output">
      <wwreport:Link protocol="uri" xmlns:wwreport="urn:WebWorks-Reports-Schema">
        <wwreport:Data key="URI" value="file:///C:/Documents%20and%20Settings/hadfielj/My%20Documents/ePublisher%20Pro%20Projects/NCIA%20Online%20Help/Output/WebWorks%20Help%205.0/NCIA%20Online%20Help/Getting%20Started.2.9.html#1119106" />
      </wwreport:Link>
    </Navigation>
    <Navigation context="output">
      <Link protocol="uri">
        <Data key="URI" value="" />
      </Link>
    </Navigation>
    <Navigation context="details">
      <Link protocol="wwh5api">
        <Data key="BaseURI" value="file:///C:/Program%20Files/WebWorks/ePublisher%20Pro/Help/en" />
        <Data key="Context" value="reports" />
        <Data key="Topic" value="baggage_files" />
      </Link>
    </Navigation>
  </Entry>
  <Entry context="links" type="baggage-file" severity="message">
    <Description>File 'NCIA admin.fm' has been processed as a baggage file.</Description>
    <Navigation context="source">
      <Link protocol="adapter">
        <Data key="Path" value="C:\Documents and Settings\hadfielj\My Documents\CBIIT Projects\NCIA\NCIA 4.0 user guide and online help\Getting Started.fm" />
        <Data key="DocumentID" value="958C2E46356A66E2" />
        <Data key="ID" value="1119115" />
      </Link>
    </Navigation>
    <Navigation context="output">
      <wwreport:Link protocol="uri" xmlns:wwreport="urn:WebWorks-Reports-Schema">
        <wwreport:Data key="URI" value="file:///C:/Documents%20and%20Settings/hadfielj/My%20Documents/ePublisher%20Pro%20Projects/NCIA%20Online%20Help/Output/WebWorks%20Help%205.0/NCIA%20Online%20Help/Getting%20Started.2.9.html#1119115" />
      </wwreport:Link>
    </Navigation>
    <Navigation context="output">
      <Link protocol="uri">
        <Data key="URI" value="" />
      </Link>
    </Navigation>
    <Navigation context="details">
      <Link protocol="wwh5api">
        <Data key="BaseURI" value="file:///C:/Program%20Files/WebWorks/ePublisher%20Pro/Help/en" />
        <Data key="Context" value="reports" />
        <Data key="Topic" value="baggage_files" />
      </Link>
    </Navigation>
  </Entry>
  <Entry context="links" type="baggage-file" severity="message">
    <Description>File 'NCIA admin.fm' has been processed as a baggage file.</Description>
    <Navigation context="source">
      <Link protocol="adapter">
        <Data key="Path" value="C:\Documents and Settings\hadfielj\My Documents\CBIIT Projects\NCIA\NCIA 4.0 user guide and online help\Getting Started.fm" />
        <Data key="DocumentID" value="958C2E46356A66E2" />
        <Data key="ID" value="1119115" />
      </Link>
    </Navigation>
    <Navigation context="output">
      <wwreport:Link protocol="uri" xmlns:wwreport="urn:WebWorks-Reports-Schema">
        <wwreport:Data key="URI" value="file:///C:/Documents%20and%20Settings/hadfielj/My%20Documents/ePublisher%20Pro%20Projects/NCIA%20Online%20Help/Output/WebWorks%20Help%205.0/NCIA%20Online%20Help/Getting%20Started.2.9.html#1119115" />
      </wwreport:Link>
    </Navigation>
    <Navigation context="output">
      <Link protocol="uri">
        <Data key="URI" value="" />
      </Link>
    </Navigation>
    <Navigation context="details">
      <Link protocol="wwh5api">
        <Data key="BaseURI" value="file:///C:/Program%20Files/WebWorks/ePublisher%20Pro/Help/en" />
        <Data key="Context" value="reports" />
        <Data key="Topic" value="baggage_files" />
      </Link>
    </Navigation>
  </Entry>
  <Entry context="links" type="baggage-file" severity="message">
    <Description>File 'NCIA admin.fm' has been processed as a baggage file.</Description>
    <Navigation context="source">
      <Link protocol="adapter">
        <Data key="Path" value="C:\Documents and Settings\hadfielj\My Documents\CBIIT Projects\NCIA\NCIA 4.0 user guide and online help\Getting Started.fm" />
        <Data key="DocumentID" value="958C2E46356A66E2" />
        <Data key="ID" value="1119115" />
      </Link>
    </Navigation>
    <Navigation context="output">
      <wwreport:Link protocol="uri" xmlns:wwreport="urn:WebWorks-Reports-Schema">
        <wwreport:Data key="URI" value="file:///C:/Documents%20and%20Settings/hadfielj/My%20Documents/ePublisher%20Pro%20Projects/NCIA%20Online%20Help/Output/WebWorks%20Help%205.0/NCIA%20Online%20Help/Getting%20Started.2.9.html#1119115" />
      </wwreport:Link>
    </Navigation>
    <Navigation context="output">
      <Link protocol="uri">
        <Data key="URI" value="" />
      </Link>
    </Navigation>
    <Navigation context="details">
      <Link protocol="wwh5api">
        <Data key="BaseURI" value="file:///C:/Program%20Files/WebWorks/ePublisher%20Pro/Help/en" />
        <Data key="Context" value="reports" />
        <Data key="Topic" value="baggage_files" />
      </Link>
    </Navigation>
  </Entry>
  <Entry context="links" type="baggage-file" severity="message">
    <Description>File 'NCIA admin.fm' has been processed as a baggage file.</Description>
    <Navigation context="source">
      <Link protocol="adapter">
        <Data key="Path" value="C:\Documents and Settings\hadfielj\My Documents\CBIIT Projects\NCIA\NCIA 4.0 user guide and online help\Getting Started.fm" />
        <Data key="DocumentID" value="958C2E46356A66E2" />
        <Data key="ID" value="1119124" />
      </Link>
    </Navigation>
    <Navigation context="output">
      <wwreport:Link protocol="uri" xmlns:wwreport="urn:WebWorks-Reports-Schema">
        <wwreport:Data key="URI" value="file:///C:/Documents%20and%20Settings/hadfielj/My%20Documents/ePublisher%20Pro%20Projects/NCIA%20Online%20Help/Output/WebWorks%20Help%205.0/NCIA%20Online%20Help/Getting%20Started.2.9.html#1119124" />
      </wwreport:Link>
    </Navigation>
    <Navigation context="output">
      <Link protocol="uri">
        <Data key="URI" value="" />
      </Link>
    </Navigation>
    <Navigation context="details">
      <Link protocol="wwh5api">
        <Data key="BaseURI" value="file:///C:/Program%20Files/WebWorks/ePublisher%20Pro/Help/en" />
        <Data key="Context" value="reports" />
        <Data key="Topic" value="baggage_files" />
      </Link>
    </Navigation>
  </Entry>
  <Entry context="links" type="baggage-file" severity="message">
    <Description>File 'NCIA admin.fm' has been processed as a baggage file.</Description>
    <Navigation context="source">
      <Link protocol="adapter">
        <Data key="Path" value="C:\Documents and Settings\hadfielj\My Documents\CBIIT Projects\NCIA\NCIA 4.0 user guide and online help\Getting Started.fm" />
        <Data key="DocumentID" value="958C2E46356A66E2" />
        <Data key="ID" value="1119124" />
      </Link>
    </Navigation>
    <Navigation context="output">
      <wwreport:Link protocol="uri" xmlns:wwreport="urn:WebWorks-Reports-Schema">
        <wwreport:Data key="URI" value="file:///C:/Documents%20and%20Settings/hadfielj/My%20Documents/ePublisher%20Pro%20Projects/NCIA%20Online%20Help/Output/WebWorks%20Help%205.0/NCIA%20Online%20Help/Getting%20Started.2.9.html#1119124" />
      </wwreport:Link>
    </Navigation>
    <Navigation context="output">
      <Link protocol="uri">
        <Data key="URI" value="" />
      </Link>
    </Navigation>
    <Navigation context="details">
      <Link protocol="wwh5api">
        <Data key="BaseURI" value="file:///C:/Program%20Files/WebWorks/ePublisher%20Pro/Help/en" />
        <Data key="Context" value="reports" />
        <Data key="Topic" value="baggage_files" />
      </Link>
    </Navigation>
  </Entry>
  <Entry context="links" type="baggage-file" severity="message">
    <Description>File 'NCIA admin.fm' has been processed as a baggage file.</Description>
    <Navigation context="source">
      <Link protocol="adapter">
        <Data key="Path" value="C:\Documents and Settings\hadfielj\My Documents\CBIIT Projects\NCIA\NCIA 4.0 user guide and online help\Getting Started.fm" />
        <Data key="DocumentID" value="958C2E46356A66E2" />
        <Data key="ID" value="1119124" />
      </Link>
    </Navigation>
    <Navigation context="output">
      <wwreport:Link protocol="uri" xmlns:wwreport="urn:WebWorks-Reports-Schema">
        <wwreport:Data key="URI" value="file:///C:/Documents%20and%20Settings/hadfielj/My%20Documents/ePublisher%20Pro%20Projects/NCIA%20Online%20Help/Output/WebWorks%20Help%205.0/NCIA%20Online%20Help/Getting%20Started.2.9.html#1119124" />
      </wwreport:Link>
    </Navigation>
    <Navigation context="output">
      <Link protocol="uri">
        <Data key="URI" value="" />
      </Link>
    </Navigation>
    <Navigation context="details">
      <Link protocol="wwh5api">
        <Data key="BaseURI" value="file:///C:/Program%20Files/WebWorks/ePublisher%20Pro/Help/en" />
        <Data key="Context" value="reports" />
        <Data key="Topic" value="baggage_files" />
      </Link>
    </Navigation>
  </Entry>
  <Entry context="links" type="baggage-file" severity="message">
    <Description>File 'Searching NCIA.fm' has been processed as a baggage file.</Description>
    <Navigation context="source">
      <Link protocol="adapter">
        <Data key="Path" value="C:\Documents and Settings\hadfielj\My Documents\CBIIT Projects\NCIA\NCIA 4.0 user guide and online help\Getting Started.fm" />
        <Data key="DocumentID" value="958C2E46356A66E2" />
        <Data key="ID" value="1119021" />
      </Link>
    </Navigation>
    <Navigation context="output">
      <wwreport:Link protocol="uri" xmlns:wwreport="urn:WebWorks-Reports-Schema">
        <wwreport:Data key="URI" value="file:///C:/Documents%20and%20Settings/hadfielj/My%20Documents/ePublisher%20Pro%20Projects/NCIA%20Online%20Help/Output/WebWorks%20Help%205.0/NCIA%20Online%20Help/Getting%20Started.2.11.html#1119021" />
      </wwreport:Link>
    </Navigation>
    <Navigation context="output">
      <Link protocol="uri">
        <Data key="URI" value="" />
      </Link>
    </Navigation>
    <Navigation context="details">
      <Link protocol="wwh5api">
        <Data key="BaseURI" value="file:///C:/Program%20Files/WebWorks/ePublisher%20Pro/Help/en" />
        <Data key="Context" value="reports" />
        <Data key="Topic" value="baggage_files" />
      </Link>
    </Navigation>
  </Entry>
  <Entry context="links" type="baggage-file" severity="message">
    <Description>File 'Searching NCIA.fm' has been processed as a baggage file.</Description>
    <Navigation context="source">
      <Link protocol="adapter">
        <Data key="Path" value="C:\Documents and Settings\hadfielj\My Documents\CBIIT Projects\NCIA\NCIA 4.0 user guide and online help\Getting Started.fm" />
        <Data key="DocumentID" value="958C2E46356A66E2" />
        <Data key="ID" value="1119021" />
      </Link>
    </Navigation>
    <Navigation context="output">
      <wwreport:Link protocol="uri" xmlns:wwreport="urn:WebWorks-Reports-Schema">
        <wwreport:Data key="URI" value="file:///C:/Documents%20and%20Settings/hadfielj/My%20Documents/ePublisher%20Pro%20Projects/NCIA%20Online%20Help/Output/WebWorks%20Help%205.0/NCIA%20Online%20Help/Getting%20Started.2.11.html#1119021" />
      </wwreport:Link>
    </Navigation>
    <Navigation context="output">
      <Link protocol="uri">
        <Data key="URI" value="" />
      </Link>
    </Navigation>
    <Navigation context="details">
      <Link protocol="wwh5api">
        <Data key="BaseURI" value="file:///C:/Program%20Files/WebWorks/ePublisher%20Pro/Help/en" />
        <Data key="Context" value="reports" />
        <Data key="Topic" value="baggage_files" />
      </Link>
    </Navigation>
  </Entry>
  <Entry context="links" type="baggage-file" severity="message">
    <Description>File 'Searching NCIA.fm' has been processed as a baggage file.</Description>
    <Navigation context="source">
      <Link protocol="adapter">
        <Data key="Path" value="C:\Documents and Settings\hadfielj\My Documents\CBIIT Projects\NCIA\NCIA 4.0 user guide and online help\Getting Started.fm" />
        <Data key="DocumentID" value="958C2E46356A66E2" />
        <Data key="ID" value="1119021" />
      </Link>
    </Navigation>
    <Navigation context="output">
      <wwreport:Link protocol="uri" xmlns:wwreport="urn:WebWorks-Reports-Schema">
        <wwreport:Data key="URI" value="file:///C:/Documents%20and%20Settings/hadfielj/My%20Documents/ePublisher%20Pro%20Projects/NCIA%20Online%20Help/Output/WebWorks%20Help%205.0/NCIA%20Online%20Help/Getting%20Started.2.11.html#1119021" />
      </wwreport:Link>
    </Navigation>
    <Navigation context="output">
      <Link protocol="uri">
        <Data key="URI" value="" />
      </Link>
    </Navigation>
    <Navigation context="details">
      <Link protocol="wwh5api">
        <Data key="BaseURI" value="file:///C:/Program%20Files/WebWorks/ePublisher%20Pro/Help/en" />
        <Data key="Context" value="reports" />
        <Data key="Topic" value="baggage_files" />
      </Link>
    </Navigation>
  </Entry>
  <Entry context="links" type="external-url" severity="message">
    <Description>External URL link 'ncicb@pop.nci.nih.gov'.</Description>
    <Navigation context="source">
      <Link protocol="adapter">
        <Data key="Path" value="C:\Documents and Settings\hadfielj\My Documents\CBIIT Projects\NCIA\NCIA 4.0 user guide and online help\Getting Started.fm" />
        <Data key="DocumentID" value="958C2E46356A66E2" />
        <Data key="ID" value="1087242" />
      </Link>
    </Navigation>
    <Navigation context="output">
      <wwreport:Link protocol="uri" xmlns:wwreport="urn:WebWorks-Reports-Schema">
        <wwreport:Data key="URI" value="file:///C:/Documents%20and%20Settings/hadfielj/My%20Documents/ePublisher%20Pro%20Projects/NCIA%20Online%20Help/Output/WebWorks%20Help%205.0/NCIA%20Online%20Help/Getting%20Started.2.11.html#1087242" />
      </wwreport:Link>
    </Navigation>
    <Navigation context="output">
      <Link protocol="uri">
        <Data key="URI" value="ncicb@pop.nci.nih.gov" />
      </Link>
    </Navigation>
    <Navigation context="details">
      <Link protocol="wwh5api">
        <Data key="BaseURI" value="file:///C:/Program%20Files/WebWorks/ePublisher%20Pro/Help/en" />
        <Data key="Context" value="reports" />
        <Data key="Topic" value="external_URLs" />
      </Link>
    </Navigation>
  </Entry>
  <Entry context="links" type="external-url" severity="message">
    <Description>External URL link 'https://imaging.nci.nih.gov'.</Description>
    <Navigation context="source">
      <Link protocol="adapter">
        <Data key="Path" value="C:\Documents and Settings\hadfielj\My Documents\CBIIT Projects\NCIA\NCIA 4.0 user guide and online help\Getting Started.fm" />
        <Data key="DocumentID" value="958C2E46356A66E2" />
        <Data key="ID" value="1090620" />
      </Link>
    </Navigation>
    <Navigation context="output">
      <wwreport:Link protocol="uri" xmlns:wwreport="urn:WebWorks-Reports-Schema">
        <wwreport:Data key="URI" value="file:///C:/Documents%20and%20Settings/hadfielj/My%20Documents/ePublisher%20Pro%20Projects/NCIA%20Online%20Help/Output/WebWorks%20Help%205.0/NCIA%20Online%20Help/Getting%20Started.2.14.html#1090620" />
      </wwreport:Link>
    </Navigation>
    <Navigation context="output">
      <Link protocol="uri">
        <Data key="URI" value="https://imaging.nci.nih.gov" />
      </Link>
    </Navigation>
    <Navigation context="details">
      <Link protocol="wwh5api">
        <Data key="BaseURI" value="file:///C:/Program%20Files/WebWorks/ePublisher%20Pro/Help/en" />
        <Data key="Context" value="reports" />
        <Data key="Topic" value="external_URLs" />
      </Link>
    </Navigation>
  </Entry>
  <Entry context="links" type="external-url" severity="message">
    <Description>External URL link 'http://www.macromedia.com/shockwave/download/download.cgi?P1_Prod_Version=ShockwaveFlash'.</Description>
    <Navigation context="source">
      <Link protocol="adapter">
        <Data key="Path" value="C:\Documents and Settings\hadfielj\My Documents\CBIIT Projects\NCIA\NCIA 4.0 user guide and online help\Getting Started.fm" />
        <Data key="DocumentID" value="958C2E46356A66E2" />
        <Data key="ID" value="1087889" />
      </Link>
    </Navigation>
    <Navigation context="output">
      <wwreport:Link protocol="uri" xmlns:wwreport="urn:WebWorks-Reports-Schema">
        <wwreport:Data key="URI" value="file:///C:/Documents%20and%20Settings/hadfielj/My%20Documents/ePublisher%20Pro%20Projects/NCIA%20Online%20Help/Output/WebWorks%20Help%205.0/NCIA%20Online%20Help/Getting%20Started.2.16.html#1087889" />
      </wwreport:Link>
    </Navigation>
    <Navigation context="output">
      <Link protocol="uri">
        <Data key="URI" value="http://www.macromedia.com/shockwave/download/download.cgi?P1_Prod_Version=ShockwaveFlash" />
      </Link>
    </Navigation>
    <Navigation context="details">
      <Link protocol="wwh5api">
        <Data key="BaseURI" value="file:///C:/Program%20Files/WebWorks/ePublisher%20Pro/Help/en" />
        <Data key="Context" value="reports" />
        <Data key="Topic" value="external_URLs" />
      </Link>
    </Navigation>
  </Entry>
  <Entry context="links" type="external-url" severity="message">
    <Description>External URL link 'http://www.macromedia.com/shockwave/download/download.cgi?P1_Prod_Version=ShockwaveFlash'.</Description>
    <Navigation context="source">
      <Link protocol="adapter">
        <Data key="Path" value="C:\Documents and Settings\hadfielj\My Documents\CBIIT Projects\NCIA\NCIA 4.0 user guide and online help\Getting Started.fm" />
        <Data key="DocumentID" value="958C2E46356A66E2" />
        <Data key="ID" value="1087889" />
      </Link>
    </Navigation>
    <Navigation context="output">
      <wwreport:Link protocol="uri" xmlns:wwreport="urn:WebWorks-Reports-Schema">
        <wwreport:Data key="URI" value="file:///C:/Documents%20and%20Settings/hadfielj/My%20Documents/ePublisher%20Pro%20Projects/NCIA%20Online%20Help/Output/WebWorks%20Help%205.0/NCIA%20Online%20Help/Getting%20Started.2.16.html#1087889" />
      </wwreport:Link>
    </Navigation>
    <Navigation context="output">
      <Link protocol="uri">
        <Data key="URI" value="http://www.macromedia.com/shockwave/download/download.cgi?P1_Prod_Version=ShockwaveFlash" />
      </Link>
    </Navigation>
    <Navigation context="details">
      <Link protocol="wwh5api">
        <Data key="BaseURI" value="file:///C:/Program%20Files/WebWorks/ePublisher%20Pro/Help/en" />
        <Data key="Context" value="reports" />
        <Data key="Topic" value="external_URLs" />
      </Link>
    </Navigation>
  </Entry>
  <Entry context="links" type="external-url" severity="message">
    <Description>External URL link 'http://ncicb.nci.nih.gov/download/'.</Description>
    <Navigation context="source">
      <Link protocol="adapter">
        <Data key="Path" value="C:\Documents and Settings\hadfielj\My Documents\CBIIT Projects\NCIA\NCIA 4.0 user guide and online help\Getting Started.fm" />
        <Data key="DocumentID" value="958C2E46356A66E2" />
        <Data key="ID" value="1088671" />
      </Link>
    </Navigation>
    <Navigation context="output">
      <wwreport:Link protocol="uri" xmlns:wwreport="urn:WebWorks-Reports-Schema">
        <wwreport:Data key="URI" value="file:///C:/Documents%20and%20Settings/hadfielj/My%20Documents/ePublisher%20Pro%20Projects/NCIA%20Online%20Help/Output/WebWorks%20Help%205.0/NCIA%20Online%20Help/Getting%20Started.2.17.html#1088671" />
      </wwreport:Link>
    </Navigation>
    <Navigation context="output">
      <Link protocol="uri">
        <Data key="URI" value="http://ncicb.nci.nih.gov/download/" />
      </Link>
    </Navigation>
    <Navigation context="details">
      <Link protocol="wwh5api">
        <Data key="BaseURI" value="file:///C:/Program%20Files/WebWorks/ePublisher%20Pro/Help/en" />
        <Data key="Context" value="reports" />
        <Data key="Topic" value="external_URLs" />
      </Link>
    </Navigation>
  </Entry>
  <Entry context="links" type="external-url" severity="message">
    <Description>External URL link 'http://ncicb.nci.nih.gov/NCICB/support'.</Description>
    <Navigation context="source">
      <Link protocol="adapter">
        <Data key="Path" value="C:\Documents and Settings\hadfielj\My Documents\CBIIT Projects\NCIA\NCIA 4.0 user guide and online help\Getting Started.fm" />
        <Data key="DocumentID" value="958C2E46356A66E2" />
        <Data key="ID" value="1103469" />
      </Link>
    </Navigation>
    <Navigation context="output">
      <wwreport:Link protocol="uri" xmlns:wwreport="urn:WebWorks-Reports-Schema">
        <wwreport:Data key="URI" value="file:///C:/Documents%20and%20Settings/hadfielj/My%20Documents/ePublisher%20Pro%20Projects/NCIA%20Online%20Help/Output/WebWorks%20Help%205.0/NCIA%20Online%20Help/Getting%20Started.2.18.html#1103469" />
      </wwreport:Link>
    </Navigation>
    <Navigation context="output">
      <Link protocol="uri">
        <Data key="URI" value="http://ncicb.nci.nih.gov/NCICB/support" />
      </Link>
    </Navigation>
    <Navigation context="details">
      <Link protocol="wwh5api">
        <Data key="BaseURI" value="file:///C:/Program%20Files/WebWorks/ePublisher%20Pro/Help/en" />
        <Data key="Context" value="reports" />
        <Data key="Topic" value="external_URLs" />
      </Link>
    </Navigation>
  </Entry>
  <Entry context="links" type="external-url" severity="message">
    <Description>External URL link 'http://medical.nema.org/'.</Description>
    <Navigation context="source">
      <Link protocol="adapter">
        <Data key="Path" value="C:\Documents and Settings\hadfielj\My Documents\CBIIT Projects\NCIA\NCIA 4.0 user guide and online help\Searching NCIA.fm" />
        <Data key="DocumentID" value="ADAB656448BED80" />
        <Data key="ID" value="1146556" />
      </Link>
    </Navigation>
    <Navigation context="output">
      <wwreport:Link protocol="uri" xmlns:wwreport="urn:WebWorks-Reports-Schema">
        <wwreport:Data key="URI" value="file:///C:/Documents%20and%20Settings/hadfielj/My%20Documents/ePublisher%20Pro%20Projects/NCIA%20Online%20Help/Output/WebWorks%20Help%205.0/NCIA%20Online%20Help/Searching%20NCIA.3.8.html#1146556" />
      </wwreport:Link>
    </Navigation>
    <Navigation context="output">
      <Link protocol="uri">
        <Data key="URI" value="http://medical.nema.org/" />
      </Link>
    </Navigation>
    <Navigation context="details">
      <Link protocol="wwh5api">
        <Data key="BaseURI" value="file:///C:/Program%20Files/WebWorks/ePublisher%20Pro/Help/en" />
        <Data key="Context" value="reports" />
        <Data key="Topic" value="external_URLs" />
      </Link>
    </Navigation>
  </Entry>
  <Entry context="links" type="external-url" severity="message">
    <Description>External URL link 'http://medical.nema.org/'.</Description>
    <Navigation context="source">
      <Link protocol="adapter">
        <Data key="Path" value="C:\Documents and Settings\hadfielj\My Documents\CBIIT Projects\NCIA\NCIA 4.0 user guide and online help\Searching NCIA.fm" />
        <Data key="DocumentID" value="ADAB656448BED80" />
        <Data key="ID" value="1146556" />
      </Link>
    </Navigation>
    <Navigation context="output">
      <wwreport:Link protocol="uri" xmlns:wwreport="urn:WebWorks-Reports-Schema">
        <wwreport:Data key="URI" value="file:///C:/Documents%20and%20Settings/hadfielj/My%20Documents/ePublisher%20Pro%20Projects/NCIA%20Online%20Help/Output/WebWorks%20Help%205.0/NCIA%20Online%20Help/Searching%20NCIA.3.8.html#1146556" />
      </wwreport:Link>
    </Navigation>
    <Navigation context="output">
      <Link protocol="uri">
        <Data key="URI" value="http://medical.nema.org/" />
      </Link>
    </Navigation>
    <Navigation context="details">
      <Link protocol="wwh5api">
        <Data key="BaseURI" value="file:///C:/Program%20Files/WebWorks/ePublisher%20Pro/Help/en" />
        <Data key="Context" value="reports" />
        <Data key="Topic" value="external_URLs" />
      </Link>
    </Navigation>
  </Entry>
  <Entry context="links" type="external-url" severity="message">
    <Description>External URL link 'http://ncicb.nci.nih.gov/download'.</Description>
    <Navigation context="source">
      <Link protocol="adapter">
        <Data key="Path" value="C:\Documents and Settings\hadfielj\My Documents\CBIIT Projects\NCIA\NCIA 4.0 user guide and online help\Searching NCIA.fm" />
        <Data key="DocumentID" value="ADAB656448BED80" />
        <Data key="ID" value="1146624" />
      </Link>
    </Navigation>
    <Navigation context="output">
      <wwreport:Link protocol="uri" xmlns:wwreport="urn:WebWorks-Reports-Schema">
        <wwreport:Data key="URI" value="file:///C:/Documents%20and%20Settings/hadfielj/My%20Documents/ePublisher%20Pro%20Projects/NCIA%20Online%20Help/Output/WebWorks%20Help%205.0/NCIA%20Online%20Help/Searching%20NCIA.3.17.html#1146624" />
      </wwreport:Link>
    </Navigation>
    <Navigation context="output">
      <Link protocol="uri">
        <Data key="URI" value="http://ncicb.nci.nih.gov/download" />
      </Link>
    </Navigation>
    <Navigation context="details">
      <Link protocol="wwh5api">
        <Data key="BaseURI" value="file:///C:/Program%20Files/WebWorks/ePublisher%20Pro/Help/en" />
        <Data key="Context" value="reports" />
        <Data key="Topic" value="external_URLs" />
      </Link>
    </Navigation>
  </Entry>
  <Entry context="links" type="external-url" severity="message">
    <Description>External URL link 'http://prdownloads.sourceforge.net/filezilla/FileZilla_2_2_16_setup.exe?download'.</Description>
    <Navigation context="source">
      <Link protocol="adapter">
        <Data key="Path" value="C:\Documents and Settings\hadfielj\My Documents\CBIIT Projects\NCIA\NCIA 4.0 user guide and online help\Searching NCIA.fm" />
        <Data key="DocumentID" value="ADAB656448BED80" />
        <Data key="ID" value="1070242" />
      </Link>
    </Navigation>
    <Navigation context="output">
      <wwreport:Link protocol="uri" xmlns:wwreport="urn:WebWorks-Reports-Schema">
        <wwreport:Data key="URI" value="file:///C:/Documents%20and%20Settings/hadfielj/My%20Documents/ePublisher%20Pro%20Projects/NCIA%20Online%20Help/Output/WebWorks%20Help%205.0/NCIA%20Online%20Help/Searching%20NCIA.3.23.html#1070242" />
      </wwreport:Link>
    </Navigation>
    <Navigation context="output">
      <Link protocol="uri">
        <Data key="URI" value="http://prdownloads.sourceforge.net/filezilla/FileZilla_2_2_16_setup.exe?download" />
      </Link>
    </Navigation>
    <Navigation context="details">
      <Link protocol="wwh5api">
        <Data key="BaseURI" value="file:///C:/Program%20Files/WebWorks/ePublisher%20Pro/Help/en" />
        <Data key="Context" value="reports" />
        <Data key="Topic" value="external_URLs" />
      </Link>
    </Navigation>
  </Entry>
  <Entry context="links" type="external-url" severity="message">
    <Description>External URL link 'http://prdownloads.sourceforge.net/filezilla/FileZilla_2_2_16_setup.exe?download'.</Description>
    <Navigation context="source">
      <Link protocol="adapter">
        <Data key="Path" value="C:\Documents and Settings\hadfielj\My Documents\CBIIT Projects\NCIA\NCIA 4.0 user guide and online help\Searching NCIA.fm" />
        <Data key="DocumentID" value="ADAB656448BED80" />
        <Data key="ID" value="1096269" />
      </Link>
    </Navigation>
    <Navigation context="output">
      <wwreport:Link protocol="uri" xmlns:wwreport="urn:WebWorks-Reports-Schema">
        <wwreport:Data key="URI" value="file:///C:/Documents%20and%20Settings/hadfielj/My%20Documents/ePublisher%20Pro%20Projects/NCIA%20Online%20Help/Output/WebWorks%20Help%205.0/NCIA%20Online%20Help/Searching%20NCIA.3.23.html#1096269" />
      </wwreport:Link>
    </Navigation>
    <Navigation context="output">
      <Link protocol="uri">
        <Data key="URI" value="http://prdownloads.sourceforge.net/filezilla/FileZilla_2_2_16_setup.exe?download" />
      </Link>
    </Navigation>
    <Navigation context="details">
      <Link protocol="wwh5api">
        <Data key="BaseURI" value="file:///C:/Program%20Files/WebWorks/ePublisher%20Pro/Help/en" />
        <Data key="Context" value="reports" />
        <Data key="Topic" value="external_URLs" />
      </Link>
    </Navigation>
  </Entry>
  <Entry context="links" type="external-url" severity="message">
    <Description>External URL link 'http://www.versiontracker.com/dyn/moreinfo/macosx/3107'.</Description>
    <Navigation context="source">
      <Link protocol="adapter">
        <Data key="Path" value="C:\Documents and Settings\hadfielj\My Documents\CBIIT Projects\NCIA\NCIA 4.0 user guide and online help\Searching NCIA.fm" />
        <Data key="DocumentID" value="ADAB656448BED80" />
        <Data key="ID" value="1070244" />
      </Link>
    </Navigation>
    <Navigation context="output">
      <wwreport:Link protocol="uri" xmlns:wwreport="urn:WebWorks-Reports-Schema">
        <wwreport:Data key="URI" value="file:///C:/Documents%20and%20Settings/hadfielj/My%20Documents/ePublisher%20Pro%20Projects/NCIA%20Online%20Help/Output/WebWorks%20Help%205.0/NCIA%20Online%20Help/Searching%20NCIA.3.23.html#1070244" />
      </wwreport:Link>
    </Navigation>
    <Navigation context="output">
      <Link protocol="uri">
        <Data key="URI" value="http://www.versiontracker.com/dyn/moreinfo/macosx/3107" />
      </Link>
    </Navigation>
    <Navigation context="details">
      <Link protocol="wwh5api">
        <Data key="BaseURI" value="file:///C:/Program%20Files/WebWorks/ePublisher%20Pro/Help/en" />
        <Data key="Context" value="reports" />
        <Data key="Topic" value="external_URLs" />
      </Link>
    </Navigation>
  </Entry>
  <Entry context="links" type="external-url" severity="message">
    <Description>External URL link 'http://www.versiontracker.com/dyn/moreinfo/macosx/3107'.</Description>
    <Navigation context="source">
      <Link protocol="adapter">
        <Data key="Path" value="C:\Documents and Settings\hadfielj\My Documents\CBIIT Projects\NCIA\NCIA 4.0 user guide and online help\Searching NCIA.fm" />
        <Data key="DocumentID" value="ADAB656448BED80" />
        <Data key="ID" value="1070244" />
      </Link>
    </Navigation>
    <Navigation context="output">
      <wwreport:Link protocol="uri" xmlns:wwreport="urn:WebWorks-Reports-Schema">
        <wwreport:Data key="URI" value="file:///C:/Documents%20and%20Settings/hadfielj/My%20Documents/ePublisher%20Pro%20Projects/NCIA%20Online%20Help/Output/WebWorks%20Help%205.0/NCIA%20Online%20Help/Searching%20NCIA.3.23.html#1070244" />
      </wwreport:Link>
    </Navigation>
    <Navigation context="output">
      <Link protocol="uri">
        <Data key="URI" value="http://www.versiontracker.com/dyn/moreinfo/macosx/3107" />
      </Link>
    </Navigation>
    <Navigation context="details">
      <Link protocol="wwh5api">
        <Data key="BaseURI" value="file:///C:/Program%20Files/WebWorks/ePublisher%20Pro/Help/en" />
        <Data key="Context" value="reports" />
        <Data key="Topic" value="external_URLs" />
      </Link>
    </Navigation>
  </Entry>
  <Entry context="links" type="external-url" severity="message">
    <Description>External URL link 'http://fetchsoftworks.com/'.</Description>
    <Navigation context="source">
      <Link protocol="adapter">
        <Data key="Path" value="C:\Documents and Settings\hadfielj\My Documents\CBIIT Projects\NCIA\NCIA 4.0 user guide and online help\Searching NCIA.fm" />
        <Data key="DocumentID" value="ADAB656448BED80" />
        <Data key="ID" value="1085096" />
      </Link>
    </Navigation>
    <Navigation context="output">
      <wwreport:Link protocol="uri" xmlns:wwreport="urn:WebWorks-Reports-Schema">
        <wwreport:Data key="URI" value="file:///C:/Documents%20and%20Settings/hadfielj/My%20Documents/ePublisher%20Pro%20Projects/NCIA%20Online%20Help/Output/WebWorks%20Help%205.0/NCIA%20Online%20Help/Searching%20NCIA.3.23.html#1085096" />
      </wwreport:Link>
    </Navigation>
    <Navigation context="output">
      <Link protocol="uri">
        <Data key="URI" value="http://fetchsoftworks.com/" />
      </Link>
    </Navigation>
    <Navigation context="details">
      <Link protocol="wwh5api">
        <Data key="BaseURI" value="file:///C:/Program%20Files/WebWorks/ePublisher%20Pro/Help/en" />
        <Data key="Context" value="reports" />
        <Data key="Topic" value="external_URLs" />
      </Link>
    </Navigation>
  </Entry>
  <Entry context="links" type="external-url" severity="message">
    <Description>External URL link 'curl ftp://imaging.nci.nih.gov'.</Description>
    <Navigation context="source">
      <Link protocol="adapter">
        <Data key="Path" value="C:\Documents and Settings\hadfielj\My Documents\CBIIT Projects\NCIA\NCIA 4.0 user guide and online help\Searching NCIA.fm" />
        <Data key="DocumentID" value="ADAB656448BED80" />
        <Data key="ID" value="1085097" />
      </Link>
    </Navigation>
    <Navigation context="output">
      <wwreport:Link protocol="uri" xmlns:wwreport="urn:WebWorks-Reports-Schema">
        <wwreport:Data key="URI" value="file:///C:/Documents%20and%20Settings/hadfielj/My%20Documents/ePublisher%20Pro%20Projects/NCIA%20Online%20Help/Output/WebWorks%20Help%205.0/NCIA%20Online%20Help/Searching%20NCIA.3.23.html#1085097" />
      </wwreport:Link>
    </Navigation>
    <Navigation context="output">
      <Link protocol="uri">
        <Data key="URI" value="curl ftp://imaging.nci.nih.gov" />
      </Link>
    </Navigation>
    <Navigation context="details">
      <Link protocol="wwh5api">
        <Data key="BaseURI" value="file:///C:/Program%20Files/WebWorks/ePublisher%20Pro/Help/en" />
        <Data key="Context" value="reports" />
        <Data key="Topic" value="external_URLs" />
      </Link>
    </Navigation>
  </Entry>
  <Entry context="links" type="external-url" severity="message">
    <Description>External URL link 'ftp://imaging.nci.nih.gov/'.</Description>
    <Navigation context="source">
      <Link protocol="adapter">
        <Data key="Path" value="C:\Documents and Settings\hadfielj\My Documents\CBIIT Projects\NCIA\NCIA 4.0 user guide and online help\Searching NCIA.fm" />
        <Data key="DocumentID" value="ADAB656448BED80" />
        <Data key="ID" value="1095032" />
      </Link>
    </Navigation>
    <Navigation context="output">
      <wwreport:Link protocol="uri" xmlns:wwreport="urn:WebWorks-Reports-Schema">
        <wwreport:Data key="URI" value="file:///C:/Documents%20and%20Settings/hadfielj/My%20Documents/ePublisher%20Pro%20Projects/NCIA%20Online%20Help/Output/WebWorks%20Help%205.0/NCIA%20Online%20Help/Searching%20NCIA.3.23.html#1095032" />
      </wwreport:Link>
    </Navigation>
    <Navigation context="output">
      <Link protocol="uri">
        <Data key="URI" value="ftp://imaging.nci.nih.gov/" />
      </Link>
    </Navigation>
    <Navigation context="details">
      <Link protocol="wwh5api">
        <Data key="BaseURI" value="file:///C:/Program%20Files/WebWorks/ePublisher%20Pro/Help/en" />
        <Data key="Context" value="reports" />
        <Data key="Topic" value="external_URLs" />
      </Link>
    </Navigation>
  </Entry>
  <Entry context="links" type="external-url" severity="message">
    <Description>External URL link 'http://medical.nema.org/'.</Description>
    <Navigation context="source">
      <Link protocol="adapter">
        <Data key="Path" value="C:\Documents and Settings\hadfielj\My Documents\CBIIT Projects\NCIA\NCIA 4.0 user guide and online help\Searching NCIA.fm" />
        <Data key="DocumentID" value="ADAB656448BED80" />
        <Data key="ID" value="1070599" />
      </Link>
    </Navigation>
    <Navigation context="output">
      <wwreport:Link protocol="uri" xmlns:wwreport="urn:WebWorks-Reports-Schema">
        <wwreport:Data key="URI" value="file:///C:/Documents%20and%20Settings/hadfielj/My%20Documents/ePublisher%20Pro%20Projects/NCIA%20Online%20Help/Output/WebWorks%20Help%205.0/NCIA%20Online%20Help/Searching%20NCIA.3.24.html#1070599" />
      </wwreport:Link>
    </Navigation>
    <Navigation context="output">
      <Link protocol="uri">
        <Data key="URI" value="http://medical.nema.org/" />
      </Link>
    </Navigation>
    <Navigation context="details">
      <Link protocol="wwh5api">
        <Data key="BaseURI" value="file:///C:/Program%20Files/WebWorks/ePublisher%20Pro/Help/en" />
        <Data key="Context" value="reports" />
        <Data key="Topic" value="external_URLs" />
      </Link>
    </Navigation>
  </Entry>
  <Entry context="links" type="external-url" severity="message">
    <Description>External URL link 'http://rsb.info.nih.gov/ij/'.</Description>
    <Navigation context="source">
      <Link protocol="adapter">
        <Data key="Path" value="C:\Documents and Settings\hadfielj\My Documents\CBIIT Projects\NCIA\NCIA 4.0 user guide and online help\Searching NCIA.fm" />
        <Data key="DocumentID" value="ADAB656448BED80" />
        <Data key="ID" value="1070600" />
      </Link>
    </Navigation>
    <Navigation context="output">
      <wwreport:Link protocol="uri" xmlns:wwreport="urn:WebWorks-Reports-Schema">
        <wwreport:Data key="URI" value="file:///C:/Documents%20and%20Settings/hadfielj/My%20Documents/ePublisher%20Pro%20Projects/NCIA%20Online%20Help/Output/WebWorks%20Help%205.0/NCIA%20Online%20Help/Searching%20NCIA.3.24.html#1070600" />
      </wwreport:Link>
    </Navigation>
    <Navigation context="output">
      <Link protocol="uri">
        <Data key="URI" value="http://rsb.info.nih.gov/ij/" />
      </Link>
    </Navigation>
    <Navigation context="details">
      <Link protocol="wwh5api">
        <Data key="BaseURI" value="file:///C:/Program%20Files/WebWorks/ePublisher%20Pro/Help/en" />
        <Data key="Context" value="reports" />
        <Data key="Topic" value="external_URLs" />
      </Link>
    </Navigation>
  </Entry>
  <Entry context="links" type="external-url" severity="message">
    <Description>External URL link 'http://rsb.info.nih.gov/ij/'.</Description>
    <Navigation context="source">
      <Link protocol="adapter">
        <Data key="Path" value="C:\Documents and Settings\hadfielj\My Documents\CBIIT Projects\NCIA\NCIA 4.0 user guide and online help\Searching NCIA.fm" />
        <Data key="DocumentID" value="ADAB656448BED80" />
        <Data key="ID" value="1070600" />
      </Link>
    </Navigation>
    <Navigation context="output">
      <wwreport:Link protocol="uri" xmlns:wwreport="urn:WebWorks-Reports-Schema">
        <wwreport:Data key="URI" value="file:///C:/Documents%20and%20Settings/hadfielj/My%20Documents/ePublisher%20Pro%20Projects/NCIA%20Online%20Help/Output/WebWorks%20Help%205.0/NCIA%20Online%20Help/Searching%20NCIA.3.24.html#1070600" />
      </wwreport:Link>
    </Navigation>
    <Navigation context="output">
      <Link protocol="uri">
        <Data key="URI" value="http://rsb.info.nih.gov/ij/" />
      </Link>
    </Navigation>
    <Navigation context="details">
      <Link protocol="wwh5api">
        <Data key="BaseURI" value="file:///C:/Program%20Files/WebWorks/ePublisher%20Pro/Help/en" />
        <Data key="Context" value="reports" />
        <Data key="Topic" value="external_URLs" />
      </Link>
    </Navigation>
  </Entry>
  <Entry context="links" type="external-url" severity="message">
    <Description>External URL link 'http://homepage.mac.com/rossetantoine/osirix/'.</Description>
    <Navigation context="source">
      <Link protocol="adapter">
        <Data key="Path" value="C:\Documents and Settings\hadfielj\My Documents\CBIIT Projects\NCIA\NCIA 4.0 user guide and online help\Searching NCIA.fm" />
        <Data key="DocumentID" value="ADAB656448BED80" />
        <Data key="ID" value="1070601" />
      </Link>
    </Navigation>
    <Navigation context="output">
      <wwreport:Link protocol="uri" xmlns:wwreport="urn:WebWorks-Reports-Schema">
        <wwreport:Data key="URI" value="file:///C:/Documents%20and%20Settings/hadfielj/My%20Documents/ePublisher%20Pro%20Projects/NCIA%20Online%20Help/Output/WebWorks%20Help%205.0/NCIA%20Online%20Help/Searching%20NCIA.3.24.html#1070601" />
      </wwreport:Link>
    </Navigation>
    <Navigation context="output">
      <Link protocol="uri">
        <Data key="URI" value="http://homepage.mac.com/rossetantoine/osirix/" />
      </Link>
    </Navigation>
    <Navigation context="details">
      <Link protocol="wwh5api">
        <Data key="BaseURI" value="file:///C:/Program%20Files/WebWorks/ePublisher%20Pro/Help/en" />
        <Data key="Context" value="reports" />
        <Data key="Topic" value="external_URLs" />
      </Link>
    </Navigation>
  </Entry>
  <Entry context="links" type="external-url" severity="message">
    <Description>External URL link 'http://www.dicomworks.com/'.</Description>
    <Navigation context="source">
      <Link protocol="adapter">
        <Data key="Path" value="C:\Documents and Settings\hadfielj\My Documents\CBIIT Projects\NCIA\NCIA 4.0 user guide and online help\Searching NCIA.fm" />
        <Data key="DocumentID" value="ADAB656448BED80" />
        <Data key="ID" value="1070602" />
      </Link>
    </Navigation>
    <Navigation context="output">
      <wwreport:Link protocol="uri" xmlns:wwreport="urn:WebWorks-Reports-Schema">
        <wwreport:Data key="URI" value="file:///C:/Documents%20and%20Settings/hadfielj/My%20Documents/ePublisher%20Pro%20Projects/NCIA%20Online%20Help/Output/WebWorks%20Help%205.0/NCIA%20Online%20Help/Searching%20NCIA.3.24.html#1070602" />
      </wwreport:Link>
    </Navigation>
    <Navigation context="output">
      <Link protocol="uri">
        <Data key="URI" value="http://www.dicomworks.com/" />
      </Link>
    </Navigation>
    <Navigation context="details">
      <Link protocol="wwh5api">
        <Data key="BaseURI" value="file:///C:/Program%20Files/WebWorks/ePublisher%20Pro/Help/en" />
        <Data key="Context" value="reports" />
        <Data key="Topic" value="external_URLs" />
      </Link>
    </Navigation>
  </Entry>
  <Entry context="links" type="external-url" severity="message">
    <Description>External URL link 'http://medical.nema.org/'.</Description>
    <Navigation context="source">
      <Link protocol="adapter">
        <Data key="Path" value="C:\Documents and Settings\hadfielj\My Documents\CBIIT Projects\NCIA\NCIA 4.0 user guide and online help\NCIA admin.fm" />
        <Data key="DocumentID" value="10DF3999ED8F082" />
        <Data key="ID" value="1091978" />
      </Link>
    </Navigation>
    <Navigation context="output">
      <wwreport:Link protocol="uri" xmlns:wwreport="urn:WebWorks-Reports-Schema">
        <wwreport:Data key="URI" value="file:///C:/Documents%20and%20Settings/hadfielj/My%20Documents/ePublisher%20Pro%20Projects/NCIA%20Online%20Help/Output/WebWorks%20Help%205.0/NCIA%20Online%20Help/NCIA%20admin.4.3.html#1091978" />
      </wwreport:Link>
    </Navigation>
    <Navigation context="output">
      <Link protocol="uri">
        <Data key="URI" value="http://medical.nema.org/" />
      </Link>
    </Navigation>
    <Navigation context="details">
      <Link protocol="wwh5api">
        <Data key="BaseURI" value="file:///C:/Program%20Files/WebWorks/ePublisher%20Pro/Help/en" />
        <Data key="Context" value="reports" />
        <Data key="Topic" value="external_URLs" />
      </Link>
    </Navigation>
  </Entry>
  <Entry context="links" type="external-url" severity="message">
    <Description>External URL link 'http://medical.nema.org/'.</Description>
    <Navigation context="source">
      <Link protocol="adapter">
        <Data key="Path" value="C:\Documents and Settings\hadfielj\My Documents\CBIIT Projects\NCIA\NCIA 4.0 user guide and online help\NCIA admin.fm" />
        <Data key="DocumentID" value="10DF3999ED8F082" />
        <Data key="ID" value="1091978" />
      </Link>
    </Navigation>
    <Navigation context="output">
      <wwreport:Link protocol="uri" xmlns:wwreport="urn:WebWorks-Reports-Schema">
        <wwreport:Data key="URI" value="file:///C:/Documents%20and%20Settings/hadfielj/My%20Documents/ePublisher%20Pro%20Projects/NCIA%20Online%20Help/Output/WebWorks%20Help%205.0/NCIA%20Online%20Help/NCIA%20admin.4.3.html#1091978" />
      </wwreport:Link>
    </Navigation>
    <Navigation context="output">
      <Link protocol="uri">
        <Data key="URI" value="http://medical.nema.org/" />
      </Link>
    </Navigation>
    <Navigation context="details">
      <Link protocol="wwh5api">
        <Data key="BaseURI" value="file:///C:/Program%20Files/WebWorks/ePublisher%20Pro/Help/en" />
        <Data key="Context" value="reports" />
        <Data key="Topic" value="external_URLs" />
      </Link>
    </Navigation>
  </Entry>
  <Entry context="links" type="external-url" severity="message">
    <Description>External URL link 'http://prdownloads.sourceforge.net/filezilla/FileZilla_2_2_16_setup.exe?download'.</Description>
    <Navigation context="source">
      <Link protocol="adapter">
        <Data key="Path" value="C:\Documents and Settings\hadfielj\My Documents\CBIIT Projects\NCIA\NCIA 4.0 user guide and online help\appdix references.fm" />
        <Data key="DocumentID" value="AD46484F606FB049" />
        <Data key="ID" value="1058212" />
      </Link>
    </Navigation>
    <Navigation context="output">
      <wwreport:Link protocol="uri" xmlns:wwreport="urn:WebWorks-Reports-Schema">
        <wwreport:Data key="URI" value="file:///C:/Documents%20and%20Settings/hadfielj/My%20Documents/ePublisher%20Pro%20Projects/NCIA%20Online%20Help/Output/WebWorks%20Help%205.0/NCIA%20Online%20Help/appdix%20references.5.2.html#1058212" />
      </wwreport:Link>
    </Navigation>
    <Navigation context="output">
      <Link protocol="uri">
        <Data key="URI" value="http://prdownloads.sourceforge.net/filezilla/FileZilla_2_2_16_setup.exe?download" />
      </Link>
    </Navigation>
    <Navigation context="details">
      <Link protocol="wwh5api">
        <Data key="BaseURI" value="file:///C:/Program%20Files/WebWorks/ePublisher%20Pro/Help/en" />
        <Data key="Context" value="reports" />
        <Data key="Topic" value="external_URLs" />
      </Link>
    </Navigation>
  </Entry>
  <Entry context="links" type="external-url" severity="message">
    <Description>External URL link 'http://www.versiontracker.com/dyn/moreinfo/macosx/3107'.</Description>
    <Navigation context="source">
      <Link protocol="adapter">
        <Data key="Path" value="C:\Documents and Settings\hadfielj\My Documents\CBIIT Projects\NCIA\NCIA 4.0 user guide and online help\appdix references.fm" />
        <Data key="DocumentID" value="AD46484F606FB049" />
        <Data key="ID" value="1058215" />
      </Link>
    </Navigation>
    <Navigation context="output">
      <wwreport:Link protocol="uri" xmlns:wwreport="urn:WebWorks-Reports-Schema">
        <wwreport:Data key="URI" value="file:///C:/Documents%20and%20Settings/hadfielj/My%20Documents/ePublisher%20Pro%20Projects/NCIA%20Online%20Help/Output/WebWorks%20Help%205.0/NCIA%20Online%20Help/appdix%20references.5.2.html#1058215" />
      </wwreport:Link>
    </Navigation>
    <Navigation context="output">
      <Link protocol="uri">
        <Data key="URI" value="http://www.versiontracker.com/dyn/moreinfo/macosx/3107" />
      </Link>
    </Navigation>
    <Navigation context="details">
      <Link protocol="wwh5api">
        <Data key="BaseURI" value="file:///C:/Program%20Files/WebWorks/ePublisher%20Pro/Help/en" />
        <Data key="Context" value="reports" />
        <Data key="Topic" value="external_URLs" />
      </Link>
    </Navigation>
  </Entry>
  <Entry context="links" type="external-url" severity="message">
    <Description>External URL link 'http://www.versiontracker.com/dyn/moreinfo/macosx/3107'.</Description>
    <Navigation context="source">
      <Link protocol="adapter">
        <Data key="Path" value="C:\Documents and Settings\hadfielj\My Documents\CBIIT Projects\NCIA\NCIA 4.0 user guide and online help\appdix references.fm" />
        <Data key="DocumentID" value="AD46484F606FB049" />
        <Data key="ID" value="1058215" />
      </Link>
    </Navigation>
    <Navigation context="output">
      <wwreport:Link protocol="uri" xmlns:wwreport="urn:WebWorks-Reports-Schema">
        <wwreport:Data key="URI" value="file:///C:/Documents%20and%20Settings/hadfielj/My%20Documents/ePublisher%20Pro%20Projects/NCIA%20Online%20Help/Output/WebWorks%20Help%205.0/NCIA%20Online%20Help/appdix%20references.5.2.html#1058215" />
      </wwreport:Link>
    </Navigation>
    <Navigation context="output">
      <Link protocol="uri">
        <Data key="URI" value="http://www.versiontracker.com/dyn/moreinfo/macosx/3107" />
      </Link>
    </Navigation>
    <Navigation context="details">
      <Link protocol="wwh5api">
        <Data key="BaseURI" value="file:///C:/Program%20Files/WebWorks/ePublisher%20Pro/Help/en" />
        <Data key="Context" value="reports" />
        <Data key="Topic" value="external_URLs" />
      </Link>
    </Navigation>
  </Entry>
  <Entry context="links" type="external-url" severity="message">
    <Description>External URL link 'http://fetchsoftworks.com/'.</Description>
    <Navigation context="source">
      <Link protocol="adapter">
        <Data key="Path" value="C:\Documents and Settings\hadfielj\My Documents\CBIIT Projects\NCIA\NCIA 4.0 user guide and online help\appdix references.fm" />
        <Data key="DocumentID" value="AD46484F606FB049" />
        <Data key="ID" value="1058217" />
      </Link>
    </Navigation>
    <Navigation context="output">
      <wwreport:Link protocol="uri" xmlns:wwreport="urn:WebWorks-Reports-Schema">
        <wwreport:Data key="URI" value="file:///C:/Documents%20and%20Settings/hadfielj/My%20Documents/ePublisher%20Pro%20Projects/NCIA%20Online%20Help/Output/WebWorks%20Help%205.0/NCIA%20Online%20Help/appdix%20references.5.2.html#1058217" />
      </wwreport:Link>
    </Navigation>
    <Navigation context="output">
      <Link protocol="uri">
        <Data key="URI" value="http://fetchsoftworks.com/" />
      </Link>
    </Navigation>
    <Navigation context="details">
      <Link protocol="wwh5api">
        <Data key="BaseURI" value="file:///C:/Program%20Files/WebWorks/ePublisher%20Pro/Help/en" />
        <Data key="Context" value="reports" />
        <Data key="Topic" value="external_URLs" />
      </Link>
    </Navigation>
  </Entry>
  <Entry context="links" type="external-url" severity="message">
    <Description>External URL link 'http://fetchsoftworks.com/'.</Description>
    <Navigation context="source">
      <Link protocol="adapter">
        <Data key="Path" value="C:\Documents and Settings\hadfielj\My Documents\CBIIT Projects\NCIA\NCIA 4.0 user guide and online help\appdix references.fm" />
        <Data key="DocumentID" value="AD46484F606FB049" />
        <Data key="ID" value="1058217" />
      </Link>
    </Navigation>
    <Navigation context="output">
      <wwreport:Link protocol="uri" xmlns:wwreport="urn:WebWorks-Reports-Schema">
        <wwreport:Data key="URI" value="file:///C:/Documents%20and%20Settings/hadfielj/My%20Documents/ePublisher%20Pro%20Projects/NCIA%20Online%20Help/Output/WebWorks%20Help%205.0/NCIA%20Online%20Help/appdix%20references.5.2.html#1058217" />
      </wwreport:Link>
    </Navigation>
    <Navigation context="output">
      <Link protocol="uri">
        <Data key="URI" value="http://fetchsoftworks.com/" />
      </Link>
    </Navigation>
    <Navigation context="details">
      <Link protocol="wwh5api">
        <Data key="BaseURI" value="file:///C:/Program%20Files/WebWorks/ePublisher%20Pro/Help/en" />
        <Data key="Context" value="reports" />
        <Data key="Topic" value="external_URLs" />
      </Link>
    </Navigation>
  </Entry>
  <Entry context="links" type="external-url" severity="message">
    <Description>External URL link 'http://medical.nema.org/'.</Description>
    <Navigation context="source">
      <Link protocol="adapter">
        <Data key="Path" value="C:\Documents and Settings\hadfielj\My Documents\CBIIT Projects\NCIA\NCIA 4.0 user guide and online help\appdix references.fm" />
        <Data key="DocumentID" value="AD46484F606FB049" />
        <Data key="ID" value="1058306" />
      </Link>
    </Navigation>
    <Navigation context="output">
      <wwreport:Link protocol="uri" xmlns:wwreport="urn:WebWorks-Reports-Schema">
        <wwreport:Data key="URI" value="file:///C:/Documents%20and%20Settings/hadfielj/My%20Documents/ePublisher%20Pro%20Projects/NCIA%20Online%20Help/Output/WebWorks%20Help%205.0/NCIA%20Online%20Help/appdix%20references.5.3.html#1058306" />
      </wwreport:Link>
    </Navigation>
    <Navigation context="output">
      <Link protocol="uri">
        <Data key="URI" value="http://medical.nema.org/" />
      </Link>
    </Navigation>
    <Navigation context="details">
      <Link protocol="wwh5api">
        <Data key="BaseURI" value="file:///C:/Program%20Files/WebWorks/ePublisher%20Pro/Help/en" />
        <Data key="Context" value="reports" />
        <Data key="Topic" value="external_URLs" />
      </Link>
    </Navigation>
  </Entry>
  <Entry context="links" type="external-url" severity="message">
    <Description>External URL link 'http://rsb.info.nih.gov/ij/'.</Description>
    <Navigation context="source">
      <Link protocol="adapter">
        <Data key="Path" value="C:\Documents and Settings\hadfielj\My Documents\CBIIT Projects\NCIA\NCIA 4.0 user guide and online help\appdix references.fm" />
        <Data key="DocumentID" value="AD46484F606FB049" />
        <Data key="ID" value="1058221" />
      </Link>
    </Navigation>
    <Navigation context="output">
      <wwreport:Link protocol="uri" xmlns:wwreport="urn:WebWorks-Reports-Schema">
        <wwreport:Data key="URI" value="file:///C:/Documents%20and%20Settings/hadfielj/My%20Documents/ePublisher%20Pro%20Projects/NCIA%20Online%20Help/Output/WebWorks%20Help%205.0/NCIA%20Online%20Help/appdix%20references.5.3.html#1058221" />
      </wwreport:Link>
    </Navigation>
    <Navigation context="output">
      <Link protocol="uri">
        <Data key="URI" value="http://rsb.info.nih.gov/ij/" />
      </Link>
    </Navigation>
    <Navigation context="details">
      <Link protocol="wwh5api">
        <Data key="BaseURI" value="file:///C:/Program%20Files/WebWorks/ePublisher%20Pro/Help/en" />
        <Data key="Context" value="reports" />
        <Data key="Topic" value="external_URLs" />
      </Link>
    </Navigation>
  </Entry>
  <Entry context="links" type="external-url" severity="message">
    <Description>External URL link 'http://rsb.info.nih.gov/ij/'.</Description>
    <Navigation context="source">
      <Link protocol="adapter">
        <Data key="Path" value="C:\Documents and Settings\hadfielj\My Documents\CBIIT Projects\NCIA\NCIA 4.0 user guide and online help\appdix references.fm" />
        <Data key="DocumentID" value="AD46484F606FB049" />
        <Data key="ID" value="1058221" />
      </Link>
    </Navigation>
    <Navigation context="output">
      <wwreport:Link protocol="uri" xmlns:wwreport="urn:WebWorks-Reports-Schema">
        <wwreport:Data key="URI" value="file:///C:/Documents%20and%20Settings/hadfielj/My%20Documents/ePublisher%20Pro%20Projects/NCIA%20Online%20Help/Output/WebWorks%20Help%205.0/NCIA%20Online%20Help/appdix%20references.5.3.html#1058221" />
      </wwreport:Link>
    </Navigation>
    <Navigation context="output">
      <Link protocol="uri">
        <Data key="URI" value="http://rsb.info.nih.gov/ij/" />
      </Link>
    </Navigation>
    <Navigation context="details">
      <Link protocol="wwh5api">
        <Data key="BaseURI" value="file:///C:/Program%20Files/WebWorks/ePublisher%20Pro/Help/en" />
        <Data key="Context" value="reports" />
        <Data key="Topic" value="external_URLs" />
      </Link>
    </Navigation>
  </Entry>
  <Entry context="links" type="external-url" severity="message">
    <Description>External URL link 'http://homepage.mac.com/rossetantoine/osirix/'.</Description>
    <Navigation context="source">
      <Link protocol="adapter">
        <Data key="Path" value="C:\Documents and Settings\hadfielj\My Documents\CBIIT Projects\NCIA\NCIA 4.0 user guide and online help\appdix references.fm" />
        <Data key="DocumentID" value="AD46484F606FB049" />
        <Data key="ID" value="1058403" />
      </Link>
    </Navigation>
    <Navigation context="output">
      <wwreport:Link protocol="uri" xmlns:wwreport="urn:WebWorks-Reports-Schema">
        <wwreport:Data key="URI" value="file:///C:/Documents%20and%20Settings/hadfielj/My%20Documents/ePublisher%20Pro%20Projects/NCIA%20Online%20Help/Output/WebWorks%20Help%205.0/NCIA%20Online%20Help/appdix%20references.5.3.html#1058403" />
      </wwreport:Link>
    </Navigation>
    <Navigation context="output">
      <Link protocol="uri">
        <Data key="URI" value="http://homepage.mac.com/rossetantoine/osirix/" />
      </Link>
    </Navigation>
    <Navigation context="details">
      <Link protocol="wwh5api">
        <Data key="BaseURI" value="file:///C:/Program%20Files/WebWorks/ePublisher%20Pro/Help/en" />
        <Data key="Context" value="reports" />
        <Data key="Topic" value="external_URLs" />
      </Link>
    </Navigation>
  </Entry>
  <Entry context="links" type="external-url" severity="message">
    <Description>External URL link 'http://homepage.mac.com/rossetantoine/osirix/'.</Description>
    <Navigation context="source">
      <Link protocol="adapter">
        <Data key="Path" value="C:\Documents and Settings\hadfielj\My Documents\CBIIT Projects\NCIA\NCIA 4.0 user guide and online help\appdix references.fm" />
        <Data key="DocumentID" value="AD46484F606FB049" />
        <Data key="ID" value="1058403" />
      </Link>
    </Navigation>
    <Navigation context="output">
      <wwreport:Link protocol="uri" xmlns:wwreport="urn:WebWorks-Reports-Schema">
        <wwreport:Data key="URI" value="file:///C:/Documents%20and%20Settings/hadfielj/My%20Documents/ePublisher%20Pro%20Projects/NCIA%20Online%20Help/Output/WebWorks%20Help%205.0/NCIA%20Online%20Help/appdix%20references.5.3.html#1058403" />
      </wwreport:Link>
    </Navigation>
    <Navigation context="output">
      <Link protocol="uri">
        <Data key="URI" value="http://homepage.mac.com/rossetantoine/osirix/" />
      </Link>
    </Navigation>
    <Navigation context="details">
      <Link protocol="wwh5api">
        <Data key="BaseURI" value="file:///C:/Program%20Files/WebWorks/ePublisher%20Pro/Help/en" />
        <Data key="Context" value="reports" />
        <Data key="Topic" value="external_URLs" />
      </Link>
    </Navigation>
  </Entry>
  <Entry context="links" type="external-url" severity="message">
    <Description>External URL link 'http://www.dicomworks.com/'.</Description>
    <Navigation context="source">
      <Link protocol="adapter">
        <Data key="Path" value="C:\Documents and Settings\hadfielj\My Documents\CBIIT Projects\NCIA\NCIA 4.0 user guide and online help\appdix references.fm" />
        <Data key="DocumentID" value="AD46484F606FB049" />
        <Data key="ID" value="1059616" />
      </Link>
    </Navigation>
    <Navigation context="output">
      <wwreport:Link protocol="uri" xmlns:wwreport="urn:WebWorks-Reports-Schema">
        <wwreport:Data key="URI" value="file:///C:/Documents%20and%20Settings/hadfielj/My%20Documents/ePublisher%20Pro%20Projects/NCIA%20Online%20Help/Output/WebWorks%20Help%205.0/NCIA%20Online%20Help/appdix%20references.5.3.html#1059616" />
      </wwreport:Link>
    </Navigation>
    <Navigation context="output">
      <Link protocol="uri">
        <Data key="URI" value="http://www.dicomworks.com/" />
      </Link>
    </Navigation>
    <Navigation context="details">
      <Link protocol="wwh5api">
        <Data key="BaseURI" value="file:///C:/Program%20Files/WebWorks/ePublisher%20Pro/Help/en" />
        <Data key="Context" value="reports" />
        <Data key="Topic" value="external_URLs" />
      </Link>
    </Navigation>
  </Entry>
  <Entry context="links" type="external-url" severity="message">
    <Description>External URL link 'http://www.dicomworks.com/'.</Description>
    <Navigation context="source">
      <Link protocol="adapter">
        <Data key="Path" value="C:\Documents and Settings\hadfielj\My Documents\CBIIT Projects\NCIA\NCIA 4.0 user guide and online help\appdix references.fm" />
        <Data key="DocumentID" value="AD46484F606FB049" />
        <Data key="ID" value="1059616" />
      </Link>
    </Navigation>
    <Navigation context="output">
      <wwreport:Link protocol="uri" xmlns:wwreport="urn:WebWorks-Reports-Schema">
        <wwreport:Data key="URI" value="file:///C:/Documents%20and%20Settings/hadfielj/My%20Documents/ePublisher%20Pro%20Projects/NCIA%20Online%20Help/Output/WebWorks%20Help%205.0/NCIA%20Online%20Help/appdix%20references.5.3.html#1059616" />
      </wwreport:Link>
    </Navigation>
    <Navigation context="output">
      <Link protocol="uri">
        <Data key="URI" value="http://www.dicomworks.com/" />
      </Link>
    </Navigation>
    <Navigation context="details">
      <Link protocol="wwh5api">
        <Data key="BaseURI" value="file:///C:/Program%20Files/WebWorks/ePublisher%20Pro/Help/en" />
        <Data key="Context" value="reports" />
        <Data key="Topic" value="external_URLs" />
      </Link>
    </Navigation>
  </Entry>
  <Entry context="links" type="external-url" severity="message">
    <Description>External URL link 'http://ncicb.nci.nih.gov/download'.</Description>
    <Navigation context="source">
      <Link protocol="adapter">
        <Data key="Path" value="C:\Documents and Settings\hadfielj\My Documents\CBIIT Projects\NCIA\NCIA 4.0 user guide and online help\appdix references.fm" />
        <Data key="DocumentID" value="AD46484F606FB049" />
        <Data key="ID" value="1059697" />
      </Link>
    </Navigation>
    <Navigation context="output">
      <wwreport:Link protocol="uri" xmlns:wwreport="urn:WebWorks-Reports-Schema">
        <wwreport:Data key="URI" value="file:///C:/Documents%20and%20Settings/hadfielj/My%20Documents/ePublisher%20Pro%20Projects/NCIA%20Online%20Help/Output/WebWorks%20Help%205.0/NCIA%20Online%20Help/appdix%20references.5.4.html#1059697" />
      </wwreport:Link>
    </Navigation>
    <Navigation context="output">
      <Link protocol="uri">
        <Data key="URI" value="http://ncicb.nci.nih.gov/download" />
      </Link>
    </Navigation>
    <Navigation context="details">
      <Link protocol="wwh5api">
        <Data key="BaseURI" value="file:///C:/Program%20Files/WebWorks/ePublisher%20Pro/Help/en" />
        <Data key="Context" value="reports" />
        <Data key="Topic" value="external_URLs" />
      </Link>
    </Navigation>
  </Entry>
  <Entry context="links" type="external-url" severity="message">
    <Description>External URL link 'http://imaging.nci.nih.gov'.</Description>
    <Navigation context="source">
      <Link protocol="adapter">
        <Data key="Path" value="C:\Documents and Settings\hadfielj\My Documents\CBIIT Projects\NCIA\NCIA 4.0 user guide and online help\appdix references.fm" />
        <Data key="DocumentID" value="AD46484F606FB049" />
        <Data key="ID" value="1059622" />
      </Link>
    </Navigation>
    <Navigation context="output">
      <wwreport:Link protocol="uri" xmlns:wwreport="urn:WebWorks-Reports-Schema">
        <wwreport:Data key="URI" value="file:///C:/Documents%20and%20Settings/hadfielj/My%20Documents/ePublisher%20Pro%20Projects/NCIA%20Online%20Help/Output/WebWorks%20Help%205.0/NCIA%20Online%20Help/appdix%20references.5.5.html#1059622" />
      </wwreport:Link>
    </Navigation>
    <Navigation context="output">
      <Link protocol="uri">
        <Data key="URI" value="http://imaging.nci.nih.gov" />
      </Link>
    </Navigation>
    <Navigation context="details">
      <Link protocol="wwh5api">
        <Data key="BaseURI" value="file:///C:/Program%20Files/WebWorks/ePublisher%20Pro/Help/en" />
        <Data key="Context" value="reports" />
        <Data key="Topic" value="external_URLs" />
      </Link>
    </Navigation>
  </Entry>
  <Entry context="links" type="external-url" severity="message">
    <Description>External URL link 'http://imaging.nci.nih.gov'.</Description>
    <Navigation context="source">
      <Link protocol="adapter">
        <Data key="Path" value="C:\Documents and Settings\hadfielj\My Documents\CBIIT Projects\NCIA\NCIA 4.0 user guide and online help\appdix references.fm" />
        <Data key="DocumentID" value="AD46484F606FB049" />
        <Data key="ID" value="1059622" />
      </Link>
    </Navigation>
    <Navigation context="output">
      <wwreport:Link protocol="uri" xmlns:wwreport="urn:WebWorks-Reports-Schema">
        <wwreport:Data key="URI" value="file:///C:/Documents%20and%20Settings/hadfielj/My%20Documents/ePublisher%20Pro%20Projects/NCIA%20Online%20Help/Output/WebWorks%20Help%205.0/NCIA%20Online%20Help/appdix%20references.5.5.html#1059622" />
      </wwreport:Link>
    </Navigation>
    <Navigation context="output">
      <Link protocol="uri">
        <Data key="URI" value="http://imaging.nci.nih.gov" />
      </Link>
    </Navigation>
    <Navigation context="details">
      <Link protocol="wwh5api">
        <Data key="BaseURI" value="file:///C:/Program%20Files/WebWorks/ePublisher%20Pro/Help/en" />
        <Data key="Context" value="reports" />
        <Data key="Topic" value="external_URLs" />
      </Link>
    </Navigation>
  </Entry>
  <Entry context="links" type="external-url" severity="message">
    <Description>External URL link 'http://ncia.nci.nih.gov'.</Description>
    <Navigation context="source">
      <Link protocol="adapter">
        <Data key="Path" value="C:\Documents and Settings\hadfielj\My Documents\CBIIT Projects\NCIA\NCIA 4.0 user guide and online help\appdix references.fm" />
        <Data key="DocumentID" value="AD46484F606FB049" />
        <Data key="ID" value="1059741" />
      </Link>
    </Navigation>
    <Navigation context="output">
      <wwreport:Link protocol="uri" xmlns:wwreport="urn:WebWorks-Reports-Schema">
        <wwreport:Data key="URI" value="file:///C:/Documents%20and%20Settings/hadfielj/My%20Documents/ePublisher%20Pro%20Projects/NCIA%20Online%20Help/Output/WebWorks%20Help%205.0/NCIA%20Online%20Help/appdix%20references.5.5.html#1059741" />
      </wwreport:Link>
    </Navigation>
    <Navigation context="output">
      <Link protocol="uri">
        <Data key="URI" value="http://ncia.nci.nih.gov" />
      </Link>
    </Navigation>
    <Navigation context="details">
      <Link protocol="wwh5api">
        <Data key="BaseURI" value="file:///C:/Program%20Files/WebWorks/ePublisher%20Pro/Help/en" />
        <Data key="Context" value="reports" />
        <Data key="Topic" value="external_URLs" />
      </Link>
    </Navigation>
  </Entry>
  <Entry context="links" type="external-url" severity="message">
    <Description>External URL link 'http://ncia.nci.nih.gov'.</Description>
    <Navigation context="source">
      <Link protocol="adapter">
        <Data key="Path" value="C:\Documents and Settings\hadfielj\My Documents\CBIIT Projects\NCIA\NCIA 4.0 user guide and online help\appdix references.fm" />
        <Data key="DocumentID" value="AD46484F606FB049" />
        <Data key="ID" value="1059741" />
      </Link>
    </Navigation>
    <Navigation context="output">
      <wwreport:Link protocol="uri" xmlns:wwreport="urn:WebWorks-Reports-Schema">
        <wwreport:Data key="URI" value="file:///C:/Documents%20and%20Settings/hadfielj/My%20Documents/ePublisher%20Pro%20Projects/NCIA%20Online%20Help/Output/WebWorks%20Help%205.0/NCIA%20Online%20Help/appdix%20references.5.5.html#1059741" />
      </wwreport:Link>
    </Navigation>
    <Navigation context="output">
      <Link protocol="uri">
        <Data key="URI" value="http://ncia.nci.nih.gov" />
      </Link>
    </Navigation>
    <Navigation context="details">
      <Link protocol="wwh5api">
        <Data key="BaseURI" value="file:///C:/Program%20Files/WebWorks/ePublisher%20Pro/Help/en" />
        <Data key="Context" value="reports" />
        <Data key="Topic" value="external_URLs" />
      </Link>
    </Navigation>
  </Entry>
  <Entry context="links" type="external-url" severity="message">
    <Description>External URL link 'mailto:ncicb@pop.nci.nih.gov'.</Description>
    <Navigation context="source">
      <Link protocol="adapter">
        <Data key="Path" value="C:\Documents and Settings\hadfielj\My Documents\CBIIT Projects\NCIA\NCIA 4.0 user guide and online help\Application Support.fm" />
        <Data key="DocumentID" value="CEED909692C9EC93" />
        <Data key="ID" value="998299" />
      </Link>
    </Navigation>
    <Navigation context="output">
      <wwreport:Link protocol="uri" xmlns:wwreport="urn:WebWorks-Reports-Schema">
        <wwreport:Data key="URI" value="file:///C:/Documents%20and%20Settings/hadfielj/My%20Documents/ePublisher%20Pro%20Projects/NCIA%20Online%20Help/Output/WebWorks%20Help%205.0/NCIA%20Online%20Help/Application%20Support.7.1.html#998299" />
      </wwreport:Link>
    </Navigation>
    <Navigation context="output">
      <Link protocol="uri">
        <Data key="URI" value="mailto:ncicb@pop.nci.nih.gov" />
      </Link>
    </Navigation>
    <Navigation context="details">
      <Link protocol="wwh5api">
        <Data key="BaseURI" value="file:///C:/Program%20Files/WebWorks/ePublisher%20Pro/Help/en" />
        <Data key="Context" value="reports" />
        <Data key="Topic" value="external_URLs" />
      </Link>
    </Navigation>
  </Entry>
  <Entry context="links" type="external-url" severity="message">
    <Description>External URL link 'http://ncicb.nci.nih.gov/NCICB/support'.</Description>
    <Navigation context="source">
      <Link protocol="adapter">
        <Data key="Path" value="C:\Documents and Settings\hadfielj\My Documents\CBIIT Projects\NCIA\NCIA 4.0 user guide and online help\Application Support.fm" />
        <Data key="DocumentID" value="CEED909692C9EC93" />
        <Data key="ID" value="998312" />
      </Link>
    </Navigation>
    <Navigation context="output">
      <wwreport:Link protocol="uri" xmlns:wwreport="urn:WebWorks-Reports-Schema">
        <wwreport:Data key="URI" value="file:///C:/Documents%20and%20Settings/hadfielj/My%20Documents/ePublisher%20Pro%20Projects/NCIA%20Online%20Help/Output/WebWorks%20Help%205.0/NCIA%20Online%20Help/Application%20Support.7.1.html#998312" />
      </wwreport:Link>
    </Navigation>
    <Navigation context="output">
      <Link protocol="uri">
        <Data key="URI" value="http://ncicb.nci.nih.gov/NCICB/support" />
      </Link>
    </Navigation>
    <Navigation context="details">
      <Link protocol="wwh5api">
        <Data key="BaseURI" value="file:///C:/Program%20Files/WebWorks/ePublisher%20Pro/Help/en" />
        <Data key="Context" value="reports" />
        <Data key="Topic" value="external_URLs" />
      </Link>
    </Navigation>
  </Entry>
</Report>