<?xml version="1.0" encoding="utf-8"?>
<Splits version="1.0" xmlns="urn:WebWorks-Engine-Splits-Schema">
  <File groupID="BEB947773369D77" documentID="" id="" type="copy" source="wwformat:Files/wwhelp/wwhimpl/common/html/default.htm" path="C:\Documents and Settings\hadfielj\My Documents\ePublisher Pro Projects\NCIA Online Help\Output\WebWorks Help 5.0\NCIA Online Help\wwhelp\wwhimpl\common\html\default.htm" title="" />
  <File groupID="BEB947773369D77" documentID="" id="" type="copy" source="wwformat:Files/images/collapse.gif" path="C:\Documents and Settings\hadfielj\My Documents\ePublisher Pro Projects\NCIA Online Help\Output\WebWorks Help 5.0\NCIA Online Help\images\collapse.gif" title="" />
  <File groupID="BEB947773369D77" documentID="" id="" type="copy" source="wwformat:Files/images/expanded.gif" path="C:\Documents and Settings\hadfielj\My Documents\ePublisher Pro Projects\NCIA Online Help\Output\WebWorks Help 5.0\NCIA Online Help\images\expanded.gif" title="" />
  <File groupID="BEB947773369D77" documentID="" id="" type="copy" source="wwformat:Files/images/seebttm.gif" path="C:\Documents and Settings\hadfielj\My Documents\ePublisher Pro Projects\NCIA Online Help\Output\WebWorks Help 5.0\NCIA Online Help\images\seebttm.gif" title="" />
  <File groupID="BEB947773369D77" documentID="" id="" type="copy" source="wwformat:Files/images/seelflow.gif" path="C:\Documents and Settings\hadfielj\My Documents\ePublisher Pro Projects\NCIA Online Help\Output\WebWorks Help 5.0\NCIA Online Help\images\seelflow.gif" title="" />
  <File groupID="BEB947773369D77" documentID="" id="" type="copy" source="wwformat:Files/images/seeright.gif" path="C:\Documents and Settings\hadfielj\My Documents\ePublisher Pro Projects\NCIA Online Help\Output\WebWorks Help 5.0\NCIA Online Help\images\seeright.gif" title="" />
  <File groupID="BEB947773369D77" documentID="" id="" type="copy" source="wwformat:Files/images/seertlow.gif" path="C:\Documents and Settings\hadfielj\My Documents\ePublisher Pro Projects\NCIA Online Help\Output\WebWorks Help 5.0\NCIA Online Help\images\seertlow.gif" title="" />
  <File groupID="BEB947773369D77" documentID="" id="" type="copy" source="wwformat:Files/images/seertup.gif" path="C:\Documents and Settings\hadfielj\My Documents\ePublisher Pro Projects\NCIA Online Help\Output\WebWorks Help 5.0\NCIA Online Help\images\seertup.gif" title="" />
  <File groupID="BEB947773369D77" documentID="" id="" type="copy" source="wwformat:Files/images/Thumbs.db" path="C:\Documents and Settings\hadfielj\My Documents\ePublisher Pro Projects\NCIA Online Help\Output\WebWorks Help 5.0\NCIA Online Help\images\Thumbs.db" title="" />
  <File groupID="BEB947773369D77" documentID="" id="" type="copy" source="wwformat:Files/wwhdata/common/synonyms.xml" path="C:\Documents and Settings\hadfielj\My Documents\ePublisher Pro Projects\NCIA Online Help\Output\WebWorks Help 5.0\NCIA Online Help\wwhdata\common\synonyms.xml" title="" />
  <File groupID="BEB947773369D77" documentID="" id="" type="copy" source="wwformat:Files/wwhdata/common/towwhdir.js" path="C:\Documents and Settings\hadfielj\My Documents\ePublisher Pro Projects\NCIA Online Help\Output\WebWorks Help 5.0\NCIA Online Help\wwhdata\common\towwhdir.js" title="" />
  <File groupID="BEB947773369D77" documentID="" id="" type="copy" source="wwformat:Files/wwhdata/common/wwhpagef.js" path="C:\Documents and Settings\hadfielj\My Documents\ePublisher Pro Projects\NCIA Online Help\Output\WebWorks Help 5.0\NCIA Online Help\wwhdata\common\wwhpagef.js" title="" />
  <File groupID="BEB947773369D77" documentID="" id="" type="copy" source="wwformat:Files/wwhelp/messages.xml" path="C:\Documents and Settings\hadfielj\My Documents\ePublisher Pro Projects\NCIA Online Help\Output\WebWorks Help 5.0\NCIA Online Help\wwhelp\messages.xml" title="" />
  <File groupID="BEB947773369D77" documentID="" id="" type="copy" source="wwformat:Files/wwhelp/images/altclose.gif" path="C:\Documents and Settings\hadfielj\My Documents\ePublisher Pro Projects\NCIA Online Help\Output\WebWorks Help 5.0\NCIA Online Help\wwhelp\images\altclose.gif" title="" />
  <File groupID="BEB947773369D77" documentID="" id="" type="copy" source="wwformat:Files/wwhelp/images/altopen.gif" path="C:\Documents and Settings\hadfielj\My Documents\ePublisher Pro Projects\NCIA Online Help\Output\WebWorks Help 5.0\NCIA Online Help\wwhelp\images\altopen.gif" title="" />
  <File groupID="BEB947773369D77" documentID="" id="" type="copy" source="wwformat:Files/wwhelp/wwhimpl/api.htm" path="C:\Documents and Settings\hadfielj\My Documents\ePublisher Pro Projects\NCIA Online Help\Output\WebWorks Help 5.0\NCIA Online Help\wwhelp\wwhimpl\api.htm" title="" />
  <File groupID="BEB947773369D77" documentID="" id="" type="copy" source="wwformat:Files/wwhelp/wwhimpl/version.htm" path="C:\Documents and Settings\hadfielj\My Documents\ePublisher Pro Projects\NCIA Online Help\Output\WebWorks Help 5.0\NCIA Online Help\wwhelp\wwhimpl\version.htm" title="" />
  <File groupID="BEB947773369D77" documentID="" id="" type="copy" source="wwformat:Files/wwhelp/wwhimpl/common/html/alinks.htm" path="C:\Documents and Settings\hadfielj\My Documents\ePublisher Pro Projects\NCIA Online Help\Output\WebWorks Help 5.0\NCIA Online Help\wwhelp\wwhimpl\common\html\alinks.htm" title="" />
  <File groupID="BEB947773369D77" documentID="" id="" type="copy" source="wwformat:Files/wwhelp/wwhimpl/common/html/blank.htm" path="C:\Documents and Settings\hadfielj\My Documents\ePublisher Pro Projects\NCIA Online Help\Output\WebWorks Help 5.0\NCIA Online Help\wwhelp\wwhimpl\common\html\blank.htm" title="" />
  <File groupID="BEB947773369D77" documentID="" id="" type="copy" source="wwformat:Files/wwhelp/wwhimpl/common/html/bookmark.htm" path="C:\Documents and Settings\hadfielj\My Documents\ePublisher Pro Projects\NCIA Online Help\Output\WebWorks Help 5.0\NCIA Online Help\wwhelp\wwhimpl\common\html\bookmark.htm" title="" />
  <File groupID="BEB947773369D77" documentID="" id="" type="copy" source="wwformat:Files/wwhelp/wwhimpl/common/html/content.htm" path="C:\Documents and Settings\hadfielj\My Documents\ePublisher Pro Projects\NCIA Online Help\Output\WebWorks Help 5.0\NCIA Online Help\wwhelp\wwhimpl\common\html\content.htm" title="" />
  <File groupID="BEB947773369D77" documentID="" id="" type="copy" source="wwformat:Files/wwhelp/wwhimpl/common/html/controll.htm" path="C:\Documents and Settings\hadfielj\My Documents\ePublisher Pro Projects\NCIA Online Help\Output\WebWorks Help 5.0\NCIA Online Help\wwhelp\wwhimpl\common\html\controll.htm" title="" />
  <File groupID="BEB947773369D77" documentID="" id="" type="copy" source="wwformat:Files/wwhelp/wwhimpl/common/html/controlr.htm" path="C:\Documents and Settings\hadfielj\My Documents\ePublisher Pro Projects\NCIA Online Help\Output\WebWorks Help 5.0\NCIA Online Help\wwhelp\wwhimpl\common\html\controlr.htm" title="" />
  <File groupID="BEB947773369D77" documentID="" id="" type="copy" source="wwformat:Files/wwhelp/wwhimpl/common/html/document.htm" path="C:\Documents and Settings\hadfielj\My Documents\ePublisher Pro Projects\NCIA Online Help\Output\WebWorks Help 5.0\NCIA Online Help\wwhelp\wwhimpl\common\html\document.htm" title="" />
  <File groupID="BEB947773369D77" documentID="" id="" type="copy" source="wwformat:Files/wwhelp/wwhimpl/common/html/first.htm" path="C:\Documents and Settings\hadfielj\My Documents\ePublisher Pro Projects\NCIA Online Help\Output\WebWorks Help 5.0\NCIA Online Help\wwhelp\wwhimpl\common\html\first.htm" title="" />
  <File groupID="BEB947773369D77" documentID="" id="" type="copy" source="wwformat:Files/wwhelp/wwhimpl/common/html/frameset.htm" path="C:\Documents and Settings\hadfielj\My Documents\ePublisher Pro Projects\NCIA Online Help\Output\WebWorks Help 5.0\NCIA Online Help\wwhelp\wwhimpl\common\html\frameset.htm" title="" />
  <File groupID="BEB947773369D77" documentID="" id="" type="copy" source="wwformat:Files/wwhelp/wwhimpl/common/html/init0.htm" path="C:\Documents and Settings\hadfielj\My Documents\ePublisher Pro Projects\NCIA Online Help\Output\WebWorks Help 5.0\NCIA Online Help\wwhelp\wwhimpl\common\html\init0.htm" title="" />
  <File groupID="BEB947773369D77" documentID="" id="" type="copy" source="wwformat:Files/wwhelp/wwhimpl/common/html/init1.htm" path="C:\Documents and Settings\hadfielj\My Documents\ePublisher Pro Projects\NCIA Online Help\Output\WebWorks Help 5.0\NCIA Online Help\wwhelp\wwhimpl\common\html\init1.htm" title="" />
  <File groupID="BEB947773369D77" documentID="" id="" type="copy" source="wwformat:Files/wwhelp/wwhimpl/common/html/init2.htm" path="C:\Documents and Settings\hadfielj\My Documents\ePublisher Pro Projects\NCIA Online Help\Output\WebWorks Help 5.0\NCIA Online Help\wwhelp\wwhimpl\common\html\init2.htm" title="" />
  <File groupID="BEB947773369D77" documentID="" id="" type="copy" source="wwformat:Files/wwhelp/wwhimpl/common/html/init3.htm" path="C:\Documents and Settings\hadfielj\My Documents\ePublisher Pro Projects\NCIA Online Help\Output\WebWorks Help 5.0\NCIA Online Help\wwhelp\wwhimpl\common\html\init3.htm" title="" />
  <File groupID="BEB947773369D77" documentID="" id="" type="copy" source="wwformat:Files/wwhelp/wwhimpl/common/html/pagenav.htm" path="C:\Documents and Settings\hadfielj\My Documents\ePublisher Pro Projects\NCIA Online Help\Output\WebWorks Help 5.0\NCIA Online Help\wwhelp\wwhimpl\common\html\pagenav.htm" title="" />
  <File groupID="BEB947773369D77" documentID="" id="" type="copy" source="wwformat:Files/wwhelp/wwhimpl/common/html/reset.htm" path="C:\Documents and Settings\hadfielj\My Documents\ePublisher Pro Projects\NCIA Online Help\Output\WebWorks Help 5.0\NCIA Online Help\wwhelp\wwhimpl\common\html\reset.htm" title="" />
  <File groupID="BEB947773369D77" documentID="" id="" type="copy" source="wwformat:Files/wwhelp/wwhimpl/common/html/switch.htm" path="C:\Documents and Settings\hadfielj\My Documents\ePublisher Pro Projects\NCIA Online Help\Output\WebWorks Help 5.0\NCIA Online Help\wwhelp\wwhimpl\common\html\switch.htm" title="" />
  <File groupID="BEB947773369D77" documentID="" id="" type="copy" source="wwformat:Files/wwhelp/wwhimpl/common/html/title.htm" path="C:\Documents and Settings\hadfielj\My Documents\ePublisher Pro Projects\NCIA Online Help\Output\WebWorks Help 5.0\NCIA Online Help\wwhelp\wwhimpl\common\html\title.htm" title="" />
  <File groupID="BEB947773369D77" documentID="" id="" type="copy" source="wwformat:Files/wwhelp/wwhimpl/common/html/wwhelp.htm" path="C:\Documents and Settings\hadfielj\My Documents\ePublisher Pro Projects\NCIA Online Help\Output\WebWorks Help 5.0\NCIA Online Help\wwhelp\wwhimpl\common\html\wwhelp.htm" title="" />
  <File groupID="BEB947773369D77" documentID="" id="" type="copy" source="wwformat:Files/wwhelp/wwhimpl/common/images/spacer4.gif" path="C:\Documents and Settings\hadfielj\My Documents\ePublisher Pro Projects\NCIA Online Help\Output\WebWorks Help 5.0\NCIA Online Help\wwhelp\wwhimpl\common\images\spacer4.gif" title="" />
  <File groupID="BEB947773369D77" documentID="" id="" type="copy" source="wwformat:Files/wwhelp/wwhimpl/common/images/spc1w2h.gif" path="C:\Documents and Settings\hadfielj\My Documents\ePublisher Pro Projects\NCIA Online Help\Output\WebWorks Help 5.0\NCIA Online Help\wwhelp\wwhimpl\common\images\spc1w2h.gif" title="" />
  <File groupID="BEB947773369D77" documentID="" id="" type="copy" source="wwformat:Files/wwhelp/wwhimpl/common/images/spc1w7h.gif" path="C:\Documents and Settings\hadfielj\My Documents\ePublisher Pro Projects\NCIA Online Help\Output\WebWorks Help 5.0\NCIA Online Help\wwhelp\wwhimpl\common\images\spc1w7h.gif" title="" />
  <File groupID="BEB947773369D77" documentID="" id="" type="copy" source="wwformat:Files/wwhelp/wwhimpl/common/images/spc2w1h.gif" path="C:\Documents and Settings\hadfielj\My Documents\ePublisher Pro Projects\NCIA Online Help\Output\WebWorks Help 5.0\NCIA Online Help\wwhelp\wwhimpl\common\images\spc2w1h.gif" title="" />
  <File groupID="BEB947773369D77" documentID="" id="" type="copy" source="wwformat:Files/wwhelp/wwhimpl/common/images/spc5w1h.gif" path="C:\Documents and Settings\hadfielj\My Documents\ePublisher Pro Projects\NCIA Online Help\Output\WebWorks Help 5.0\NCIA Online Help\wwhelp\wwhimpl\common\images\spc5w1h.gif" title="" />
  <File groupID="BEB947773369D77" documentID="" id="" type="copy" source="wwformat:Files/wwhelp/wwhimpl/common/private/popupf.js" path="C:\Documents and Settings\hadfielj\My Documents\ePublisher Pro Projects\NCIA Online Help\Output\WebWorks Help 5.0\NCIA Online Help\wwhelp\wwhimpl\common\private\popupf.js" title="" />
  <File groupID="BEB947773369D77" documentID="" id="" type="copy" source="wwformat:Files/wwhelp/wwhimpl/common/scripts/bklist1s.js" path="C:\Documents and Settings\hadfielj\My Documents\ePublisher Pro Projects\NCIA Online Help\Output\WebWorks Help 5.0\NCIA Online Help\wwhelp\wwhimpl\common\scripts\bklist1s.js" title="" />
  <File groupID="BEB947773369D77" documentID="" id="" type="copy" source="wwformat:Files/wwhelp/wwhimpl/common/scripts/bookgrps.js" path="C:\Documents and Settings\hadfielj\My Documents\ePublisher Pro Projects\NCIA Online Help\Output\WebWorks Help 5.0\NCIA Online Help\wwhelp\wwhimpl\common\scripts\bookgrps.js" title="" />
  <File groupID="BEB947773369D77" documentID="" id="" type="copy" source="wwformat:Files/wwhelp/wwhimpl/common/scripts/booklist.js" path="C:\Documents and Settings\hadfielj\My Documents\ePublisher Pro Projects\NCIA Online Help\Output\WebWorks Help 5.0\NCIA Online Help\wwhelp\wwhimpl\common\scripts\booklist.js" title="" />
  <File groupID="BEB947773369D77" documentID="" id="" type="copy" source="wwformat:Files/wwhelp/wwhimpl/common/scripts/browser.js" path="C:\Documents and Settings\hadfielj\My Documents\ePublisher Pro Projects\NCIA Online Help\Output\WebWorks Help 5.0\NCIA Online Help\wwhelp\wwhimpl\common\scripts\browser.js" title="" />
  <File groupID="BEB947773369D77" documentID="" id="" type="copy" source="wwformat:Files/wwhelp/wwhimpl/common/scripts/controls.js" path="C:\Documents and Settings\hadfielj\My Documents\ePublisher Pro Projects\NCIA Online Help\Output\WebWorks Help 5.0\NCIA Online Help\wwhelp\wwhimpl\common\scripts\controls.js" title="" />
  <File groupID="BEB947773369D77" documentID="" id="" type="copy" source="wwformat:Files/wwhelp/wwhimpl/common/scripts/documt1s.js" path="C:\Documents and Settings\hadfielj\My Documents\ePublisher Pro Projects\NCIA Online Help\Output\WebWorks Help 5.0\NCIA Online Help\wwhelp\wwhimpl\common\scripts\documt1s.js" title="" />
  <File groupID="BEB947773369D77" documentID="" id="" type="copy" source="wwformat:Files/wwhelp/wwhimpl/common/scripts/filelist.js" path="C:\Documents and Settings\hadfielj\My Documents\ePublisher Pro Projects\NCIA Online Help\Output\WebWorks Help 5.0\NCIA Online Help\wwhelp\wwhimpl\common\scripts\filelist.js" title="" />
  <File groupID="BEB947773369D77" documentID="" id="" type="copy" source="wwformat:Files/wwhelp/wwhimpl/common/scripts/handler.js" path="C:\Documents and Settings\hadfielj\My Documents\ePublisher Pro Projects\NCIA Online Help\Output\WebWorks Help 5.0\NCIA Online Help\wwhelp\wwhimpl\common\scripts\handler.js" title="" />
  <File groupID="BEB947773369D77" documentID="" id="" type="copy" source="wwformat:Files/wwhelp/wwhimpl/common/scripts/help.js" path="C:\Documents and Settings\hadfielj\My Documents\ePublisher Pro Projects\NCIA Online Help\Output\WebWorks Help 5.0\NCIA Online Help\wwhelp\wwhimpl\common\scripts\help.js" title="" />
  <File groupID="BEB947773369D77" documentID="" id="" type="copy" source="wwformat:Files/wwhelp/wwhimpl/common/scripts/highlt.js" path="C:\Documents and Settings\hadfielj\My Documents\ePublisher Pro Projects\NCIA Online Help\Output\WebWorks Help 5.0\NCIA Online Help\wwhelp\wwhimpl\common\scripts\highlt.js" title="" />
  <File groupID="BEB947773369D77" documentID="" id="" type="copy" source="wwformat:Files/wwhelp/wwhimpl/common/scripts/popup.js" path="C:\Documents and Settings\hadfielj\My Documents\ePublisher Pro Projects\NCIA Online Help\Output\WebWorks Help 5.0\NCIA Online Help\wwhelp\wwhimpl\common\scripts\popup.js" title="" />
  <File groupID="BEB947773369D77" documentID="" id="" type="copy" source="wwformat:Files/wwhelp/wwhimpl/common/scripts/related.js" path="C:\Documents and Settings\hadfielj\My Documents\ePublisher Pro Projects\NCIA Online Help\Output\WebWorks Help 5.0\NCIA Online Help\wwhelp\wwhimpl\common\scripts\related.js" title="" />
  <File groupID="BEB947773369D77" documentID="" id="" type="copy" source="wwformat:Files/wwhelp/wwhimpl/common/scripts/strutils.js" path="C:\Documents and Settings\hadfielj\My Documents\ePublisher Pro Projects\NCIA Online Help\Output\WebWorks Help 5.0\NCIA Online Help\wwhelp\wwhimpl\common\scripts\strutils.js" title="" />
  <File groupID="BEB947773369D77" documentID="" id="" type="copy" source="wwformat:Files/wwhelp/wwhimpl/common/scripts/switch.js" path="C:\Documents and Settings\hadfielj\My Documents\ePublisher Pro Projects\NCIA Online Help\Output\WebWorks Help 5.0\NCIA Online Help\wwhelp\wwhimpl\common\scripts\switch.js" title="" />
  <File groupID="BEB947773369D77" documentID="" id="" type="copy" source="wwformat:Files/wwhelp/wwhimpl/js/html/indexsel.htm" path="C:\Documents and Settings\hadfielj\My Documents\ePublisher Pro Projects\NCIA Online Help\Output\WebWorks Help 5.0\NCIA Online Help\wwhelp\wwhimpl\js\html\indexsel.htm" title="" />
  <File groupID="BEB947773369D77" documentID="" id="" type="copy" source="wwformat:Files/wwhelp/wwhimpl/js/html/navigate.htm" path="C:\Documents and Settings\hadfielj\My Documents\ePublisher Pro Projects\NCIA Online Help\Output\WebWorks Help 5.0\NCIA Online Help\wwhelp\wwhimpl\js\html\navigate.htm" title="" />
  <File groupID="BEB947773369D77" documentID="" id="" type="copy" source="wwformat:Files/wwhelp/wwhimpl/js/html/panelfnf.htm" path="C:\Documents and Settings\hadfielj\My Documents\ePublisher Pro Projects\NCIA Online Help\Output\WebWorks Help 5.0\NCIA Online Help\wwhelp\wwhimpl\js\html\panelfnf.htm" title="" />
  <File groupID="BEB947773369D77" documentID="" id="" type="copy" source="wwformat:Files/wwhelp/wwhimpl/js/html/panelfni.htm" path="C:\Documents and Settings\hadfielj\My Documents\ePublisher Pro Projects\NCIA Online Help\Output\WebWorks Help 5.0\NCIA Online Help\wwhelp\wwhimpl\js\html\panelfni.htm" title="" />
  <File groupID="BEB947773369D77" documentID="" id="" type="copy" source="wwformat:Files/wwhelp/wwhimpl/js/html/panelfns.htm" path="C:\Documents and Settings\hadfielj\My Documents\ePublisher Pro Projects\NCIA Online Help\Output\WebWorks Help 5.0\NCIA Online Help\wwhelp\wwhimpl\js\html\panelfns.htm" title="" />
  <File groupID="BEB947773369D77" documentID="" id="" type="copy" source="wwformat:Files/wwhelp/wwhimpl/js/html/panelfsf.htm" path="C:\Documents and Settings\hadfielj\My Documents\ePublisher Pro Projects\NCIA Online Help\Output\WebWorks Help 5.0\NCIA Online Help\wwhelp\wwhimpl\js\html\panelfsf.htm" title="" />
  <File groupID="BEB947773369D77" documentID="" id="" type="copy" source="wwformat:Files/wwhelp/wwhimpl/js/html/panelfsi.htm" path="C:\Documents and Settings\hadfielj\My Documents\ePublisher Pro Projects\NCIA Online Help\Output\WebWorks Help 5.0\NCIA Online Help\wwhelp\wwhimpl\js\html\panelfsi.htm" title="" />
  <File groupID="BEB947773369D77" documentID="" id="" type="copy" source="wwformat:Files/wwhelp/wwhimpl/js/html/panelfss.htm" path="C:\Documents and Settings\hadfielj\My Documents\ePublisher Pro Projects\NCIA Online Help\Output\WebWorks Help 5.0\NCIA Online Help\wwhelp\wwhimpl\js\html\panelfss.htm" title="" />
  <File groupID="BEB947773369D77" documentID="" id="" type="copy" source="wwformat:Files/wwhelp/wwhimpl/js/html/panelini.htm" path="C:\Documents and Settings\hadfielj\My Documents\ePublisher Pro Projects\NCIA Online Help\Output\WebWorks Help 5.0\NCIA Online Help\wwhelp\wwhimpl\js\html\panelini.htm" title="" />
  <File groupID="BEB947773369D77" documentID="" id="" type="copy" source="wwformat:Files/wwhelp/wwhimpl/js/html/panelmsg.htm" path="C:\Documents and Settings\hadfielj\My Documents\ePublisher Pro Projects\NCIA Online Help\Output\WebWorks Help 5.0\NCIA Online Help\wwhelp\wwhimpl\js\html\panelmsg.htm" title="" />
  <File groupID="BEB947773369D77" documentID="" id="" type="copy" source="wwformat:Files/wwhelp/wwhimpl/js/html/panelnav.htm" path="C:\Documents and Settings\hadfielj\My Documents\ePublisher Pro Projects\NCIA Online Help\Output\WebWorks Help 5.0\NCIA Online Help\wwhelp\wwhimpl\js\html\panelnav.htm" title="" />
  <File groupID="BEB947773369D77" documentID="" id="" type="copy" source="wwformat:Files/wwhelp/wwhimpl/js/html/panelvie.htm" path="C:\Documents and Settings\hadfielj\My Documents\ePublisher Pro Projects\NCIA Online Help\Output\WebWorks Help 5.0\NCIA Online Help\wwhelp\wwhimpl\js\html\panelvie.htm" title="" />
  <File groupID="BEB947773369D77" documentID="" id="" type="copy" source="wwformat:Files/wwhelp/wwhimpl/js/html/tabs.htm" path="C:\Documents and Settings\hadfielj\My Documents\ePublisher Pro Projects\NCIA Online Help\Output\WebWorks Help 5.0\NCIA Online Help\wwhelp\wwhimpl\js\html\tabs.htm" title="" />
  <File groupID="BEB947773369D77" documentID="" id="" type="copy" source="wwformat:Files/wwhelp/wwhimpl/js/html/wwhelp.htm" path="C:\Documents and Settings\hadfielj\My Documents\ePublisher Pro Projects\NCIA Online Help\Output\WebWorks Help 5.0\NCIA Online Help\wwhelp\wwhimpl\js\html\wwhelp.htm" title="" />
  <File groupID="BEB947773369D77" documentID="" id="" type="copy" source="wwformat:Files/wwhelp/wwhimpl/js/scripts/favorite.js" path="C:\Documents and Settings\hadfielj\My Documents\ePublisher Pro Projects\NCIA Online Help\Output\WebWorks Help 5.0\NCIA Online Help\wwhelp\wwhimpl\js\scripts\favorite.js" title="" />
  <File groupID="BEB947773369D77" documentID="" id="" type="copy" source="wwformat:Files/wwhelp/wwhimpl/js/scripts/handler.js" path="C:\Documents and Settings\hadfielj\My Documents\ePublisher Pro Projects\NCIA Online Help\Output\WebWorks Help 5.0\NCIA Online Help\wwhelp\wwhimpl\js\scripts\handler.js" title="" />
  <File groupID="BEB947773369D77" documentID="" id="" type="copy" source="wwformat:Files/wwhelp/wwhimpl/js/scripts/index.js" path="C:\Documents and Settings\hadfielj\My Documents\ePublisher Pro Projects\NCIA Online Help\Output\WebWorks Help 5.0\NCIA Online Help\wwhelp\wwhimpl\js\scripts\index.js" title="" />
  <File groupID="BEB947773369D77" documentID="" id="" type="copy" source="wwformat:Files/wwhelp/wwhimpl/js/scripts/index1s.js" path="C:\Documents and Settings\hadfielj\My Documents\ePublisher Pro Projects\NCIA Online Help\Output\WebWorks Help 5.0\NCIA Online Help\wwhelp\wwhimpl\js\scripts\index1s.js" title="" />
  <File groupID="BEB947773369D77" documentID="" id="" type="copy" source="wwformat:Files/wwhelp/wwhimpl/js/scripts/javascpt.js" path="C:\Documents and Settings\hadfielj\My Documents\ePublisher Pro Projects\NCIA Online Help\Output\WebWorks Help 5.0\NCIA Online Help\wwhelp\wwhimpl\js\scripts\javascpt.js" title="" />
  <File groupID="BEB947773369D77" documentID="" id="" type="copy" source="wwformat:Files/wwhelp/wwhimpl/js/scripts/mltphrs.js" path="C:\Documents and Settings\hadfielj\My Documents\ePublisher Pro Projects\NCIA Online Help\Output\WebWorks Help 5.0\NCIA Online Help\wwhelp\wwhimpl\js\scripts\mltphrs.js" title="" />
  <File groupID="BEB947773369D77" documentID="" id="" type="copy" source="wwformat:Files/wwhelp/wwhimpl/js/scripts/outlfast.js" path="C:\Documents and Settings\hadfielj\My Documents\ePublisher Pro Projects\NCIA Online Help\Output\WebWorks Help 5.0\NCIA Online Help\wwhelp\wwhimpl\js\scripts\outlfast.js" title="" />
  <File groupID="BEB947773369D77" documentID="" id="" type="copy" source="wwformat:Files/wwhelp/wwhimpl/js/scripts/outlin1s.js" path="C:\Documents and Settings\hadfielj\My Documents\ePublisher Pro Projects\NCIA Online Help\Output\WebWorks Help 5.0\NCIA Online Help\wwhelp\wwhimpl\js\scripts\outlin1s.js" title="" />
  <File groupID="BEB947773369D77" documentID="" id="" type="copy" source="wwformat:Files/wwhelp/wwhimpl/js/scripts/outline.js" path="C:\Documents and Settings\hadfielj\My Documents\ePublisher Pro Projects\NCIA Online Help\Output\WebWorks Help 5.0\NCIA Online Help\wwhelp\wwhimpl\js\scripts\outline.js" title="" />
  <File groupID="BEB947773369D77" documentID="" id="" type="copy" source="wwformat:Files/wwhelp/wwhimpl/js/scripts/outlsafe.js" path="C:\Documents and Settings\hadfielj\My Documents\ePublisher Pro Projects\NCIA Online Help\Output\WebWorks Help 5.0\NCIA Online Help\wwhelp\wwhimpl\js\scripts\outlsafe.js" title="" />
  <File groupID="BEB947773369D77" documentID="" id="" type="copy" source="wwformat:Files/wwhelp/wwhimpl/js/scripts/pairs.js" path="C:\Documents and Settings\hadfielj\My Documents\ePublisher Pro Projects\NCIA Online Help\Output\WebWorks Help 5.0\NCIA Online Help\wwhelp\wwhimpl\js\scripts\pairs.js" title="" />
  <File groupID="BEB947773369D77" documentID="" id="" type="copy" source="wwformat:Files/wwhelp/wwhimpl/js/scripts/panels.js" path="C:\Documents and Settings\hadfielj\My Documents\ePublisher Pro Projects\NCIA Online Help\Output\WebWorks Help 5.0\NCIA Online Help\wwhelp\wwhimpl\js\scripts\panels.js" title="" />
  <File groupID="BEB947773369D77" documentID="" id="" type="copy" source="wwformat:Files/wwhelp/wwhimpl/js/scripts/phrase.js" path="C:\Documents and Settings\hadfielj\My Documents\ePublisher Pro Projects\NCIA Online Help\Output\WebWorks Help 5.0\NCIA Online Help\wwhelp\wwhimpl\js\scripts\phrase.js" title="" />
  <File groupID="BEB947773369D77" documentID="" id="" type="copy" source="wwformat:Files/wwhelp/wwhimpl/js/scripts/search.js" path="C:\Documents and Settings\hadfielj\My Documents\ePublisher Pro Projects\NCIA Online Help\Output\WebWorks Help 5.0\NCIA Online Help\wwhelp\wwhimpl\js\scripts\search.js" title="" />
  <File groupID="BEB947773369D77" documentID="" id="" type="copy" source="wwformat:Files/wwhelp/wwhimpl/js/scripts/search1s.js" path="C:\Documents and Settings\hadfielj\My Documents\ePublisher Pro Projects\NCIA Online Help\Output\WebWorks Help 5.0\NCIA Online Help\wwhelp\wwhimpl\js\scripts\search1s.js" title="" />
  <File groupID="BEB947773369D77" documentID="" id="" type="copy" source="wwformat:Files/wwhelp/wwhimpl/js/scripts/search2s.js" path="C:\Documents and Settings\hadfielj\My Documents\ePublisher Pro Projects\NCIA Online Help\Output\WebWorks Help 5.0\NCIA Online Help\wwhelp\wwhimpl\js\scripts\search2s.js" title="" />
  <File groupID="BEB947773369D77" documentID="" id="" type="copy" source="wwformat:Files/wwhelp/wwhimpl/js/scripts/search3s.js" path="C:\Documents and Settings\hadfielj\My Documents\ePublisher Pro Projects\NCIA Online Help\Output\WebWorks Help 5.0\NCIA Online Help\wwhelp\wwhimpl\js\scripts\search3s.js" title="" />
  <File groupID="BEB947773369D77" documentID="" id="" type="copy" source="wwformat:Files/wwhelp/wwhimpl/js/scripts/search4s.js" path="C:\Documents and Settings\hadfielj\My Documents\ePublisher Pro Projects\NCIA Online Help\Output\WebWorks Help 5.0\NCIA Online Help\wwhelp\wwhimpl\js\scripts\search4s.js" title="" />
  <File groupID="BEB947773369D77" documentID="" id="" type="copy" source="wwformat:Files/wwhelp/wwhimpl/js/scripts/search5s.js" path="C:\Documents and Settings\hadfielj\My Documents\ePublisher Pro Projects\NCIA Online Help\Output\WebWorks Help 5.0\NCIA Online Help\wwhelp\wwhimpl\js\scripts\search5s.js" title="" />
  <File groupID="BEB947773369D77" documentID="" id="" type="copy" source="wwformat:Files/wwhelp/wwhimpl/js/scripts/search6s.js" path="C:\Documents and Settings\hadfielj\My Documents\ePublisher Pro Projects\NCIA Online Help\Output\WebWorks Help 5.0\NCIA Online Help\wwhelp\wwhimpl\js\scripts\search6s.js" title="" />
  <File groupID="BEB947773369D77" documentID="" id="" type="copy" source="wwformat:Files/wwhelp/wwhimpl/js/scripts/search7s.js" path="C:\Documents and Settings\hadfielj\My Documents\ePublisher Pro Projects\NCIA Online Help\Output\WebWorks Help 5.0\NCIA Online Help\wwhelp\wwhimpl\js\scripts\search7s.js" title="" />
  <File groupID="BEB947773369D77" documentID="" id="" type="copy" source="wwformat:Files/wwhelp/wwhimpl/js/scripts/tabs.js" path="C:\Documents and Settings\hadfielj\My Documents\ePublisher Pro Projects\NCIA Online Help\Output\WebWorks Help 5.0\NCIA Online Help\wwhelp\wwhimpl\js\scripts\tabs.js" title="" />
  <File groupID="BEB947773369D77" documentID="" id="" type="copy" source="wwformat:Skins/Lobby_Blue/Files/wwhelp/images/splash.jpg" path="C:\Documents and Settings\hadfielj\My Documents\ePublisher Pro Projects\NCIA Online Help\Output\WebWorks Help 5.0\NCIA Online Help\wwhelp\images\splash.jpg" title="" />
  <File groupID="BEB947773369D77" documentID="" id="" type="copy" source="wwformat:Skins/Lobby_Blue/Files/wwhelp/wwhimpl/common/images/bkmark.gif" path="C:\Documents and Settings\hadfielj\My Documents\ePublisher Pro Projects\NCIA Online Help\Output\WebWorks Help 5.0\NCIA Online Help\wwhelp\wwhimpl\common\images\bkmark.gif" title="" />
  <File groupID="BEB947773369D77" documentID="" id="" type="copy" source="wwformat:Skins/Lobby_Blue/Files/wwhelp/wwhimpl/common/images/bkmarkx.gif" path="C:\Documents and Settings\hadfielj\My Documents\ePublisher Pro Projects\NCIA Online Help\Output\WebWorks Help 5.0\NCIA Online Help\wwhelp\wwhimpl\common\images\bkmarkx.gif" title="" />
  <File groupID="BEB947773369D77" documentID="" id="" type="copy" source="wwformat:Skins/Lobby_Blue/Files/wwhelp/wwhimpl/common/images/close.gif" path="C:\Documents and Settings\hadfielj\My Documents\ePublisher Pro Projects\NCIA Online Help\Output\WebWorks Help 5.0\NCIA Online Help\wwhelp\wwhimpl\common\images\close.gif" title="" />
  <File groupID="BEB947773369D77" documentID="" id="" type="copy" source="wwformat:Skins/Lobby_Blue/Files/wwhelp/wwhimpl/common/images/doc.gif" path="C:\Documents and Settings\hadfielj\My Documents\ePublisher Pro Projects\NCIA Online Help\Output\WebWorks Help 5.0\NCIA Online Help\wwhelp\wwhimpl\common\images\doc.gif" title="" />
  <File groupID="BEB947773369D77" documentID="" id="" type="copy" source="wwformat:Skins/Lobby_Blue/Files/wwhelp/wwhimpl/common/images/email.gif" path="C:\Documents and Settings\hadfielj\My Documents\ePublisher Pro Projects\NCIA Online Help\Output\WebWorks Help 5.0\NCIA Online Help\wwhelp\wwhimpl\common\images\email.gif" title="" />
  <File groupID="BEB947773369D77" documentID="" id="" type="copy" source="wwformat:Skins/Lobby_Blue/Files/wwhelp/wwhimpl/common/images/emailx.gif" path="C:\Documents and Settings\hadfielj\My Documents\ePublisher Pro Projects\NCIA Online Help\Output\WebWorks Help 5.0\NCIA Online Help\wwhelp\wwhimpl\common\images\emailx.gif" title="" />
  <File groupID="BEB947773369D77" documentID="" id="" type="copy" source="wwformat:Skins/Lobby_Blue/Files/wwhelp/wwhimpl/common/images/fc.gif" path="C:\Documents and Settings\hadfielj\My Documents\ePublisher Pro Projects\NCIA Online Help\Output\WebWorks Help 5.0\NCIA Online Help\wwhelp\wwhimpl\common\images\fc.gif" title="" />
  <File groupID="BEB947773369D77" documentID="" id="" type="copy" source="wwformat:Skins/Lobby_Blue/Files/wwhelp/wwhimpl/common/images/fo.gif" path="C:\Documents and Settings\hadfielj\My Documents\ePublisher Pro Projects\NCIA Online Help\Output\WebWorks Help 5.0\NCIA Online Help\wwhelp\wwhimpl\common\images\fo.gif" title="" />
  <File groupID="BEB947773369D77" documentID="" id="" type="copy" source="wwformat:Skins/Lobby_Blue/Files/wwhelp/wwhimpl/common/images/next.gif" path="C:\Documents and Settings\hadfielj\My Documents\ePublisher Pro Projects\NCIA Online Help\Output\WebWorks Help 5.0\NCIA Online Help\wwhelp\wwhimpl\common\images\next.gif" title="" />
  <File groupID="BEB947773369D77" documentID="" id="" type="copy" source="wwformat:Skins/Lobby_Blue/Files/wwhelp/wwhimpl/common/images/nextx.gif" path="C:\Documents and Settings\hadfielj\My Documents\ePublisher Pro Projects\NCIA Online Help\Output\WebWorks Help 5.0\NCIA Online Help\wwhelp\wwhimpl\common\images\nextx.gif" title="" />
  <File groupID="BEB947773369D77" documentID="" id="" type="copy" source="wwformat:Skins/Lobby_Blue/Files/wwhelp/wwhimpl/common/images/pdf.gif" path="C:\Documents and Settings\hadfielj\My Documents\ePublisher Pro Projects\NCIA Online Help\Output\WebWorks Help 5.0\NCIA Online Help\wwhelp\wwhimpl\common\images\pdf.gif" title="" />
  <File groupID="BEB947773369D77" documentID="" id="" type="copy" source="wwformat:Skins/Lobby_Blue/Files/wwhelp/wwhimpl/common/images/pdfx.gif" path="C:\Documents and Settings\hadfielj\My Documents\ePublisher Pro Projects\NCIA Online Help\Output\WebWorks Help 5.0\NCIA Online Help\wwhelp\wwhimpl\common\images\pdfx.gif" title="" />
  <File groupID="BEB947773369D77" documentID="" id="" type="copy" source="wwformat:Skins/Lobby_Blue/Files/wwhelp/wwhimpl/common/images/prev.gif" path="C:\Documents and Settings\hadfielj\My Documents\ePublisher Pro Projects\NCIA Online Help\Output\WebWorks Help 5.0\NCIA Online Help\wwhelp\wwhimpl\common\images\prev.gif" title="" />
  <File groupID="BEB947773369D77" documentID="" id="" type="copy" source="wwformat:Skins/Lobby_Blue/Files/wwhelp/wwhimpl/common/images/prevx.gif" path="C:\Documents and Settings\hadfielj\My Documents\ePublisher Pro Projects\NCIA Online Help\Output\WebWorks Help 5.0\NCIA Online Help\wwhelp\wwhimpl\common\images\prevx.gif" title="" />
  <File groupID="BEB947773369D77" documentID="" id="" type="copy" source="wwformat:Skins/Lobby_Blue/Files/wwhelp/wwhimpl/common/images/print.gif" path="C:\Documents and Settings\hadfielj\My Documents\ePublisher Pro Projects\NCIA Online Help\Output\WebWorks Help 5.0\NCIA Online Help\wwhelp\wwhimpl\common\images\print.gif" title="" />
  <File groupID="BEB947773369D77" documentID="" id="" type="copy" source="wwformat:Skins/Lobby_Blue/Files/wwhelp/wwhimpl/common/images/printx.gif" path="C:\Documents and Settings\hadfielj\My Documents\ePublisher Pro Projects\NCIA Online Help\Output\WebWorks Help 5.0\NCIA Online Help\wwhelp\wwhimpl\common\images\printx.gif" title="" />
  <File groupID="BEB947773369D77" documentID="" id="" type="copy" source="wwformat:Skins/Lobby_Blue/Files/wwhelp/wwhimpl/common/images/related.gif" path="C:\Documents and Settings\hadfielj\My Documents\ePublisher Pro Projects\NCIA Online Help\Output\WebWorks Help 5.0\NCIA Online Help\wwhelp\wwhimpl\common\images\related.gif" title="" />
  <File groupID="BEB947773369D77" documentID="" id="" type="copy" source="wwformat:Skins/Lobby_Blue/Files/wwhelp/wwhimpl/common/images/relatedi.gif" path="C:\Documents and Settings\hadfielj\My Documents\ePublisher Pro Projects\NCIA Online Help\Output\WebWorks Help 5.0\NCIA Online Help\wwhelp\wwhimpl\common\images\relatedi.gif" title="" />
  <File groupID="BEB947773369D77" documentID="" id="" type="copy" source="wwformat:Skins/Lobby_Blue/Files/wwhelp/wwhimpl/common/images/relatedx.gif" path="C:\Documents and Settings\hadfielj\My Documents\ePublisher Pro Projects\NCIA Online Help\Output\WebWorks Help 5.0\NCIA Online Help\wwhelp\wwhimpl\common\images\relatedx.gif" title="" />
  <File groupID="BEB947773369D77" documentID="" id="" type="copy" source="wwformat:Skins/Lobby_Blue/Files/wwhelp/wwhimpl/common/images/shownav.gif" path="C:\Documents and Settings\hadfielj\My Documents\ePublisher Pro Projects\NCIA Online Help\Output\WebWorks Help 5.0\NCIA Online Help\wwhelp\wwhimpl\common\images\shownav.gif" title="" />
  <File groupID="BEB947773369D77" documentID="" id="" type="copy" source="wwformat:Skins/Lobby_Blue/Files/wwhelp/wwhimpl/common/images/spc_tb_l.gif" path="C:\Documents and Settings\hadfielj\My Documents\ePublisher Pro Projects\NCIA Online Help\Output\WebWorks Help 5.0\NCIA Online Help\wwhelp\wwhimpl\common\images\spc_tb_l.gif" title="" />
  <File groupID="BEB947773369D77" documentID="" id="" type="copy" source="wwformat:Skins/Lobby_Blue/Files/wwhelp/wwhimpl/common/images/spc_tb_m.gif" path="C:\Documents and Settings\hadfielj\My Documents\ePublisher Pro Projects\NCIA Online Help\Output\WebWorks Help 5.0\NCIA Online Help\wwhelp\wwhimpl\common\images\spc_tb_m.gif" title="" />
  <File groupID="BEB947773369D77" documentID="" id="" type="copy" source="wwformat:Skins/Lobby_Blue/Files/wwhelp/wwhimpl/common/images/spc_tb_r.gif" path="C:\Documents and Settings\hadfielj\My Documents\ePublisher Pro Projects\NCIA Online Help\Output\WebWorks Help 5.0\NCIA Online Help\wwhelp\wwhimpl\common\images\spc_tb_r.gif" title="" />
  <File groupID="BEB947773369D77" documentID="" id="" type="copy" source="wwformat:Skins/Lobby_Blue/Files/wwhelp/wwhimpl/common/images/spc_tb_t.gif" path="C:\Documents and Settings\hadfielj\My Documents\ePublisher Pro Projects\NCIA Online Help\Output\WebWorks Help 5.0\NCIA Online Help\wwhelp\wwhimpl\common\images\spc_tb_t.gif" title="" />
  <File groupID="BEB947773369D77" documentID="" id="" type="copy" source="wwformat:Skins/Lobby_Blue/Files/wwhelp/wwhimpl/common/images/sync.gif" path="C:\Documents and Settings\hadfielj\My Documents\ePublisher Pro Projects\NCIA Online Help\Output\WebWorks Help 5.0\NCIA Online Help\wwhelp\wwhimpl\common\images\sync.gif" title="" />
  <File groupID="BEB947773369D77" documentID="" id="" type="copy" source="wwformat:Skins/Lobby_Blue/Files/wwhelp/wwhimpl/common/images/syncx.gif" path="C:\Documents and Settings\hadfielj\My Documents\ePublisher Pro Projects\NCIA Online Help\Output\WebWorks Help 5.0\NCIA Online Help\wwhelp\wwhimpl\common\images\syncx.gif" title="" />
  <File groupID="BEB947773369D77" documentID="" id="" type="copy" source="wwformat:Skins/Lobby_Blue/Files/wwhelp/wwhimpl/common/images/toolsbg.gif" path="C:\Documents and Settings\hadfielj\My Documents\ePublisher Pro Projects\NCIA Online Help\Output\WebWorks Help 5.0\NCIA Online Help\wwhelp\wwhimpl\common\images\toolsbg.gif" title="" />
  <File groupID="BEB947773369D77" documentID="" id="" type="copy" source="wwformat:Skins/Lobby_Blue/Files/wwhelp/wwhimpl/js/images/btn_bg.gif" path="C:\Documents and Settings\hadfielj\My Documents\ePublisher Pro Projects\NCIA Online Help\Output\WebWorks Help 5.0\NCIA Online Help\wwhelp\wwhimpl\js\images\btn_bg.gif" title="" />
  <File groupID="BEB947773369D77" documentID="" id="" type="copy" source="wwformat:Skins/Lobby_Blue/Files/wwhelp/wwhimpl/js/images/btn_bgx.gif" path="C:\Documents and Settings\hadfielj\My Documents\ePublisher Pro Projects\NCIA Online Help\Output\WebWorks Help 5.0\NCIA Online Help\wwhelp\wwhimpl\js\images\btn_bgx.gif" title="" />
  <File groupID="BEB947773369D77" documentID="" id="" type="copy" source="wwformat:Skins/Lobby_Blue/Files/wwhelp/wwhimpl/js/images/btn_e.gif" path="C:\Documents and Settings\hadfielj\My Documents\ePublisher Pro Projects\NCIA Online Help\Output\WebWorks Help 5.0\NCIA Online Help\wwhelp\wwhimpl\js\images\btn_e.gif" title="" />
  <File groupID="BEB947773369D77" documentID="" id="" type="copy" source="wwformat:Skins/Lobby_Blue/Files/wwhelp/wwhimpl/js/images/btn_ex.gif" path="C:\Documents and Settings\hadfielj\My Documents\ePublisher Pro Projects\NCIA Online Help\Output\WebWorks Help 5.0\NCIA Online Help\wwhelp\wwhimpl\js\images\btn_ex.gif" title="" />
  <File groupID="BEB947773369D77" documentID="" id="" type="copy" source="wwformat:Skins/Lobby_Blue/Files/wwhelp/wwhimpl/js/images/btn_n.gif" path="C:\Documents and Settings\hadfielj\My Documents\ePublisher Pro Projects\NCIA Online Help\Output\WebWorks Help 5.0\NCIA Online Help\wwhelp\wwhimpl\js\images\btn_n.gif" title="" />
  <File groupID="BEB947773369D77" documentID="" id="" type="copy" source="wwformat:Skins/Lobby_Blue/Files/wwhelp/wwhimpl/js/images/btn_ne.gif" path="C:\Documents and Settings\hadfielj\My Documents\ePublisher Pro Projects\NCIA Online Help\Output\WebWorks Help 5.0\NCIA Online Help\wwhelp\wwhimpl\js\images\btn_ne.gif" title="" />
  <File groupID="BEB947773369D77" documentID="" id="" type="copy" source="wwformat:Skins/Lobby_Blue/Files/wwhelp/wwhimpl/js/images/btn_nex.gif" path="C:\Documents and Settings\hadfielj\My Documents\ePublisher Pro Projects\NCIA Online Help\Output\WebWorks Help 5.0\NCIA Online Help\wwhelp\wwhimpl\js\images\btn_nex.gif" title="" />
  <File groupID="BEB947773369D77" documentID="" id="" type="copy" source="wwformat:Skins/Lobby_Blue/Files/wwhelp/wwhimpl/js/images/btn_nw.gif" path="C:\Documents and Settings\hadfielj\My Documents\ePublisher Pro Projects\NCIA Online Help\Output\WebWorks Help 5.0\NCIA Online Help\wwhelp\wwhimpl\js\images\btn_nw.gif" title="" />
  <File groupID="BEB947773369D77" documentID="" id="" type="copy" source="wwformat:Skins/Lobby_Blue/Files/wwhelp/wwhimpl/js/images/btn_nwx.gif" path="C:\Documents and Settings\hadfielj\My Documents\ePublisher Pro Projects\NCIA Online Help\Output\WebWorks Help 5.0\NCIA Online Help\wwhelp\wwhimpl\js\images\btn_nwx.gif" title="" />
  <File groupID="BEB947773369D77" documentID="" id="" type="copy" source="wwformat:Skins/Lobby_Blue/Files/wwhelp/wwhimpl/js/images/btn_nx.gif" path="C:\Documents and Settings\hadfielj\My Documents\ePublisher Pro Projects\NCIA Online Help\Output\WebWorks Help 5.0\NCIA Online Help\wwhelp\wwhimpl\js\images\btn_nx.gif" title="" />
  <File groupID="BEB947773369D77" documentID="" id="" type="copy" source="wwformat:Skins/Lobby_Blue/Files/wwhelp/wwhimpl/js/images/btn_s.gif" path="C:\Documents and Settings\hadfielj\My Documents\ePublisher Pro Projects\NCIA Online Help\Output\WebWorks Help 5.0\NCIA Online Help\wwhelp\wwhimpl\js\images\btn_s.gif" title="" />
  <File groupID="BEB947773369D77" documentID="" id="" type="copy" source="wwformat:Skins/Lobby_Blue/Files/wwhelp/wwhimpl/js/images/btn_se.gif" path="C:\Documents and Settings\hadfielj\My Documents\ePublisher Pro Projects\NCIA Online Help\Output\WebWorks Help 5.0\NCIA Online Help\wwhelp\wwhimpl\js\images\btn_se.gif" title="" />
  <File groupID="BEB947773369D77" documentID="" id="" type="copy" source="wwformat:Skins/Lobby_Blue/Files/wwhelp/wwhimpl/js/images/btn_sex.gif" path="C:\Documents and Settings\hadfielj\My Documents\ePublisher Pro Projects\NCIA Online Help\Output\WebWorks Help 5.0\NCIA Online Help\wwhelp\wwhimpl\js\images\btn_sex.gif" title="" />
  <File groupID="BEB947773369D77" documentID="" id="" type="copy" source="wwformat:Skins/Lobby_Blue/Files/wwhelp/wwhimpl/js/images/btn_sw.gif" path="C:\Documents and Settings\hadfielj\My Documents\ePublisher Pro Projects\NCIA Online Help\Output\WebWorks Help 5.0\NCIA Online Help\wwhelp\wwhimpl\js\images\btn_sw.gif" title="" />
  <File groupID="BEB947773369D77" documentID="" id="" type="copy" source="wwformat:Skins/Lobby_Blue/Files/wwhelp/wwhimpl/js/images/btn_swx.gif" path="C:\Documents and Settings\hadfielj\My Documents\ePublisher Pro Projects\NCIA Online Help\Output\WebWorks Help 5.0\NCIA Online Help\wwhelp\wwhimpl\js\images\btn_swx.gif" title="" />
  <File groupID="BEB947773369D77" documentID="" id="" type="copy" source="wwformat:Skins/Lobby_Blue/Files/wwhelp/wwhimpl/js/images/btn_sx.gif" path="C:\Documents and Settings\hadfielj\My Documents\ePublisher Pro Projects\NCIA Online Help\Output\WebWorks Help 5.0\NCIA Online Help\wwhelp\wwhimpl\js\images\btn_sx.gif" title="" />
  <File groupID="BEB947773369D77" documentID="" id="" type="copy" source="wwformat:Skins/Lobby_Blue/Files/wwhelp/wwhimpl/js/images/btn_w.gif" path="C:\Documents and Settings\hadfielj\My Documents\ePublisher Pro Projects\NCIA Online Help\Output\WebWorks Help 5.0\NCIA Online Help\wwhelp\wwhimpl\js\images\btn_w.gif" title="" />
  <File groupID="BEB947773369D77" documentID="" id="" type="copy" source="wwformat:Skins/Lobby_Blue/Files/wwhelp/wwhimpl/js/images/btn_wx.gif" path="C:\Documents and Settings\hadfielj\My Documents\ePublisher Pro Projects\NCIA Online Help\Output\WebWorks Help 5.0\NCIA Online Help\wwhelp\wwhimpl\js\images\btn_wx.gif" title="" />
  <File groupID="BEB947773369D77" documentID="" id="" type="copy" source="wwformat:Skins/Lobby_Blue/Files/wwhelp/wwhimpl/js/images/navbg.gif" path="C:\Documents and Settings\hadfielj\My Documents\ePublisher Pro Projects\NCIA Online Help\Output\WebWorks Help 5.0\NCIA Online Help\wwhelp\wwhimpl\js\images\navbg.gif" title="" />
  <File groupID="BEB947773369D77" documentID="" id="" type="copy" source="wwformat:Skins/Lobby_Blue/Files/wwhelp/wwhimpl/js/images/spc_e.gif" path="C:\Documents and Settings\hadfielj\My Documents\ePublisher Pro Projects\NCIA Online Help\Output\WebWorks Help 5.0\NCIA Online Help\wwhelp\wwhimpl\js\images\spc_e.gif" title="" />
  <File groupID="BEB947773369D77" documentID="" id="" type="copy" source="wwformat:Skins/Lobby_Blue/Files/wwhelp/wwhimpl/js/images/spc_n.gif" path="C:\Documents and Settings\hadfielj\My Documents\ePublisher Pro Projects\NCIA Online Help\Output\WebWorks Help 5.0\NCIA Online Help\wwhelp\wwhimpl\js\images\spc_n.gif" title="" />
  <File groupID="BEB947773369D77" documentID="" id="" type="copy" source="wwformat:Skins/Lobby_Blue/Files/wwhelp/wwhimpl/js/images/spc_s.gif" path="C:\Documents and Settings\hadfielj\My Documents\ePublisher Pro Projects\NCIA Online Help\Output\WebWorks Help 5.0\NCIA Online Help\wwhelp\wwhimpl\js\images\spc_s.gif" title="" />
  <File groupID="BEB947773369D77" documentID="" id="" type="copy" source="wwformat:Skins/Lobby_Blue/Files/wwhelp/wwhimpl/js/images/spc_sx.gif" path="C:\Documents and Settings\hadfielj\My Documents\ePublisher Pro Projects\NCIA Online Help\Output\WebWorks Help 5.0\NCIA Online Help\wwhelp\wwhimpl\js\images\spc_sx.gif" title="" />
  <File groupID="BEB947773369D77" documentID="" id="" type="copy" source="wwformat:Skins/Lobby_Blue/Files/wwhelp/wwhimpl/js/images/spc_tabl.gif" path="C:\Documents and Settings\hadfielj\My Documents\ePublisher Pro Projects\NCIA Online Help\Output\WebWorks Help 5.0\NCIA Online Help\wwhelp\wwhimpl\js\images\spc_tabl.gif" title="" />
  <File groupID="BEB947773369D77" documentID="" id="" type="copy" source="wwformat:Skins/Lobby_Blue/Files/wwhelp/wwhimpl/js/images/spc_tabm.gif" path="C:\Documents and Settings\hadfielj\My Documents\ePublisher Pro Projects\NCIA Online Help\Output\WebWorks Help 5.0\NCIA Online Help\wwhelp\wwhimpl\js\images\spc_tabm.gif" title="" />
  <File groupID="BEB947773369D77" documentID="" id="" type="copy" source="wwformat:Skins/Lobby_Blue/Files/wwhelp/wwhimpl/js/images/spc_tabr.gif" path="C:\Documents and Settings\hadfielj\My Documents\ePublisher Pro Projects\NCIA Online Help\Output\WebWorks Help 5.0\NCIA Online Help\wwhelp\wwhimpl\js\images\spc_tabr.gif" title="" />
  <File groupID="BEB947773369D77" documentID="" id="" type="copy" source="wwformat:Skins/Lobby_Blue/Files/wwhelp/wwhimpl/js/images/spc_top.gif" path="C:\Documents and Settings\hadfielj\My Documents\ePublisher Pro Projects\NCIA Online Help\Output\WebWorks Help 5.0\NCIA Online Help\wwhelp\wwhimpl\js\images\spc_top.gif" title="" />
  <File groupID="BEB947773369D77" documentID="" id="" type="copy" source="wwformat:Skins/Lobby_Blue/Files/wwhelp/wwhimpl/js/images/spc_topx.gif" path="C:\Documents and Settings\hadfielj\My Documents\ePublisher Pro Projects\NCIA Online Help\Output\WebWorks Help 5.0\NCIA Online Help\wwhelp\wwhimpl\js\images\spc_topx.gif" title="" />
  <File groupID="BEB947773369D77" documentID="" id="" type="copy" source="wwformat:Skins/Lobby_Blue/Files/wwhelp/wwhimpl/js/images/spc_w.gif" path="C:\Documents and Settings\hadfielj\My Documents\ePublisher Pro Projects\NCIA Online Help\Output\WebWorks Help 5.0\NCIA Online Help\wwhelp\wwhimpl\js\images\spc_w.gif" title="" />
  <File groupID="BEB947773369D77" documentID="" id="" type="copy" source="wwformat:Skins/Lobby_Blue/Files/wwhelp/wwhimpl/js/images/viewbg.gif" path="C:\Documents and Settings\hadfielj\My Documents\ePublisher Pro Projects\NCIA Online Help\Output\WebWorks Help 5.0\NCIA Online Help\wwhelp\wwhimpl\js\images\viewbg.gif" title="" />
  <File groupID="BEB947773369D77" documentID="" id="" type="copy" source="wwformat:Pages/css/webworks.css" path="C:\Documents and Settings\hadfielj\My Documents\ePublisher Pro Projects\NCIA Online Help\Output\WebWorks Help 5.0\NCIA Online Help\css\webworks.css" title="" />
  <File groupID="BEB947773369D77" documentID="" id="" type="copy" source="wwformat:Pages/scripts/expand.js" path="C:\Documents and Settings\hadfielj\My Documents\ePublisher Pro Projects\NCIA Online Help\Output\WebWorks Help 5.0\NCIA Online Help\scripts\expand.js" title="" />
  <File groupID="BEB947773369D77" documentID="" id="" type="toc" source="" path="C:\Documents and Settings\hadfielj\My Documents\ePublisher Pro Projects\NCIA Online Help\Output\WebWorks Help 5.0\NCIA Online Help\wwhdata\xml\toc.xml" title="Table of Contents" />
  <Split groupID="BEB947773369D77" documentID="29367D45BB39D96B" id="1052621" position="1" documentstartposition="1" documentendposition="14" title="Welcome to the National Cancer Imaging Archive (NCIA) " path="C:\Documents and Settings\hadfielj\My Documents\ePublisher Pro Projects\NCIA Online Help\Output\WebWorks Help 5.0\NCIA Online Help\Welcome to NCIA.1.1.html" stylename="" fileposition="1" />
  <Split groupID="BEB947773369D77" documentID="958C2E46356A66E2" id="1104591" position="1" documentstartposition="3" documentendposition="12" title="Getting Started in NCIA " path="C:\Documents and Settings\hadfielj\My Documents\ePublisher Pro Projects\NCIA Online Help\Output\WebWorks Help 5.0\NCIA Online Help\Getting Started.2.1.html" stylename="" fileposition="2" />
  <Split groupID="BEB947773369D77" documentID="958C2E46356A66E2" id="1064696" position="2" documentstartposition="13" documentendposition="28" title="Introduction to NCIA" path="C:\Documents and Settings\hadfielj\My Documents\ePublisher Pro Projects\NCIA Online Help\Output\WebWorks Help 5.0\NCIA Online Help\Getting Started.2.2.html" stylename="" fileposition="3" />
  <Split groupID="BEB947773369D77" documentID="958C2E46356A66E2" id="1133563" position="3" documentstartposition="29" documentendposition="31" title="Browser Support for NCIA" path="C:\Documents and Settings\hadfielj\My Documents\ePublisher Pro Projects\NCIA Online Help\Output\WebWorks Help 5.0\NCIA Online Help\Getting Started.2.3.html" stylename="" fileposition="4" />
  <Split groupID="BEB947773369D77" documentID="958C2E46356A66E2" id="1084793" position="4" documentstartposition="32" documentendposition="41" title="Creating a New User Account" path="C:\Documents and Settings\hadfielj\My Documents\ePublisher Pro Projects\NCIA Online Help\Output\WebWorks Help 5.0\NCIA Online Help\Getting Started.2.4.html" stylename="" fileposition="5" />
  <Split groupID="BEB947773369D77" documentID="958C2E46356A66E2" id="1084015" position="5" documentstartposition="42" documentendposition="54" title="Logging into NCIA" path="C:\Documents and Settings\hadfielj\My Documents\ePublisher Pro Projects\NCIA Online Help\Output\WebWorks Help 5.0\NCIA Online Help\Getting Started.2.5.html" stylename="" fileposition="6" />
  <Split groupID="BEB947773369D77" documentID="958C2E46356A66E2" id="1109695" position="6" documentstartposition="55" documentendposition="65" title="Changing User Password" path="C:\Documents and Settings\hadfielj\My Documents\ePublisher Pro Projects\NCIA Online Help\Output\WebWorks Help 5.0\NCIA Online Help\Getting Started.2.6.html" stylename="" fileposition="7" />
  <Split groupID="BEB947773369D77" documentID="958C2E46356A66E2" id="1110298" position="7" documentstartposition="66" documentendposition="70" title="Using the NCIA Home Page" path="C:\Documents and Settings\hadfielj\My Documents\ePublisher Pro Projects\NCIA Online Help\Output\WebWorks Help 5.0\NCIA Online Help\Getting Started.2.7.html" stylename="" fileposition="8" />
  <Split groupID="BEB947773369D77" documentID="958C2E46356A66E2" id="1102231" position="8" documentstartposition="71" documentendposition="76" title="Home Page Menu Bar" path="C:\Documents and Settings\hadfielj\My Documents\ePublisher Pro Projects\NCIA Online Help\Output\WebWorks Help 5.0\NCIA Online Help\Getting Started.2.8.html" stylename="" fileposition="9" />
  <Split groupID="BEB947773369D77" documentID="958C2E46356A66E2" id="1094519" position="9" documentstartposition="77" documentendposition="82" title="Home Page Left Sidebar" path="C:\Documents and Settings\hadfielj\My Documents\ePublisher Pro Projects\NCIA Online Help\Output\WebWorks Help 5.0\NCIA Online Help\Getting Started.2.9.html" stylename="" fileposition="10" />
  <Split groupID="BEB947773369D77" documentID="958C2E46356A66E2" id="1094546" position="10" documentstartposition="83" documentendposition="91" title="Quick Links" path="C:\Documents and Settings\hadfielj\My Documents\ePublisher Pro Projects\NCIA Online Help\Output\WebWorks Help 5.0\NCIA Online Help\Getting Started.2.10.html" stylename="" fileposition="11" />
  <Split groupID="BEB947773369D77" documentID="958C2E46356A66E2" id="1089122" position="11" documentstartposition="92" documentendposition="97" title="Other Home Page Panels" path="C:\Documents and Settings\hadfielj\My Documents\ePublisher Pro Projects\NCIA Online Help\Output\WebWorks Help 5.0\NCIA Online Help\Getting Started.2.11.html" stylename="" fileposition="12" />
  <Split groupID="BEB947773369D77" documentID="958C2E46356A66E2" id="1091593" position="12" documentstartposition="98" documentendposition="103" title="Using NCIA News Page" path="C:\Documents and Settings\hadfielj\My Documents\ePublisher Pro Projects\NCIA Online Help\Output\WebWorks Help 5.0\NCIA Online Help\Getting Started.2.12.html" stylename="" fileposition="13" />
  <Split groupID="BEB947773369D77" documentID="958C2E46356A66E2" id="1090544" position="13" documentstartposition="104" documentendposition="109" title="News Page Menu Bar" path="C:\Documents and Settings\hadfielj\My Documents\ePublisher Pro Projects\NCIA Online Help\Output\WebWorks Help 5.0\NCIA Online Help\Getting Started.2.13.html" stylename="" fileposition="14" />
  <Split groupID="BEB947773369D77" documentID="958C2E46356A66E2" id="1094701" position="14" documentstartposition="110" documentendposition="116" title="News Page Site Map" path="C:\Documents and Settings\hadfielj\My Documents\ePublisher Pro Projects\NCIA Online Help\Output\WebWorks Help 5.0\NCIA Online Help\Getting Started.2.14.html" stylename="" fileposition="15" />
  <Split groupID="BEB947773369D77" documentID="958C2E46356A66E2" id="1090692" position="15" documentstartposition="117" documentendposition="122" title="News Page Left SideBar" path="C:\Documents and Settings\hadfielj\My Documents\ePublisher Pro Projects\NCIA Online Help\Output\WebWorks Help 5.0\NCIA Online Help\Getting Started.2.15.html" stylename="" fileposition="16" />
  <Split groupID="BEB947773369D77" documentID="958C2E46356A66E2" id="1087847" position="16" documentstartposition="123" documentendposition="136" title="Using NCIA Online Help" path="C:\Documents and Settings\hadfielj\My Documents\ePublisher Pro Projects\NCIA Online Help\Output\WebWorks Help 5.0\NCIA Online Help\Getting Started.2.16.html" stylename="" fileposition="17">
    <Frame groupID="BEB947773369D77" documentID="958C2E46356A66E2" id="1090365" stylename="Default" position="1" title="" path="C:\Documents and Settings\hadfielj\My Documents\ePublisher Pro Projects\NCIA Online Help\Output\WebWorks Help 5.0\NCIA Online Help\images\Getting Started.2.16.1.jpg">
      <Thumbnail path="C:\Documents and Settings\hadfielj\My Documents\ePublisher Pro Projects\NCIA Online Help\Output\WebWorks Help 5.0\NCIA Online Help\images\Getting Started.2.16.1_thumb.jpg" />
      <Wrapper groupID="BEB947773369D77" documentID="958C2E46356A66E2" stylename="" path="C:\Documents and Settings\hadfielj\My Documents\ePublisher Pro Projects\NCIA Online Help\Output\WebWorks Help 5.0\NCIA Online Help\images\Getting Started.2.16.1.html" />
      <Description path="C:\Documents and Settings\hadfielj\My Documents\ePublisher Pro Projects\NCIA Online Help\Output\WebWorks Help 5.0\NCIA Online Help\images\Getting Started.2.16.1.txt" />
    </Frame>
  </Split>
  <Split groupID="BEB947773369D77" documentID="958C2E46356A66E2" id="1087647" position="17" documentstartposition="137" documentendposition="145" title="Accessing NCIA from Another Application&#x9;&#x9;" path="C:\Documents and Settings\hadfielj\My Documents\ePublisher Pro Projects\NCIA Online Help\Output\WebWorks Help 5.0\NCIA Online Help\Getting Started.2.17.html" stylename="" fileposition="18" />
  <Split groupID="BEB947773369D77" documentID="958C2E46356A66E2" id="1084577" position="18" documentstartposition="146" documentendposition="149" title="Application Support" path="C:\Documents and Settings\hadfielj\My Documents\ePublisher Pro Projects\NCIA Online Help\Output\WebWorks Help 5.0\NCIA Online Help\Getting Started.2.18.html" stylename="" fileposition="19" />
  <Split groupID="BEB947773369D77" documentID="ADAB656448BED80" id="1060244" position="1" documentstartposition="3" documentendposition="12" title="Searching for Images" path="C:\Documents and Settings\hadfielj\My Documents\ePublisher Pro Projects\NCIA Online Help\Output\WebWorks Help 5.0\NCIA Online Help\Searching NCIA.3.1.html" stylename="" fileposition="20" />
  <Split groupID="BEB947773369D77" documentID="ADAB656448BED80" id="1144908" position="2" documentstartposition="13" documentendposition="27" title="Specifying Remote Search Sites" path="C:\Documents and Settings\hadfielj\My Documents\ePublisher Pro Projects\NCIA Online Help\Output\WebWorks Help 5.0\NCIA Online Help\Searching NCIA.3.2.html" stylename="" fileposition="21" />
  <Split groupID="BEB947773369D77" documentID="ADAB656448BED80" id="1066291" position="3" documentstartposition="28" documentendposition="56" title="Performing Searches" path="C:\Documents and Settings\hadfielj\My Documents\ePublisher Pro Projects\NCIA Online Help\Output\WebWorks Help 5.0\NCIA Online Help\Searching NCIA.3.3.html" stylename="" fileposition="22" />
  <Split groupID="BEB947773369D77" documentID="ADAB656448BED80" id="1066741" position="4" documentstartposition="57" documentendposition="80" title="Performing a Simple Search" path="C:\Documents and Settings\hadfielj\My Documents\ePublisher Pro Projects\NCIA Online Help\Output\WebWorks Help 5.0\NCIA Online Help\Searching NCIA.3.4.html" stylename="" fileposition="23">
    <Frame groupID="BEB947773369D77" documentID="ADAB656448BED80" id="1067324" stylename="Default" position="1" title="" byref="true" source="C:\Documents and Settings\hadfielj\My Documents\CBIIT Projects\NCIA\NCIA 4.0 user guide and online help\NCIAImages\ThicknessGreater.gif" path="C:\Documents and Settings\hadfielj\My Documents\ePublisher Pro Projects\NCIA Online Help\Output\WebWorks Help 5.0\NCIA Online Help\images\ThicknessGreater.gif">
      <Thumbnail path="C:\Documents and Settings\hadfielj\My Documents\ePublisher Pro Projects\NCIA Online Help\Output\WebWorks Help 5.0\NCIA Online Help\images\ThicknessGreater_thumb.gif" />
      <Wrapper groupID="BEB947773369D77" documentID="ADAB656448BED80" stylename="" path="C:\Documents and Settings\hadfielj\My Documents\ePublisher Pro Projects\NCIA Online Help\Output\WebWorks Help 5.0\NCIA Online Help\images\ThicknessGreater.html" />
      <Description path="C:\Documents and Settings\hadfielj\My Documents\ePublisher Pro Projects\NCIA Online Help\Output\WebWorks Help 5.0\NCIA Online Help\images\ThicknessGreater.txt" />
    </Frame>
    <Frame groupID="BEB947773369D77" documentID="ADAB656448BED80" id="1067351" stylename="Default" position="2" title="" byref="true" source="C:\Documents and Settings\hadfielj\My Documents\CBIIT Projects\NCIA\NCIA 4.0 user guide and online help\NCIAImages\ThicknessRange.gif" path="C:\Documents and Settings\hadfielj\My Documents\ePublisher Pro Projects\NCIA Online Help\Output\WebWorks Help 5.0\NCIA Online Help\images\ThicknessRange.gif">
      <Thumbnail path="C:\Documents and Settings\hadfielj\My Documents\ePublisher Pro Projects\NCIA Online Help\Output\WebWorks Help 5.0\NCIA Online Help\images\ThicknessRange_thumb.gif" />
      <Wrapper groupID="BEB947773369D77" documentID="ADAB656448BED80" stylename="" path="C:\Documents and Settings\hadfielj\My Documents\ePublisher Pro Projects\NCIA Online Help\Output\WebWorks Help 5.0\NCIA Online Help\images\ThicknessRange.html" />
      <Description path="C:\Documents and Settings\hadfielj\My Documents\ePublisher Pro Projects\NCIA Online Help\Output\WebWorks Help 5.0\NCIA Online Help\images\ThicknessRange.txt" />
    </Frame>
  </Split>
  <Split groupID="BEB947773369D77" documentID="ADAB656448BED80" id="1185331" position="5" documentstartposition="81" documentendposition="83" title="Search Criteria Summary" path="C:\Documents and Settings\hadfielj\My Documents\ePublisher Pro Projects\NCIA Online Help\Output\WebWorks Help 5.0\NCIA Online Help\Searching NCIA.3.5.html" stylename="" fileposition="24" />
  <Split groupID="BEB947773369D77" documentID="ADAB656448BED80" id="1095060" position="6" documentstartposition="84" documentendposition="91" title="Searching Curation Data" path="C:\Documents and Settings\hadfielj\My Documents\ePublisher Pro Projects\NCIA Online Help\Output\WebWorks Help 5.0\NCIA Online Help\Searching NCIA.3.6.html" stylename="" fileposition="25" />
  <Split groupID="BEB947773369D77" documentID="ADAB656448BED80" id="1102496" position="7" documentstartposition="92" documentendposition="117" title="Annotation Keyword Search Page" path="C:\Documents and Settings\hadfielj\My Documents\ePublisher Pro Projects\NCIA Online Help\Output\WebWorks Help 5.0\NCIA Online Help\Searching NCIA.3.7.html" stylename="" fileposition="26" />
  <Split groupID="BEB947773369D77" documentID="ADAB656448BED80" id="1066935" position="8" documentstartposition="118" documentendposition="145" title="Performing an Advanced Search" path="C:\Documents and Settings\hadfielj\My Documents\ePublisher Pro Projects\NCIA Online Help\Output\WebWorks Help 5.0\NCIA Online Help\Searching NCIA.3.8.html" stylename="" fileposition="27">
    <Frame groupID="BEB947773369D77" documentID="ADAB656448BED80" id="1154982" stylename="Default" position="1" title="" byref="true" source="C:\Documents and Settings\hadfielj\My Documents\CBIIT Projects\NCIA\NCIA 4.0 user guide and online help\NCIAImages\ThicknessGreater.gif" path="C:\Documents and Settings\hadfielj\My Documents\ePublisher Pro Projects\NCIA Online Help\Output\WebWorks Help 5.0\NCIA Online Help\images\ThicknessGreater.gif">
      <Thumbnail path="C:\Documents and Settings\hadfielj\My Documents\ePublisher Pro Projects\NCIA Online Help\Output\WebWorks Help 5.0\NCIA Online Help\images\ThicknessGreater_thumb.gif" />
      <Wrapper groupID="BEB947773369D77" documentID="ADAB656448BED80" stylename="" path="C:\Documents and Settings\hadfielj\My Documents\ePublisher Pro Projects\NCIA Online Help\Output\WebWorks Help 5.0\NCIA Online Help\images\ThicknessGreater.html" />
      <Description path="C:\Documents and Settings\hadfielj\My Documents\ePublisher Pro Projects\NCIA Online Help\Output\WebWorks Help 5.0\NCIA Online Help\images\ThicknessGreater.txt" />
    </Frame>
    <Frame groupID="BEB947773369D77" documentID="ADAB656448BED80" id="1154986" stylename="Default" position="2" title="" byref="true" source="C:\Documents and Settings\hadfielj\My Documents\CBIIT Projects\NCIA\NCIA 4.0 user guide and online help\NCIAImages\ThicknessRange.gif" path="C:\Documents and Settings\hadfielj\My Documents\ePublisher Pro Projects\NCIA Online Help\Output\WebWorks Help 5.0\NCIA Online Help\images\ThicknessRange.gif">
      <Thumbnail path="C:\Documents and Settings\hadfielj\My Documents\ePublisher Pro Projects\NCIA Online Help\Output\WebWorks Help 5.0\NCIA Online Help\images\ThicknessRange_thumb.gif" />
      <Wrapper groupID="BEB947773369D77" documentID="ADAB656448BED80" stylename="" path="C:\Documents and Settings\hadfielj\My Documents\ePublisher Pro Projects\NCIA Online Help\Output\WebWorks Help 5.0\NCIA Online Help\images\ThicknessRange.html" />
      <Description path="C:\Documents and Settings\hadfielj\My Documents\ePublisher Pro Projects\NCIA Online Help\Output\WebWorks Help 5.0\NCIA Online Help\images\ThicknessRange.txt" />
    </Frame>
  </Split>
  <Split groupID="BEB947773369D77" documentID="ADAB656448BED80" id="1067999" position="9" documentstartposition="146" documentendposition="153" title="Working with Saved Search Queries" path="C:\Documents and Settings\hadfielj\My Documents\ePublisher Pro Projects\NCIA Online Help\Output\WebWorks Help 5.0\NCIA Online Help\Searching NCIA.3.9.html" stylename="" fileposition="28" />
  <Split groupID="BEB947773369D77" documentID="ADAB656448BED80" id="1091711" position="10" documentstartposition="154" documentendposition="162" title="Saving a Search Query" path="C:\Documents and Settings\hadfielj\My Documents\ePublisher Pro Projects\NCIA Online Help\Output\WebWorks Help 5.0\NCIA Online Help\Searching NCIA.3.10.html" stylename="" fileposition="29" />
  <Split groupID="BEB947773369D77" documentID="ADAB656448BED80" id="1066885" position="11" documentstartposition="163" documentendposition="180" title="Managing Saved Queries" path="C:\Documents and Settings\hadfielj\My Documents\ePublisher Pro Projects\NCIA Online Help\Output\WebWorks Help 5.0\NCIA Online Help\Searching NCIA.3.11.html" stylename="" fileposition="30" />
  <Split groupID="BEB947773369D77" documentID="ADAB656448BED80" id="1153813" position="12" documentstartposition="181" documentendposition="188" title="Running a New Query Based on Dates" path="C:\Documents and Settings\hadfielj\My Documents\ePublisher Pro Projects\NCIA Online Help\Output\WebWorks Help 5.0\NCIA Online Help\Searching NCIA.3.12.html" stylename="" fileposition="31" />
  <Split groupID="BEB947773369D77" documentID="ADAB656448BED80" id="1153808" position="13" documentstartposition="189" documentendposition="204" title="Editing Saved Queries" path="C:\Documents and Settings\hadfielj\My Documents\ePublisher Pro Projects\NCIA Online Help\Output\WebWorks Help 5.0\NCIA Online Help\Searching NCIA.3.13.html" stylename="" fileposition="32" />
  <Split groupID="BEB947773369D77" documentID="ADAB656448BED80" id="1092117" position="14" documentstartposition="205" documentendposition="214" title="Viewing a Query History" path="C:\Documents and Settings\hadfielj\My Documents\ePublisher Pro Projects\NCIA Online Help\Output\WebWorks Help 5.0\NCIA Online Help\Searching NCIA.3.14.html" stylename="" fileposition="33" />
  <Split groupID="BEB947773369D77" documentID="ADAB656448BED80" id="1095790" position="15" documentstartposition="215" documentendposition="221" title="Viewing Search Results" path="C:\Documents and Settings\hadfielj\My Documents\ePublisher Pro Projects\NCIA Online Help\Output\WebWorks Help 5.0\NCIA Online Help\Searching NCIA.3.15.html" stylename="" fileposition="34" />
  <Split groupID="BEB947773369D77" documentID="ADAB656448BED80" id="1085991" position="16" documentstartposition="222" documentendposition="235" title="Search Results (by Subject)" path="C:\Documents and Settings\hadfielj\My Documents\ePublisher Pro Projects\NCIA Online Help\Output\WebWorks Help 5.0\NCIA Online Help\Searching NCIA.3.16.html" stylename="" fileposition="35" />
  <Split groupID="BEB947773369D77" documentID="ADAB656448BED80" id="1069240" position="17" documentstartposition="236" documentendposition="246" title="Search Results (Studies for Subject)" path="C:\Documents and Settings\hadfielj\My Documents\ePublisher Pro Projects\NCIA Online Help\Output\WebWorks Help 5.0\NCIA Online Help\Searching NCIA.3.17.html" stylename="" fileposition="36" />
  <Split groupID="BEB947773369D77" documentID="ADAB656448BED80" id="1069282" position="18" documentstartposition="247" documentendposition="256" title="Search Results (Images for Series)" path="C:\Documents and Settings\hadfielj\My Documents\ePublisher Pro Projects\NCIA Online Help\Output\WebWorks Help 5.0\NCIA Online Help\Searching NCIA.3.18.html" stylename="" fileposition="37" />
  <Split groupID="BEB947773369D77" documentID="ADAB656448BED80" id="1169054" position="19" documentstartposition="257" documentendposition="265" title="Viewing Image Animation" path="C:\Documents and Settings\hadfielj\My Documents\ePublisher Pro Projects\NCIA Online Help\Output\WebWorks Help 5.0\NCIA Online Help\Searching NCIA.3.19.html" stylename="" fileposition="38">
    <Frame groupID="BEB947773369D77" documentID="ADAB656448BED80" id="1169441" stylename="Default" position="1" title="" path="C:\Documents and Settings\hadfielj\My Documents\ePublisher Pro Projects\NCIA Online Help\Output\WebWorks Help 5.0\NCIA Online Help\images\Searching NCIA.3.19.1.jpg">
      <Thumbnail path="C:\Documents and Settings\hadfielj\My Documents\ePublisher Pro Projects\NCIA Online Help\Output\WebWorks Help 5.0\NCIA Online Help\images\Searching NCIA.3.19.1_thumb.jpg" />
      <Wrapper groupID="BEB947773369D77" documentID="ADAB656448BED80" stylename="" path="C:\Documents and Settings\hadfielj\My Documents\ePublisher Pro Projects\NCIA Online Help\Output\WebWorks Help 5.0\NCIA Online Help\images\Searching NCIA.3.19.1.html" />
      <Description path="C:\Documents and Settings\hadfielj\My Documents\ePublisher Pro Projects\NCIA Online Help\Output\WebWorks Help 5.0\NCIA Online Help\images\Searching NCIA.3.19.1.txt" />
    </Frame>
    <Frame groupID="BEB947773369D77" documentID="ADAB656448BED80" id="1169770" stylename="Default" position="2" title="" path="C:\Documents and Settings\hadfielj\My Documents\ePublisher Pro Projects\NCIA Online Help\Output\WebWorks Help 5.0\NCIA Online Help\images\Searching NCIA.3.19.2.jpg">
      <Thumbnail path="C:\Documents and Settings\hadfielj\My Documents\ePublisher Pro Projects\NCIA Online Help\Output\WebWorks Help 5.0\NCIA Online Help\images\Searching NCIA.3.19.2_thumb.jpg" />
      <Wrapper groupID="BEB947773369D77" documentID="ADAB656448BED80" stylename="" path="C:\Documents and Settings\hadfielj\My Documents\ePublisher Pro Projects\NCIA Online Help\Output\WebWorks Help 5.0\NCIA Online Help\images\Searching NCIA.3.19.2.html" />
      <Description path="C:\Documents and Settings\hadfielj\My Documents\ePublisher Pro Projects\NCIA Online Help\Output\WebWorks Help 5.0\NCIA Online Help\images\Searching NCIA.3.19.2.txt" />
    </Frame>
    <Frame groupID="BEB947773369D77" documentID="ADAB656448BED80" id="1169779" stylename="Default" position="3" title="" path="C:\Documents and Settings\hadfielj\My Documents\ePublisher Pro Projects\NCIA Online Help\Output\WebWorks Help 5.0\NCIA Online Help\images\Searching NCIA.3.19.3.jpg">
      <Thumbnail path="C:\Documents and Settings\hadfielj\My Documents\ePublisher Pro Projects\NCIA Online Help\Output\WebWorks Help 5.0\NCIA Online Help\images\Searching NCIA.3.19.3_thumb.jpg" />
      <Wrapper groupID="BEB947773369D77" documentID="ADAB656448BED80" stylename="" path="C:\Documents and Settings\hadfielj\My Documents\ePublisher Pro Projects\NCIA Online Help\Output\WebWorks Help 5.0\NCIA Online Help\images\Searching NCIA.3.19.3.html" />
      <Description path="C:\Documents and Settings\hadfielj\My Documents\ePublisher Pro Projects\NCIA Online Help\Output\WebWorks Help 5.0\NCIA Online Help\images\Searching NCIA.3.19.3.txt" />
    </Frame>
    <Frame groupID="BEB947773369D77" documentID="ADAB656448BED80" id="1169788" stylename="Default" position="4" title="" path="C:\Documents and Settings\hadfielj\My Documents\ePublisher Pro Projects\NCIA Online Help\Output\WebWorks Help 5.0\NCIA Online Help\images\Searching NCIA.3.19.4.jpg">
      <Thumbnail path="C:\Documents and Settings\hadfielj\My Documents\ePublisher Pro Projects\NCIA Online Help\Output\WebWorks Help 5.0\NCIA Online Help\images\Searching NCIA.3.19.4_thumb.jpg" />
      <Wrapper groupID="BEB947773369D77" documentID="ADAB656448BED80" stylename="" path="C:\Documents and Settings\hadfielj\My Documents\ePublisher Pro Projects\NCIA Online Help\Output\WebWorks Help 5.0\NCIA Online Help\images\Searching NCIA.3.19.4.html" />
      <Description path="C:\Documents and Settings\hadfielj\My Documents\ePublisher Pro Projects\NCIA Online Help\Output\WebWorks Help 5.0\NCIA Online Help\images\Searching NCIA.3.19.4.txt" />
    </Frame>
    <Frame groupID="BEB947773369D77" documentID="ADAB656448BED80" id="1169793" stylename="Default" position="5" title="" path="C:\Documents and Settings\hadfielj\My Documents\ePublisher Pro Projects\NCIA Online Help\Output\WebWorks Help 5.0\NCIA Online Help\images\Searching NCIA.3.19.5.jpg">
      <Thumbnail path="C:\Documents and Settings\hadfielj\My Documents\ePublisher Pro Projects\NCIA Online Help\Output\WebWorks Help 5.0\NCIA Online Help\images\Searching NCIA.3.19.5_thumb.jpg" />
      <Wrapper groupID="BEB947773369D77" documentID="ADAB656448BED80" stylename="" path="C:\Documents and Settings\hadfielj\My Documents\ePublisher Pro Projects\NCIA Online Help\Output\WebWorks Help 5.0\NCIA Online Help\images\Searching NCIA.3.19.5.html" />
      <Description path="C:\Documents and Settings\hadfielj\My Documents\ePublisher Pro Projects\NCIA Online Help\Output\WebWorks Help 5.0\NCIA Online Help\images\Searching NCIA.3.19.5.txt" />
    </Frame>
    <Frame groupID="BEB947773369D77" documentID="ADAB656448BED80" id="1169801" stylename="Default" position="6" title="" path="C:\Documents and Settings\hadfielj\My Documents\ePublisher Pro Projects\NCIA Online Help\Output\WebWorks Help 5.0\NCIA Online Help\images\Searching NCIA.3.19.6.jpg">
      <Thumbnail path="C:\Documents and Settings\hadfielj\My Documents\ePublisher Pro Projects\NCIA Online Help\Output\WebWorks Help 5.0\NCIA Online Help\images\Searching NCIA.3.19.6_thumb.jpg" />
      <Wrapper groupID="BEB947773369D77" documentID="ADAB656448BED80" stylename="" path="C:\Documents and Settings\hadfielj\My Documents\ePublisher Pro Projects\NCIA Online Help\Output\WebWorks Help 5.0\NCIA Online Help\images\Searching NCIA.3.19.6.html" />
      <Description path="C:\Documents and Settings\hadfielj\My Documents\ePublisher Pro Projects\NCIA Online Help\Output\WebWorks Help 5.0\NCIA Online Help\images\Searching NCIA.3.19.6.txt" />
    </Frame>
    <Frame groupID="BEB947773369D77" documentID="ADAB656448BED80" id="1169806" stylename="Default" position="7" title="" path="C:\Documents and Settings\hadfielj\My Documents\ePublisher Pro Projects\NCIA Online Help\Output\WebWorks Help 5.0\NCIA Online Help\images\Searching NCIA.3.19.7.jpg">
      <Thumbnail path="C:\Documents and Settings\hadfielj\My Documents\ePublisher Pro Projects\NCIA Online Help\Output\WebWorks Help 5.0\NCIA Online Help\images\Searching NCIA.3.19.7_thumb.jpg" />
      <Wrapper groupID="BEB947773369D77" documentID="ADAB656448BED80" stylename="" path="C:\Documents and Settings\hadfielj\My Documents\ePublisher Pro Projects\NCIA Online Help\Output\WebWorks Help 5.0\NCIA Online Help\images\Searching NCIA.3.19.7.html" />
      <Description path="C:\Documents and Settings\hadfielj\My Documents\ePublisher Pro Projects\NCIA Online Help\Output\WebWorks Help 5.0\NCIA Online Help\images\Searching NCIA.3.19.7.txt" />
    </Frame>
    <Frame groupID="BEB947773369D77" documentID="ADAB656448BED80" id="1169813" stylename="Default" position="8" title="" path="C:\Documents and Settings\hadfielj\My Documents\ePublisher Pro Projects\NCIA Online Help\Output\WebWorks Help 5.0\NCIA Online Help\images\Searching NCIA.3.19.8.jpg">
      <Thumbnail path="C:\Documents and Settings\hadfielj\My Documents\ePublisher Pro Projects\NCIA Online Help\Output\WebWorks Help 5.0\NCIA Online Help\images\Searching NCIA.3.19.8_thumb.jpg" />
      <Wrapper groupID="BEB947773369D77" documentID="ADAB656448BED80" stylename="" path="C:\Documents and Settings\hadfielj\My Documents\ePublisher Pro Projects\NCIA Online Help\Output\WebWorks Help 5.0\NCIA Online Help\images\Searching NCIA.3.19.8.html" />
      <Description path="C:\Documents and Settings\hadfielj\My Documents\ePublisher Pro Projects\NCIA Online Help\Output\WebWorks Help 5.0\NCIA Online Help\images\Searching NCIA.3.19.8.txt" />
    </Frame>
    <Frame groupID="BEB947773369D77" documentID="ADAB656448BED80" id="1169891" stylename="Default" position="9" title="" path="C:\Documents and Settings\hadfielj\My Documents\ePublisher Pro Projects\NCIA Online Help\Output\WebWorks Help 5.0\NCIA Online Help\images\Searching NCIA.3.19.9.jpg">
      <Thumbnail path="C:\Documents and Settings\hadfielj\My Documents\ePublisher Pro Projects\NCIA Online Help\Output\WebWorks Help 5.0\NCIA Online Help\images\Searching NCIA.3.19.9_thumb.jpg" />
      <Wrapper groupID="BEB947773369D77" documentID="ADAB656448BED80" stylename="" path="C:\Documents and Settings\hadfielj\My Documents\ePublisher Pro Projects\NCIA Online Help\Output\WebWorks Help 5.0\NCIA Online Help\images\Searching NCIA.3.19.9.html" />
      <Description path="C:\Documents and Settings\hadfielj\My Documents\ePublisher Pro Projects\NCIA Online Help\Output\WebWorks Help 5.0\NCIA Online Help\images\Searching NCIA.3.19.9.txt" />
    </Frame>
    <Frame groupID="BEB947773369D77" documentID="ADAB656448BED80" id="1183552" stylename="Default" position="10" title="" path="C:\Documents and Settings\hadfielj\My Documents\ePublisher Pro Projects\NCIA Online Help\Output\WebWorks Help 5.0\NCIA Online Help\images\Searching NCIA.3.19.10.jpg">
      <Thumbnail path="C:\Documents and Settings\hadfielj\My Documents\ePublisher Pro Projects\NCIA Online Help\Output\WebWorks Help 5.0\NCIA Online Help\images\Searching NCIA.3.19.10_thumb.jpg" />
      <Wrapper groupID="BEB947773369D77" documentID="ADAB656448BED80" stylename="" path="C:\Documents and Settings\hadfielj\My Documents\ePublisher Pro Projects\NCIA Online Help\Output\WebWorks Help 5.0\NCIA Online Help\images\Searching NCIA.3.19.10.html" />
      <Description path="C:\Documents and Settings\hadfielj\My Documents\ePublisher Pro Projects\NCIA Online Help\Output\WebWorks Help 5.0\NCIA Online Help\images\Searching NCIA.3.19.10.txt" />
    </Frame>
  </Split>
  <Split groupID="BEB947773369D77" documentID="ADAB656448BED80" id="1169851" position="20" documentstartposition="266" documentendposition="270" title="Working with the Data Basket" path="C:\Documents and Settings\hadfielj\My Documents\ePublisher Pro Projects\NCIA Online Help\Output\WebWorks Help 5.0\NCIA Online Help\Searching NCIA.3.20.html" stylename="" fileposition="39" />
  <Split groupID="BEB947773369D77" documentID="ADAB656448BED80" id="1090594" position="21" documentstartposition="271" documentendposition="278" title="Adding Items to Your Basket" path="C:\Documents and Settings\hadfielj\My Documents\ePublisher Pro Projects\NCIA Online Help\Output\WebWorks Help 5.0\NCIA Online Help\Searching NCIA.3.21.html" stylename="" fileposition="40" />
  <Split groupID="BEB947773369D77" documentID="ADAB656448BED80" id="1070197" position="22" documentstartposition="279" documentendposition="287" title="Managing the Data Basket" path="C:\Documents and Settings\hadfielj\My Documents\ePublisher Pro Projects\NCIA Online Help\Output\WebWorks Help 5.0\NCIA Online Help\Searching NCIA.3.22.html" stylename="" fileposition="41" />
  <Split groupID="BEB947773369D77" documentID="ADAB656448BED80" id="1090496" position="23" documentstartposition="288" documentendposition="308" title="Downloading the Data Basket " path="C:\Documents and Settings\hadfielj\My Documents\ePublisher Pro Projects\NCIA Online Help\Output\WebWorks Help 5.0\NCIA Online Help\Searching NCIA.3.23.html" stylename="" fileposition="42" />
  <Split groupID="BEB947773369D77" documentID="ADAB656448BED80" id="1070597" position="24" documentstartposition="309" documentendposition="315" title="Obtaining DICOM Viewers" path="C:\Documents and Settings\hadfielj\My Documents\ePublisher Pro Projects\NCIA Online Help\Output\WebWorks Help 5.0\NCIA Online Help\Searching NCIA.3.24.html" stylename="" fileposition="43" />
  <Split groupID="BEB947773369D77" documentID="ADAB656448BED80" id="1086036" position="25" documentstartposition="316" documentendposition="318" title="Initiating Searches from Other Applications&#x9;" path="C:\Documents and Settings\hadfielj\My Documents\ePublisher Pro Projects\NCIA Online Help\Output\WebWorks Help 5.0\NCIA Online Help\Searching NCIA.3.25.html" stylename="" fileposition="44" />
  <Split groupID="BEB947773369D77" documentID="10DF3999ED8F082" id="1064739" position="1" documentstartposition="3" documentendposition="10" title="NCIA Administration" path="C:\Documents and Settings\hadfielj\My Documents\ePublisher Pro Projects\NCIA Online Help\Output\WebWorks Help 5.0\NCIA Online Help\NCIA admin.4.1.html" stylename="" fileposition="45" />
  <Split groupID="BEB947773369D77" documentID="10DF3999ED8F082" id="1084083" position="2" documentstartposition="11" documentendposition="16" title="Administration Functions Overview" path="C:\Documents and Settings\hadfielj\My Documents\ePublisher Pro Projects\NCIA Online Help\Output\WebWorks Help 5.0\NCIA Online Help\NCIA admin.4.2.html" stylename="" fileposition="46" />
  <Split groupID="BEB947773369D77" documentID="10DF3999ED8F082" id="1084993" position="3" documentstartposition="17" documentendposition="38" title=" Using the Quality Control (QC) Tool" path="C:\Documents and Settings\hadfielj\My Documents\ePublisher Pro Projects\NCIA Online Help\Output\WebWorks Help 5.0\NCIA Online Help\NCIA admin.4.3.html" stylename="" fileposition="47">
    <Frame groupID="BEB947773369D77" documentID="10DF3999ED8F082" id="1091620" stylename="Default" position="1" title="" path="C:\Documents and Settings\hadfielj\My Documents\ePublisher Pro Projects\NCIA Online Help\Output\WebWorks Help 5.0\NCIA Online Help\images\NCIA admin.4.3.1.jpg">
      <Thumbnail path="C:\Documents and Settings\hadfielj\My Documents\ePublisher Pro Projects\NCIA Online Help\Output\WebWorks Help 5.0\NCIA Online Help\images\NCIA admin.4.3.1_thumb.jpg" />
      <Wrapper groupID="BEB947773369D77" documentID="10DF3999ED8F082" stylename="" path="C:\Documents and Settings\hadfielj\My Documents\ePublisher Pro Projects\NCIA Online Help\Output\WebWorks Help 5.0\NCIA Online Help\images\NCIA admin.4.3.1.html" />
      <Description path="C:\Documents and Settings\hadfielj\My Documents\ePublisher Pro Projects\NCIA Online Help\Output\WebWorks Help 5.0\NCIA Online Help\images\NCIA admin.4.3.1.txt" />
    </Frame>
  </Split>
  <Split groupID="BEB947773369D77" documentID="10DF3999ED8F082" id="1092019" position="4" documentstartposition="39" documentendposition="53" title="Updating Curation Status" path="C:\Documents and Settings\hadfielj\My Documents\ePublisher Pro Projects\NCIA Online Help\Output\WebWorks Help 5.0\NCIA Online Help\NCIA admin.4.4.html" stylename="" fileposition="48" />
  <Split groupID="BEB947773369D77" documentID="10DF3999ED8F082" id="1092076" position="5" documentstartposition="54" documentendposition="62" title="Uploading and Parsing the Curation Spreadsheet" path="C:\Documents and Settings\hadfielj\My Documents\ePublisher Pro Projects\NCIA Online Help\Output\WebWorks Help 5.0\NCIA Online Help\NCIA admin.4.5.html" stylename="" fileposition="49" />
  <Split groupID="BEB947773369D77" documentID="10DF3999ED8F082" id="1084915" position="6" documentstartposition="63" documentendposition="74" title="Verifying Submitted Files" path="C:\Documents and Settings\hadfielj\My Documents\ePublisher Pro Projects\NCIA Online Help\Output\WebWorks Help 5.0\NCIA Online Help\NCIA admin.4.6.html" stylename="" fileposition="50" />
  <Split groupID="BEB947773369D77" documentID="10DF3999ED8F082" id="1102751" position="7" documentstartposition="75" documentendposition="82" title="Verifying Submitted Files Results" path="C:\Documents and Settings\hadfielj\My Documents\ePublisher Pro Projects\NCIA Online Help\Output\WebWorks Help 5.0\NCIA Online Help\NCIA admin.4.7.html" stylename="" fileposition="51" />
  <Split groupID="BEB947773369D77" documentID="AD46484F606FB049" id="1056918" position="1" documentstartposition="3" documentendposition="8" title="URL References" path="C:\Documents and Settings\hadfielj\My Documents\ePublisher Pro Projects\NCIA Online Help\Output\WebWorks Help 5.0\NCIA Online Help\appdix references.5.1.html" stylename="" fileposition="52" />
  <Split groupID="BEB947773369D77" documentID="AD46484F606FB049" id="1056911" position="2" documentstartposition="9" documentendposition="12" title="FTP Client Software Products" path="C:\Documents and Settings\hadfielj\My Documents\ePublisher Pro Projects\NCIA Online Help\Output\WebWorks Help 5.0\NCIA Online Help\appdix references.5.2.html" stylename="" fileposition="53" />
  <Split groupID="BEB947773369D77" documentID="AD46484F606FB049" id="1058243" position="3" documentstartposition="13" documentendposition="17" title="DICOM" path="C:\Documents and Settings\hadfielj\My Documents\ePublisher Pro Projects\NCIA Online Help\Output\WebWorks Help 5.0\NCIA Online Help\appdix references.5.3.html" stylename="" fileposition="54" />
  <Split groupID="BEB947773369D77" documentID="AD46484F606FB049" id="1059694" position="4" documentstartposition="18" documentendposition="20" title="Cedara" path="C:\Documents and Settings\hadfielj\My Documents\ePublisher Pro Projects\NCIA Online Help\Output\WebWorks Help 5.0\NCIA Online Help\appdix references.5.4.html" stylename="" fileposition="55" />
  <Split groupID="BEB947773369D77" documentID="AD46484F606FB049" id="1059619" position="5" documentstartposition="21" documentendposition="23" title="NCIA" path="C:\Documents and Settings\hadfielj\My Documents\ePublisher Pro Projects\NCIA Online Help\Output\WebWorks Help 5.0\NCIA Online Help\appdix references.5.5.html" stylename="" fileposition="56" />
  <Split groupID="BEB947773369D77" documentID="9F7ABA1EA77FC19" id="1065598" position="1" documentstartposition="3" documentendposition="6" title="NCIA Glossary" path="C:\Documents and Settings\hadfielj\My Documents\ePublisher Pro Projects\NCIA Online Help\Output\WebWorks Help 5.0\NCIA Online Help\appdix glossary.6.1.html" stylename="" fileposition="57">
    <Popup groupID="BEB947773369D77" documentID="9F7ABA1EA77FC19" id="1066184" stylename="Popup" path="C:\Documents and Settings\hadfielj\My Documents\ePublisher Pro Projects\NCIA Online Help\Output\WebWorks Help 5.0\NCIA Online Help\popups\appdix glossary-1066184.html" />
  </Split>
  <Split groupID="BEB947773369D77" documentID="CEED909692C9EC93" id="998294" position="1" documentstartposition="1" documentendposition="5" title="Application Support" path="C:\Documents and Settings\hadfielj\My Documents\ePublisher Pro Projects\NCIA Online Help\Output\WebWorks Help 5.0\NCIA Online Help\Application Support.7.1.html" stylename="" fileposition="58" />
  <File groupID="BEB947773369D77" documentID="" id="" type="index" source="" path="C:\Documents and Settings\hadfielj\My Documents\ePublisher Pro Projects\NCIA Online Help\Output\WebWorks Help 5.0\NCIA Online Help\wwhdata\xml\ix.xml" title="Index" />
  <File groupID="BEB947773369D77" documentID="" id="" type="entry" source="" path="C:\Documents and Settings\hadfielj\My Documents\ePublisher Pro Projects\NCIA Online Help\Output\WebWorks Help 5.0\NCIA Online Help\index.html" title="NCIA Online Help" />
  <File groupID="BEB947773369D77" documentID="" id="" type="copy" source="wwprojfile:caution_NCI.gif" path="C:\Documents and Settings\hadfielj\My Documents\ePublisher Pro Projects\NCIA Online Help\Output\WebWorks Help 5.0\NCIA Online Help\caution_NCI.gif" title="" />
  <File groupID="BEB947773369D77" documentID="" id="" type="copy" source="wwprojfile:note_NCI.gif" path="C:\Documents and Settings\hadfielj\My Documents\ePublisher Pro Projects\NCIA Online Help\Output\WebWorks Help 5.0\NCIA Online Help\note_NCI.gif" title="" />
  <File groupID="BEB947773369D77" documentID="" id="" type="copy" source="wwprojfile:tip_NCI.gif" path="C:\Documents and Settings\hadfielj\My Documents\ePublisher Pro Projects\NCIA Online Help\Output\WebWorks Help 5.0\NCIA Online Help\tip_NCI.gif" title="" />
  <File groupID="BEB947773369D77" documentID="" id="" type="copy" source="wwprojfile:warning_NCI.gif" path="C:\Documents and Settings\hadfielj\My Documents\ePublisher Pro Projects\NCIA Online Help\Output\WebWorks Help 5.0\NCIA Online Help\warning_NCI.gif" title="" />
  <File groupID="BEB947773369D77" documentID="29367D45BB39D96B" id="" type="css" source="" path="C:\Documents and Settings\hadfielj\My Documents\ePublisher Pro Projects\NCIA Online Help\Output\WebWorks Help 5.0\NCIA Online Help\css\Welcome to NCIA.css" title="" />
  <File groupID="BEB947773369D77" documentID="958C2E46356A66E2" id="" type="css" source="" path="C:\Documents and Settings\hadfielj\My Documents\ePublisher Pro Projects\NCIA Online Help\Output\WebWorks Help 5.0\NCIA Online Help\css\Getting Started.css" title="" />
  <File groupID="BEB947773369D77" documentID="ADAB656448BED80" id="" type="css" source="" path="C:\Documents and Settings\hadfielj\My Documents\ePublisher Pro Projects\NCIA Online Help\Output\WebWorks Help 5.0\NCIA Online Help\css\Searching NCIA.css" title="" />
  <File groupID="BEB947773369D77" documentID="10DF3999ED8F082" id="" type="css" source="" path="C:\Documents and Settings\hadfielj\My Documents\ePublisher Pro Projects\NCIA Online Help\Output\WebWorks Help 5.0\NCIA Online Help\css\NCIA admin.css" title="" />
  <File groupID="BEB947773369D77" documentID="AD46484F606FB049" id="" type="css" source="" path="C:\Documents and Settings\hadfielj\My Documents\ePublisher Pro Projects\NCIA Online Help\Output\WebWorks Help 5.0\NCIA Online Help\css\appdix references.css" title="" />
  <File groupID="BEB947773369D77" documentID="9F7ABA1EA77FC19" id="" type="css" source="" path="C:\Documents and Settings\hadfielj\My Documents\ePublisher Pro Projects\NCIA Online Help\Output\WebWorks Help 5.0\NCIA Online Help\css\appdix glossary.css" title="" />
  <File groupID="BEB947773369D77" documentID="CEED909692C9EC93" id="" type="css" source="" path="C:\Documents and Settings\hadfielj\My Documents\ePublisher Pro Projects\NCIA Online Help\Output\WebWorks Help 5.0\NCIA Online Help\css\Application Support.css" title="" />
  <File groupID="BEB947773369D77" documentID="" id="" type="baggage" source="C:\Documents and Settings\hadfielj\My Documents\CBIIT Projects\NCIA\archives\NCIA 2.3\NCIAUserGuide2.3 FM\Searching NCIA.fm" path="C:\Documents and Settings\hadfielj\My Documents\ePublisher Pro Projects\NCIA Online Help\Output\WebWorks Help 5.0\NCIA Online Help\baggage\Searching NCIA.fm" title="" />
  <File groupID="BEB947773369D77" documentID="" id="" type="baggage" source="C:\Documents and Settings\hadfielj\My Documents\CBIIT Projects\NCIA\archives\NCIA 2.3\NCIAUserGuide2.3 FM\NCIA admin.fm" path="C:\Documents and Settings\hadfielj\My Documents\ePublisher Pro Projects\NCIA Online Help\Output\WebWorks Help 5.0\NCIA Online Help\baggage\NCIA admin.fm" title="" />
</Splits>