<?xml version="1.0" encoding="utf-8"?>
<Behaviors version="1.0" xmlns="urn:WebWorks-Behaviors-Schema">
  <Paragraph id="1060244" documentposition="3" splitpriority="1" dropdown="continue" popup="none" popup-page-rule="" />
  <Paragraph id="1060245" documentposition="4" splitpriority="none" dropdown="continue" popup="none" popup-page-rule="" />
  <Paragraph id="1061786" documentposition="5" splitpriority="none" dropdown="continue" popup="none" popup-page-rule="" />
  <Paragraph id="1202768" documentposition="6" splitpriority="none" dropdown="continue" popup="none" popup-page-rule="" />
  <Paragraph id="1197968" documentposition="7" splitpriority="none" dropdown="continue" popup="none" popup-page-rule="" />
  <Paragraph id="1197960" documentposition="8" splitpriority="none" dropdown="continue" popup="none" popup-page-rule="" />
  <Paragraph id="1061820" documentposition="9" splitpriority="none" dropdown="continue" popup="none" popup-page-rule="" />
  <Paragraph id="1071663" documentposition="10" splitpriority="none" dropdown="continue" popup="none" popup-page-rule="" />
  <Paragraph id="1066291" documentposition="11" splitpriority="2" dropdown="continue" popup="none" popup-page-rule="" />
  <Paragraph id="1087111" documentposition="12" splitpriority="none" dropdown="continue" popup="none" popup-page-rule="" />
  <Paragraph id="1145035" documentposition="13" splitpriority="none" dropdown="continue" popup="none" popup-page-rule="" />
  <Paragraph id="1090952" documentposition="14" splitpriority="none" dropdown="continue" popup="none" popup-page-rule="" />
  <Paragraph id="1090959" documentposition="15" splitpriority="none" dropdown="continue" popup="none" popup-page-rule="" />
  <Paragraph id="1090970" documentposition="16" splitpriority="none" dropdown="continue" popup="none" popup-page-rule="" />
  <Paragraph id="1090971" documentposition="17" splitpriority="none" dropdown="continue" popup="none" popup-page-rule="" />
  <Paragraph id="1090939" documentposition="18" splitpriority="none" dropdown="continue" popup="none" popup-page-rule="" />
  <Paragraph id="1091001" documentposition="19" splitpriority="none" dropdown="continue" popup="none" popup-page-rule="" />
  <Paragraph id="1095939" documentposition="20" splitpriority="none" dropdown="continue" popup="none" popup-page-rule="" />
  <Table id="1095940" documentposition="21" splitpriority="none">
    <TableCell>
      <Paragraph id="1095943" dropdown="continue" popup="none" popup-page-rule="" />
    </TableCell>
  </Table>
  <Paragraph id="1087564" documentposition="22" splitpriority="none" dropdown="continue" popup="none" popup-page-rule="" />
  <Paragraph id="1086968" documentposition="23" splitpriority="none" dropdown="continue" popup="none" popup-page-rule="" />
  <Paragraph id="1086973" documentposition="24" splitpriority="none" dropdown="continue" popup="none" popup-page-rule="" />
  <Paragraph id="1086978" documentposition="25" splitpriority="none" dropdown="continue" popup="none" popup-page-rule="" />
  <Paragraph id="1066370" documentposition="26" splitpriority="none" dropdown="continue" popup="none" popup-page-rule="" />
  <Paragraph id="1066371" documentposition="27" splitpriority="none" dropdown="continue" popup="none" popup-page-rule="" />
  <Paragraph id="1066372" documentposition="28" splitpriority="none" dropdown="continue" popup="none" popup-page-rule="" />
  <Paragraph id="1096502" documentposition="29" splitpriority="none" dropdown="continue" popup="none" popup-page-rule="" />
  <Paragraph id="1096506" documentposition="30" splitpriority="none" dropdown="continue" popup="none" popup-page-rule="" />
  <Paragraph id="1096507" documentposition="31" splitpriority="none" dropdown="continue" popup="none" popup-page-rule="" />
  <Paragraph id="1066373" documentposition="32" splitpriority="none" dropdown="continue" popup="none" popup-page-rule="" />
  <Paragraph id="1099771" documentposition="33" splitpriority="none" dropdown="continue" popup="none" popup-page-rule="" />
  <Paragraph id="1213720" documentposition="34" splitpriority="none" relatedtopic="define-no-output" dropdown="continue" popup="none" popup-page-rule="" />
  <Paragraph id="1213724" documentposition="35" splitpriority="none" relatedtopic="define-no-output" dropdown="continue" popup="none" popup-page-rule="" />
  <Paragraph id="1213728" documentposition="36" splitpriority="none" relatedtopic="define-no-output" dropdown="continue" popup="none" popup-page-rule="" />
  <Paragraph id="1213732" documentposition="37" splitpriority="none" relatedtopic="define-no-output" dropdown="continue" popup="none" popup-page-rule="" />
  <Paragraph id="1213736" documentposition="38" splitpriority="none" relatedtopic="define-no-output" dropdown="continue" popup="none" popup-page-rule="" />
  <Paragraph id="1213740" documentposition="39" splitpriority="none" relatedtopic="define-no-output" dropdown="continue" popup="none" popup-page-rule="" />
  <Paragraph id="1213744" documentposition="40" splitpriority="none" relatedtopic="define-no-output" dropdown="continue" popup="none" popup-page-rule="" />
  <Paragraph id="1066741" documentposition="41" splitpriority="3" dropdown="continue" popup="none" popup-page-rule="">
    <Marker behavior="topic" id="1095054">
      <Marker id="1095054" name="TopicAlias" xmlns="urn:WebWorks-Document-Schema">
        <TextRun id="tr1095054-1">
          <Text value="simple_search_help" />
        </TextRun>
      </Marker>
    </Marker>
  </Paragraph>
  <Paragraph id="1066742" documentposition="42" splitpriority="none" dropdown="continue" popup="none" popup-page-rule="" />
  <Paragraph id="1120081" documentposition="43" splitpriority="none" dropdown="continue" popup="none" popup-page-rule="" />
  <Paragraph id="1087719" documentposition="44" splitpriority="none" dropdown="continue" popup="none" popup-page-rule="" />
  <Paragraph id="1087738" documentposition="45" splitpriority="none" dropdown="continue" popup="none" popup-page-rule="" />
  <Paragraph id="1087543" documentposition="46" splitpriority="none" dropdown="continue" popup="none" popup-page-rule="" />
  <Paragraph id="1087531" documentposition="47" splitpriority="none" dropdown="continue" popup="none" popup-page-rule="" />
  <Paragraph id="1087551" documentposition="48" splitpriority="none" dropdown="continue" popup="none" popup-page-rule="" />
  <Paragraph id="1087680" documentposition="49" splitpriority="none" dropdown="continue" popup="none" popup-page-rule="" />
  <Paragraph id="1087771" documentposition="50" splitpriority="none" dropdown="continue" popup="none" popup-page-rule="" />
  <Paragraph id="1066743" documentposition="51" splitpriority="none" dropdown="continue" popup="none" popup-page-rule="" />
  <Table id="1066744" documentposition="52" splitpriority="none">
    <TableCell>
      <Paragraph id="1075999" dropdown="continue" popup="none" popup-page-rule="" />
    </TableCell>
    <TableCell>
      <Paragraph id="1076001" dropdown="continue" popup="none" popup-page-rule="" />
    </TableCell>
    <TableCell>
      <Paragraph id="1066750" dropdown="continue" popup="none" popup-page-rule="" />
    </TableCell>
    <TableCell>
      <Paragraph id="1066752" dropdown="continue" popup="none" popup-page-rule="" />
      <Paragraph id="1113607" dropdown="continue" popup="none" popup-page-rule="" />
      <Paragraph id="1113641" dropdown="continue" popup="none" popup-page-rule="" />
      <Paragraph id="1113612" dropdown="continue" popup="none" popup-page-rule="" />
      <Paragraph id="1113619" dropdown="continue" popup="none" popup-page-rule="" />
    </TableCell>
    <TableCell>
      <Paragraph id="1066754" dropdown="continue" popup="none" popup-page-rule="" />
    </TableCell>
    <TableCell>
      <Paragraph id="1066756" dropdown="continue" popup="none" popup-page-rule="" />
      <Paragraph id="1066757" dropdown="continue" popup="none" popup-page-rule="" />
      <Paragraph id="1066758" dropdown="continue" popup="none" popup-page-rule="" />
      <Paragraph id="1066759" dropdown="continue" popup="none" popup-page-rule="" />
    </TableCell>
    <TableCell>
      <Paragraph id="1066761" dropdown="continue" popup="none" popup-page-rule="" />
    </TableCell>
    <TableCell>
      <Paragraph id="1066763" dropdown="continue" popup="none" popup-page-rule="" />
      <Paragraph id="1116583" dropdown="continue" popup="none" popup-page-rule="" />
      <Paragraph id="1116713" dropdown="continue" popup="none" popup-page-rule="" />
    </TableCell>
    <TableCell>
      <Paragraph id="1066765" dropdown="continue" popup="none" popup-page-rule="" />
      <Paragraph id="1066766" dropdown="continue" popup="none" popup-page-rule="" />
    </TableCell>
    <TableCell>
      <Paragraph id="1067306" dropdown="continue" popup="none" popup-page-rule="">
        <Frame id="1067324">
          <Paragraph id="" dropdown="continue" popup="none" popup-page-rule="" />
          <Frame id="1193147" />
        </Frame>
      </Paragraph>
      <Paragraph id="1067311" dropdown="continue" popup="none" popup-page-rule="">
        <Frame id="1067351">
          <Paragraph id="" dropdown="continue" popup="none" popup-page-rule="" />
          <Frame id="1193146" />
        </Frame>
      </Paragraph>
      <Paragraph id="1066778" dropdown="continue" popup="none" popup-page-rule="" />
    </TableCell>
    <TableCell>
      <Paragraph id="1066780" dropdown="continue" popup="none" popup-page-rule="" />
    </TableCell>
    <TableCell>
      <Paragraph id="1096517" dropdown="continue" popup="none" popup-page-rule="" />
      <Paragraph id="1096563" dropdown="continue" popup="none" popup-page-rule="" />
      <Paragraph id="1096564" dropdown="continue" popup="none" popup-page-rule="" />
    </TableCell>
    <TableCell>
      <Paragraph id="1193853" dropdown="continue" popup="none" popup-page-rule="" />
    </TableCell>
    <TableCell>
      <Paragraph id="1193855" dropdown="continue" popup="none" popup-page-rule="" />
    </TableCell>
    <TableCell>
      <Paragraph id="1066784" dropdown="continue" popup="none" popup-page-rule="" />
    </TableCell>
    <TableCell>
      <Paragraph id="1154767" dropdown="continue" popup="none" popup-page-rule="" />
      <Paragraph id="1154768" dropdown="continue" popup="none" popup-page-rule="" />
      <Paragraph id="1154769" dropdown="continue" popup="none" popup-page-rule="" />
      <Paragraph id="1154761" dropdown="continue" popup="none" popup-page-rule="" />
    </TableCell>
    <TableCell>
      <Paragraph id="1154795" dropdown="continue" popup="none" popup-page-rule="" />
    </TableCell>
    <TableCell>
      <Paragraph id="1154797" dropdown="continue" popup="none" popup-page-rule="" />
      <Paragraph id="1154811" dropdown="continue" popup="none" popup-page-rule="" />
    </TableCell>
    <TableCell>
      <Paragraph id="1193865" dropdown="continue" popup="none" popup-page-rule="" />
    </TableCell>
    <TableCell>
      <Paragraph id="1193867" dropdown="continue" popup="none" popup-page-rule="" />
    </TableCell>
  </Table>
  <Paragraph id="1213761" documentposition="53" splitpriority="none" dropdown="end" popup="none" popup-page-rule="" />
  <Paragraph id="1145903" documentposition="54" splitpriority="none" dropdown="continue" popup="none" popup-page-rule="" />
  <Paragraph id="1085703" documentposition="55" splitpriority="none" dropdown="continue" popup="none" popup-page-rule="" />
  <Paragraph id="1085725" documentposition="56" splitpriority="none" dropdown="continue" popup="none" popup-page-rule="" />
  <Paragraph id="1066292" documentposition="57" splitpriority="none" dropdown="continue" popup="none" popup-page-rule="" />
  <Paragraph id="1213777" documentposition="58" splitpriority="none" relatedtopic="define-no-output" dropdown="continue" popup="none" popup-page-rule="" />
  <Paragraph id="1213781" documentposition="59" splitpriority="none" relatedtopic="define-no-output" dropdown="continue" popup="none" popup-page-rule="" />
  <Paragraph id="1213785" documentposition="60" splitpriority="none" relatedtopic="define-no-output" dropdown="continue" popup="none" popup-page-rule="" />
  <Paragraph id="1213789" documentposition="61" splitpriority="none" relatedtopic="define-no-output" dropdown="continue" popup="none" popup-page-rule="" />
  <Paragraph id="1213793" documentposition="62" splitpriority="none" relatedtopic="define-no-output" dropdown="continue" popup="none" popup-page-rule="" />
  <Paragraph id="1213797" documentposition="63" splitpriority="none" relatedtopic="define-no-output" dropdown="continue" popup="none" popup-page-rule="" />
  <Paragraph id="1207980" documentposition="64" splitpriority="3" dropdown="continue" popup="none" popup-page-rule="">
    <Marker behavior="topic" id="1207978">
      <Marker id="1207978" name="TopicAlias" xmlns="urn:WebWorks-Document-Schema">
        <TextRun id="tr1207978-1">
          <Text value="advanced_search_help" />
        </TextRun>
      </Marker>
    </Marker>
  </Paragraph>
  <Paragraph id="1207982" documentposition="65" splitpriority="none" dropdown="continue" popup="none" popup-page-rule="" />
  <Paragraph id="1207983" documentposition="66" splitpriority="none" dropdown="continue" popup="none" popup-page-rule="" />
  <Paragraph id="1208621" documentposition="67" splitpriority="none" dropdown="continue" popup="none" popup-page-rule="" />
  <Paragraph id="1208622" documentposition="68" splitpriority="none" dropdown="continue" popup="none" popup-page-rule="" />
  <Paragraph id="1207985" documentposition="69" splitpriority="none" dropdown="continue" popup="none" popup-page-rule="" />
  <Paragraph id="1207986" documentposition="70" splitpriority="none" dropdown="continue" popup="none" popup-page-rule="" />
  <Paragraph id="1207987" documentposition="71" splitpriority="none" dropdown="continue" popup="none" popup-page-rule="" />
  <Paragraph id="1208101" documentposition="73" splitpriority="none" dropdown="continue" popup="none" popup-page-rule="" />
  <Table id="1208011" documentposition="74" splitpriority="none">
    <TableCell>
      <Paragraph id="1208013" dropdown="continue" popup="none" popup-page-rule="" />
    </TableCell>
    <TableCell>
      <Paragraph id="1208015" dropdown="continue" popup="none" popup-page-rule="" />
    </TableCell>
    <TableCell>
      <Paragraph id="1208018" dropdown="continue" popup="none" popup-page-rule="" />
    </TableCell>
    <TableCell>
      <Paragraph id="1208020" dropdown="continue" popup="none" popup-page-rule="" />
      <Paragraph id="1208021" dropdown="continue" popup="none" popup-page-rule="" />
      <Paragraph id="1208022" dropdown="continue" popup="none" popup-page-rule="" />
      <Paragraph id="1208023" dropdown="continue" popup="none" popup-page-rule="" />
      <Paragraph id="1208024" dropdown="continue" popup="none" popup-page-rule="" />
    </TableCell>
    <TableCell>
      <Paragraph id="1208026" dropdown="continue" popup="none" popup-page-rule="" />
    </TableCell>
    <TableCell>
      <Paragraph id="1208028" dropdown="continue" popup="none" popup-page-rule="" />
      <Paragraph id="1208029" dropdown="continue" popup="none" popup-page-rule="" />
      <Paragraph id="1208030" dropdown="continue" popup="none" popup-page-rule="" />
      <Paragraph id="1208031" dropdown="continue" popup="none" popup-page-rule="" />
    </TableCell>
    <TableCell>
      <Paragraph id="1208033" dropdown="continue" popup="none" popup-page-rule="" />
    </TableCell>
    <TableCell>
      <Paragraph id="1208035" dropdown="continue" popup="none" popup-page-rule="" />
      <Paragraph id="1208036" dropdown="continue" popup="none" popup-page-rule="" />
      <Paragraph id="1208037" dropdown="continue" popup="none" popup-page-rule="" />
    </TableCell>
    <TableCell>
      <Paragraph id="1208039" dropdown="continue" popup="none" popup-page-rule="" />
    </TableCell>
    <TableCell>
      <Paragraph id="1208041" dropdown="continue" popup="none" popup-page-rule="">
        <Frame id="1208043">
          <Paragraph id="" dropdown="continue" popup="none" popup-page-rule="" />
          <Frame id="1208044" />
        </Frame>
      </Paragraph>
      <Paragraph id="1208045" dropdown="continue" popup="none" popup-page-rule="">
        <Frame id="1208047">
          <Paragraph id="" dropdown="continue" popup="none" popup-page-rule="" />
          <Frame id="1208048" />
        </Frame>
      </Paragraph>
      <Paragraph id="1208049" dropdown="continue" popup="none" popup-page-rule="" />
    </TableCell>
    <TableCell>
      <Paragraph id="1208051" dropdown="continue" popup="none" popup-page-rule="" />
    </TableCell>
    <TableCell>
      <Paragraph id="1208053" dropdown="continue" popup="none" popup-page-rule="" />
    </TableCell>
    <TableCell>
      <Paragraph id="1208055" dropdown="continue" popup="none" popup-page-rule="" />
    </TableCell>
    <TableCell>
      <Paragraph id="1208057" dropdown="continue" popup="none" popup-page-rule="" />
    </TableCell>
    <TableCell>
      <Paragraph id="1208059" dropdown="continue" popup="none" popup-page-rule="" />
    </TableCell>
    <TableCell>
      <Paragraph id="1208061" dropdown="continue" popup="none" popup-page-rule="" />
    </TableCell>
    <TableCell>
      <Paragraph id="1208063" dropdown="continue" popup="none" popup-page-rule="" />
    </TableCell>
    <TableCell>
      <Paragraph id="1208065" dropdown="continue" popup="none" popup-page-rule="" />
    </TableCell>
    <TableCell>
      <Paragraph id="1208067" dropdown="continue" popup="none" popup-page-rule="" />
    </TableCell>
    <TableCell>
      <Paragraph id="1208070" dropdown="continue" popup="none" popup-page-rule="" />
      <Paragraph id="1208071" dropdown="continue" popup="none" popup-page-rule="" />
      <Paragraph id="1208072" dropdown="continue" popup="none" popup-page-rule="" />
      <Paragraph id="1208073" dropdown="continue" popup="none" popup-page-rule="" />
    </TableCell>
    <TableCell>
      <Paragraph id="1208075" dropdown="continue" popup="none" popup-page-rule="" />
    </TableCell>
    <TableCell>
      <Paragraph id="1208077" dropdown="continue" popup="none" popup-page-rule="" />
    </TableCell>
    <TableCell>
      <Paragraph id="1208079" dropdown="continue" popup="none" popup-page-rule="" />
    </TableCell>
    <TableCell>
      <Paragraph id="1208083" dropdown="continue" popup="none" popup-page-rule="" />
    </TableCell>
    <TableCell>
      <Paragraph id="1208085" dropdown="continue" popup="none" popup-page-rule="" />
      <Paragraph id="1208086" dropdown="continue" popup="none" popup-page-rule="" />
    </TableCell>
  </Table>
  <Paragraph id="1208107" documentposition="75" splitpriority="none" dropdown="continue" popup="none" popup-page-rule="" />
  <Paragraph id="1208135" documentposition="77" splitpriority="none" dropdown="continue" popup="none" popup-page-rule="" />
  <Table id="1208116" documentposition="78" splitpriority="none">
    <TableCell>
      <Paragraph id="1208118" dropdown="continue" popup="none" popup-page-rule="" />
    </TableCell>
    <TableCell>
      <Paragraph id="1208120" dropdown="continue" popup="none" popup-page-rule="" />
    </TableCell>
    <TableCell>
      <Paragraph id="1208122" dropdown="continue" popup="none" popup-page-rule="" />
      <Paragraph id="1208123" dropdown="continue" popup="none" popup-page-rule="" />
      <Paragraph id="1208124" dropdown="continue" popup="none" popup-page-rule="" />
    </TableCell>
    <TableCell>
      <Paragraph id="1208126" dropdown="continue" popup="none" popup-page-rule="" />
      <Paragraph id="1208127" dropdown="continue" popup="none" popup-page-rule="" />
      <Paragraph id="1208129" dropdown="continue" popup="none" popup-page-rule="" />
    </TableCell>
  </Table>
  <Paragraph id="1208142" documentposition="79" splitpriority="none" dropdown="continue" popup="none" popup-page-rule="" />
  <Table id="1208152" documentposition="81" splitpriority="none">
    <TableCell>
      <Paragraph id="1208154" dropdown="continue" popup="none" popup-page-rule="" />
    </TableCell>
    <TableCell>
      <Paragraph id="1208156" dropdown="continue" popup="none" popup-page-rule="" />
    </TableCell>
    <TableCell>
      <Paragraph id="1208158" dropdown="continue" popup="none" popup-page-rule="" />
    </TableCell>
    <TableCell>
      <Paragraph id="1208160" dropdown="continue" popup="none" popup-page-rule="" />
    </TableCell>
    <TableCell>
      <Paragraph id="1208162" dropdown="continue" popup="none" popup-page-rule="" />
    </TableCell>
    <TableCell>
      <Paragraph id="1208165" dropdown="continue" popup="none" popup-page-rule="" />
    </TableCell>
    <TableCell>
      <Paragraph id="1208168" dropdown="continue" popup="none" popup-page-rule="" />
    </TableCell>
    <TableCell>
      <Paragraph id="1208170" dropdown="continue" popup="none" popup-page-rule="" />
      <Paragraph id="1208171" dropdown="continue" popup="none" popup-page-rule="" />
      <Paragraph id="1208172" dropdown="continue" popup="none" popup-page-rule="" />
    </TableCell>
  </Table>
  <Paragraph id="1208181" documentposition="82" splitpriority="none" dropdown="continue" popup="none" popup-page-rule="" />
  <Paragraph id="1208182" documentposition="83" splitpriority="none" dropdown="continue" popup="none" popup-page-rule="" />
  <Paragraph id="1208186" documentposition="84" splitpriority="none" dropdown="continue" popup="none" popup-page-rule="" />
  <Paragraph id="1208190" documentposition="85" splitpriority="none" dropdown="continue" popup="none" popup-page-rule="" />
  <Paragraph id="1213832" documentposition="86" splitpriority="none" relatedtopic="define-no-output" dropdown="continue" popup="none" popup-page-rule="" />
  <Paragraph id="1213836" documentposition="87" splitpriority="none" relatedtopic="define-no-output" dropdown="continue" popup="none" popup-page-rule="" />
  <Paragraph id="1213840" documentposition="88" splitpriority="none" relatedtopic="define-no-output" dropdown="continue" popup="none" popup-page-rule="" />
  <Paragraph id="1213844" documentposition="89" splitpriority="none" relatedtopic="define-no-output" dropdown="continue" popup="none" popup-page-rule="" />
  <Paragraph id="1213848" documentposition="90" splitpriority="none" relatedtopic="define-no-output" dropdown="continue" popup="none" popup-page-rule="" />
  <Paragraph id="1213852" documentposition="91" splitpriority="none" relatedtopic="define-no-output" dropdown="continue" popup="none" popup-page-rule="" />
  <Paragraph id="1213873" documentposition="92" splitpriority="none" dropdown="continue" popup="none" popup-page-rule="" />
  <Paragraph id="1095060" documentposition="93" splitpriority="2" dropdown="continue" popup="none" popup-page-rule="">
    <Marker behavior="topic" id="1095065">
      <Marker id="1095065" name="TopicAlias" xmlns="urn:WebWorks-Document-Schema">
        <TextRun id="tr1095065-1">
          <Text value="annotation_keyword_search_help" />
        </TextRun>
      </Marker>
    </Marker>
  </Paragraph>
  <Paragraph id="1095061" documentposition="94" splitpriority="none" dropdown="continue" popup="none" popup-page-rule="" />
  <Paragraph id="1202971" documentposition="95" splitpriority="none" dropdown="continue" popup="none" popup-page-rule="" />
  <Paragraph id="1213885" documentposition="96" splitpriority="none" relatedtopic="define-no-output" dropdown="continue" popup="none" popup-page-rule="" />
  <Paragraph id="1213889" documentposition="97" splitpriority="none" relatedtopic="define-no-output" dropdown="continue" popup="none" popup-page-rule="" />
  <Paragraph id="1213893" documentposition="98" splitpriority="none" relatedtopic="define-no-output" dropdown="continue" popup="none" popup-page-rule="" />
  <Paragraph id="1213897" documentposition="99" splitpriority="none" relatedtopic="define-no-output" dropdown="continue" popup="none" popup-page-rule="" />
  <Paragraph id="1213901" documentposition="100" splitpriority="none" relatedtopic="define-no-output" dropdown="continue" popup="none" popup-page-rule="" />
  <Paragraph id="1102496" documentposition="101" splitpriority="3" dropdown="continue" popup="none" popup-page-rule="" />
  <Paragraph id="1087312" documentposition="102" splitpriority="none" dropdown="continue" popup="none" popup-page-rule="" />
  <Paragraph id="1087858" documentposition="103" splitpriority="none" dropdown="continue" popup="none" popup-page-rule="" />
  <Paragraph id="1087859" documentposition="104" splitpriority="none" dropdown="continue" popup="none" popup-page-rule="" />
  <Paragraph id="1087866" documentposition="105" splitpriority="none" dropdown="continue" popup="none" popup-page-rule="" />
  <Paragraph id="1087970" documentposition="106" splitpriority="none" dropdown="continue" popup="none" popup-page-rule="" />
  <Paragraph id="1096417" documentposition="107" splitpriority="none" dropdown="continue" popup="none" popup-page-rule="" />
  <Paragraph id="1096626" documentposition="108" splitpriority="none" dropdown="continue" popup="none" popup-page-rule="" />
  <Paragraph id="1096694" documentposition="109" splitpriority="none" dropdown="continue" popup="none" popup-page-rule="" />
  <Paragraph id="1096699" documentposition="110" splitpriority="none" dropdown="continue" popup="none" popup-page-rule="" />
  <Paragraph id="1096927" documentposition="111" splitpriority="none" dropdown="continue" popup="none" popup-page-rule="" />
  <Paragraph id="1096928" documentposition="112" splitpriority="none" dropdown="continue" popup="none" popup-page-rule="" />
  <Paragraph id="1096929" documentposition="113" splitpriority="none" dropdown="continue" popup="none" popup-page-rule="" />
  <Paragraph id="1096730" documentposition="114" splitpriority="none" dropdown="continue" popup="none" popup-page-rule="" />
  <Paragraph id="1096721" documentposition="115" splitpriority="none" dropdown="continue" popup="none" popup-page-rule="" />
  <Paragraph id="1091351" documentposition="116" splitpriority="none" dropdown="continue" popup="none" popup-page-rule="" />
  <Paragraph id="1096851" documentposition="117" splitpriority="none" dropdown="continue" popup="none" popup-page-rule="" />
  <Paragraph id="1085942" documentposition="118" splitpriority="none" dropdown="continue" popup="none" popup-page-rule="" />
  <Paragraph id="1096972" documentposition="119" splitpriority="none" dropdown="continue" popup="none" popup-page-rule="" />
  <Paragraph id="1091367" documentposition="120" splitpriority="none" dropdown="continue" popup="none" popup-page-rule="" />
  <Paragraph id="1087017" documentposition="121" splitpriority="none" dropdown="continue" popup="none" popup-page-rule="" />
  <Paragraph id="1213922" documentposition="122" splitpriority="none" relatedtopic="define-no-output" dropdown="continue" popup="none" popup-page-rule="" />
  <Paragraph id="1213926" documentposition="123" splitpriority="none" relatedtopic="define-no-output" dropdown="continue" popup="none" popup-page-rule="" />
  <Paragraph id="1213930" documentposition="124" splitpriority="none" relatedtopic="define-no-output" dropdown="continue" popup="none" popup-page-rule="" />
  <Paragraph id="1213934" documentposition="125" splitpriority="none" relatedtopic="define-no-output" dropdown="continue" popup="none" popup-page-rule="" />
  <Paragraph id="1213938" documentposition="126" splitpriority="none" relatedtopic="define-no-output" dropdown="continue" popup="none" popup-page-rule="" />
  <Paragraph id="1205557" documentposition="127" splitpriority="2" dropdown="continue" popup="none" popup-page-rule="">
    <Marker behavior="topic" id="1205556">
      <Marker id="1205556" name="TopicAlias" xmlns="urn:WebWorks-Document-Schema">
        <TextRun id="tr1205556-1">
          <Text value="remote_site_help" />
        </TextRun>
      </Marker>
    </Marker>
  </Paragraph>
  <Paragraph id="1197867" documentposition="128" splitpriority="none" dropdown="continue" popup="none" popup-page-rule="" />
  <Paragraph id="1197868" documentposition="129" splitpriority="none" dropdown="continue" popup="none" popup-page-rule="" />
  <Paragraph id="1197869" documentposition="130" splitpriority="none" dropdown="continue" popup="none" popup-page-rule="" />
  <Paragraph id="1197870" documentposition="131" splitpriority="none" dropdown="continue" popup="none" popup-page-rule="" />
  <Paragraph id="1197871" documentposition="132" splitpriority="none" dropdown="continue" popup="none" popup-page-rule="" />
  <Paragraph id="1197872" documentposition="133" splitpriority="none" dropdown="continue" popup="none" popup-page-rule="" />
  <Paragraph id="1197879" documentposition="134" splitpriority="none" dropdown="continue" popup="none" popup-page-rule="" />
  <Paragraph id="1197882" documentposition="135" splitpriority="none" dropdown="continue" popup="none" popup-page-rule="" />
  <Paragraph id="1197883" documentposition="136" splitpriority="none" dropdown="continue" popup="none" popup-page-rule="" />
  <Paragraph id="1197884" documentposition="137" splitpriority="none" dropdown="continue" popup="none" popup-page-rule="" />
  <Paragraph id="1213946" documentposition="138" splitpriority="none" relatedtopic="define-no-output" dropdown="continue" popup="none" popup-page-rule="" />
  <Paragraph id="1213950" documentposition="139" splitpriority="none" relatedtopic="define-no-output" dropdown="continue" popup="none" popup-page-rule="" />
  <Paragraph id="1213954" documentposition="140" splitpriority="none" relatedtopic="define-no-output" dropdown="continue" popup="none" popup-page-rule="" />
  <Paragraph id="1213958" documentposition="141" splitpriority="none" relatedtopic="define-no-output" dropdown="continue" popup="none" popup-page-rule="" />
  <Paragraph id="1213962" documentposition="142" splitpriority="none" relatedtopic="define-no-output" dropdown="continue" popup="none" popup-page-rule="" />
  <Paragraph id="1067999" documentposition="143" splitpriority="2" dropdown="continue" popup="none" popup-page-rule="" />
  <Paragraph id="1068000" documentposition="144" splitpriority="none" dropdown="continue" popup="none" popup-page-rule="" />
  <Paragraph id="1091773" documentposition="145" splitpriority="none" dropdown="continue" popup="none" popup-page-rule="" />
  <Paragraph id="1213970" documentposition="146" splitpriority="none" relatedtopic="define-no-output" dropdown="continue" popup="none" popup-page-rule="" />
  <Paragraph id="1213974" documentposition="147" splitpriority="none" relatedtopic="define-no-output" dropdown="continue" popup="none" popup-page-rule="" />
  <Paragraph id="1213978" documentposition="148" splitpriority="none" relatedtopic="define-no-output" dropdown="continue" popup="none" popup-page-rule="" />
  <Paragraph id="1213982" documentposition="149" splitpriority="none" relatedtopic="define-no-output" dropdown="continue" popup="none" popup-page-rule="" />
  <Paragraph id="1213986" documentposition="150" splitpriority="none" relatedtopic="define-no-output" dropdown="continue" popup="none" popup-page-rule="" />
  <Paragraph id="1091711" documentposition="151" splitpriority="3" dropdown="continue" popup="none" popup-page-rule="" />
  <Paragraph id="1088868" documentposition="152" splitpriority="none" dropdown="continue" popup="none" popup-page-rule="" />
  <Paragraph id="1072369" documentposition="153" splitpriority="none" dropdown="continue" popup="none" popup-page-rule="" />
  <Paragraph id="1091953" documentposition="154" splitpriority="none" dropdown="continue" popup="none" popup-page-rule="" />
  <Paragraph id="1085249" documentposition="155" splitpriority="none" dropdown="continue" popup="none" popup-page-rule="" />
  <Paragraph id="1213994" documentposition="156" splitpriority="none" relatedtopic="define-no-output" dropdown="continue" popup="none" popup-page-rule="" />
  <Paragraph id="1213998" documentposition="157" splitpriority="none" relatedtopic="define-no-output" dropdown="continue" popup="none" popup-page-rule="" />
  <Paragraph id="1214002" documentposition="158" splitpriority="none" relatedtopic="define-no-output" dropdown="continue" popup="none" popup-page-rule="" />
  <Paragraph id="1214006" documentposition="159" splitpriority="none" relatedtopic="define-no-output" dropdown="continue" popup="none" popup-page-rule="" />
  <Paragraph id="1066885" documentposition="160" splitpriority="3" dropdown="continue" popup="none" popup-page-rule="">
    <Marker behavior="topic" id="1095068">
      <Marker id="1095068" name="TopicAlias" xmlns="urn:WebWorks-Document-Schema">
        <TextRun id="tr1095068-1">
          <Text value="saved_queries_help" />
        </TextRun>
      </Marker>
    </Marker>
  </Paragraph>
  <Paragraph id="1214014" documentposition="161" splitpriority="none" dropdown="continue" popup="none" popup-page-rule="" />
  <Paragraph id="1095013" documentposition="162" splitpriority="none" dropdown="continue" popup="none" popup-page-rule="" />
  <Paragraph id="1068348" documentposition="163" splitpriority="none" dropdown="continue" popup="none" popup-page-rule="" />
  <Table id="1068238" documentposition="164" splitpriority="none">
    <TableCell>
      <Paragraph id="1074862" dropdown="continue" popup="none" popup-page-rule="" />
    </TableCell>
    <TableCell>
      <Paragraph id="1074864" dropdown="continue" popup="none" popup-page-rule="" />
    </TableCell>
    <TableCell>
      <Paragraph id="1068244" dropdown="continue" popup="none" popup-page-rule="" />
    </TableCell>
    <TableCell>
      <Paragraph id="1068246" dropdown="continue" popup="none" popup-page-rule="" />
    </TableCell>
    <TableCell>
      <Paragraph id="1068248" dropdown="continue" popup="none" popup-page-rule="" />
    </TableCell>
    <TableCell>
      <Paragraph id="1068250" dropdown="continue" popup="none" popup-page-rule="" />
    </TableCell>
    <TableCell>
      <Paragraph id="1068252" dropdown="continue" popup="none" popup-page-rule="" />
    </TableCell>
    <TableCell>
      <Paragraph id="1068254" dropdown="continue" popup="none" popup-page-rule="" />
    </TableCell>
    <TableCell>
      <Paragraph id="1068256" dropdown="continue" popup="none" popup-page-rule="" />
    </TableCell>
    <TableCell>
      <Paragraph id="1068258" dropdown="continue" popup="none" popup-page-rule="" />
    </TableCell>
    <TableCell>
      <Paragraph id="1068260" dropdown="continue" popup="none" popup-page-rule="" />
    </TableCell>
    <TableCell>
      <Paragraph id="1068262" dropdown="continue" popup="none" popup-page-rule="" />
    </TableCell>
    <TableCell>
      <Paragraph id="1068264" dropdown="continue" popup="none" popup-page-rule="" />
    </TableCell>
    <TableCell>
      <Paragraph id="1068266" dropdown="continue" popup="none" popup-page-rule="" />
    </TableCell>
  </Table>
  <Paragraph id="1089386" documentposition="165" splitpriority="none" dropdown="continue" popup="none" popup-page-rule="" />
  <Paragraph id="1089387" documentposition="166" splitpriority="none" dropdown="continue" popup="none" popup-page-rule="" />
  <Paragraph id="1089288" documentposition="167" splitpriority="none" dropdown="continue" popup="none" popup-page-rule="" />
  <Paragraph id="1089441" documentposition="168" splitpriority="none" dropdown="continue" popup="none" popup-page-rule="" />
  <Paragraph id="1068285" documentposition="169" splitpriority="none" dropdown="continue" popup="none" popup-page-rule="" />
  <Paragraph id="1068286" documentposition="170" splitpriority="none" dropdown="continue" popup="none" popup-page-rule="" />
  <Paragraph id="1068287" documentposition="171" splitpriority="none" dropdown="continue" popup="none" popup-page-rule="" />
  <Paragraph id="1068288" documentposition="172" splitpriority="none" dropdown="continue" popup="none" popup-page-rule="" />
  <Paragraph id="1060444" documentposition="173" splitpriority="none" dropdown="continue" popup="none" popup-page-rule="" />
  <Paragraph id="1214027" documentposition="174" splitpriority="none" relatedtopic="define-no-output" dropdown="continue" popup="none" popup-page-rule="" />
  <Paragraph id="1214031" documentposition="175" splitpriority="none" relatedtopic="define-no-output" dropdown="continue" popup="none" popup-page-rule="" />
  <Paragraph id="1214035" documentposition="176" splitpriority="none" relatedtopic="define-no-output" dropdown="continue" popup="none" popup-page-rule="" />
  <Paragraph id="1214039" documentposition="177" splitpriority="none" relatedtopic="define-no-output" dropdown="continue" popup="none" popup-page-rule="" />
  <Paragraph id="1153808" documentposition="178" splitpriority="3" dropdown="continue" popup="none" popup-page-rule="">
    <Marker behavior="topic" id="1153807">
      <Marker id="1153807" name="TopicAlias" xmlns="urn:WebWorks-Document-Schema">
        <TextRun id="tr1153807-1">
          <Text value="save_edited_query_help" />
        </TextRun>
      </Marker>
    </Marker>
  </Paragraph>
  <Paragraph id="1068626" documentposition="179" splitpriority="none" dropdown="continue" popup="none" popup-page-rule="" />
  <Paragraph id="1089743" documentposition="180" splitpriority="none" dropdown="continue" popup="none" popup-page-rule="" />
  <Paragraph id="1068627" documentposition="181" splitpriority="none" dropdown="continue" popup="none" popup-page-rule="" />
  <Paragraph id="1068722" documentposition="182" splitpriority="none" dropdown="continue" popup="none" popup-page-rule="" />
  <Paragraph id="1068723" documentposition="183" splitpriority="none" dropdown="continue" popup="none" popup-page-rule="" />
  <Paragraph id="1068630" documentposition="184" splitpriority="none" dropdown="continue" popup="none" popup-page-rule="" />
  <Paragraph id="1068794" documentposition="185" splitpriority="none" dropdown="continue" popup="none" popup-page-rule="" />
  <Paragraph id="1068782" documentposition="186" splitpriority="none" dropdown="continue" popup="none" popup-page-rule="" />
  <Paragraph id="1068633" documentposition="187" splitpriority="none" dropdown="continue" popup="none" popup-page-rule="" />
  <Paragraph id="1068634" documentposition="188" splitpriority="none" dropdown="continue" popup="none" popup-page-rule="" />
  <Paragraph id="1075485" documentposition="189" splitpriority="none" dropdown="continue" popup="none" popup-page-rule="" />
  <Paragraph id="1214047" documentposition="190" splitpriority="none" relatedtopic="define-no-output" dropdown="continue" popup="none" popup-page-rule="" />
  <Paragraph id="1214051" documentposition="191" splitpriority="none" relatedtopic="define-no-output" dropdown="continue" popup="none" popup-page-rule="" />
  <Paragraph id="1214055" documentposition="192" splitpriority="none" relatedtopic="define-no-output" dropdown="continue" popup="none" popup-page-rule="" />
  <Paragraph id="1214059" documentposition="193" splitpriority="none" relatedtopic="define-no-output" dropdown="continue" popup="none" popup-page-rule="" />
  <Paragraph id="1092117" documentposition="194" splitpriority="3" dropdown="continue" popup="none" popup-page-rule="">
    <Marker behavior="topic" id="1095070">
      <Marker id="1095070" name="TopicAlias" xmlns="urn:WebWorks-Document-Schema">
        <TextRun id="tr1095070-1">
          <Text value="query_history_help" />
        </TextRun>
      </Marker>
    </Marker>
  </Paragraph>
  <Paragraph id="1116238" documentposition="195" splitpriority="none" dropdown="continue" popup="none" popup-page-rule="" />
  <Paragraph id="1116300" documentposition="196" splitpriority="none" dropdown="continue" popup="none" popup-page-rule="" />
  <Table id="1116250" documentposition="197" splitpriority="none">
    <TableCell>
      <Paragraph id="1116252" dropdown="continue" popup="none" popup-page-rule="" />
    </TableCell>
    <TableCell>
      <Paragraph id="1116254" dropdown="continue" popup="none" popup-page-rule="" />
    </TableCell>
    <TableCell>
      <Paragraph id="1116256" dropdown="continue" popup="none" popup-page-rule="" />
    </TableCell>
    <TableCell>
      <Paragraph id="1116258" dropdown="continue" popup="none" popup-page-rule="" />
      <Paragraph id="1116259" dropdown="continue" popup="none" popup-page-rule="" />
      <Paragraph id="1116260" dropdown="continue" popup="none" popup-page-rule="" />
      <Paragraph id="1116261" dropdown="continue" popup="none" popup-page-rule="" />
    </TableCell>
    <TableCell>
      <Paragraph id="1116263" dropdown="continue" popup="none" popup-page-rule="" />
    </TableCell>
    <TableCell>
      <Paragraph id="1116265" dropdown="continue" popup="none" popup-page-rule="" />
    </TableCell>
    <TableCell>
      <Paragraph id="1116267" dropdown="continue" popup="none" popup-page-rule="" />
    </TableCell>
    <TableCell>
      <Paragraph id="1116269" dropdown="continue" popup="none" popup-page-rule="" />
    </TableCell>
  </Table>
  <Paragraph id="1214069" documentposition="198" splitpriority="none" dropdown="continue" popup="none" popup-page-rule="" />
  <Paragraph id="1146602" documentposition="199" splitpriority="none" dropdown="continue" popup="none" popup-page-rule="" />
  <Paragraph id="1214077" documentposition="200" splitpriority="none" relatedtopic="define-no-output" dropdown="continue" popup="none" popup-page-rule="" />
  <Paragraph id="1214081" documentposition="201" splitpriority="none" relatedtopic="define-no-output" dropdown="continue" popup="none" popup-page-rule="" />
  <Paragraph id="1214085" documentposition="202" splitpriority="none" relatedtopic="define-no-output" dropdown="continue" popup="none" popup-page-rule="" />
  <Paragraph id="1214089" documentposition="203" splitpriority="none" relatedtopic="define-no-output" dropdown="continue" popup="none" popup-page-rule="" />
  <Paragraph id="1086036" documentposition="204" splitpriority="2" dropdown="continue" popup="none" popup-page-rule="" />
  <Paragraph id="1086042" documentposition="205" splitpriority="none" dropdown="continue" popup="none" popup-page-rule="" />
</Behaviors>