<?xml version="1.0" encoding="utf-8"?>
<Index version="1.0" xmlns="urn:WebWorks-Index-Schema">
  <Entry name="NBIA" sort="NBIA" sectionposition="2">
    <Content xmlns="urn:WebWorks-Document-Schema">
      <TextRun>
        <Text value="NBIA" />
      </TextRun>
    </Content>
    <Entry name="database search, introduction" sort="database search, introduction">
      <Content xmlns="urn:WebWorks-Document-Schema">
        <TextRun>
          <Text value="database search, introduction" />
        </TextRun>
      </Content>
      <Link href="C:\Documents and Settings\hadfielj\My Documents\ePublisher Pro Projects\NBIA Online Help\Output\WebWorks Help 5.0\NBIA Online Help\Searching NBIA.3.2.html" anchor="1087111" fileposition="20" first="false" />
    </Entry>
  </Entry>
  <Entry name="search" sort="search" sectionposition="2">
    <Content xmlns="urn:WebWorks-Document-Schema">
      <TextRun>
        <Text value="search" />
      </TextRun>
    </Content>
    <Entry name="introduction" sort="introduction">
      <Content xmlns="urn:WebWorks-Document-Schema">
        <TextRun>
          <Text value="introduction" />
        </TextRun>
      </Content>
      <Link href="C:\Documents and Settings\hadfielj\My Documents\ePublisher Pro Projects\NBIA Online Help\Output\WebWorks Help 5.0\NBIA Online Help\Searching NBIA.3.2.html" anchor="1087111" fileposition="20" first="false" />
    </Entry>
  </Entry>
  <Entry name="NBIA" sort="NBIA" sectionposition="2">
    <Content xmlns="urn:WebWorks-Document-Schema">
      <TextRun>
        <Text value="NBIA" />
      </TextRun>
    </Content>
    <Entry name="database search, introduction" sort="database search, introduction">
      <Content xmlns="urn:WebWorks-Document-Schema">
        <TextRun>
          <Text value="database search, introduction" />
        </TextRun>
      </Content>
      <Link href="C:\Documents and Settings\hadfielj\My Documents\ePublisher Pro Projects\NBIA Online Help\Output\WebWorks Help 5.0\NBIA Online Help\Searching NBIA.3.2.html" anchor="1145035" fileposition="20" first="false" />
    </Entry>
  </Entry>
  <Entry name="search" sort="search" sectionposition="2">
    <Content xmlns="urn:WebWorks-Document-Schema">
      <TextRun>
        <Text value="search" />
      </TextRun>
    </Content>
    <Entry name="introduction" sort="introduction">
      <Content xmlns="urn:WebWorks-Document-Schema">
        <TextRun>
          <Text value="introduction" />
        </TextRun>
      </Content>
      <Link href="C:\Documents and Settings\hadfielj\My Documents\ePublisher Pro Projects\NBIA Online Help\Output\WebWorks Help 5.0\NBIA Online Help\Searching NBIA.3.2.html" anchor="1145035" fileposition="20" first="false" />
    </Entry>
  </Entry>
  <Entry name="annotations" sort="annotations" sectionposition="2">
    <Content xmlns="urn:WebWorks-Document-Schema">
      <TextRun>
        <Text value="annotations" />
      </TextRun>
    </Content>
    <Entry name="downloading files" sort="downloading files">
      <Content xmlns="urn:WebWorks-Document-Schema">
        <TextRun>
          <Text value="downloading files" />
        </TextRun>
      </Content>
      <Link href="C:\Documents and Settings\hadfielj\My Documents\ePublisher Pro Projects\NBIA Online Help\Output\WebWorks Help 5.0\NBIA Online Help\Searching NBIA.3.2.html" anchor="1091001" fileposition="20" first="false" />
    </Entry>
  </Entry>
  <Entry name="objects in NBIA, hierarchy of" sort="objects in NBIA, hierarchy of" sectionposition="2">
    <Content xmlns="urn:WebWorks-Document-Schema">
      <TextRun>
        <Text value="objects in NBIA, hierarchy of" />
      </TextRun>
    </Content>
    <Link href="C:\Documents and Settings\hadfielj\My Documents\ePublisher Pro Projects\NBIA Online Help\Output\WebWorks Help 5.0\NBIA Online Help\Searching NBIA.3.2.html" anchor="1095943" fileposition="20" first="false" />
  </Entry>
  <Entry name="hierarchy of objects, NBIA" sort="hierarchy of objects, NBIA" sectionposition="2">
    <Content xmlns="urn:WebWorks-Document-Schema">
      <TextRun>
        <Text value="hierarchy of objects, NBIA" />
      </TextRun>
    </Content>
    <Link href="C:\Documents and Settings\hadfielj\My Documents\ePublisher Pro Projects\NBIA Online Help\Output\WebWorks Help 5.0\NBIA Online Help\Searching NBIA.3.2.html" anchor="1095943" fileposition="20" first="false" />
  </Entry>
  <Entry name="annotations" sort="annotations" sectionposition="2">
    <Content xmlns="urn:WebWorks-Document-Schema">
      <TextRun>
        <Text value="annotations" />
      </TextRun>
    </Content>
    <Entry name="keyword search" sort="keyword search">
      <Content xmlns="urn:WebWorks-Document-Schema">
        <TextRun>
          <Text value="keyword search" />
        </TextRun>
      </Content>
      <Link href="C:\Documents and Settings\hadfielj\My Documents\ePublisher Pro Projects\NBIA Online Help\Output\WebWorks Help 5.0\NBIA Online Help\Searching NBIA.3.2.html" anchor="1086978" fileposition="20" first="false" />
    </Entry>
  </Entry>
  <Entry name="search" sort="search" sectionposition="2">
    <Content xmlns="urn:WebWorks-Document-Schema">
      <TextRun>
        <Text value="search" />
      </TextRun>
    </Content>
    <Entry name="page criteria" sort="page criteria">
      <Content xmlns="urn:WebWorks-Document-Schema">
        <TextRun>
          <Text value="page criteria" />
        </TextRun>
      </Content>
      <Link href="C:\Documents and Settings\hadfielj\My Documents\ePublisher Pro Projects\NBIA Online Help\Output\WebWorks Help 5.0\NBIA Online Help\Searching NBIA.3.2.html" anchor="1066371" fileposition="20" first="false" />
    </Entry>
  </Entry>
  <Entry name="criteria" sort="criteria" sectionposition="2">
    <Content xmlns="urn:WebWorks-Document-Schema">
      <TextRun>
        <Text value="criteria" />
      </TextRun>
    </Content>
    <Entry name="format of search page" sort="format of search page">
      <Content xmlns="urn:WebWorks-Document-Schema">
        <TextRun>
          <Text value="format of search page" />
        </TextRun>
      </Content>
      <Link href="C:\Documents and Settings\hadfielj\My Documents\ePublisher Pro Projects\NBIA Online Help\Output\WebWorks Help 5.0\NBIA Online Help\Searching NBIA.3.2.html" anchor="1066371" fileposition="20" first="false" />
    </Entry>
  </Entry>
  <Entry name="search page" sort="search page" sectionposition="2">
    <Content xmlns="urn:WebWorks-Document-Schema">
      <TextRun>
        <Text value="search page" />
      </TextRun>
    </Content>
    <Entry name="selection boxes" sort="selection boxes">
      <Content xmlns="urn:WebWorks-Document-Schema">
        <TextRun>
          <Text value="selection boxes" />
        </TextRun>
      </Content>
      <Link href="C:\Documents and Settings\hadfielj\My Documents\ePublisher Pro Projects\NBIA Online Help\Output\WebWorks Help 5.0\NBIA Online Help\Searching NBIA.3.2.html" anchor="1096502" fileposition="20" first="false" />
    </Entry>
  </Entry>
  <Entry name="search page" sort="search page" sectionposition="2">
    <Content xmlns="urn:WebWorks-Document-Schema">
      <TextRun>
        <Text value="search page" />
      </TextRun>
    </Content>
    <Entry name="text fields" sort="text fields">
      <Content xmlns="urn:WebWorks-Document-Schema">
        <TextRun>
          <Text value="text fields" />
        </TextRun>
      </Content>
      <Link href="C:\Documents and Settings\hadfielj\My Documents\ePublisher Pro Projects\NBIA Online Help\Output\WebWorks Help 5.0\NBIA Online Help\Searching NBIA.3.2.html" anchor="1096502" fileposition="20" first="false" />
    </Entry>
  </Entry>
  <Entry name="search page" sort="search page" sectionposition="2">
    <Content xmlns="urn:WebWorks-Document-Schema">
      <TextRun>
        <Text value="search page" />
      </TextRun>
    </Content>
    <Entry name="drop-down lists" sort="drop-down lists">
      <Content xmlns="urn:WebWorks-Document-Schema">
        <TextRun>
          <Text value="drop-down lists" />
        </TextRun>
      </Content>
      <Link href="C:\Documents and Settings\hadfielj\My Documents\ePublisher Pro Projects\NBIA Online Help\Output\WebWorks Help 5.0\NBIA Online Help\Searching NBIA.3.2.html" anchor="1096502" fileposition="20" first="false" />
    </Entry>
  </Entry>
  <Entry name="performing" sort="performing" sectionposition="2">
    <Content xmlns="urn:WebWorks-Document-Schema">
      <TextRun>
        <Text value="performing" />
      </TextRun>
    </Content>
    <Entry name="simple search" sort="simple search">
      <Content xmlns="urn:WebWorks-Document-Schema">
        <TextRun>
          <Text value="simple search" />
        </TextRun>
      </Content>
      <Link href="C:\Documents and Settings\hadfielj\My Documents\ePublisher Pro Projects\NBIA Online Help\Output\WebWorks Help 5.0\NBIA Online Help\Searching NBIA.3.3.html" anchor="1066742" fileposition="21" first="false" />
    </Entry>
  </Entry>
  <Entry name="simple search" sort="simple search" sectionposition="2">
    <Content xmlns="urn:WebWorks-Document-Schema">
      <TextRun>
        <Text value="simple search" />
      </TextRun>
    </Content>
    <Link href="C:\Documents and Settings\hadfielj\My Documents\ePublisher Pro Projects\NBIA Online Help\Output\WebWorks Help 5.0\NBIA Online Help\Searching NBIA.3.3.html" anchor="1066742" fileposition="21" first="false" />
  </Entry>
  <Entry name="search" sort="search" sectionposition="2">
    <Content xmlns="urn:WebWorks-Document-Schema">
      <TextRun>
        <Text value="search" />
      </TextRun>
    </Content>
    <Entry name="simple" sort="simple">
      <Content xmlns="urn:WebWorks-Document-Schema">
        <TextRun>
          <Text value="simple" />
        </TextRun>
      </Content>
      <Link href="C:\Documents and Settings\hadfielj\My Documents\ePublisher Pro Projects\NBIA Online Help\Output\WebWorks Help 5.0\NBIA Online Help\Searching NBIA.3.3.html" anchor="1066742" fileposition="21" first="false" />
    </Entry>
  </Entry>
  <Entry name="search criteria" sort="search criteria" sectionposition="2">
    <Content xmlns="urn:WebWorks-Document-Schema">
      <TextRun>
        <Text value="search criteria" />
      </TextRun>
    </Content>
    <Entry name="simple search" sort="simple search">
      <Content xmlns="urn:WebWorks-Document-Schema">
        <TextRun>
          <Text value="simple search" />
        </TextRun>
      </Content>
      <Link href="C:\Documents and Settings\hadfielj\My Documents\ePublisher Pro Projects\NBIA Online Help\Output\WebWorks Help 5.0\NBIA Online Help\Searching NBIA.3.3.html" anchor="1066743" fileposition="21" first="false" />
    </Entry>
  </Entry>
  <Entry name="criteria" sort="criteria" sectionposition="2">
    <Content xmlns="urn:WebWorks-Document-Schema">
      <TextRun>
        <Text value="criteria" />
      </TextRun>
    </Content>
    <Entry name="simple search" sort="simple search">
      <Content xmlns="urn:WebWorks-Document-Schema">
        <TextRun>
          <Text value="simple search" />
        </TextRun>
      </Content>
      <Link href="C:\Documents and Settings\hadfielj\My Documents\ePublisher Pro Projects\NBIA Online Help\Output\WebWorks Help 5.0\NBIA Online Help\Searching NBIA.3.3.html" anchor="1066743" fileposition="21" first="false" />
    </Entry>
  </Entry>
  <Entry name="image" sort="image" sectionposition="2">
    <Content xmlns="urn:WebWorks-Document-Schema">
      <TextRun>
        <Text value="image" />
      </TextRun>
    </Content>
    <Entry name="Slice Thickness" sort="Slice Thickness">
      <Content xmlns="urn:WebWorks-Document-Schema">
        <TextRun>
          <Text value="Slice Thickness" />
        </TextRun>
      </Content>
      <Link href="C:\Documents and Settings\hadfielj\My Documents\ePublisher Pro Projects\NBIA Online Help\Output\WebWorks Help 5.0\NBIA Online Help\Searching NBIA.3.3.html" anchor="1066765" fileposition="21" first="false" />
    </Entry>
  </Entry>
  <Entry name="annotations" sort="annotations" sectionposition="2">
    <Content xmlns="urn:WebWorks-Document-Schema">
      <TextRun>
        <Text value="annotations" />
      </TextRun>
    </Content>
    <Entry name="finding only series with" sort="finding only series with">
      <Content xmlns="urn:WebWorks-Document-Schema">
        <TextRun>
          <Text value="finding only series with" />
        </TextRun>
      </Content>
      <Link href="C:\Documents and Settings\hadfielj\My Documents\ePublisher Pro Projects\NBIA Online Help\Output\WebWorks Help 5.0\NBIA Online Help\Searching NBIA.3.3.html" anchor="1066784" fileposition="21" first="false" />
    </Entry>
  </Entry>
  <Entry name="search" sort="search" sectionposition="2">
    <Content xmlns="urn:WebWorks-Document-Schema">
      <TextRun>
        <Text value="search" />
      </TextRun>
    </Content>
    <Entry name="advanced" sort="advanced">
      <Content xmlns="urn:WebWorks-Document-Schema">
        <TextRun>
          <Text value="advanced" />
        </TextRun>
      </Content>
      <Link href="C:\Documents and Settings\hadfielj\My Documents\ePublisher Pro Projects\NBIA Online Help\Output\WebWorks Help 5.0\NBIA Online Help\Searching NBIA.3.4.html" anchor="1207980" fileposition="22" first="true" />
    </Entry>
  </Entry>
  <Entry name="performing" sort="performing" sectionposition="2">
    <Content xmlns="urn:WebWorks-Document-Schema">
      <TextRun>
        <Text value="performing" />
      </TextRun>
    </Content>
    <Entry name="advanced search" sort="advanced search">
      <Content xmlns="urn:WebWorks-Document-Schema">
        <TextRun>
          <Text value="advanced search" />
        </TextRun>
      </Content>
      <Link href="C:\Documents and Settings\hadfielj\My Documents\ePublisher Pro Projects\NBIA Online Help\Output\WebWorks Help 5.0\NBIA Online Help\Searching NBIA.3.4.html" anchor="1207982" fileposition="22" first="false" />
    </Entry>
  </Entry>
  <Entry name="advanced search" sort="advanced search" sectionposition="2">
    <Content xmlns="urn:WebWorks-Document-Schema">
      <TextRun>
        <Text value="advanced search" />
      </TextRun>
    </Content>
    <Link href="C:\Documents and Settings\hadfielj\My Documents\ePublisher Pro Projects\NBIA Online Help\Output\WebWorks Help 5.0\NBIA Online Help\Searching NBIA.3.4.html" anchor="1207982" fileposition="22" first="false" />
  </Entry>
  <Entry name="search criteria" sort="search criteria" sectionposition="2">
    <Content xmlns="urn:WebWorks-Document-Schema">
      <TextRun>
        <Text value="search criteria" />
      </TextRun>
    </Content>
    <Entry name="advanced search" sort="advanced search">
      <Content xmlns="urn:WebWorks-Document-Schema">
        <TextRun>
          <Text value="advanced search" />
        </TextRun>
      </Content>
      <Link href="C:\Documents and Settings\hadfielj\My Documents\ePublisher Pro Projects\NBIA Online Help\Output\WebWorks Help 5.0\NBIA Online Help\Searching NBIA.3.4.html" anchor="1208101" fileposition="22" first="false" />
    </Entry>
  </Entry>
  <Entry name="criteria" sort="criteria" sectionposition="2">
    <Content xmlns="urn:WebWorks-Document-Schema">
      <TextRun>
        <Text value="criteria" />
      </TextRun>
    </Content>
    <Entry name="advanced search" sort="advanced search">
      <Content xmlns="urn:WebWorks-Document-Schema">
        <TextRun>
          <Text value="advanced search" />
        </TextRun>
      </Content>
      <Link href="C:\Documents and Settings\hadfielj\My Documents\ePublisher Pro Projects\NBIA Online Help\Output\WebWorks Help 5.0\NBIA Online Help\Searching NBIA.3.4.html" anchor="1208101" fileposition="22" first="false" />
    </Entry>
  </Entry>
  <Entry name="image" sort="image" sectionposition="2">
    <Content xmlns="urn:WebWorks-Document-Schema">
      <TextRun>
        <Text value="image" />
      </TextRun>
    </Content>
    <Entry name="Modality(ies)" sort="Modality(ies)">
      <Content xmlns="urn:WebWorks-Document-Schema">
        <TextRun>
          <Text value="Modality(ies)" />
        </TextRun>
      </Content>
      <Link href="C:\Documents and Settings\hadfielj\My Documents\ePublisher Pro Projects\NBIA Online Help\Output\WebWorks Help 5.0\NBIA Online Help\Searching NBIA.3.4.html" anchor="1208018" fileposition="22" first="false" />
    </Entry>
  </Entry>
  <Entry name="annotations" sort="annotations" sectionposition="2">
    <Content xmlns="urn:WebWorks-Document-Schema">
      <TextRun>
        <Text value="annotations" />
      </TextRun>
    </Content>
    <Entry name="finding only series with" sort="finding only series with">
      <Content xmlns="urn:WebWorks-Document-Schema">
        <TextRun>
          <Text value="finding only series with" />
        </TextRun>
      </Content>
      <Link href="C:\Documents and Settings\hadfielj\My Documents\ePublisher Pro Projects\NBIA Online Help\Output\WebWorks Help 5.0\NBIA Online Help\Searching NBIA.3.4.html" anchor="1208067" fileposition="22" first="false" />
    </Entry>
  </Entry>
  <Entry name="Modality manufacturer" sort="Modality manufacturer" sectionposition="2">
    <Content xmlns="urn:WebWorks-Document-Schema">
      <TextRun>
        <Text value="Modality manufacturer" />
      </TextRun>
    </Content>
    <Link href="C:\Documents and Settings\hadfielj\My Documents\ePublisher Pro Projects\NBIA Online Help\Output\WebWorks Help 5.0\NBIA Online Help\Searching NBIA.3.4.html" anchor="1208107" fileposition="22" first="false" />
  </Entry>
  <Entry name="manufacturer search criteria" sort="manufacturer search criteria" sectionposition="2">
    <Content xmlns="urn:WebWorks-Document-Schema">
      <TextRun>
        <Text value="manufacturer search criteria" />
      </TextRun>
    </Content>
    <Link href="C:\Documents and Settings\hadfielj\My Documents\ePublisher Pro Projects\NBIA Online Help\Output\WebWorks Help 5.0\NBIA Online Help\Searching NBIA.3.4.html" anchor="1208107" fileposition="22" first="false" />
  </Entry>
  <Entry name="search criteria" sort="search criteria" sectionposition="2">
    <Content xmlns="urn:WebWorks-Document-Schema">
      <TextRun>
        <Text value="search criteria" />
      </TextRun>
    </Content>
    <Entry name="modality manufacturer" sort="modality manufacturer">
      <Content xmlns="urn:WebWorks-Document-Schema">
        <TextRun>
          <Text value="modality manufacturer" />
        </TextRun>
      </Content>
      <Link href="C:\Documents and Settings\hadfielj\My Documents\ePublisher Pro Projects\NBIA Online Help\Output\WebWorks Help 5.0\NBIA Online Help\Searching NBIA.3.4.html" anchor="1208107" fileposition="22" first="false" />
    </Entry>
  </Entry>
  <Entry name="convolution kernel" sort="convolution kernel" sectionposition="2">
    <Content xmlns="urn:WebWorks-Document-Schema">
      <TextRun>
        <Text value="convolution kernel" />
      </TextRun>
    </Content>
    <Link href="C:\Documents and Settings\hadfielj\My Documents\ePublisher Pro Projects\NBIA Online Help\Output\WebWorks Help 5.0\NBIA Online Help\Searching NBIA.3.4.html" anchor="1208165" fileposition="22" first="false" />
  </Entry>
  <Entry name="Kilovoltage Peak Distribution" sort="Kilovoltage Peak Distribution" sectionposition="2">
    <Content xmlns="urn:WebWorks-Document-Schema">
      <TextRun>
        <Text value="Kilovoltage Peak Distribution" />
      </TextRun>
    </Content>
    <Link href="C:\Documents and Settings\hadfielj\My Documents\ePublisher Pro Projects\NBIA Online Help\Output\WebWorks Help 5.0\NBIA Online Help\Searching NBIA.3.4.html" anchor="1208168" fileposition="22" first="false" />
  </Entry>
  <Entry name="annotations" sort="annotations" sectionposition="2">
    <Content xmlns="urn:WebWorks-Document-Schema">
      <TextRun>
        <Text value="annotations" />
      </TextRun>
    </Content>
    <Entry name="files with described" sort="files with described">
      <Content xmlns="urn:WebWorks-Document-Schema">
        <TextRun>
          <Text value="files with described" />
        </TextRun>
      </Content>
      <Link href="C:\Documents and Settings\hadfielj\My Documents\ePublisher Pro Projects\NBIA Online Help\Output\WebWorks Help 5.0\NBIA Online Help\Searching NBIA.3.5.html" anchor="1095061" fileposition="23" first="false" />
    </Entry>
  </Entry>
  <Entry name="curation" sort="curation" sectionposition="2">
    <Content xmlns="urn:WebWorks-Document-Schema">
      <TextRun>
        <Text value="curation" />
      </TextRun>
    </Content>
    <Entry name="files with ... data" sort="files with ... data">
      <Content xmlns="urn:WebWorks-Document-Schema">
        <TextRun>
          <Text value="files with ... data" />
        </TextRun>
      </Content>
      <Link href="C:\Documents and Settings\hadfielj\My Documents\ePublisher Pro Projects\NBIA Online Help\Output\WebWorks Help 5.0\NBIA Online Help\Searching NBIA.3.5.html" anchor="1095061" fileposition="23" first="false" />
    </Entry>
  </Entry>
  <Entry name="search" sort="search" sectionposition="2">
    <Content xmlns="urn:WebWorks-Document-Schema">
      <TextRun>
        <Text value="search" />
      </TextRun>
    </Content>
    <Entry name="curation data" sort="curation data">
      <Content xmlns="urn:WebWorks-Document-Schema">
        <TextRun>
          <Text value="curation data" />
        </TextRun>
      </Content>
      <Link href="C:\Documents and Settings\hadfielj\My Documents\ePublisher Pro Projects\NBIA Online Help\Output\WebWorks Help 5.0\NBIA Online Help\Searching NBIA.3.5.html" anchor="1095061" fileposition="23" first="false" />
    </Entry>
  </Entry>
  <Entry name="search" sort="search" sectionposition="2">
    <Content xmlns="urn:WebWorks-Document-Schema">
      <TextRun>
        <Text value="search" />
      </TextRun>
    </Content>
    <Entry name="curation data" sort="curation data">
      <Content xmlns="urn:WebWorks-Document-Schema">
        <TextRun>
          <Text value="curation data" />
        </TextRun>
      </Content>
      <Link href="C:\Documents and Settings\hadfielj\My Documents\ePublisher Pro Projects\NBIA Online Help\Output\WebWorks Help 5.0\NBIA Online Help\Searching NBIA.3.5.html" anchor="1202971" fileposition="23" first="false" />
    </Entry>
  </Entry>
  <Entry name="curation" sort="curation" sectionposition="2">
    <Content xmlns="urn:WebWorks-Document-Schema">
      <TextRun>
        <Text value="curation" />
      </TextRun>
    </Content>
    <Entry name="data search" sort="data search">
      <Content xmlns="urn:WebWorks-Document-Schema">
        <TextRun>
          <Text value="data search" />
        </TextRun>
      </Content>
      <Link href="C:\Documents and Settings\hadfielj\My Documents\ePublisher Pro Projects\NBIA Online Help\Output\WebWorks Help 5.0\NBIA Online Help\Searching NBIA.3.5.html" anchor="1202971" fileposition="23" first="false" />
    </Entry>
  </Entry>
  <Entry name="curator" sort="curator" sectionposition="2">
    <Content xmlns="urn:WebWorks-Document-Schema">
      <TextRun>
        <Text value="curator" />
      </TextRun>
    </Content>
    <Entry name="assigning curation data" sort="assigning curation data">
      <Content xmlns="urn:WebWorks-Document-Schema">
        <TextRun>
          <Text value="assigning curation data" />
        </TextRun>
      </Content>
      <Link href="C:\Documents and Settings\hadfielj\My Documents\ePublisher Pro Projects\NBIA Online Help\Output\WebWorks Help 5.0\NBIA Online Help\Searching NBIA.3.5.html" anchor="1202971" fileposition="23" first="false" />
    </Entry>
  </Entry>
  <Entry name="annotation keyword search" sort="annotation keyword search" sectionposition="2">
    <Content xmlns="urn:WebWorks-Document-Schema">
      <TextRun>
        <Text value="annotation keyword search" />
      </TextRun>
    </Content>
    <Link href="C:\Documents and Settings\hadfielj\My Documents\ePublisher Pro Projects\NBIA Online Help\Output\WebWorks Help 5.0\NBIA Online Help\Searching NBIA.3.6.html" anchor="1087312" fileposition="24" first="false" />
  </Entry>
  <Entry name="keyword, annotation search" sort="keyword, annotation search" sectionposition="2">
    <Content xmlns="urn:WebWorks-Document-Schema">
      <TextRun>
        <Text value="keyword, annotation search" />
      </TextRun>
    </Content>
    <Link href="C:\Documents and Settings\hadfielj\My Documents\ePublisher Pro Projects\NBIA Online Help\Output\WebWorks Help 5.0\NBIA Online Help\Searching NBIA.3.6.html" anchor="1087312" fileposition="24" first="false" />
  </Entry>
  <Entry name="annotations" sort="annotations" sectionposition="2">
    <Content xmlns="urn:WebWorks-Document-Schema">
      <TextRun>
        <Text value="annotations" />
      </TextRun>
    </Content>
    <Entry name="searching curation files" sort="searching curation files">
      <Content xmlns="urn:WebWorks-Document-Schema">
        <TextRun>
          <Text value="searching curation files" />
        </TextRun>
      </Content>
      <Link href="C:\Documents and Settings\hadfielj\My Documents\ePublisher Pro Projects\NBIA Online Help\Output\WebWorks Help 5.0\NBIA Online Help\Searching NBIA.3.6.html" anchor="1087312" fileposition="24" first="false" />
    </Entry>
  </Entry>
  <Entry name="search" sort="search" sectionposition="2">
    <Content xmlns="urn:WebWorks-Document-Schema">
      <TextRun>
        <Text value="search" />
      </TextRun>
    </Content>
    <Entry name="annotation keywords" sort="annotation keywords">
      <Content xmlns="urn:WebWorks-Document-Schema">
        <TextRun>
          <Text value="annotation keywords" />
        </TextRun>
      </Content>
      <Link href="C:\Documents and Settings\hadfielj\My Documents\ePublisher Pro Projects\NBIA Online Help\Output\WebWorks Help 5.0\NBIA Online Help\Searching NBIA.3.6.html" anchor="1087312" fileposition="24" first="false" />
    </Entry>
  </Entry>
  <Entry name="annotations" sort="annotations" sectionposition="2">
    <Content xmlns="urn:WebWorks-Document-Schema">
      <TextRun>
        <Text value="annotations" />
      </TextRun>
    </Content>
    <Entry name="keywords in source collections" sort="keywords in source collections">
      <Content xmlns="urn:WebWorks-Document-Schema">
        <TextRun>
          <Text value="keywords in source collections" />
        </TextRun>
      </Content>
      <Link href="C:\Documents and Settings\hadfielj\My Documents\ePublisher Pro Projects\NBIA Online Help\Output\WebWorks Help 5.0\NBIA Online Help\Searching NBIA.3.6.html" anchor="1087312" fileposition="24" first="false" />
    </Entry>
  </Entry>
  <Entry name="Remote Search" sort="Remote Search" sectionposition="2">
    <Content xmlns="urn:WebWorks-Document-Schema">
      <TextRun>
        <Text value="Remote Search" />
      </TextRun>
    </Content>
    <Link href="C:\Documents and Settings\hadfielj\My Documents\ePublisher Pro Projects\NBIA Online Help\Output\WebWorks Help 5.0\NBIA Online Help\Searching NBIA.3.7.html" anchor="1197867" fileposition="25" first="false" />
  </Entry>
  <Entry name="search criteria" sort="search criteria" sectionposition="2">
    <Content xmlns="urn:WebWorks-Document-Schema">
      <TextRun>
        <Text value="search criteria" />
      </TextRun>
    </Content>
    <Entry name="summary page" sort="summary page">
      <Content xmlns="urn:WebWorks-Document-Schema">
        <TextRun>
          <Text value="summary page" />
        </TextRun>
      </Content>
      <Link href="C:\Documents and Settings\hadfielj\My Documents\ePublisher Pro Projects\NBIA Online Help\Output\WebWorks Help 5.0\NBIA Online Help\Searching NBIA.3.8.html" anchor="1068000" fileposition="26" first="false" />
    </Entry>
  </Entry>
  <Entry name="search" sort="search" sectionposition="2">
    <Content xmlns="urn:WebWorks-Document-Schema">
      <TextRun>
        <Text value="search" />
      </TextRun>
    </Content>
    <Entry name="query, saving" sort="query, saving">
      <Content xmlns="urn:WebWorks-Document-Schema">
        <TextRun>
          <Text value="query, saving" />
        </TextRun>
      </Content>
      <Link href="C:\Documents and Settings\hadfielj\My Documents\ePublisher Pro Projects\NBIA Online Help\Output\WebWorks Help 5.0\NBIA Online Help\Searching NBIA.3.9.html" anchor="1088868" fileposition="27" first="false" />
    </Entry>
  </Entry>
  <Entry name="viewing" sort="viewing" sectionposition="2">
    <Content xmlns="urn:WebWorks-Document-Schema">
      <TextRun>
        <Text value="viewing" />
      </TextRun>
    </Content>
    <Entry name="saved queries" sort="saved queries">
      <Content xmlns="urn:WebWorks-Document-Schema">
        <TextRun>
          <Text value="saved queries" />
        </TextRun>
      </Content>
      <Link href="C:\Documents and Settings\hadfielj\My Documents\ePublisher Pro Projects\NBIA Online Help\Output\WebWorks Help 5.0\NBIA Online Help\Searching NBIA.3.10.html" anchor="1095013" fileposition="28" first="false" />
    </Entry>
  </Entry>
  <Entry name="saved queries" sort="saved queries" sectionposition="2">
    <Content xmlns="urn:WebWorks-Document-Schema">
      <TextRun>
        <Text value="saved queries" />
      </TextRun>
    </Content>
    <Entry name="viewing" sort="viewing">
      <Content xmlns="urn:WebWorks-Document-Schema">
        <TextRun>
          <Text value="viewing" />
        </TextRun>
      </Content>
      <Link href="C:\Documents and Settings\hadfielj\My Documents\ePublisher Pro Projects\NBIA Online Help\Output\WebWorks Help 5.0\NBIA Online Help\Searching NBIA.3.10.html" anchor="1095013" fileposition="28" first="false" />
    </Entry>
  </Entry>
  <Entry name="saved queries" sort="saved queries" sectionposition="2">
    <Content xmlns="urn:WebWorks-Document-Schema">
      <TextRun>
        <Text value="saved queries" />
      </TextRun>
    </Content>
    <Entry name="table" sort="table">
      <Content xmlns="urn:WebWorks-Document-Schema">
        <TextRun>
          <Text value="table" />
        </TextRun>
      </Content>
      <Link href="C:\Documents and Settings\hadfielj\My Documents\ePublisher Pro Projects\NBIA Online Help\Output\WebWorks Help 5.0\NBIA Online Help\Searching NBIA.3.10.html" anchor="1095013" fileposition="28" first="false" />
    </Entry>
  </Entry>
  <Entry name="saved queries" sort="saved queries" sectionposition="2">
    <Content xmlns="urn:WebWorks-Document-Schema">
      <TextRun>
        <Text value="saved queries" />
      </TextRun>
    </Content>
    <Entry name="deleting" sort="deleting">
      <Content xmlns="urn:WebWorks-Document-Schema">
        <TextRun>
          <Text value="deleting" />
        </TextRun>
      </Content>
      <Link href="C:\Documents and Settings\hadfielj\My Documents\ePublisher Pro Projects\NBIA Online Help\Output\WebWorks Help 5.0\NBIA Online Help\Searching NBIA.3.10.html" anchor="1089387" fileposition="28" first="false" />
    </Entry>
  </Entry>
  <Entry name="deleting" sort="deleting" sectionposition="2">
    <Content xmlns="urn:WebWorks-Document-Schema">
      <TextRun>
        <Text value="deleting" />
      </TextRun>
    </Content>
    <Entry name="saved queries" sort="saved queries">
      <Content xmlns="urn:WebWorks-Document-Schema">
        <TextRun>
          <Text value="saved queries" />
        </TextRun>
      </Content>
      <Link href="C:\Documents and Settings\hadfielj\My Documents\ePublisher Pro Projects\NBIA Online Help\Output\WebWorks Help 5.0\NBIA Online Help\Searching NBIA.3.10.html" anchor="1089387" fileposition="28" first="false" />
    </Entry>
  </Entry>
  <Entry name="editing a query" sort="editing a query" sectionposition="2">
    <Content xmlns="urn:WebWorks-Document-Schema">
      <TextRun>
        <Text value="editing a query" />
      </TextRun>
    </Content>
    <Link href="C:\Documents and Settings\hadfielj\My Documents\ePublisher Pro Projects\NBIA Online Help\Output\WebWorks Help 5.0\NBIA Online Help\Searching NBIA.3.11.html" anchor="1068627" fileposition="29" first="false" />
  </Entry>
  <Entry name="saved queries" sort="saved queries" sectionposition="2">
    <Content xmlns="urn:WebWorks-Document-Schema">
      <TextRun>
        <Text value="saved queries" />
      </TextRun>
    </Content>
    <Entry name="editing" sort="editing">
      <Content xmlns="urn:WebWorks-Document-Schema">
        <TextRun>
          <Text value="editing" />
        </TextRun>
      </Content>
      <Link href="C:\Documents and Settings\hadfielj\My Documents\ePublisher Pro Projects\NBIA Online Help\Output\WebWorks Help 5.0\NBIA Online Help\Searching NBIA.3.11.html" anchor="1068627" fileposition="29" first="false" />
    </Entry>
  </Entry>
  <Entry name="viewing" sort="viewing" sectionposition="2">
    <Content xmlns="urn:WebWorks-Document-Schema">
      <TextRun>
        <Text value="viewing" />
      </TextRun>
    </Content>
    <Entry name="Query History" sort="Query History">
      <Content xmlns="urn:WebWorks-Document-Schema">
        <TextRun>
          <Text value="Query History" />
        </TextRun>
      </Content>
      <Link href="C:\Documents and Settings\hadfielj\My Documents\ePublisher Pro Projects\NBIA Online Help\Output\WebWorks Help 5.0\NBIA Online Help\Searching NBIA.3.12.html" anchor="1116238" fileposition="30" first="false" />
    </Entry>
  </Entry>
  <Entry name="Query History, viewing" sort="Query History, viewing" sectionposition="2">
    <Content xmlns="urn:WebWorks-Document-Schema">
      <TextRun>
        <Text value="Query History, viewing" />
      </TextRun>
    </Content>
    <Link href="C:\Documents and Settings\hadfielj\My Documents\ePublisher Pro Projects\NBIA Online Help\Output\WebWorks Help 5.0\NBIA Online Help\Searching NBIA.3.12.html" anchor="1116238" fileposition="30" first="false" />
  </Entry>
  <Entry name="saved queries" sort="saved queries" sectionposition="2">
    <Content xmlns="urn:WebWorks-Document-Schema">
      <TextRun>
        <Text value="saved queries" />
      </TextRun>
    </Content>
    <Entry name="Query History" sort="Query History">
      <Content xmlns="urn:WebWorks-Document-Schema">
        <TextRun>
          <Text value="Query History" />
        </TextRun>
      </Content>
      <Link href="C:\Documents and Settings\hadfielj\My Documents\ePublisher Pro Projects\NBIA Online Help\Output\WebWorks Help 5.0\NBIA Online Help\Searching NBIA.3.12.html" anchor="1116238" fileposition="30" first="false" />
    </Entry>
  </Entry>
</Index>