<?xml version="1.0" encoding="utf-8"?>
<TableOfContents version="1.0" xmlns="urn:WebWorks-Engine-TOC-Schema">
  <Entry id="1060244" documentID="DC3845D1CA44D369" level="1" documentposition="3">
    <Paragraph xmlns="urn:WebWorks-Document-Schema">
      <Style>
        <Attribute name="text-align" value="Right" />
        <Attribute name="text-indent" value="0pt" />
        <Attribute name="margin-left" value="0pt" />
        <Attribute name="margin-right" value="0pt" />
        <Attribute name="margin-top" value="0.0pt" />
        <Attribute name="margin-bottom" value="13.0pt" />
        <Attribute name="line-spacing" value="0pt" />
        <Attribute name="color" value="#515186" />
        <Attribute name="font-family" value="Palatino Linotype" />
        <Attribute name="font-size" value="27.0pt" />
        <Attribute name="font-weight" value="bold" />
        <Attribute name="font-style" value="normal" />
        <Attribute name="font-variant" value="" />
        <Attribute name="text-transform" value="none" />
        <Attribute name="text-decoration-underline" value="none" />
        <Attribute name="text-decoration-line-through" value="none" />
        <Attribute name="vertical-align" value="baseline" />
      </Style>
      <TextRun id="tr1060244-1">
        <Text value="Searching for Images" />
      </TextRun>
    </Paragraph>
    <Paragraph id="1060244" documentposition="3" splitpriority="1" xmlns="urn:WebWorks-Behaviors-Schema" />
  </Entry>
  <Entry id="1066291" documentID="DC3845D1CA44D369" level="2" documentposition="11">
    <Paragraph xmlns="urn:WebWorks-Document-Schema">
      <Style>
        <Attribute name="text-align" value="Left" />
        <Attribute name="text-indent" value="0pt" />
        <Attribute name="margin-left" value="0pt" />
        <Attribute name="margin-right" value="0pt" />
        <Attribute name="margin-top" value="15.0pt" />
        <Attribute name="margin-bottom" value="0.0pt" />
        <Attribute name="line-spacing" value="0pt" />
        <Attribute name="color" value="#515186" />
        <Attribute name="font-family" value="Palatino Linotype" />
        <Attribute name="font-size" value="16.0pt" />
        <Attribute name="font-weight" value="bold" />
        <Attribute name="font-style" value="normal" />
        <Attribute name="font-variant" value="normal" />
        <Attribute name="text-transform" value="none" />
        <Attribute name="text-decoration-underline" value="none" />
        <Attribute name="text-decoration-line-through" value="none" />
        <Attribute name="vertical-align" value="baseline" />
      </Style>
      <TextRun id="tr1066291-1">
        <Text value="Performing Searches" />
      </TextRun>
    </Paragraph>
    <Paragraph id="1066291" documentposition="11" splitpriority="2" xmlns="urn:WebWorks-Behaviors-Schema" />
  </Entry>
  <Entry id="1066741" documentID="DC3845D1CA44D369" level="3" documentposition="41">
    <Paragraph xmlns="urn:WebWorks-Document-Schema">
      <Style>
        <Attribute name="text-align" value="Left" />
        <Attribute name="text-indent" value="0pt" />
        <Attribute name="margin-left" value="0pt" />
        <Attribute name="margin-right" value="0pt" />
        <Attribute name="margin-top" value="12.0pt" />
        <Attribute name="margin-bottom" value="0.0pt" />
        <Attribute name="line-spacing" value="0pt" />
        <Attribute name="color" value="#000000" />
        <Attribute name="font-family" value="Palatino Linotype" />
        <Attribute name="font-size" value="14.0pt" />
        <Attribute name="font-weight" value="normal" />
        <Attribute name="font-style" value="normal" />
        <Attribute name="font-variant" value="normal" />
        <Attribute name="text-transform" value="none" />
        <Attribute name="text-decoration-underline" value="none" />
        <Attribute name="text-decoration-line-through" value="none" />
        <Attribute name="vertical-align" value="baseline" />
      </Style>
      <TextRun id="tr1066741-1" />
      <TextRun id="tr1066741-2">
        <Text value="P" />
        <Text value="erforming a Simple Search" />
      </TextRun>
    </Paragraph>
    <Paragraph id="1066741" documentposition="41" splitpriority="3" xmlns="urn:WebWorks-Behaviors-Schema">
      <Marker behavior="topic" id="1095054">
        <Marker id="1095054" name="TopicAlias" xmlns="urn:WebWorks-Document-Schema">
          <TextRun id="tr1095054-1">
            <Text value="simple_search_help" />
          </TextRun>
        </Marker>
      </Marker>
    </Paragraph>
  </Entry>
  <Entry id="1207980" documentID="DC3845D1CA44D369" level="3" documentposition="64">
    <Paragraph xmlns="urn:WebWorks-Document-Schema">
      <Style>
        <Attribute name="text-align" value="Left" />
        <Attribute name="text-indent" value="0pt" />
        <Attribute name="margin-left" value="0pt" />
        <Attribute name="margin-right" value="0pt" />
        <Attribute name="margin-top" value="12.0pt" />
        <Attribute name="margin-bottom" value="0.0pt" />
        <Attribute name="line-spacing" value="0pt" />
        <Attribute name="color" value="#000000" />
        <Attribute name="font-family" value="Palatino Linotype" />
        <Attribute name="font-size" value="14.0pt" />
        <Attribute name="font-weight" value="normal" />
        <Attribute name="font-style" value="normal" />
        <Attribute name="font-variant" value="normal" />
        <Attribute name="text-transform" value="none" />
        <Attribute name="text-decoration-underline" value="none" />
        <Attribute name="text-decoration-line-through" value="none" />
        <Attribute name="vertical-align" value="baseline" />
      </Style>
      <TextRun id="tr1207980-1" />
      <TextRun id="tr1207980-2">
        <Text value="P" />
        <Text value="erforming an Advanced " />
        <Text value="Search" />
      </TextRun>
    </Paragraph>
    <Paragraph id="1207980" documentposition="64" splitpriority="3" xmlns="urn:WebWorks-Behaviors-Schema">
      <Marker behavior="topic" id="1207978">
        <Marker id="1207978" name="TopicAlias" xmlns="urn:WebWorks-Document-Schema">
          <TextRun id="tr1207978-1">
            <Text value="advanced_search_help" />
          </TextRun>
        </Marker>
      </Marker>
    </Paragraph>
  </Entry>
  <Entry id="1095060" documentID="DC3845D1CA44D369" level="2" documentposition="93">
    <Paragraph xmlns="urn:WebWorks-Document-Schema">
      <Style>
        <Attribute name="text-align" value="Left" />
        <Attribute name="text-indent" value="0pt" />
        <Attribute name="margin-left" value="0pt" />
        <Attribute name="margin-right" value="0pt" />
        <Attribute name="margin-top" value="15.0pt" />
        <Attribute name="margin-bottom" value="0.0pt" />
        <Attribute name="line-spacing" value="0pt" />
        <Attribute name="color" value="#515186" />
        <Attribute name="font-family" value="Palatino Linotype" />
        <Attribute name="font-size" value="16.0pt" />
        <Attribute name="font-weight" value="bold" />
        <Attribute name="font-style" value="normal" />
        <Attribute name="font-variant" value="normal" />
        <Attribute name="text-transform" value="none" />
        <Attribute name="text-decoration-underline" value="none" />
        <Attribute name="text-decoration-line-through" value="none" />
        <Attribute name="vertical-align" value="baseline" />
      </Style>
      <TextRun id="tr1095060-1" />
      <TextRun id="tr1095060-2">
        <Text value="S" />
        <Text value="earching Curation Data" />
      </TextRun>
    </Paragraph>
    <Paragraph id="1095060" documentposition="93" splitpriority="2" xmlns="urn:WebWorks-Behaviors-Schema">
      <Marker behavior="topic" id="1095065">
        <Marker id="1095065" name="TopicAlias" xmlns="urn:WebWorks-Document-Schema">
          <TextRun id="tr1095065-1">
            <Text value="annotation_keyword_search_help" />
          </TextRun>
        </Marker>
      </Marker>
    </Paragraph>
  </Entry>
  <Entry id="1102496" documentID="DC3845D1CA44D369" level="3" documentposition="101">
    <Paragraph xmlns="urn:WebWorks-Document-Schema">
      <Style>
        <Attribute name="text-align" value="Left" />
        <Attribute name="text-indent" value="0pt" />
        <Attribute name="margin-left" value="0pt" />
        <Attribute name="margin-right" value="0pt" />
        <Attribute name="margin-top" value="12.0pt" />
        <Attribute name="margin-bottom" value="0.0pt" />
        <Attribute name="line-spacing" value="0pt" />
        <Attribute name="color" value="#000000" />
        <Attribute name="font-family" value="Palatino Linotype" />
        <Attribute name="font-size" value="14.0pt" />
        <Attribute name="font-weight" value="normal" />
        <Attribute name="font-style" value="normal" />
        <Attribute name="font-variant" value="normal" />
        <Attribute name="text-transform" value="none" />
        <Attribute name="text-decoration-underline" value="none" />
        <Attribute name="text-decoration-line-through" value="none" />
        <Attribute name="vertical-align" value="baseline" />
      </Style>
      <TextRun id="tr1102496-1" />
      <TextRun id="tr1102496-2">
        <Text value="Annotation Keyword Search Page" />
      </TextRun>
    </Paragraph>
    <Paragraph id="1102496" documentposition="101" splitpriority="3" xmlns="urn:WebWorks-Behaviors-Schema" />
  </Entry>
  <Entry id="1205557" documentID="DC3845D1CA44D369" level="2" documentposition="127">
    <Paragraph xmlns="urn:WebWorks-Document-Schema">
      <Style>
        <Attribute name="text-align" value="Left" />
        <Attribute name="text-indent" value="0pt" />
        <Attribute name="margin-left" value="0pt" />
        <Attribute name="margin-right" value="0pt" />
        <Attribute name="margin-top" value="15.0pt" />
        <Attribute name="margin-bottom" value="0.0pt" />
        <Attribute name="line-spacing" value="0pt" />
        <Attribute name="color" value="#515186" />
        <Attribute name="font-family" value="Palatino Linotype" />
        <Attribute name="font-size" value="16.0pt" />
        <Attribute name="font-weight" value="bold" />
        <Attribute name="font-style" value="normal" />
        <Attribute name="font-variant" value="normal" />
        <Attribute name="text-transform" value="none" />
        <Attribute name="text-decoration-underline" value="none" />
        <Attribute name="text-decoration-line-through" value="none" />
        <Attribute name="vertical-align" value="baseline" />
      </Style>
      <TextRun id="tr1205557-1" />
      <TextRun id="tr1205557-2">
        <Text value="S" />
        <Text value="pecifying Remote Search Sites" />
      </TextRun>
    </Paragraph>
    <Paragraph id="1205557" documentposition="127" splitpriority="2" xmlns="urn:WebWorks-Behaviors-Schema">
      <Marker behavior="topic" id="1205556">
        <Marker id="1205556" name="TopicAlias" xmlns="urn:WebWorks-Document-Schema">
          <TextRun id="tr1205556-1">
            <Text value="remote_site_help" />
          </TextRun>
        </Marker>
      </Marker>
    </Paragraph>
  </Entry>
  <Entry id="1067999" documentID="DC3845D1CA44D369" level="2" documentposition="143">
    <Paragraph xmlns="urn:WebWorks-Document-Schema">
      <Style>
        <Attribute name="text-align" value="Left" />
        <Attribute name="text-indent" value="0pt" />
        <Attribute name="margin-left" value="0pt" />
        <Attribute name="margin-right" value="0pt" />
        <Attribute name="margin-top" value="15.0pt" />
        <Attribute name="margin-bottom" value="0.0pt" />
        <Attribute name="line-spacing" value="0pt" />
        <Attribute name="color" value="#515186" />
        <Attribute name="font-family" value="Palatino Linotype" />
        <Attribute name="font-size" value="16.0pt" />
        <Attribute name="font-weight" value="bold" />
        <Attribute name="font-style" value="normal" />
        <Attribute name="font-variant" value="normal" />
        <Attribute name="text-transform" value="none" />
        <Attribute name="text-decoration-underline" value="none" />
        <Attribute name="text-decoration-line-through" value="none" />
        <Attribute name="vertical-align" value="baseline" />
      </Style>
      <TextRun id="tr1067999-1" />
      <TextRun id="tr1067999-2">
        <Text value="Working with Saved Search Queries" />
      </TextRun>
    </Paragraph>
    <Paragraph id="1067999" documentposition="143" splitpriority="2" xmlns="urn:WebWorks-Behaviors-Schema" />
  </Entry>
  <Entry id="1091711" documentID="DC3845D1CA44D369" level="3" documentposition="151">
    <Paragraph xmlns="urn:WebWorks-Document-Schema">
      <Style>
        <Attribute name="text-align" value="Left" />
        <Attribute name="text-indent" value="0pt" />
        <Attribute name="margin-left" value="0pt" />
        <Attribute name="margin-right" value="0pt" />
        <Attribute name="margin-top" value="12.0pt" />
        <Attribute name="margin-bottom" value="0.0pt" />
        <Attribute name="line-spacing" value="0pt" />
        <Attribute name="color" value="#000000" />
        <Attribute name="font-family" value="Palatino Linotype" />
        <Attribute name="font-size" value="14.0pt" />
        <Attribute name="font-weight" value="normal" />
        <Attribute name="font-style" value="normal" />
        <Attribute name="font-variant" value="normal" />
        <Attribute name="text-transform" value="none" />
        <Attribute name="text-decoration-underline" value="none" />
        <Attribute name="text-decoration-line-through" value="none" />
        <Attribute name="vertical-align" value="baseline" />
      </Style>
      <TextRun id="tr1091711-1" />
      <TextRun id="tr1091711-2">
        <Text value="Saving a Search Query" />
      </TextRun>
    </Paragraph>
    <Paragraph id="1091711" documentposition="151" splitpriority="3" xmlns="urn:WebWorks-Behaviors-Schema" />
  </Entry>
  <Entry id="1066885" documentID="DC3845D1CA44D369" level="3" documentposition="160">
    <Paragraph xmlns="urn:WebWorks-Document-Schema">
      <Style>
        <Attribute name="text-align" value="Left" />
        <Attribute name="text-indent" value="0pt" />
        <Attribute name="margin-left" value="0pt" />
        <Attribute name="margin-right" value="0pt" />
        <Attribute name="margin-top" value="12.0pt" />
        <Attribute name="margin-bottom" value="0.0pt" />
        <Attribute name="line-spacing" value="0pt" />
        <Attribute name="color" value="#000000" />
        <Attribute name="font-family" value="Palatino Linotype" />
        <Attribute name="font-size" value="14.0pt" />
        <Attribute name="font-weight" value="normal" />
        <Attribute name="font-style" value="normal" />
        <Attribute name="font-variant" value="normal" />
        <Attribute name="text-transform" value="none" />
        <Attribute name="text-decoration-underline" value="none" />
        <Attribute name="text-decoration-line-through" value="none" />
        <Attribute name="vertical-align" value="baseline" />
      </Style>
      <TextRun id="tr1066885-1" />
      <TextRun id="tr1066885-2">
        <Text value="M" />
        <Text value="anaging Saved Queries" />
      </TextRun>
    </Paragraph>
    <Paragraph id="1066885" documentposition="160" splitpriority="3" xmlns="urn:WebWorks-Behaviors-Schema">
      <Marker behavior="topic" id="1095068">
        <Marker id="1095068" name="TopicAlias" xmlns="urn:WebWorks-Document-Schema">
          <TextRun id="tr1095068-1">
            <Text value="saved_queries_help" />
          </TextRun>
        </Marker>
      </Marker>
    </Paragraph>
  </Entry>
  <Entry id="1153808" documentID="DC3845D1CA44D369" level="3" documentposition="178">
    <Paragraph xmlns="urn:WebWorks-Document-Schema">
      <Style>
        <Attribute name="text-align" value="Left" />
        <Attribute name="text-indent" value="0pt" />
        <Attribute name="margin-left" value="0pt" />
        <Attribute name="margin-right" value="0pt" />
        <Attribute name="margin-top" value="12.0pt" />
        <Attribute name="margin-bottom" value="0.0pt" />
        <Attribute name="line-spacing" value="0pt" />
        <Attribute name="color" value="#000000" />
        <Attribute name="font-family" value="Palatino Linotype" />
        <Attribute name="font-size" value="14.0pt" />
        <Attribute name="font-weight" value="normal" />
        <Attribute name="font-style" value="normal" />
        <Attribute name="font-variant" value="normal" />
        <Attribute name="text-transform" value="none" />
        <Attribute name="text-decoration-underline" value="none" />
        <Attribute name="text-decoration-line-through" value="none" />
        <Attribute name="vertical-align" value="baseline" />
      </Style>
      <TextRun id="tr1153808-1" />
      <TextRun id="tr1153808-2">
        <Text value="E" />
        <Text value="diting Saved Queries" />
      </TextRun>
    </Paragraph>
    <Paragraph id="1153808" documentposition="178" splitpriority="3" xmlns="urn:WebWorks-Behaviors-Schema">
      <Marker behavior="topic" id="1153807">
        <Marker id="1153807" name="TopicAlias" xmlns="urn:WebWorks-Document-Schema">
          <TextRun id="tr1153807-1">
            <Text value="save_edited_query_help" />
          </TextRun>
        </Marker>
      </Marker>
    </Paragraph>
  </Entry>
  <Entry id="1092117" documentID="DC3845D1CA44D369" level="3" documentposition="194">
    <Paragraph xmlns="urn:WebWorks-Document-Schema">
      <Style>
        <Attribute name="text-align" value="Left" />
        <Attribute name="text-indent" value="0pt" />
        <Attribute name="margin-left" value="0pt" />
        <Attribute name="margin-right" value="0pt" />
        <Attribute name="margin-top" value="12.0pt" />
        <Attribute name="margin-bottom" value="0.0pt" />
        <Attribute name="line-spacing" value="0pt" />
        <Attribute name="color" value="#000000" />
        <Attribute name="font-family" value="Palatino Linotype" />
        <Attribute name="font-size" value="14.0pt" />
        <Attribute name="font-weight" value="normal" />
        <Attribute name="font-style" value="normal" />
        <Attribute name="font-variant" value="normal" />
        <Attribute name="text-transform" value="none" />
        <Attribute name="text-decoration-underline" value="none" />
        <Attribute name="text-decoration-line-through" value="none" />
        <Attribute name="vertical-align" value="baseline" />
      </Style>
      <TextRun id="tr1092117-1" />
      <TextRun id="tr1092117-2">
        <Text value="V" />
        <Text value="iewing a Query History" />
      </TextRun>
    </Paragraph>
    <Paragraph id="1092117" documentposition="194" splitpriority="3" xmlns="urn:WebWorks-Behaviors-Schema">
      <Marker behavior="topic" id="1095070">
        <Marker id="1095070" name="TopicAlias" xmlns="urn:WebWorks-Document-Schema">
          <TextRun id="tr1095070-1">
            <Text value="query_history_help" />
          </TextRun>
        </Marker>
      </Marker>
    </Paragraph>
  </Entry>
  <Entry id="1086036" documentID="DC3845D1CA44D369" level="2" documentposition="204">
    <Paragraph xmlns="urn:WebWorks-Document-Schema">
      <Style>
        <Attribute name="text-align" value="Left" />
        <Attribute name="text-indent" value="0pt" />
        <Attribute name="margin-left" value="0pt" />
        <Attribute name="margin-right" value="0pt" />
        <Attribute name="margin-top" value="15.0pt" />
        <Attribute name="margin-bottom" value="0.0pt" />
        <Attribute name="line-spacing" value="0pt" />
        <Attribute name="color" value="#515186" />
        <Attribute name="font-family" value="Palatino Linotype" />
        <Attribute name="font-size" value="16.0pt" />
        <Attribute name="font-weight" value="bold" />
        <Attribute name="font-style" value="normal" />
        <Attribute name="font-variant" value="normal" />
        <Attribute name="text-transform" value="none" />
        <Attribute name="text-decoration-underline" value="none" />
        <Attribute name="text-decoration-line-through" value="none" />
        <Attribute name="vertical-align" value="baseline" />
      </Style>
      <TextRun id="tr1086036-1" />
      <TextRun id="tr1086036-2">
        <Text value="Initiating Searches from Other Applications" />
      </TextRun>
      <TextRun id="tr1086036-3">
        <Text value="&#x9;" />
      </TextRun>
    </Paragraph>
    <Paragraph id="1086036" documentposition="204" splitpriority="2" xmlns="urn:WebWorks-Behaviors-Schema" />
  </Entry>
</TableOfContents>