<ns1:DomainTypesInformation xmlns:ns1="http://SDKQuery4.caBIG/1/gov.nih.nci.cagrid.sdkquery4.beans.domaininfo">
 <ns1:DomainType javaClassName="gov.nih.nci.ncia.domain.ClinicalTrialSite">
  <ns1:TypeAttribute attributeName="id" javaTypeName="java.lang.Integer"/>
  <ns1:TypeAttribute attributeName="siteId" javaTypeName="java.lang.String"/>
  <ns1:TypeAttribute attributeName="siteName" javaTypeName="java.lang.String"/>
 </ns1:DomainType>
 <ns1:DomainType javaClassName="gov.nih.nci.ncia.domain.Image">
  <ns1:TypeAttribute attributeName="acquisitionDate" javaTypeName="java.util.Date"/>
  <ns1:TypeAttribute attributeName="acquisitionDatetime" javaTypeName="java.lang.String"/>
  <ns1:TypeAttribute attributeName="acquisitionMatrix" javaTypeName="java.lang.Double"/>
  <ns1:TypeAttribute attributeName="acquisitionNumber" javaTypeName="java.lang.Integer"/>
  <ns1:TypeAttribute attributeName="acquisitionTime" javaTypeName="java.lang.String"/>
  <ns1:TypeAttribute attributeName="anatomicRegionSequence" javaTypeName="java.lang.String"/>
  <ns1:TypeAttribute attributeName="columns" javaTypeName="java.lang.Integer"/>
  <ns1:TypeAttribute attributeName="contentDate" javaTypeName="java.util.Date"/>
  <ns1:TypeAttribute attributeName="contentTime" javaTypeName="java.lang.String"/>
  <ns1:TypeAttribute attributeName="contrastBolusAgent" javaTypeName="java.lang.String"/>
  <ns1:TypeAttribute attributeName="contrastBolusRoute" javaTypeName="java.lang.String"/>
  <ns1:TypeAttribute attributeName="convolutionKernel" javaTypeName="java.lang.String"/>
  <ns1:TypeAttribute attributeName="ctPitchFactor" javaTypeName="java.lang.Integer"/>
  <ns1:TypeAttribute attributeName="dataCollectionDiameter" javaTypeName="java.lang.Double"/>
  <ns1:TypeAttribute attributeName="exposure" javaTypeName="java.lang.Integer"/>
  <ns1:TypeAttribute attributeName="exposureInMicroAs" javaTypeName="java.lang.Integer"/>
  <ns1:TypeAttribute attributeName="exposureTime" javaTypeName="java.lang.Integer"/>
  <ns1:TypeAttribute attributeName="focalSpotSize" javaTypeName="java.lang.Double"/>
  <ns1:TypeAttribute attributeName="gantryDetectorTilt" javaTypeName="java.lang.Double"/>
  <ns1:TypeAttribute attributeName="id" javaTypeName="java.lang.Integer"/>
  <ns1:TypeAttribute attributeName="imageComments" javaTypeName="java.lang.String"/>
  <ns1:TypeAttribute attributeName="imageLaterality" javaTypeName="java.lang.String"/>
  <ns1:TypeAttribute attributeName="imageOrientationPatient" javaTypeName="java.lang.String"/>
  <ns1:TypeAttribute attributeName="imagePositionPatient" javaTypeName="java.lang.String"/>
  <ns1:TypeAttribute attributeName="imageType" javaTypeName="java.lang.String"/>
  <ns1:TypeAttribute attributeName="instanceNumber" javaTypeName="java.lang.Integer"/>
  <ns1:TypeAttribute attributeName="kvp" javaTypeName="java.lang.Double"/>
  <ns1:TypeAttribute attributeName="lossyImageCompression" javaTypeName="java.lang.String"/>
  <ns1:TypeAttribute attributeName="patientPosition" javaTypeName="java.lang.String"/>
  <ns1:TypeAttribute attributeName="pixelSpacing" javaTypeName="java.lang.Double"/>
  <ns1:TypeAttribute attributeName="reconstructionDiameter" javaTypeName="java.lang.Double"/>
  <ns1:TypeAttribute attributeName="revolutionTime" javaTypeName="java.lang.Integer"/>
  <ns1:TypeAttribute attributeName="rows" javaTypeName="java.lang.Integer"/>
  <ns1:TypeAttribute attributeName="scanOptions" javaTypeName="java.lang.String"/>
  <ns1:TypeAttribute attributeName="singleCollimationWidth" javaTypeName="java.lang.Integer"/>
  <ns1:TypeAttribute attributeName="sliceLocation" javaTypeName="java.lang.Double"/>
  <ns1:TypeAttribute attributeName="sliceThickness" javaTypeName="java.lang.Double"/>
  <ns1:TypeAttribute attributeName="sopClassUID" javaTypeName="java.lang.String"/>
  <ns1:TypeAttribute attributeName="sopInstanceUID" javaTypeName="java.lang.String"/>
  <ns1:TypeAttribute attributeName="sourceSubjectDistance" javaTypeName="java.lang.Double"/>
  <ns1:TypeAttribute attributeName="sourceToDetectorDistance" javaTypeName="java.lang.Double"/>
  <ns1:TypeAttribute attributeName="storageMediaFileSetUID" javaTypeName="java.lang.String"/>
  <ns1:TypeAttribute attributeName="tableFeedPerRotation" javaTypeName="java.lang.Integer"/>
  <ns1:TypeAttribute attributeName="tableSpeed" javaTypeName="java.lang.Integer"/>
  <ns1:TypeAttribute attributeName="totalCollimationWidth" javaTypeName="java.lang.Integer"/>
  <ns1:TypeAttribute attributeName="xrayTubeCurrent" javaTypeName="java.lang.Integer"/>
 </ns1:DomainType>
 <ns1:DomainType javaClassName="gov.nih.nci.ncia.domain.Patient">
  <ns1:TypeAttribute attributeName="ethnicGroup" javaTypeName="java.lang.String"/>
  <ns1:TypeAttribute attributeName="id" javaTypeName="java.lang.Integer"/>
  <ns1:TypeAttribute attributeName="patientBirthDate" javaTypeName="java.util.Date"/>
  <ns1:TypeAttribute attributeName="patientId" javaTypeName="java.lang.String"/>
  <ns1:TypeAttribute attributeName="patientName" javaTypeName="java.lang.String"/>
  <ns1:TypeAttribute attributeName="patientSex" javaTypeName="java.lang.String"/>
 </ns1:DomainType>
 <ns1:DomainType javaClassName="gov.nih.nci.ncia.domain.Equipment">
  <ns1:TypeAttribute attributeName="deviceSerialNumber" javaTypeName="java.lang.String"/>
  <ns1:TypeAttribute attributeName="id" javaTypeName="java.lang.Integer"/>
  <ns1:TypeAttribute attributeName="institutionAddress" javaTypeName="java.lang.String"/>
  <ns1:TypeAttribute attributeName="institutionName" javaTypeName="java.lang.String"/>
  <ns1:TypeAttribute attributeName="manufacturer" javaTypeName="java.lang.String"/>
  <ns1:TypeAttribute attributeName="manufacturerModelName" javaTypeName="java.lang.String"/>
  <ns1:TypeAttribute attributeName="softwareVersions" javaTypeName="java.lang.String"/>
  <ns1:TypeAttribute attributeName="stationName" javaTypeName="java.lang.String"/>
 </ns1:DomainType>
 <ns1:DomainType javaClassName="gov.nih.nci.ncia.domain.ClinicalTrialSponsor">
  <ns1:TypeAttribute attributeName="coordinatingCenter" javaTypeName="java.lang.String"/>
  <ns1:TypeAttribute attributeName="id" javaTypeName="java.lang.Integer"/>
  <ns1:TypeAttribute attributeName="sponsorName" javaTypeName="java.lang.String"/>
 </ns1:DomainType>
 <ns1:DomainType javaClassName="gov.nih.nci.ncia.domain.Study">
  <ns1:TypeAttribute attributeName="additionalPatientHistory" javaTypeName="java.lang.String"/>
  <ns1:TypeAttribute attributeName="admittingDiagnosesCodeSequence" javaTypeName="java.lang.String"/>
  <ns1:TypeAttribute attributeName="admittingDiagnosesDescription" javaTypeName="java.lang.String"/>
  <ns1:TypeAttribute attributeName="id" javaTypeName="java.lang.Integer"/>
  <ns1:TypeAttribute attributeName="occupation" javaTypeName="java.lang.String"/>
  <ns1:TypeAttribute attributeName="patientAge" javaTypeName="java.lang.String"/>
  <ns1:TypeAttribute attributeName="patientSize" javaTypeName="java.lang.Double"/>
  <ns1:TypeAttribute attributeName="patientWeight" javaTypeName="java.lang.Double"/>
  <ns1:TypeAttribute attributeName="studyDate" javaTypeName="java.util.Date"/>
  <ns1:TypeAttribute attributeName="studyDescription" javaTypeName="java.lang.String"/>
  <ns1:TypeAttribute attributeName="studyId" javaTypeName="java.lang.String"/>
  <ns1:TypeAttribute attributeName="studyInstanceUID" javaTypeName="java.lang.String"/>
  <ns1:TypeAttribute attributeName="studyTime" javaTypeName="java.lang.String"/>
  <ns1:TypeAttribute attributeName="timePointDescription" javaTypeName="java.lang.String"/>
  <ns1:TypeAttribute attributeName="timePointId" javaTypeName="java.lang.String"/>
 </ns1:DomainType>
 <ns1:DomainType javaClassName="gov.nih.nci.ncia.domain.ClinicalTrialProtocol">
  <ns1:TypeAttribute attributeName="id" javaTypeName="java.lang.Integer"/>
  <ns1:TypeAttribute attributeName="protocolId" javaTypeName="java.lang.String"/>
  <ns1:TypeAttribute attributeName="protocolName" javaTypeName="java.lang.String"/>
 </ns1:DomainType>
 <ns1:DomainType javaClassName="gov.nih.nci.ncia.domain.CurationData">
  <ns1:TypeAttribute attributeName="cdeId" javaTypeName="java.lang.String"/>
  <ns1:TypeAttribute attributeName="cdeName" javaTypeName="java.lang.String"/>
  <ns1:TypeAttribute attributeName="cdeValue" javaTypeName="java.lang.String"/>
  <ns1:TypeAttribute attributeName="cdeVersion" javaTypeName="java.lang.String"/>
  <ns1:TypeAttribute attributeName="curationTimestamp" javaTypeName="java.util.Date"/>
  <ns1:TypeAttribute attributeName="id" javaTypeName="java.lang.Integer"/>
  <ns1:TypeAttribute attributeName="trialName" javaTypeName="java.lang.String"/>
  <ns1:TypeAttribute attributeName="userId" javaTypeName="java.lang.Integer"/>
 </ns1:DomainType>
 <ns1:DomainType javaClassName="gov.nih.nci.ncia.domain.Series">
  <ns1:TypeAttribute attributeName="bodyPartExamined" javaTypeName="java.lang.String"/>
  <ns1:TypeAttribute attributeName="frameOfReferenceUID" javaTypeName="java.lang.String"/>
  <ns1:TypeAttribute attributeName="id" javaTypeName="java.lang.Integer"/>
  <ns1:TypeAttribute attributeName="laterality" javaTypeName="java.lang.String"/>
  <ns1:TypeAttribute attributeName="modality" javaTypeName="java.lang.String"/>
  <ns1:TypeAttribute attributeName="protocolName" javaTypeName="java.lang.String"/>
  <ns1:TypeAttribute attributeName="seriesDate" javaTypeName="java.util.Date"/>
  <ns1:TypeAttribute attributeName="seriesDescription" javaTypeName="java.lang.String"/>
  <ns1:TypeAttribute attributeName="instanceUID" javaTypeName="java.lang.String"/>
  <ns1:TypeAttribute attributeName="seriesNumber" javaTypeName="java.lang.Integer"/>
  <ns1:TypeAttribute attributeName="synchronizationFrameOfReferenceUID" javaTypeName="java.lang.String"/>
 </ns1:DomainType>
 <ns1:DomainType javaClassName="gov.nih.nci.ncia.domain.TrialDataProvenance">
  <ns1:TypeAttribute attributeName="id" javaTypeName="java.lang.Integer"/>
  <ns1:TypeAttribute attributeName="project" javaTypeName="java.lang.String"/>
  <ns1:TypeAttribute attributeName="siteId" javaTypeName="java.lang.String"/>
  <ns1:TypeAttribute attributeName="siteName" javaTypeName="java.lang.String"/>
 </ns1:DomainType>
 <ns1:DomainType javaClassName="gov.nih.nci.ncia.domain.ClinicalTrialSubject">
  <ns1:TypeAttribute attributeName="id" javaTypeName="java.lang.Integer"/>
  <ns1:TypeAttribute attributeName="subjectId" javaTypeName="java.lang.String"/>
  <ns1:TypeAttribute attributeName="subjectReadingId" javaTypeName="java.lang.String"/>
 </ns1:DomainType>
 <ns1:DomainType javaClassName="gov.nih.nci.ncia.domain.Annotation">
  <ns1:TypeAttribute attributeName="filePath" javaTypeName="java.lang.String"/>
  <ns1:TypeAttribute attributeName="fileSize" javaTypeName="java.lang.Integer"/>
  <ns1:TypeAttribute attributeName="id" javaTypeName="java.lang.Integer"/>
  <ns1:TypeAttribute attributeName="seriesInstanceUID" javaTypeName="java.lang.String"/>
  <ns1:TypeAttribute attributeName="submissionDate" javaTypeName="java.util.Date"/>
  <ns1:TypeAttribute attributeName="type" javaTypeName="java.lang.String"/>
 </ns1:DomainType>
</ns1:DomainTypesInformation>
